component_id,name,observed_version,original_cpe,firmware_linkage_type,source,source_name,runtime_status,runtime_evidence,runtime_evidence_strength,upstream_product,upstream_vendor,product_identity_status,normalization_status,normalized_product_version,normalization_evidence,cpe_family_status,active_exact_match,deprecated_match,deprecated_resolution_status,deprecated_chain,resolved_active_cpe,active_product_family_match,stable_template_status,configuration_gate_passed,configuration_only_match,configuration_criteria,mapping_path,proposed_gt_cpe,proposed_decision,decision_reason,discrepancy_fields,control_cpe_id,control_cpe_id_vs_gt,review_required,review_stage,review_reason,evidence_summary
199618,api-core,1,cpe:2.3:a:api-core:api-core:1:*:*:*:*:*:*:*,CONTROL_DIRECT,feeds/vuci/api-core,api-core,REVIEW_REQUIRED,"Exact firmware linkage is present, but the fixed local evidence registry does not establish the upstream defining function for this component. Structural package role alone is non-terminal.",MODERATE,,,PARTIAL_OR_SPLIT_COMPONENT,NOT_EVALUATED_RUNTIME_REVIEW,,,NOT_EVALUATED,false,false,,,,false,,false,false,,REVIEW_STOP,,,,N/A,,NO_CONTROL_CPE_ID,true,PRODUCT_RUNTIME,NO_FIXED_OFFICIAL_RUNTIME_ROLE_EVIDENCE,"Exact firmware linkage is present, but the fixed local evidence registry does not establish the upstream defining function for this component. Structural package role alone is non-terminal."
199619,apn_db,7.13.0.2,cpe:2.3:a:apn_db:apn_db:7.13.0.2:*:*:*:*:*:*:*,CONTROL_DIRECT,package/teltonika/apn_db,apn_db,REVIEW_REQUIRED,"Exact firmware linkage is present, but the fixed local evidence registry does not establish the upstream defining function for this component. Structural package role alone is non-terminal.",MODERATE,,,POSSIBLE_PRODUCT,NOT_EVALUATED_RUNTIME_REVIEW,,,NOT_EVALUATED,false,false,,,,false,,false,false,,REVIEW_STOP,,,,N/A,,NO_CONTROL_CPE_ID,true,PRODUCT_RUNTIME,NO_FIXED_OFFICIAL_RUNTIME_ROLE_EVIDENCE,"Exact firmware linkage is present, but the fixed local evidence registry does not establish the upstream defining function for this component. Structural package role alone is non-terminal."
199620,avl,2025-04-29-2,cpe:2.3:a:avl:avl:2025-04-29-2:*:*:*:*:*:*:*,CONTROL_DIRECT,package/teltonika/gps,avl,REVIEW_REQUIRED,"Exact firmware linkage is present, but the fixed local evidence registry does not establish the upstream defining function for this component. Structural package role alone is non-terminal.",MODERATE,,,UNRESOLVED,NOT_EVALUATED_RUNTIME_REVIEW,,,NOT_EVALUATED,false,false,,,,false,,false,false,,REVIEW_STOP,,,,N/A,,NO_CONTROL_CPE_ID,true,PRODUCT_RUNTIME,NO_FIXED_OFFICIAL_RUNTIME_ROLE_EVIDENCE,"Exact firmware linkage is present, but the fixed local evidence registry does not establish the upstream defining function for this component. Structural package role alone is non-terminal."
199621,base-files,2606-r16279-5cc0535800,cpe:2.3:a:base-files:base-files:2606-r16279-5cc0535800:*:*:*:*:*:*:*,CONTROL_DIRECT,package/base-files,base-files,REVIEW_REQUIRED,"Exact firmware linkage is present, but the fixed local evidence registry does not establish the upstream defining function for this component. Structural package role alone is non-terminal.",MODERATE,,,POSSIBLE_PRODUCT,NOT_EVALUATED_RUNTIME_REVIEW,,,NOT_EVALUATED,false,false,,,,false,,false,false,,REVIEW_STOP,,,,N/A,,NO_CONTROL_CPE_ID,true,PRODUCT_RUNTIME,NO_FIXED_OFFICIAL_RUNTIME_ROLE_EVIDENCE,"Exact firmware linkage is present, but the fixed local evidence registry does not establish the upstream defining function for this component. Structural package role alone is non-terminal."
199622,block-mount,2022-05-03-9e11b372-28,cpe:2.3:a:block-mount:block-mount:2022-05-03-9e11b372-28:*:*:*:*:*:*:*,CONTROL_DIRECT,package/system/fstools,block-mount,REVIEW_REQUIRED,"Exact firmware linkage is present, but the fixed local evidence registry does not establish the upstream defining function for this component. Structural package role alone is non-terminal.",MODERATE,,,PARTIAL_OR_SPLIT_COMPONENT,NOT_EVALUATED_RUNTIME_REVIEW,,,NOT_EVALUATED,false,false,,,,false,,false,false,,REVIEW_STOP,,,,N/A,,NO_CONTROL_CPE_ID,true,PRODUCT_RUNTIME,NO_FIXED_OFFICIAL_RUNTIME_ROLE_EVIDENCE,"Exact firmware linkage is present, but the fixed local evidence registry does not establish the upstream defining function for this component. Structural package role alone is non-terminal."
199623,busybox,1.34.1-79.7,cpe:2.3:a:busybox:busybox:1.34.1-79.7:*:*:*:*:*:*:*,CONTROL_DIRECT,package/utils/busybox,busybox,REVIEW_REQUIRED,"Exact firmware linkage is present, but the fixed local evidence registry does not establish the upstream defining function for this component. Structural package role alone is non-terminal.",MODERATE,,,POSSIBLE_PRODUCT,NOT_EVALUATED_RUNTIME_REVIEW,,,NOT_EVALUATED,false,false,,,,false,,false,false,,REVIEW_STOP,,,,N/A,cpe:/a:busybox:busybox,GT_ABSENT,true,PRODUCT_RUNTIME,NO_FIXED_OFFICIAL_RUNTIME_ROLE_EVIDENCE,"Exact firmware linkage is present, but the fixed local evidence registry does not establish the upstream defining function for this component. Structural package role alone is non-terminal."
199626,data-sender-api-mod-format-custom,1,cpe:2.3:a:data-sender-api-mod-format-custom:data-sender-api-mod-format-custom:1:*:*:*:*:*:*:*,CONTROL_DIRECT,feeds/vuci/applications/vuci-app-data-sender/vuci-app-data-sender-api,data-sender-api-mod-format-custom,REVIEW_REQUIRED,"Exact firmware linkage is present, but the fixed local evidence registry does not establish the upstream defining function for this component. Structural package role alone is non-terminal.",MODERATE,,,PARTIAL_OR_SPLIT_COMPONENT,NOT_EVALUATED_RUNTIME_REVIEW,,,NOT_EVALUATED,false,false,,,,false,,false,false,,REVIEW_STOP,,,,N/A,,NO_CONTROL_CPE_ID,true,PRODUCT_RUNTIME,NO_FIXED_OFFICIAL_RUNTIME_ROLE_EVIDENCE,"Exact firmware linkage is present, but the fixed local evidence registry does not establish the upstream defining function for this component. Structural package role alone is non-terminal."
199627,data-sender-api-mod-gsm,1,cpe:2.3:a:data-sender-api-mod-gsm:data-sender-api-mod-gsm:1:*:*:*:*:*:*:*,CONTROL_DIRECT,feeds/vuci/applications/vuci-app-data-sender/vuci-app-data-sender-api,data-sender-api-mod-gsm,REVIEW_REQUIRED,"Exact firmware linkage is present, but the fixed local evidence registry does not establish the upstream defining function for this component. Structural package role alone is non-terminal.",MODERATE,,,PARTIAL_OR_SPLIT_COMPONENT,NOT_EVALUATED_RUNTIME_REVIEW,,,NOT_EVALUATED,false,false,,,,false,,false,false,,REVIEW_STOP,,,,N/A,,NO_CONTROL_CPE_ID,true,PRODUCT_RUNTIME,NO_FIXED_OFFICIAL_RUNTIME_ROLE_EVIDENCE,"Exact firmware linkage is present, but the fixed local evidence registry does not establish the upstream defining function for this component. Structural package role alone is non-terminal."
199628,data-sender-api-mod-http,1,cpe:2.3:a:data-sender-api-mod-http:data-sender-api-mod-http:1:*:*:*:*:*:*:*,CONTROL_DIRECT,feeds/vuci/applications/vuci-app-data-sender/vuci-app-data-sender-api,data-sender-api-mod-http,REVIEW_REQUIRED,"Exact firmware linkage is present, but the fixed local evidence registry does not establish the upstream defining function for this component. Structural package role alone is non-terminal.",MODERATE,,,PARTIAL_OR_SPLIT_COMPONENT,NOT_EVALUATED_RUNTIME_REVIEW,,,NOT_EVALUATED,false,false,,,,false,,false,false,,REVIEW_STOP,,,,N/A,,NO_CONTROL_CPE_ID,true,PRODUCT_RUNTIME,NO_FIXED_OFFICIAL_RUNTIME_ROLE_EVIDENCE,"Exact firmware linkage is present, but the fixed local evidence registry does not establish the upstream defining function for this component. Structural package role alone is non-terminal."
199629,data-sender-api-mod-lua-in,1,cpe:2.3:a:data-sender-api-mod-lua-in:data-sender-api-mod-lua-in:1:*:*:*:*:*:*:*,CONTROL_DIRECT,feeds/vuci/applications/vuci-app-data-sender/vuci-app-data-sender-api,data-sender-api-mod-lua-in,REVIEW_REQUIRED,"Exact firmware linkage is present, but the fixed local evidence registry does not establish the upstream defining function for this component. Structural package role alone is non-terminal.",MODERATE,,,PARTIAL_OR_SPLIT_COMPONENT,NOT_EVALUATED_RUNTIME_REVIEW,,,NOT_EVALUATED,false,false,,,,false,,false,false,,REVIEW_STOP,,,,N/A,,NO_CONTROL_CPE_ID,true,PRODUCT_RUNTIME,NO_FIXED_OFFICIAL_RUNTIME_ROLE_EVIDENCE,"Exact firmware linkage is present, but the fixed local evidence registry does not establish the upstream defining function for this component. Structural package role alone is non-terminal."
199630,data-sender-api-mod-lua_format,1,cpe:2.3:a:data-sender-api-mod-lua_format:data-sender-api-mod-lua_format:1:*:*:*:*:*:*:*,CONTROL_DIRECT,feeds/vuci/applications/vuci-app-data-sender/vuci-app-data-sender-api,data-sender-api-mod-lua_format,REVIEW_REQUIRED,"Exact firmware linkage is present, but the fixed local evidence registry does not establish the upstream defining function for this component. Structural package role alone is non-terminal.",MODERATE,,,PARTIAL_OR_SPLIT_COMPONENT,NOT_EVALUATED_RUNTIME_REVIEW,,,NOT_EVALUATED,false,false,,,,false,,false,false,,REVIEW_STOP,,,,N/A,,NO_CONTROL_CPE_ID,true,PRODUCT_RUNTIME,NO_FIXED_OFFICIAL_RUNTIME_ROLE_EVIDENCE,"Exact firmware linkage is present, but the fixed local evidence registry does not establish the upstream defining function for this component. Structural package role alone is non-terminal."
199631,data-sender-api-mod-mdcollect,1,cpe:2.3:a:data-sender-api-mod-mdcollect:data-sender-api-mod-mdcollect:1:*:*:*:*:*:*:*,CONTROL_DIRECT,feeds/vuci/applications/vuci-app-data-sender/vuci-app-data-sender-api,data-sender-api-mod-mdcollect,REVIEW_REQUIRED,"Exact firmware linkage is present, but the fixed local evidence registry does not establish the upstream defining function for this component. Structural package role alone is non-terminal.",MODERATE,,,PARTIAL_OR_SPLIT_COMPONENT,NOT_EVALUATED_RUNTIME_REVIEW,,,NOT_EVALUATED,false,false,,,,false,,false,false,,REVIEW_STOP,,,,N/A,,NO_CONTROL_CPE_ID,true,PRODUCT_RUNTIME,NO_FIXED_OFFICIAL_RUNTIME_ROLE_EVIDENCE,"Exact firmware linkage is present, but the fixed local evidence registry does not establish the upstream defining function for this component. Structural package role alone is non-terminal."
199632,data-sender-api-mod-modbus-alarm,1,cpe:2.3:a:data-sender-api-mod-modbus-alarm:data-sender-api-mod-modbus-alarm:1:*:*:*:*:*:*:*,CONTROL_DIRECT,feeds/vuci/applications/vuci-app-data-sender/vuci-app-data-sender-api,data-sender-api-mod-modbus-alarm,REVIEW_REQUIRED,"Exact firmware linkage is present, but the fixed local evidence registry does not establish the upstream defining function for this component. Structural package role alone is non-terminal.",MODERATE,,,PARTIAL_OR_SPLIT_COMPONENT,NOT_EVALUATED_RUNTIME_REVIEW,,,NOT_EVALUATED,false,false,,,,false,,false,false,,REVIEW_STOP,,,,N/A,,NO_CONTROL_CPE_ID,true,PRODUCT_RUNTIME,NO_FIXED_OFFICIAL_RUNTIME_ROLE_EVIDENCE,"Exact firmware linkage is present, but the fixed local evidence registry does not establish the upstream defining function for this component. Structural package role alone is non-terminal."
199633,data-sender-api-mod-modbus,1,cpe:2.3:a:data-sender-api-mod-modbus:data-sender-api-mod-modbus:1:*:*:*:*:*:*:*,CONTROL_DIRECT,feeds/vuci/applications/vuci-app-data-sender/vuci-app-data-sender-api,data-sender-api-mod-modbus,REVIEW_REQUIRED,"Exact firmware linkage is present, but the fixed local evidence registry does not establish the upstream defining function for this component. Structural package role alone is non-terminal.",MODERATE,,,PARTIAL_OR_SPLIT_COMPONENT,NOT_EVALUATED_RUNTIME_REVIEW,,,NOT_EVALUATED,false,false,,,,false,,false,false,,REVIEW_STOP,,,,N/A,,NO_CONTROL_CPE_ID,true,PRODUCT_RUNTIME,NO_FIXED_OFFICIAL_RUNTIME_ROLE_EVIDENCE,"Exact firmware linkage is present, but the fixed local evidence registry does not establish the upstream defining function for this component. Structural package role alone is non-terminal."
199634,data-sender-api-mod-mqtt-in,1,cpe:2.3:a:data-sender-api-mod-mqtt-in:data-sender-api-mod-mqtt-in:1:*:*:*:*:*:*:*,CONTROL_DIRECT,feeds/vuci/applications/vuci-app-data-sender/vuci-app-data-sender-api,data-sender-api-mod-mqtt-in,REVIEW_REQUIRED,"Exact firmware linkage is present, but the fixed local evidence registry does not establish the upstream defining function for this component. Structural package role alone is non-terminal.",MODERATE,,,PARTIAL_OR_SPLIT_COMPONENT,NOT_EVALUATED_RUNTIME_REVIEW,,,NOT_EVALUATED,false,false,,,,false,,false,false,,REVIEW_STOP,,,,N/A,,NO_CONTROL_CPE_ID,true,PRODUCT_RUNTIME,NO_FIXED_OFFICIAL_RUNTIME_ROLE_EVIDENCE,"Exact firmware linkage is present, but the fixed local evidence registry does not establish the upstream defining function for this component. Structural package role alone is non-terminal."
199635,data-sender-api-mod-mqtt-out,1,cpe:2.3:a:data-sender-api-mod-mqtt-out:data-sender-api-mod-mqtt-out:1:*:*:*:*:*:*:*,CONTROL_DIRECT,feeds/vuci/applications/vuci-app-data-sender/vuci-app-data-sender-api,data-sender-api-mod-mqtt-out,REVIEW_REQUIRED,"Exact firmware linkage is present, but the fixed local evidence registry does not establish the upstream defining function for this component. Structural package role alone is non-terminal.",MODERATE,,,PARTIAL_OR_SPLIT_COMPONENT,NOT_EVALUATED_RUNTIME_REVIEW,,,NOT_EVALUATED,false,false,,,,false,,false,false,,REVIEW_STOP,,,,N/A,,NO_CONTROL_CPE_ID,true,PRODUCT_RUNTIME,NO_FIXED_OFFICIAL_RUNTIME_ROLE_EVIDENCE,"Exact firmware linkage is present, but the fixed local evidence registry does not establish the upstream defining function for this component. Structural package role alone is non-terminal."
199636,data-sender-api-mod-opcua,1,cpe:2.3:a:data-sender-api-mod-opcua:data-sender-api-mod-opcua:1:*:*:*:*:*:*:*,CONTROL_DIRECT,feeds/vuci/applications/vuci-app-data-sender/vuci-app-data-sender-api,data-sender-api-mod-opcua,REVIEW_REQUIRED,"Exact firmware linkage is present, but the fixed local evidence registry does not establish the upstream defining function for this component. Structural package role alone is non-terminal.",MODERATE,,,PARTIAL_OR_SPLIT_COMPONENT,NOT_EVALUATED_RUNTIME_REVIEW,,,NOT_EVALUATED,false,false,,,,false,,false,false,,REVIEW_STOP,,,,N/A,,NO_CONTROL_CPE_ID,true,PRODUCT_RUNTIME,NO_FIXED_OFFICIAL_RUNTIME_ROLE_EVIDENCE,"Exact firmware linkage is present, but the fixed local evidence registry does not establish the upstream defining function for this component. Structural package role alone is non-terminal."
199637,data-sender-api-mod-ubus,1,cpe:2.3:a:data-sender-api-mod-ubus:data-sender-api-mod-ubus:1:*:*:*:*:*:*:*,CONTROL_DIRECT,feeds/vuci/applications/vuci-app-data-sender/vuci-app-data-sender-api,data-sender-api-mod-ubus,REVIEW_REQUIRED,"Exact firmware linkage is present, but the fixed local evidence registry does not establish the upstream defining function for this component. Structural package role alone is non-terminal.",MODERATE,,,PARTIAL_OR_SPLIT_COMPONENT,NOT_EVALUATED_RUNTIME_REVIEW,,,NOT_EVALUATED,false,false,,,,false,,false,false,,REVIEW_STOP,,,,N/A,,NO_CONTROL_CPE_ID,true,PRODUCT_RUNTIME,NO_FIXED_OFFICIAL_RUNTIME_ROLE_EVIDENCE,"Exact firmware linkage is present, but the fixed local evidence registry does not establish the upstream defining function for this component. Structural package role alone is non-terminal."
199638,data-sender-mod-base,1.15-1,cpe:2.3:a:data-sender-mod-base:data-sender-mod-base:1.15-1:*:*:*:*:*:*:*,CONTROL_DIRECT,package/teltonika/data_sender,data-sender-mod-base,REVIEW_REQUIRED,"Exact firmware linkage is present, but the fixed local evidence registry does not establish the upstream defining function for this component. Structural package role alone is non-terminal.",MODERATE,,,PARTIAL_OR_SPLIT_COMPONENT,NOT_EVALUATED_RUNTIME_REVIEW,,,NOT_EVALUATED,false,false,,,,false,,false,false,,REVIEW_STOP,,,,N/A,,NO_CONTROL_CPE_ID,true,PRODUCT_RUNTIME,NO_FIXED_OFFICIAL_RUNTIME_ROLE_EVIDENCE,"Exact firmware linkage is present, but the fixed local evidence registry does not establish the upstream defining function for this component. Structural package role alone is non-terminal."
199639,data-sender-mod-format-custom,1.15-1,cpe:2.3:a:data-sender-mod-format-custom:data-sender-mod-format-custom:1.15-1:*:*:*:*:*:*:*,CONTROL_DIRECT,package/teltonika/data_sender,data-sender-mod-format-custom,REVIEW_REQUIRED,"Exact firmware linkage is present, but the fixed local evidence registry does not establish the upstream defining function for this component. Structural package role alone is non-terminal.",MODERATE,,,PARTIAL_OR_SPLIT_COMPONENT,NOT_EVALUATED_RUNTIME_REVIEW,,,NOT_EVALUATED,false,false,,,,false,,false,false,,REVIEW_STOP,,,,N/A,,NO_CONTROL_CPE_ID,true,PRODUCT_RUNTIME,NO_FIXED_OFFICIAL_RUNTIME_ROLE_EVIDENCE,"Exact firmware linkage is present, but the fixed local evidence registry does not establish the upstream defining function for this component. Structural package role alone is non-terminal."
199640,data-sender-mod-gsm,1.15-1,cpe:2.3:a:data-sender-mod-gsm:data-sender-mod-gsm:1.15-1:*:*:*:*:*:*:*,CONTROL_DIRECT,package/teltonika/data_sender,data-sender-mod-gsm,REVIEW_REQUIRED,"Exact firmware linkage is present, but the fixed local evidence registry does not establish the upstream defining function for this component. Structural package role alone is non-terminal.",MODERATE,,,PARTIAL_OR_SPLIT_COMPONENT,NOT_EVALUATED_RUNTIME_REVIEW,,,NOT_EVALUATED,false,false,,,,false,,false,false,,REVIEW_STOP,,,,N/A,,NO_CONTROL_CPE_ID,true,PRODUCT_RUNTIME,NO_FIXED_OFFICIAL_RUNTIME_ROLE_EVIDENCE,"Exact firmware linkage is present, but the fixed local evidence registry does not establish the upstream defining function for this component. Structural package role alone is non-terminal."
199641,data-sender-mod-http,1.15-1,cpe:2.3:a:data-sender-mod-http:data-sender-mod-http:1.15-1:*:*:*:*:*:*:*,CONTROL_DIRECT,package/teltonika/data_sender,data-sender-mod-http,REVIEW_REQUIRED,"Exact firmware linkage is present, but the fixed local evidence registry does not establish the upstream defining function for this component. Structural package role alone is non-terminal.",MODERATE,,,PARTIAL_OR_SPLIT_COMPONENT,NOT_EVALUATED_RUNTIME_REVIEW,,,NOT_EVALUATED,false,false,,,,false,,false,false,,REVIEW_STOP,,,,N/A,,NO_CONTROL_CPE_ID,true,PRODUCT_RUNTIME,NO_FIXED_OFFICIAL_RUNTIME_ROLE_EVIDENCE,"Exact firmware linkage is present, but the fixed local evidence registry does not establish the upstream defining function for this component. Structural package role alone is non-terminal."
199642,data-sender-mod-lua-in,1.15-1,cpe:2.3:a:data-sender-mod-lua-in:data-sender-mod-lua-in:1.15-1:*:*:*:*:*:*:*,CONTROL_DIRECT,package/teltonika/data_sender,data-sender-mod-lua-in,REVIEW_REQUIRED,"Exact firmware linkage is present, but the fixed local evidence registry does not establish the upstream defining function for this component. Structural package role alone is non-terminal.",MODERATE,,,PARTIAL_OR_SPLIT_COMPONENT,NOT_EVALUATED_RUNTIME_REVIEW,,,NOT_EVALUATED,false,false,,,,false,,false,false,,REVIEW_STOP,,,,N/A,,NO_CONTROL_CPE_ID,true,PRODUCT_RUNTIME,NO_FIXED_OFFICIAL_RUNTIME_ROLE_EVIDENCE,"Exact firmware linkage is present, but the fixed local evidence registry does not establish the upstream defining function for this component. Structural package role alone is non-terminal."
199643,data-sender-mod-lua_format,1.15-1,cpe:2.3:a:data-sender-mod-lua_format:data-sender-mod-lua_format:1.15-1:*:*:*:*:*:*:*,CONTROL_DIRECT,package/teltonika/data_sender,data-sender-mod-lua_format,REVIEW_REQUIRED,"Exact firmware linkage is present, but the fixed local evidence registry does not establish the upstream defining function for this component. Structural package role alone is non-terminal.",MODERATE,,,PARTIAL_OR_SPLIT_COMPONENT,NOT_EVALUATED_RUNTIME_REVIEW,,,NOT_EVALUATED,false,false,,,,false,,false,false,,REVIEW_STOP,,,,N/A,,NO_CONTROL_CPE_ID,true,PRODUCT_RUNTIME,NO_FIXED_OFFICIAL_RUNTIME_ROLE_EVIDENCE,"Exact firmware linkage is present, but the fixed local evidence registry does not establish the upstream defining function for this component. Structural package role alone is non-terminal."
199644,data-sender-mod-mdcollect,1.15-1,cpe:2.3:a:data-sender-mod-mdcollect:data-sender-mod-mdcollect:1.15-1:*:*:*:*:*:*:*,CONTROL_DIRECT,package/teltonika/data_sender,data-sender-mod-mdcollect,REVIEW_REQUIRED,"Exact firmware linkage is present, but the fixed local evidence registry does not establish the upstream defining function for this component. Structural package role alone is non-terminal.",MODERATE,,,PARTIAL_OR_SPLIT_COMPONENT,NOT_EVALUATED_RUNTIME_REVIEW,,,NOT_EVALUATED,false,false,,,,false,,false,false,,REVIEW_STOP,,,,N/A,,NO_CONTROL_CPE_ID,true,PRODUCT_RUNTIME,NO_FIXED_OFFICIAL_RUNTIME_ROLE_EVIDENCE,"Exact firmware linkage is present, but the fixed local evidence registry does not establish the upstream defining function for this component. Structural package role alone is non-terminal."
199645,data-sender-mod-mnfinfo,1.15-1,cpe:2.3:a:data-sender-mod-mnfinfo:data-sender-mod-mnfinfo:1.15-1:*:*:*:*:*:*:*,CONTROL_DIRECT,package/teltonika/data_sender,data-sender-mod-mnfinfo,REVIEW_REQUIRED,"Exact firmware linkage is present, but the fixed local evidence registry does not establish the upstream defining function for this component. Structural package role alone is non-terminal.",MODERATE,,,PARTIAL_OR_SPLIT_COMPONENT,NOT_EVALUATED_RUNTIME_REVIEW,,,NOT_EVALUATED,false,false,,,,false,,false,false,,REVIEW_STOP,,,,N/A,,NO_CONTROL_CPE_ID,true,PRODUCT_RUNTIME,NO_FIXED_OFFICIAL_RUNTIME_ROLE_EVIDENCE,"Exact firmware linkage is present, but the fixed local evidence registry does not establish the upstream defining function for this component. Structural package role alone is non-terminal."
199646,data-sender-mod-modbus-alarm,1.15-1,cpe:2.3:a:data-sender-mod-modbus-alarm:data-sender-mod-modbus-alarm:1.15-1:*:*:*:*:*:*:*,CONTROL_DIRECT,package/teltonika/data_sender,data-sender-mod-modbus-alarm,REVIEW_REQUIRED,"Exact firmware linkage is present, but the fixed local evidence registry does not establish the upstream defining function for this component. Structural package role alone is non-terminal.",MODERATE,,,PARTIAL_OR_SPLIT_COMPONENT,NOT_EVALUATED_RUNTIME_REVIEW,,,NOT_EVALUATED,false,false,,,,false,,false,false,,REVIEW_STOP,,,,N/A,,NO_CONTROL_CPE_ID,true,PRODUCT_RUNTIME,NO_FIXED_OFFICIAL_RUNTIME_ROLE_EVIDENCE,"Exact firmware linkage is present, but the fixed local evidence registry does not establish the upstream defining function for this component. Structural package role alone is non-terminal."
199647,data-sender-mod-modbus,1.15-1,cpe:2.3:a:data-sender-mod-modbus:data-sender-mod-modbus:1.15-1:*:*:*:*:*:*:*,CONTROL_DIRECT,package/teltonika/data_sender,data-sender-mod-modbus,REVIEW_REQUIRED,"Exact firmware linkage is present, but the fixed local evidence registry does not establish the upstream defining function for this component. Structural package role alone is non-terminal.",MODERATE,,,PARTIAL_OR_SPLIT_COMPONENT,NOT_EVALUATED_RUNTIME_REVIEW,,,NOT_EVALUATED,false,false,,,,false,,false,false,,REVIEW_STOP,,,,N/A,,NO_CONTROL_CPE_ID,true,PRODUCT_RUNTIME,NO_FIXED_OFFICIAL_RUNTIME_ROLE_EVIDENCE,"Exact firmware linkage is present, but the fixed local evidence registry does not establish the upstream defining function for this component. Structural package role alone is non-terminal."
199648,data-sender-mod-mqtt-in,1.15-1,cpe:2.3:a:data-sender-mod-mqtt-in:data-sender-mod-mqtt-in:1.15-1:*:*:*:*:*:*:*,CONTROL_DIRECT,package/teltonika/data_sender,data-sender-mod-mqtt-in,REVIEW_REQUIRED,"Exact firmware linkage is present, but the fixed local evidence registry does not establish the upstream defining function for this component. Structural package role alone is non-terminal.",MODERATE,,,PARTIAL_OR_SPLIT_COMPONENT,NOT_EVALUATED_RUNTIME_REVIEW,,,NOT_EVALUATED,false,false,,,,false,,false,false,,REVIEW_STOP,,,,N/A,,NO_CONTROL_CPE_ID,true,PRODUCT_RUNTIME,NO_FIXED_OFFICIAL_RUNTIME_ROLE_EVIDENCE,"Exact firmware linkage is present, but the fixed local evidence registry does not establish the upstream defining function for this component. Structural package role alone is non-terminal."
199649,data-sender-mod-mqtt-out,1.15-1,cpe:2.3:a:data-sender-mod-mqtt-out:data-sender-mod-mqtt-out:1.15-1:*:*:*:*:*:*:*,CONTROL_DIRECT,package/teltonika/data_sender,data-sender-mod-mqtt-out,REVIEW_REQUIRED,"Exact firmware linkage is present, but the fixed local evidence registry does not establish the upstream defining function for this component. Structural package role alone is non-terminal.",MODERATE,,,PARTIAL_OR_SPLIT_COMPONENT,NOT_EVALUATED_RUNTIME_REVIEW,,,NOT_EVALUATED,false,false,,,,false,,false,false,,REVIEW_STOP,,,,N/A,,NO_CONTROL_CPE_ID,true,PRODUCT_RUNTIME,NO_FIXED_OFFICIAL_RUNTIME_ROLE_EVIDENCE,"Exact firmware linkage is present, but the fixed local evidence registry does not establish the upstream defining function for this component. Structural package role alone is non-terminal."
199650,data-sender-mod-opcua,1.15-1,cpe:2.3:a:data-sender-mod-opcua:data-sender-mod-opcua:1.15-1:*:*:*:*:*:*:*,CONTROL_DIRECT,package/teltonika/data_sender,data-sender-mod-opcua,REVIEW_REQUIRED,"Exact firmware linkage is present, but the fixed local evidence registry does not establish the upstream defining function for this component. Structural package role alone is non-terminal.",MODERATE,,,PARTIAL_OR_SPLIT_COMPONENT,NOT_EVALUATED_RUNTIME_REVIEW,,,NOT_EVALUATED,false,false,,,,false,,false,false,,REVIEW_STOP,,,,N/A,,NO_CONTROL_CPE_ID,true,PRODUCT_RUNTIME,NO_FIXED_OFFICIAL_RUNTIME_ROLE_EVIDENCE,"Exact firmware linkage is present, but the fixed local evidence registry does not establish the upstream defining function for this component. Structural package role alone is non-terminal."
199651,data-sender-mod-ubus,1.15-1,cpe:2.3:a:data-sender-mod-ubus:data-sender-mod-ubus:1.15-1:*:*:*:*:*:*:*,CONTROL_DIRECT,package/teltonika/data_sender,data-sender-mod-ubus,REVIEW_REQUIRED,"Exact firmware linkage is present, but the fixed local evidence registry does not establish the upstream defining function for this component. Structural package role alone is non-terminal.",MODERATE,,,PARTIAL_OR_SPLIT_COMPONENT,NOT_EVALUATED_RUNTIME_REVIEW,,,NOT_EVALUATED,false,false,,,,false,,false,false,,REVIEW_STOP,,,,N/A,,NO_CONTROL_CPE_ID,true,PRODUCT_RUNTIME,NO_FIXED_OFFICIAL_RUNTIME_ROLE_EVIDENCE,"Exact firmware linkage is present, but the fixed local evidence registry does not establish the upstream defining function for this component. Structural package role alone is non-terminal."
199652,data-sender,1.15-1,cpe:2.3:a:data-sender:data-sender:1.15-1:*:*:*:*:*:*:*,CONTROL_DIRECT,package/teltonika/data_sender,data-sender,REVIEW_REQUIRED,limited application of PRODUCT_RUNTIME v1; exact SBOM+control+status; /usr/sbin/datasender; vendor Source/siblings; UP-TELTONIKA-DATA-SENDER; UP-TELTONIKA-SDK,MODERATE,Teltonika Data Sender,,UNRESOLVED,VENDOR_SPECIFIC_VERSION,,"Exact metadata proves a Teltonika daemon, but official feature documentation does not define whether 1.15-1 contains an upstream/package-release boundary; no suffix is removed. Evidence: exact SBOM+control+status; /usr/sbin/datasender; vendor Source/siblings; UP-TELTONIKA-DATA-SENDER; UP-TELTONIKA-SDK",NOT_EVALUATED,false,false,,,,false,,false,false,,REVIEW_STOP,,,,N/A,,NO_CONTROL_CPE_ID,true,PRODUCT_RUNTIME,limited application of PRODUCT_RUNTIME v1; exact SBOM+control+status; /usr/sbin/datasender; vendor Source/siblings; UP-TELTONIKA-DATA-SENDER; UP-TELTONIKA-SDK,"limited application of PRODUCT_RUNTIME v1; exact SBOM+control+status; /usr/sbin/datasender; vendor Source/siblings; UP-TELTONIKA-DATA-SENDER; UP-TELTONIKA-SDK | Exact metadata proves a Teltonika daemon, but official feature documentation does not define whether 1.15-1 contains an upstream/package-release boundary; no suffix is removed. Evidence: exact SBOM+control+status; /usr/sbin/datasender; vendor Source/siblings; UP-TELTONIKA-DATA-SENDER; UP-TELTONIKA-SDK"
199653,davici,1.4-1,cpe:2.3:a:davici:davici:1.4-1:*:*:*:*:*:*:*,CONTROL_DIRECT,package/libs/davici,davici,REVIEW_REQUIRED,"Exact firmware linkage is present, but the fixed local evidence registry does not establish the upstream defining function for this component. Structural package role alone is non-terminal.",MODERATE,,,PARTIAL_OR_SPLIT_COMPONENT,NOT_EVALUATED_RUNTIME_REVIEW,,,NOT_EVALUATED,false,false,,,,false,,false,false,,REVIEW_STOP,,,,N/A,cpe:/a:strongswan:davici,GT_ABSENT,true,PRODUCT_RUNTIME,NO_FIXED_OFFICIAL_RUNTIME_ROLE_EVIDENCE,"Exact firmware linkage is present, but the fixed local evidence registry does not establish the upstream defining function for this component. Structural package role alone is non-terminal."
199654,ddns-scripts,2025-02-06-1,cpe:2.3:a:ddns-scripts:ddns-scripts:2025-02-06-1:*:*:*:*:*:*:*,CONTROL_DIRECT,package/teltonika/ddns-scripts,ddns-scripts,REVIEW_REQUIRED,"Exact firmware linkage is present, but the fixed local evidence registry does not establish the upstream defining function for this component. Structural package role alone is non-terminal.",MODERATE,,,UNRESOLVED,NOT_EVALUATED_RUNTIME_REVIEW,,,NOT_EVALUATED,false,false,,,,false,,false,false,,REVIEW_STOP,,,,N/A,,NO_CONTROL_CPE_ID,true,PRODUCT_RUNTIME,NO_FIXED_OFFICIAL_RUNTIME_ROLE_EVIDENCE,"Exact firmware linkage is present, but the fixed local evidence registry does not establish the upstream defining function for this component. Structural package role alone is non-terminal."
199655,ddns-scripts_cloudflare.com-v4,2025-02-06-1,cpe:2.3:a:ddns-scripts_cloudflare.com-v4:ddns-scripts_cloudflare.com-v4:2025-02-06-1:*:*:*:*:*:*:*,CONTROL_DIRECT,package/teltonika/ddns-scripts,ddns-scripts_cloudflare.com-v4,REVIEW_REQUIRED,"Exact firmware linkage is present, but the fixed local evidence registry does not establish the upstream defining function for this component. Structural package role alone is non-terminal.",MODERATE,,,UNRESOLVED,NOT_EVALUATED_RUNTIME_REVIEW,,,NOT_EVALUATED,false,false,,,,false,,false,false,,REVIEW_STOP,,,,N/A,,NO_CONTROL_CPE_ID,true,PRODUCT_RUNTIME,NO_FIXED_OFFICIAL_RUNTIME_ROLE_EVIDENCE,"Exact firmware linkage is present, but the fixed local evidence registry does not establish the upstream defining function for this component. Structural package role alone is non-terminal."
199656,ddns-scripts_no-ip_com,2025-02-06-1,cpe:2.3:a:ddns-scripts_no-ip_com:ddns-scripts_no-ip_com:2025-02-06-1:*:*:*:*:*:*:*,CONTROL_DIRECT,package/teltonika/ddns-scripts,ddns-scripts_no-ip_com,REVIEW_REQUIRED,"Exact firmware linkage is present, but the fixed local evidence registry does not establish the upstream defining function for this component. Structural package role alone is non-terminal.",MODERATE,,,UNRESOLVED,NOT_EVALUATED_RUNTIME_REVIEW,,,NOT_EVALUATED,false,false,,,,false,,false,false,,REVIEW_STOP,,,,N/A,,NO_CONTROL_CPE_ID,true,PRODUCT_RUNTIME,NO_FIXED_OFFICIAL_RUNTIME_ROLE_EVIDENCE,"Exact firmware linkage is present, but the fixed local evidence registry does not establish the upstream defining function for this component. Structural package role alone is non-terminal."
199657,ddns-scripts_nsupdate,2025-02-06-1,cpe:2.3:a:ddns-scripts_nsupdate:ddns-scripts_nsupdate:2025-02-06-1:*:*:*:*:*:*:*,CONTROL_DIRECT,package/teltonika/ddns-scripts,ddns-scripts_nsupdate,REVIEW_REQUIRED,"Exact firmware linkage is present, but the fixed local evidence registry does not establish the upstream defining function for this component. Structural package role alone is non-terminal.",MODERATE,,,UNRESOLVED,NOT_EVALUATED_RUNTIME_REVIEW,,,NOT_EVALUATED,false,false,,,,false,,false,false,,REVIEW_STOP,,,,N/A,,NO_CONTROL_CPE_ID,true,PRODUCT_RUNTIME,NO_FIXED_OFFICIAL_RUNTIME_ROLE_EVIDENCE,"Exact firmware linkage is present, but the fixed local evidence registry does not establish the upstream defining function for this component. Structural package role alone is non-terminal."
199658,dfota,2024-08-05-3,cpe:2.3:a:dfota:dfota:2024-08-05-3:*:*:*:*:*:*:*,CONTROL_DIRECT,package/teltonika/quectel/quectel_dfota,dfota,REVIEW_REQUIRED,"Exact firmware linkage is present, but the fixed local evidence registry does not establish the upstream defining function for this component. Structural package role alone is non-terminal.",MODERATE,,,POSSIBLE_PRODUCT,NOT_EVALUATED_RUNTIME_REVIEW,,,NOT_EVALUATED,false,false,,,,false,,false,false,,REVIEW_STOP,,,,N/A,,NO_CONTROL_CPE_ID,true,PRODUCT_RUNTIME,NO_FIXED_OFFICIAL_RUNTIME_ROLE_EVIDENCE,"Exact firmware linkage is present, but the fixed local evidence registry does not establish the upstream defining function for this component. Structural package role alone is non-terminal."
199659,dnsmasq,2.89-42.4,cpe:2.3:a:dnsmasq:dnsmasq:2.89-42.4:*:*:*:*:*:*:*,CONTROL_DIRECT,package/network/services/dnsmasq,dnsmasq,REVIEW_REQUIRED,"Exact firmware linkage is present, but the fixed local evidence registry does not establish the upstream defining function for this component. Structural package role alone is non-terminal.",MODERATE,,,POSSIBLE_PRODUCT,NOT_EVALUATED_RUNTIME_REVIEW,,,NOT_EVALUATED,false,false,,,,false,,false,false,,REVIEW_STOP,,,,N/A,cpe:/a:thekelleys:dnsmasq,GT_ABSENT,true,PRODUCT_RUNTIME,NO_FIXED_OFFICIAL_RUNTIME_ROLE_EVIDENCE,"Exact firmware linkage is present, but the fixed local evidence registry does not establish the upstream defining function for this component. Structural package role alone is non-terminal."
199660,dropbear,2020.81-3,cpe:2.3:a:dropbear:dropbear:2020.81-3:*:*:*:*:*:*:*,CONTROL_DIRECT,package/network/services/dropbear,dropbear,REVIEW_REQUIRED,"Exact firmware linkage is present, but the fixed local evidence registry does not establish the upstream defining function for this component. Structural package role alone is non-terminal.",MODERATE,,,POSSIBLE_PRODUCT,NOT_EVALUATED_RUNTIME_REVIEW,,,NOT_EVALUATED,false,false,,,,false,,false,false,,REVIEW_STOP,,,,N/A,cpe:/a:matt_johnston:dropbear_ssh_server,GT_ABSENT,true,PRODUCT_RUNTIME,NO_FIXED_OFFICIAL_RUNTIME_ROLE_EVIDENCE,"Exact firmware linkage is present, but the fixed local evidence registry does not establish the upstream defining function for this component. Structural package role alone is non-terminal."
199662,esim-lpac,1.3.11,cpe:2.3:a:esim-lpac:esim-lpac:1.3.11:*:*:*:*:*:*:*,CONTROL_DIRECT,package/teltonika/esim-lpac,esim-lpac,REVIEW_REQUIRED,"Exact firmware linkage is present, but the fixed local evidence registry does not establish the upstream defining function for this component. Structural package role alone is non-terminal.",MODERATE,,,POSSIBLE_PRODUCT,NOT_EVALUATED_RUNTIME_REVIEW,,,NOT_EVALUATED,false,false,,,,false,,false,false,,REVIEW_STOP,,,,N/A,,NO_CONTROL_CPE_ID,true,PRODUCT_RUNTIME,NO_FIXED_OFFICIAL_RUNTIME_ROLE_EVIDENCE,"Exact firmware linkage is present, but the fixed local evidence registry does not establish the upstream defining function for this component. Structural package role alone is non-terminal."
199663,ethtool,5.10-1,cpe:2.3:a:ethtool:ethtool:5.10-1:*:*:*:*:*:*:*,CONTROL_DIRECT,package/network/utils/ethtool,ethtool,REVIEW_REQUIRED,"Exact firmware linkage is present, but the fixed local evidence registry does not establish the upstream defining function for this component. Structural package role alone is non-terminal.",MODERATE,,,POSSIBLE_PRODUCT,NOT_EVALUATED_RUNTIME_REVIEW,,,NOT_EVALUATED,false,false,,,,false,,false,false,,REVIEW_STOP,,,,N/A,cpe:/a:kernel:ethtool,GT_ABSENT,true,PRODUCT_RUNTIME,NO_FIXED_OFFICIAL_RUNTIME_ROLE_EVIDENCE,"Exact firmware linkage is present, but the fixed local evidence registry does not establish the upstream defining function for this component. Structural package role alone is non-terminal."
199664,event-juggler,1.0,cpe:2.3:a:event-juggler:event-juggler:1.0:*:*:*:*:*:*:*,CONTROL_DIRECT,package/teltonika/event_juggler,event-juggler,REVIEW_REQUIRED,"Exact firmware linkage is present, but the fixed local evidence registry does not establish the upstream defining function for this component. Structural package role alone is non-terminal.",MODERATE,,,UNRESOLVED,NOT_EVALUATED_RUNTIME_REVIEW,,,NOT_EVALUATED,false,false,,,,false,,false,false,,REVIEW_STOP,,,,N/A,,NO_CONTROL_CPE_ID,true,PRODUCT_RUNTIME,NO_FIXED_OFFICIAL_RUNTIME_ROLE_EVIDENCE,"Exact firmware linkage is present, but the fixed local evidence registry does not establish the upstream defining function for this component. Structural package role alone is non-terminal."
199665,exfat-mkfs,1.1.3-4,cpe:2.3:a:exfat-mkfs:exfat-mkfs:1.1.3-4:*:*:*:*:*:*:*,CONTROL_DIRECT,package/utils/exfatprogs,exfat-mkfs,REVIEW_REQUIRED,"Exact firmware linkage is present, but the fixed local evidence registry does not establish the upstream defining function for this component. Structural package role alone is non-terminal.",MODERATE,,,POSSIBLE_PRODUCT,NOT_EVALUATED_RUNTIME_REVIEW,,,NOT_EVALUATED,false,false,,,,false,,false,false,,REVIEW_STOP,,,,N/A,cpe:/a:namjaejeon:exfatprogs,GT_ABSENT,true,PRODUCT_RUNTIME,NO_FIXED_OFFICIAL_RUNTIME_ROLE_EVIDENCE,"Exact firmware linkage is present, but the fixed local evidence registry does not establish the upstream defining function for this component. Structural package role alone is non-terminal."
199666,ezopcua,2025-05-09-1,cpe:2.3:a:ezopcua:ezopcua:2025-05-09-1:*:*:*:*:*:*:*,CONTROL_DIRECT,package/teltonika/libs/ezopcua,ezopcua,REVIEW_REQUIRED,"Exact firmware linkage is present, but the fixed local evidence registry does not establish the upstream defining function for this component. Structural package role alone is non-terminal.",MODERATE,,,PARTIAL_OR_SPLIT_COMPONENT,NOT_EVALUATED_RUNTIME_REVIEW,,,NOT_EVALUATED,false,false,,,,false,,false,false,,REVIEW_STOP,,,,N/A,,NO_CONTROL_CPE_ID,true,PRODUCT_RUNTIME,NO_FIXED_OFFICIAL_RUNTIME_ROLE_EVIDENCE,"Exact firmware linkage is present, but the fixed local evidence registry does not establish the upstream defining function for this component. Structural package role alone is non-terminal."
199667,firewall,2022-02-17-4cd7d4f3-12,cpe:2.3:a:firewall:firewall:2022-02-17-4cd7d4f3-12:*:*:*:*:*:*:*,CONTROL_DIRECT,package/network/config/firewall,firewall,REVIEW_REQUIRED,"Exact firmware linkage is present, but the fixed local evidence registry does not establish the upstream defining function for this component. Structural package role alone is non-terminal.",MODERATE,,,POSSIBLE_PRODUCT,NOT_EVALUATED_RUNTIME_REVIEW,,,NOT_EVALUATED,false,false,,,,false,,false,false,,REVIEW_STOP,,,,N/A,,NO_CONTROL_CPE_ID,true,PRODUCT_RUNTIME,NO_FIXED_OFFICIAL_RUNTIME_ROLE_EVIDENCE,"Exact firmware linkage is present, but the fixed local evidence registry does not establish the upstream defining function for this component. Structural package role alone is non-terminal."
199668,fmt-usb-msd,2023-01-11,cpe:2.3:a:fmt-usb-msd:fmt-usb-msd:2023-01-11:*:*:*:*:*:*:*,CONTROL_DIRECT,package/teltonika/fmt-usb-msd,fmt-usb-msd,REVIEW_REQUIRED,"Exact firmware linkage is present, but the fixed local evidence registry does not establish the upstream defining function for this component. Structural package role alone is non-terminal.",MODERATE,,,POSSIBLE_PRODUCT,NOT_EVALUATED_RUNTIME_REVIEW,,,NOT_EVALUATED,false,false,,,,false,,false,false,,REVIEW_STOP,,,,N/A,,NO_CONTROL_CPE_ID,true,PRODUCT_RUNTIME,NO_FIXED_OFFICIAL_RUNTIME_ROLE_EVIDENCE,"Exact firmware linkage is present, but the fixed local evidence registry does not establish the upstream defining function for this component. Structural package role alone is non-terminal."
199669,fstools,2022-05-03-9e11b372-28,cpe:2.3:a:fstools:fstools:2022-05-03-9e11b372-28:*:*:*:*:*:*:*,CONTROL_DIRECT,package/system/fstools,fstools,REVIEW_REQUIRED,"Exact firmware linkage is present, but the fixed local evidence registry does not establish the upstream defining function for this component. Structural package role alone is non-terminal.",MODERATE,,,POSSIBLE_PRODUCT,NOT_EVALUATED_RUNTIME_REVIEW,,,NOT_EVALUATED,false,false,,,,false,,false,false,,REVIEW_STOP,,,,N/A,,NO_CONTROL_CPE_ID,true,PRODUCT_RUNTIME,NO_FIXED_OFFICIAL_RUNTIME_ROLE_EVIDENCE,"Exact firmware linkage is present, but the fixed local evidence registry does not establish the upstream defining function for this component. Structural package role alone is non-terminal."
199670,fwcert,1.0,cpe:2.3:a:fwcert:fwcert:1.0:*:*:*:*:*:*:*,CONTROL_DIRECT,package/system/fwcert,fwcert,REVIEW_REQUIRED,"Exact firmware linkage is present, but the fixed local evidence registry does not establish the upstream defining function for this component. Structural package role alone is non-terminal.",MODERATE,,,POSSIBLE_PRODUCT,NOT_EVALUATED_RUNTIME_REVIEW,,,NOT_EVALUATED,false,false,,,,false,,false,false,,REVIEW_STOP,,,,N/A,,NO_CONTROL_CPE_ID,true,PRODUCT_RUNTIME,NO_FIXED_OFFICIAL_RUNTIME_ROLE_EVIDENCE,"Exact firmware linkage is present, but the fixed local evidence registry does not establish the upstream defining function for this component. Structural package role alone is non-terminal."
199671,fwtool,2019-11-12-8f7fe925-1,cpe:2.3:a:fwtool:fwtool:2019-11-12-8f7fe925-1:*:*:*:*:*:*:*,CONTROL_DIRECT,package/system/fwtool,fwtool,REVIEW_REQUIRED,"Exact firmware linkage is present, but the fixed local evidence registry does not establish the upstream defining function for this component. Structural package role alone is non-terminal.",MODERATE,,,POSSIBLE_PRODUCT,NOT_EVALUATED_RUNTIME_REVIEW,,,NOT_EVALUATED,false,false,,,,false,,false,false,,REVIEW_STOP,,,,N/A,,NO_CONTROL_CPE_ID,true,PRODUCT_RUNTIME,NO_FIXED_OFFICIAL_RUNTIME_ROLE_EVIDENCE,"Exact firmware linkage is present, but the fixed local evidence registry does not establish the upstream defining function for this component. Structural package role alone is non-terminal."
199672,getrandom,2020-10-25-9ef88681-10,cpe:2.3:a:getrandom:getrandom:2020-10-25-9ef88681-10:*:*:*:*:*:*:*,CONTROL_DIRECT,package/system/ubox,getrandom,REVIEW_REQUIRED,"Exact firmware linkage is present, but the fixed local evidence registry does not establish the upstream defining function for this component. Structural package role alone is non-terminal.",MODERATE,,,PARTIAL_OR_SPLIT_COMPONENT,NOT_EVALUATED_RUNTIME_REVIEW,,,NOT_EVALUATED,false,false,,,,false,,false,false,,REVIEW_STOP,,,,N/A,,NO_CONTROL_CPE_ID,true,PRODUCT_RUNTIME,NO_FIXED_OFFICIAL_RUNTIME_ROLE_EVIDENCE,"Exact firmware linkage is present, but the fixed local evidence registry does not establish the upstream defining function for this component. Structural package role alone is non-terminal."
199673,gkeepalive,2024-06-19-1,cpe:2.3:a:gkeepalive:gkeepalive:2024-06-19-1:*:*:*:*:*:*:*,CONTROL_DIRECT,package/teltonika/gkeepalive,gkeepalive,REVIEW_REQUIRED,"Exact firmware linkage is present, but the fixed local evidence registry does not establish the upstream defining function for this component. Structural package role alone is non-terminal.",MODERATE,,,UNRESOLVED,NOT_EVALUATED_RUNTIME_REVIEW,,,NOT_EVALUATED,false,false,,,,false,,false,false,,REVIEW_STOP,,,,N/A,,NO_CONTROL_CPE_ID,true,PRODUCT_RUNTIME,NO_FIXED_OFFICIAL_RUNTIME_ROLE_EVIDENCE,"Exact firmware linkage is present, but the fixed local evidence registry does not establish the upstream defining function for this component. Structural package role alone is non-terminal."
199674,gpiod-tools,1.6.3-1,cpe:2.3:a:gpiod-tools:gpiod-tools:1.6.3-1:*:*:*:*:*:*:*,CONTROL_DIRECT,package/libs/libgpiod,gpiod-tools,REVIEW_REQUIRED,"Exact firmware linkage is present, but the fixed local evidence registry does not establish the upstream defining function for this component. Structural package role alone is non-terminal.",MODERATE,,,POSSIBLE_PRODUCT,NOT_EVALUATED_RUNTIME_REVIEW,,,NOT_EVALUATED,false,false,,,,false,,false,false,,REVIEW_STOP,,,,N/A,,NO_CONTROL_CPE_ID,true,PRODUCT_RUNTIME,NO_FIXED_OFFICIAL_RUNTIME_ROLE_EVIDENCE,"Exact firmware linkage is present, but the fixed local evidence registry does not establish the upstream defining function for this component. Structural package role alone is non-terminal."
199675,gpsctl,2025-04-29-2,cpe:2.3:a:gpsctl:gpsctl:2025-04-29-2:*:*:*:*:*:*:*,CONTROL_DIRECT,package/teltonika/gps,gpsctl,REVIEW_REQUIRED,"Exact firmware linkage is present, but the fixed local evidence registry does not establish the upstream defining function for this component. Structural package role alone is non-terminal.",MODERATE,,,UNRESOLVED,NOT_EVALUATED_RUNTIME_REVIEW,,,NOT_EVALUATED,false,false,,,,false,,false,false,,REVIEW_STOP,,,,N/A,,NO_CONTROL_CPE_ID,true,PRODUCT_RUNTIME,NO_FIXED_OFFICIAL_RUNTIME_ROLE_EVIDENCE,"Exact firmware linkage is present, but the fixed local evidence registry does not establish the upstream defining function for this component. Structural package role alone is non-terminal."
199676,gpsd,2025-04-29-2,cpe:2.3:a:gpsd:gpsd:2025-04-29-2:*:*:*:*:*:*:*,CONTROL_DIRECT,package/teltonika/gps,gpsd,REVIEW_REQUIRED,limited application of PRODUCT_RUNTIME v1; exact SBOM+control+status; /usr/sbin/gpsd; vendor Source/siblings; UP-TELTONIKA-SDK,MODERATE,Teltonika GPS service boundary unresolved,,UNRESOLVED,VENDOR_SPECIFIC_VERSION,,"The vendor Source and shared date-like value are exact, but neither the date semantics nor the final -2 boundary is established for this internal package; the public gpsd name is not inherited. Evidence: exact SBOM+control+status; /usr/sbin/gpsd; vendor Source/siblings; UP-TELTONIKA-SDK",NOT_EVALUATED,false,false,,,,false,,false,false,,REVIEW_STOP,,,,N/A,,NO_CONTROL_CPE_ID,true,PRODUCT_RUNTIME,limited application of PRODUCT_RUNTIME v1; exact SBOM+control+status; /usr/sbin/gpsd; vendor Source/siblings; UP-TELTONIKA-SDK,"limited application of PRODUCT_RUNTIME v1; exact SBOM+control+status; /usr/sbin/gpsd; vendor Source/siblings; UP-TELTONIKA-SDK | The vendor Source and shared date-like value are exact, but neither the date semantics nor the final -2 boundary is established for this internal package; the public gpsd name is not inherited. Evidence: exact SBOM+control+status; /usr/sbin/gpsd; vendor Source/siblings; UP-TELTONIKA-SDK"
199677,gre,12,cpe:2.3:a:gre:gre:12:*:*:*:*:*:*:*,CONTROL_DIRECT,package/network/config/gre,gre,REVIEW_REQUIRED,"Exact firmware linkage is present, but the fixed local evidence registry does not establish the upstream defining function for this component. Structural package role alone is non-terminal.",MODERATE,,,POSSIBLE_PRODUCT,NOT_EVALUATED_RUNTIME_REVIEW,,,NOT_EVALUATED,false,false,,,,false,,false,false,,REVIEW_STOP,,,,N/A,,NO_CONTROL_CPE_ID,true,PRODUCT_RUNTIME,NO_FIXED_OFFICIAL_RUNTIME_ROLE_EVIDENCE,"Exact firmware linkage is present, but the fixed local evidence registry does not establish the upstream defining function for this component. Structural package role alone is non-terminal."
199678,gsmctl,f61d039a,cpe:2.3:a:gsmctl:gsmctl:f61d039a:*:*:*:*:*:*:*,CONTROL_DIRECT,package/teltonika/gsm,gsmctl,REVIEW_REQUIRED,limited application of PRODUCT_RUNTIME v1; exact SBOM+control+status; /usr/sbin/gsmctl; vendor Source/siblings; UP-TELTONIKA-GSMCTL; UP-TELTONIKA-SDK,MODERATE,Teltonika gsmctl,,UNRESOLVED,VENDOR_SPECIFIC_VERSION,,Official Teltonika material confirms the command function but not the short hash's repository or release mapping; the hash is preserved without expansion. Evidence: exact SBOM+control+status; /usr/sbin/gsmctl; vendor Source/siblings; UP-TELTONIKA-GSMCTL; UP-TELTONIKA-SDK,NOT_EVALUATED,false,false,,,,false,,false,false,,REVIEW_STOP,,,,N/A,,NO_CONTROL_CPE_ID,true,PRODUCT_RUNTIME,limited application of PRODUCT_RUNTIME v1; exact SBOM+control+status; /usr/sbin/gsmctl; vendor Source/siblings; UP-TELTONIKA-GSMCTL; UP-TELTONIKA-SDK,limited application of PRODUCT_RUNTIME v1; exact SBOM+control+status; /usr/sbin/gsmctl; vendor Source/siblings; UP-TELTONIKA-GSMCTL; UP-TELTONIKA-SDK | Official Teltonika material confirms the command function but not the short hash's repository or release mapping; the hash is preserved without expansion. Evidence: exact SBOM+control+status; /usr/sbin/gsmctl; vendor Source/siblings; UP-TELTONIKA-GSMCTL; UP-TELTONIKA-SDK
199679,gsmd,f61d039a,cpe:2.3:a:gsmd:gsmd:f61d039a:*:*:*:*:*:*:*,CONTROL_DIRECT,package/teltonika/gsm,gsmd,REVIEW_REQUIRED,"Exact firmware linkage is present, but the fixed local evidence registry does not establish the upstream defining function for this component. Structural package role alone is non-terminal.",MODERATE,,,UNRESOLVED,NOT_EVALUATED_RUNTIME_REVIEW,,,NOT_EVALUATED,false,false,,,,false,,false,false,,REVIEW_STOP,,,,N/A,,NO_CONTROL_CPE_ID,true,PRODUCT_RUNTIME,NO_FIXED_OFFICIAL_RUNTIME_ROLE_EVIDENCE,"Exact firmware linkage is present, but the fixed local evidence registry does not establish the upstream defining function for this component. Structural package role alone is non-terminal."
199680,hostapd-common,2023-09-08-e5ccbfc6-11,cpe:2.3:a:hostapd-common:hostapd-common:2023-09-08-e5ccbfc6-11:*:*:*:*:*:*:*,CONTROL_DIRECT,package/network/services/hostapd,hostapd-common,REVIEW_REQUIRED,"Exact firmware linkage is present, but the fixed local evidence registry does not establish the upstream defining function for this component. Structural package role alone is non-terminal.",MODERATE,,,PARTIAL_OR_SPLIT_COMPONENT,NOT_EVALUATED_RUNTIME_REVIEW,,,NOT_EVALUATED,false,false,,,,false,,false,false,,REVIEW_STOP,,,,N/A,cpe:/a:w1.fi:hostapd,GT_ABSENT,true,PRODUCT_RUNTIME,NO_FIXED_OFFICIAL_RUNTIME_ROLE_EVIDENCE,"Exact firmware linkage is present, but the fixed local evidence registry does not establish the upstream defining function for this component. Structural package role alone is non-terminal."
199681,io_scheduler,1.2,cpe:2.3:a:io_scheduler:io_scheduler:1.2:*:*:*:*:*:*:*,CONTROL_DIRECT,package/teltonika/io_scheduler,io_scheduler,REVIEW_REQUIRED,"Exact firmware linkage is present, but the fixed local evidence registry does not establish the upstream defining function for this component. Structural package role alone is non-terminal.",MODERATE,,,UNRESOLVED,NOT_EVALUATED_RUNTIME_REVIEW,,,NOT_EVALUATED,false,false,,,,false,,false,false,,REVIEW_STOP,,,,N/A,,NO_CONTROL_CPE_ID,true,PRODUCT_RUNTIME,NO_FIXED_OFFICIAL_RUNTIME_ROLE_EVIDENCE,"Exact firmware linkage is present, but the fixed local evidence registry does not establish the upstream defining function for this component. Structural package role alone is non-terminal."
199682,iomand1.0,2.23.0,cpe:2.3:a:iomand1.0:iomand1.0:2.23.0:*:*:*:*:*:*:*,CONTROL_DIRECT,package/teltonika/iomand,iomand,REVIEW_REQUIRED,"Exact firmware linkage is present, but the fixed local evidence registry does not establish the upstream defining function for this component. Structural package role alone is non-terminal.",MODERATE,,,UNRESOLVED,NOT_EVALUATED_RUNTIME_REVIEW,,,NOT_EVALUATED,false,false,,,,false,,false,false,,REVIEW_STOP,,UNRESOLVED,SOFTWARE_IDENTITY_EVIDENCE_INSUFFICIENT,N/A,,NO_CONTROL_CPE_ID,true,PRODUCT_RUNTIME,NO_FIXED_OFFICIAL_RUNTIME_ROLE_EVIDENCE,"Exact firmware linkage is present, but the fixed local evidence registry does not establish the upstream defining function for this component. Structural package role alone is non-terminal."
199683,ip-full,5.19.0-8,cpe:2.3:a:ip-full:ip-full:5.19.0-8:*:*:*:*:*:*:*,CONTROL_DIRECT,package/network/utils/iproute2,ip-full,REVIEW_REQUIRED,"Exact firmware linkage is present, but the fixed local evidence registry does not establish the upstream defining function for this component. Structural package role alone is non-terminal.",MODERATE,,,POSSIBLE_PRODUCT,NOT_EVALUATED_RUNTIME_REVIEW,,,NOT_EVALUATED,false,false,,,,false,,false,false,,REVIEW_STOP,,,,N/A,cpe:/a:iproute2_project:iproute2,GT_ABSENT,true,PRODUCT_RUNTIME,NO_FIXED_OFFICIAL_RUNTIME_ROLE_EVIDENCE,"Exact firmware linkage is present, but the fixed local evidence registry does not establish the upstream defining function for this component. Structural package role alone is non-terminal."
199685,ip_blockd,2025-02-19-2,cpe:2.3:a:ip_blockd:ip_blockd:2025-02-19-2:*:*:*:*:*:*:*,CONTROL_DIRECT,package/teltonika/ip_blockd,ip_blockd,REVIEW_REQUIRED,"Exact firmware linkage is present, but the fixed local evidence registry does not establish the upstream defining function for this component. Structural package role alone is non-terminal.",MODERATE,,,UNRESOLVED,NOT_EVALUATED_RUNTIME_REVIEW,,,NOT_EVALUATED,false,false,,,,false,,false,false,,REVIEW_STOP,,,,N/A,,NO_CONTROL_CPE_ID,true,PRODUCT_RUNTIME,NO_FIXED_OFFICIAL_RUNTIME_ROLE_EVIDENCE,"Exact firmware linkage is present, but the fixed local evidence registry does not establish the upstream defining function for this component. Structural package role alone is non-terminal."
199686,ipset,7.6-1,cpe:2.3:a:ipset:ipset:7.6-1:*:*:*:*:*:*:*,CONTROL_DIRECT,package/network/utils/ipset,ipset,REVIEW_REQUIRED,"Exact firmware linkage is present, but the fixed local evidence registry does not establish the upstream defining function for this component. Structural package role alone is non-terminal.",MODERATE,,,POSSIBLE_PRODUCT,NOT_EVALUATED_RUNTIME_REVIEW,,,NOT_EVALUATED,false,false,,,,false,,false,false,,REVIEW_STOP,,,,N/A,cpe:/a:netfilter:ipset,GT_ABSENT,true,PRODUCT_RUNTIME,NO_FIXED_OFFICIAL_RUNTIME_ROLE_EVIDENCE,"Exact firmware linkage is present, but the fixed local evidence registry does not establish the upstream defining function for this component. Structural package role alone is non-terminal."
199691,iw-515,5.19-1,cpe:2.3:a:iw-515:iw-515:5.19-1:*:*:*:*:*:*:*,CONTROL_DIRECT,package/network/utils/iw-515,iw-515,REVIEW_REQUIRED,"Exact firmware linkage is present, but the fixed local evidence registry does not establish the upstream defining function for this component. Structural package role alone is non-terminal.",MODERATE,,,POSSIBLE_PRODUCT,NOT_EVALUATED_RUNTIME_REVIEW,,,NOT_EVALUATED,false,false,,,,false,,false,false,,REVIEW_STOP,,,,N/A,,NO_CONTROL_CPE_ID,true,PRODUCT_RUNTIME,NO_FIXED_OFFICIAL_RUNTIME_ROLE_EVIDENCE,"Exact firmware linkage is present, but the fixed local evidence registry does not establish the upstream defining function for this component. Structural package role alone is non-terminal."
199692,iwinfo,2023-05-17-c9f5c3f7-1,cpe:2.3:a:iwinfo:iwinfo:2023-05-17-c9f5c3f7-1:*:*:*:*:*:*:*,CONTROL_DIRECT,package/network/utils/iwinfo,iwinfo,REVIEW_REQUIRED,"Exact firmware linkage is present, but the fixed local evidence registry does not establish the upstream defining function for this component. Structural package role alone is non-terminal.",MODERATE,,,POSSIBLE_PRODUCT,NOT_EVALUATED_RUNTIME_REVIEW,,,NOT_EVALUATED,false,false,,,,false,,false,false,,REVIEW_STOP,,,,N/A,,NO_CONTROL_CPE_ID,true,PRODUCT_RUNTIME,NO_FIXED_OFFICIAL_RUNTIME_ROLE_EVIDENCE,"Exact firmware linkage is present, but the fixed local evidence registry does not establish the upstream defining function for this component. Structural package role alone is non-terminal."
199693,jshn,2024-03-29-eb9bcb64-2,cpe:2.3:a:jshn:jshn:2024-03-29-eb9bcb64-2:*:*:*:*:*:*:*,CONTROL_DIRECT,package/libs/libubox,jshn,REVIEW_REQUIRED,"Exact firmware linkage is present, but the fixed local evidence registry does not establish the upstream defining function for this component. Structural package role alone is non-terminal.",MODERATE,,,POSSIBLE_PRODUCT,NOT_EVALUATED_RUNTIME_REVIEW,,,NOT_EVALUATED,false,false,,,,false,,false,false,,REVIEW_STOP,,,,N/A,,NO_CONTROL_CPE_ID,true,PRODUCT_RUNTIME,NO_FIXED_OFFICIAL_RUNTIME_ROLE_EVIDENCE,"Exact firmware linkage is present, but the fixed local evidence registry does not establish the upstream defining function for this component. Structural package role alone is non-terminal."
199694,jsonfilter,2018-02-04-c7e938d6-1,cpe:2.3:a:jsonfilter:jsonfilter:2018-02-04-c7e938d6-1:*:*:*:*:*:*:*,CONTROL_DIRECT,package/utils/jsonfilter,jsonfilter,REVIEW_REQUIRED,"Exact firmware linkage is present, but the fixed local evidence registry does not establish the upstream defining function for this component. Structural package role alone is non-terminal.",MODERATE,,,POSSIBLE_PRODUCT,NOT_EVALUATED_RUNTIME_REVIEW,,,NOT_EVALUATED,false,false,,,,false,,false,false,,REVIEW_STOP,,,,N/A,,NO_CONTROL_CPE_ID,true,PRODUCT_RUNTIME,NO_FIXED_OFFICIAL_RUNTIME_ROLE_EVIDENCE,"Exact firmware linkage is present, but the fixed local evidence registry does not establish the upstream defining function for this component. Structural package role alone is non-terminal."
199839,ledman-full,2.22.5,cpe:2.3:a:ledman-full:ledman-full:2.22.5:*:*:*:*:*:*:*,CONTROL_DIRECT,package/teltonika/ledman,ledman-full,REVIEW_REQUIRED,"Exact firmware linkage is present, but the fixed local evidence registry does not establish the upstream defining function for this component. Structural package role alone is non-terminal.",MODERATE,,,UNRESOLVED,NOT_EVALUATED_RUNTIME_REVIEW,,,NOT_EVALUATED,false,false,,,,false,,false,false,,REVIEW_STOP,,UNRESOLVED,SOFTWARE_IDENTITY_EVIDENCE_INSUFFICIENT,N/A,,NO_CONTROL_CPE_ID,true,PRODUCT_RUNTIME,NO_FIXED_OFFICIAL_RUNTIME_ROLE_EVIDENCE,"Exact firmware linkage is present, but the fixed local evidence registry does not establish the upstream defining function for this component. Structural package role alone is non-terminal."
199840,libapi20241125,2024-11-25-1.2,cpe:2.3:a:libapi20241125:libapi20241125:2024-11-25-1.2:*:*:*:*:*:*:*,CONTROL_DIRECT,package/teltonika/libs/libapi,libapi,REVIEW_REQUIRED,"Exact firmware linkage is present, but the fixed local evidence registry does not establish the upstream defining function for this component. Structural package role alone is non-terminal.",MODERATE,,,PARTIAL_OR_SPLIT_COMPONENT,NOT_EVALUATED_RUNTIME_REVIEW,,,NOT_EVALUATED,false,false,,,,false,,false,false,,REVIEW_STOP,,,,N/A,,NO_CONTROL_CPE_ID,true,PRODUCT_RUNTIME,NO_FIXED_OFFICIAL_RUNTIME_ROLE_EVIDENCE,"Exact firmware linkage is present, but the fixed local evidence registry does not establish the upstream defining function for this component. Structural package role alone is non-terminal."
199841,libatomic1,8.4.0-3,cpe:2.3:a:libatomic1:libatomic1:8.4.0-3:*:*:*:*:*:*:*,CONTROL_DIRECT,package/libs/toolchain,libatomic,REVIEW_REQUIRED,"Exact firmware linkage is present, but the fixed local evidence registry does not establish the upstream defining function for this component. Structural package role alone is non-terminal.",MODERATE,,,PARTIAL_OR_SPLIT_COMPONENT,NOT_EVALUATED_RUNTIME_REVIEW,,,NOT_EVALUATED,false,false,,,,false,,false,false,,REVIEW_STOP,,,,N/A,,NO_CONTROL_CPE_ID,true,PRODUCT_RUNTIME,NO_FIXED_OFFICIAL_RUNTIME_ROLE_EVIDENCE,"Exact firmware linkage is present, but the fixed local evidence registry does not establish the upstream defining function for this component. Structural package role alone is non-terminal."
199843,libblobmsg-json20240329,2024-03-29-eb9bcb64-2,cpe:2.3:a:libblobmsg-json20240329:libblobmsg-json20240329:2024-03-29-eb9bcb64-2:*:*:*:*:*:*:*,CONTROL_DIRECT,package/libs/libubox,libblobmsg-json,REVIEW_REQUIRED,"Exact firmware linkage is present, but the fixed local evidence registry does not establish the upstream defining function for this component. Structural package role alone is non-terminal.",MODERATE,,,PARTIAL_OR_SPLIT_COMPONENT,NOT_EVALUATED_RUNTIME_REVIEW,,,NOT_EVALUATED,false,false,,,,false,,false,false,,REVIEW_STOP,,,,N/A,,NO_CONTROL_CPE_ID,true,PRODUCT_RUNTIME,NO_FIXED_OFFICIAL_RUNTIME_ROLE_EVIDENCE,"Exact firmware linkage is present, but the fixed local evidence registry does not establish the upstream defining function for this component. Structural package role alone is non-terminal."
199844,libboardjson,7.13,cpe:2.3:a:libboardjson:libboardjson:7.13:*:*:*:*:*:*:*,CONTROL_DIRECT,package/teltonika/libs/libboardjson,libboardjson,REVIEW_REQUIRED,"Exact firmware linkage is present, but the fixed local evidence registry does not establish the upstream defining function for this component. Structural package role alone is non-terminal.",MODERATE,,,PARTIAL_OR_SPLIT_COMPONENT,NOT_EVALUATED_RUNTIME_REVIEW,,,NOT_EVALUATED,false,false,,,,false,,false,false,,REVIEW_STOP,,,,N/A,,NO_CONTROL_CPE_ID,true,PRODUCT_RUNTIME,NO_FIXED_OFFICIAL_RUNTIME_ROLE_EVIDENCE,"Exact firmware linkage is present, but the fixed local evidence registry does not establish the upstream defining function for this component. Structural package role alone is non-terminal."
199845,libc,1.2.4-3,cpe:2.3:a:libc:libc:1.2.4-3:*:*:*:*:*:*:*,CONTROL_DIRECT,package/libs/toolchain,libc,REVIEW_REQUIRED,"Exact firmware linkage is present, but the fixed local evidence registry does not establish the upstream defining function for this component. Structural package role alone is non-terminal.",MODERATE,,,PARTIAL_OR_SPLIT_COMPONENT,NOT_EVALUATED_RUNTIME_REVIEW,,,NOT_EVALUATED,false,false,,,,false,,false,false,,REVIEW_STOP,,,,N/A,,NO_CONTROL_CPE_ID,true,PRODUCT_RUNTIME,NO_FIXED_OFFICIAL_RUNTIME_ROLE_EVIDENCE,"Exact firmware linkage is present, but the fixed local evidence registry does not establish the upstream defining function for this component. Structural package role alone is non-terminal."
199846,libcap-bin,2.69-1,cpe:2.3:a:libcap-bin:libcap-bin:2.69-1:*:*:*:*:*:*:*,CONTROL_DIRECT,package/libs/libcap,libcap-bin,REVIEW_REQUIRED,"Exact firmware linkage is present, but the fixed local evidence registry does not establish the upstream defining function for this component. Structural package role alone is non-terminal.",MODERATE,,,PARTIAL_OR_SPLIT_COMPONENT,NOT_EVALUATED_RUNTIME_REVIEW,,,NOT_EVALUATED,false,false,,,,false,,false,false,,REVIEW_STOP,,,,N/A,cpe:/a:libcap_project:libcap,GT_ABSENT,true,PRODUCT_RUNTIME,NO_FIXED_OFFICIAL_RUNTIME_ROLE_EVIDENCE,"Exact firmware linkage is present, but the fixed local evidence registry does not establish the upstream defining function for this component. Structural package role alone is non-terminal."
199847,libcap-ng,0.8.1-1,cpe:2.3:a:libcap-ng:libcap-ng:0.8.1-1:*:*:*:*:*:*:*,CONTROL_DIRECT,feeds/packages/libs/libcap-ng,libcap-ng,REVIEW_REQUIRED,"Exact firmware linkage is present, but the fixed local evidence registry does not establish the upstream defining function for this component. Structural package role alone is non-terminal.",MODERATE,,,PARTIAL_OR_SPLIT_COMPONENT,NOT_EVALUATED_RUNTIME_REVIEW,,,NOT_EVALUATED,false,false,,,,false,,false,false,,REVIEW_STOP,,,,N/A,cpe:/a:libcap-ng_project:libcap-ng,GT_ABSENT,true,PRODUCT_RUNTIME,NO_FIXED_OFFICIAL_RUNTIME_ROLE_EVIDENCE,"Exact firmware linkage is present, but the fixed local evidence registry does not establish the upstream defining function for this component. Structural package role alone is non-terminal."
199848,libcap,2.69-1,cpe:2.3:a:libcap:libcap:2.69-1:*:*:*:*:*:*:*,CONTROL_DIRECT,package/libs/libcap,libcap,REVIEW_REQUIRED,"Exact firmware linkage is present, but the fixed local evidence registry does not establish the upstream defining function for this component. Structural package role alone is non-terminal.",MODERATE,,,PARTIAL_OR_SPLIT_COMPONENT,NOT_EVALUATED_RUNTIME_REVIEW,,,NOT_EVALUATED,false,false,,,,false,,false,false,,REVIEW_STOP,,,,N/A,cpe:/a:libcap_project:libcap,GT_ABSENT,true,PRODUCT_RUNTIME,NO_FIXED_OFFICIAL_RUNTIME_ROLE_EVIDENCE,"Exact firmware linkage is present, but the fixed local evidence registry does not establish the upstream defining function for this component. Structural package role alone is non-terminal."
199849,libcares,1.19.1-2,cpe:2.3:a:libcares:libcares:1.19.1-2:*:*:*:*:*:*:*,CONTROL_DIRECT,package/libs/c-ares,libcares,REVIEW_REQUIRED,"Exact firmware linkage is present, but the fixed local evidence registry does not establish the upstream defining function for this component. Structural package role alone is non-terminal.",MODERATE,,,PARTIAL_OR_SPLIT_COMPONENT,NOT_EVALUATED_RUNTIME_REVIEW,,,NOT_EVALUATED,false,false,,,,false,,false,false,,REVIEW_STOP,,,,N/A,cpe:/a:c-ares:c-ares,GT_ABSENT,true,PRODUCT_RUNTIME,NO_FIXED_OFFICIAL_RUNTIME_ROLE_EVIDENCE,"Exact firmware linkage is present, but the fixed local evidence registry does not establish the upstream defining function for this component. Structural package role alone is non-terminal."
199850,libcfg20250129,2025-01-29-1.2,cpe:2.3:a:libcfg20250129:libcfg20250129:2025-01-29-1.2:*:*:*:*:*:*:*,CONTROL_DIRECT,package/teltonika/libs/libcfg,libcfg,REVIEW_REQUIRED,"Exact firmware linkage is present, but the fixed local evidence registry does not establish the upstream defining function for this component. Structural package role alone is non-terminal.",MODERATE,,,PARTIAL_OR_SPLIT_COMPONENT,NOT_EVALUATED_RUNTIME_REVIEW,,,NOT_EVALUATED,false,false,,,,false,,false,false,,REVIEW_STOP,,,,N/A,,NO_CONTROL_CPE_ID,true,PRODUCT_RUNTIME,NO_FIXED_OFFICIAL_RUNTIME_ROLE_EVIDENCE,"Exact firmware linkage is present, but the fixed local evidence registry does not establish the upstream defining function for this component. Structural package role alone is non-terminal."
199851,libcfgx,7.12,cpe:2.3:a:libcfgx:libcfgx:7.12:*:*:*:*:*:*:*,CONTROL_DIRECT,package/teltonika/libs/libcfgx,libcfgx,REVIEW_REQUIRED,"Exact firmware linkage is present, but the fixed local evidence registry does not establish the upstream defining function for this component. Structural package role alone is non-terminal.",MODERATE,,,PARTIAL_OR_SPLIT_COMPONENT,NOT_EVALUATED_RUNTIME_REVIEW,,,NOT_EVALUATED,false,false,,,,false,,false,false,,REVIEW_STOP,,,,N/A,,NO_CONTROL_CPE_ID,true,PRODUCT_RUNTIME,NO_FIXED_OFFICIAL_RUNTIME_ROLE_EVIDENCE,"Exact firmware linkage is present, but the fixed local evidence registry does not establish the upstream defining function for this component. Structural package role alone is non-terminal."
199852,libcgi,1.3.0-1,cpe:2.3:a:libcgi:libcgi:1.3.0-1:*:*:*:*:*:*:*,CONTROL_DIRECT,package/libs/libcgi,libcgi,REVIEW_REQUIRED,"Exact firmware linkage is present, but the fixed local evidence registry does not establish the upstream defining function for this component. Structural package role alone is non-terminal.",MODERATE,,,PARTIAL_OR_SPLIT_COMPONENT,NOT_EVALUATED_RUNTIME_REVIEW,,,NOT_EVALUATED,false,false,,,,false,,false,false,,REVIEW_STOP,,,,N/A,,NO_CONTROL_CPE_ID,true,PRODUCT_RUNTIME,NO_FIXED_OFFICIAL_RUNTIME_ROLE_EVIDENCE,"Exact firmware linkage is present, but the fixed local evidence registry does not establish the upstream defining function for this component. Structural package role alone is non-terminal."
199855,libext2fs2,1.47.0-2,cpe:2.3:a:libext2fs2:libext2fs2:1.47.0-2:*:*:*:*:*:*:*,CONTROL_DIRECT,package/utils/e2fsprogs,libext2fs,REVIEW_REQUIRED,"Exact dependency and payload make libext2fs core-like in this firmware, while upstream installation documentation separates libraries from the management programs; v1 cannot reproducibly choose the suite boundary. Evidence: control+list+status+sibling dependency; version and architecture match; UP-E2FSPROGS-README; UP-E2FSPROGS-INSTALL; UP-E2FSPROGS-EXT2FS.",MODERATE,e2fsprogs / libext2fs boundary unresolved,,PARTIAL_OR_SPLIT_COMPONENT,NOT_EVALUATED_RUNTIME_REVIEW,,,NOT_EVALUATED,false,false,,,,false,,false,false,,REVIEW_STOP,,,,N/A,cpe:/a:e2fsprogs_project:e2fsprogs,GT_ABSENT,true,PRODUCT_RUNTIME,"Exact dependency and payload make libext2fs core-like in this firmware, while upstream installation documentation separates libraries from the management programs; v1 cannot reproducibly choose the suite boundary. Evidence: control+list+status+sibling dependency; version and architecture match; UP-E2FSPROGS-README; UP-E2FSPROGS-INSTALL; UP-E2FSPROGS-EXT2FS.","Exact dependency and payload make libext2fs core-like in this firmware, while upstream installation documentation separates libraries from the management programs; v1 cannot reproducibly choose the suite boundary. Evidence: control+list+status+sibling dependency; version and architecture match; UP-E2FSPROGS-README; UP-E2FSPROGS-INSTALL; UP-E2FSPROGS-EXT2FS."
199856,libgcc1,8.4.0-3,cpe:2.3:a:libgcc1:libgcc1:8.4.0-3:*:*:*:*:*:*:*,CONTROL_DIRECT,package/libs/toolchain,libgcc,REVIEW_REQUIRED,"Exact firmware linkage is present, but the fixed local evidence registry does not establish the upstream defining function for this component. Structural package role alone is non-terminal.",MODERATE,,,PARTIAL_OR_SPLIT_COMPONENT,NOT_EVALUATED_RUNTIME_REVIEW,,,NOT_EVALUATED,false,false,,,,false,,false,false,,REVIEW_STOP,,,,N/A,,NO_CONTROL_CPE_ID,true,PRODUCT_RUNTIME,NO_FIXED_OFFICIAL_RUNTIME_ROLE_EVIDENCE,"Exact firmware linkage is present, but the fixed local evidence registry does not establish the upstream defining function for this component. Structural package role alone is non-terminal."
199857,libgpiod,1.6.3-1,cpe:2.3:a:libgpiod:libgpiod:1.6.3-1:*:*:*:*:*:*:*,CONTROL_DIRECT,package/libs/libgpiod,libgpiod,REVIEW_REQUIRED,"Exact firmware linkage is present, but the fixed local evidence registry does not establish the upstream defining function for this component. Structural package role alone is non-terminal.",MODERATE,,,PARTIAL_OR_SPLIT_COMPONENT,NOT_EVALUATED_RUNTIME_REVIEW,,,NOT_EVALUATED,false,false,,,,false,,false,false,,REVIEW_STOP,,,,N/A,,NO_CONTROL_CPE_ID,true,PRODUCT_RUNTIME,NO_FIXED_OFFICIAL_RUNTIME_ROLE_EVIDENCE,"Exact firmware linkage is present, but the fixed local evidence registry does not establish the upstream defining function for this component. Structural package role alone is non-terminal."
199858,libgps,2025-04-29-2,cpe:2.3:a:libgps:libgps:2025-04-29-2:*:*:*:*:*:*:*,CONTROL_DIRECT,package/teltonika/gps,libgps,REVIEW_REQUIRED,"Exact firmware linkage is present, but the fixed local evidence registry does not establish the upstream defining function for this component. Structural package role alone is non-terminal.",MODERATE,,,PARTIAL_OR_SPLIT_COMPONENT,NOT_EVALUATED_RUNTIME_REVIEW,,,NOT_EVALUATED,false,false,,,,false,,false,false,,REVIEW_STOP,,,,N/A,,NO_CONTROL_CPE_ID,true,PRODUCT_RUNTIME,NO_FIXED_OFFICIAL_RUNTIME_ROLE_EVIDENCE,"Exact firmware linkage is present, but the fixed local evidence registry does not establish the upstream defining function for this component. Structural package role alone is non-terminal."
199859,libgsm1.0,f61d039a,cpe:2.3:a:libgsm1.0:libgsm1.0:f61d039a:*:*:*:*:*:*:*,CONTROL_DIRECT,package/teltonika/gsm,libgsm,REVIEW_REQUIRED,"Exact firmware linkage is present, but the fixed local evidence registry does not establish the upstream defining function for this component. Structural package role alone is non-terminal.",MODERATE,,,PARTIAL_OR_SPLIT_COMPONENT,NOT_EVALUATED_RUNTIME_REVIEW,,,NOT_EVALUATED,false,false,,,,false,,false,false,,REVIEW_STOP,,,,N/A,,NO_CONTROL_CPE_ID,true,PRODUCT_RUNTIME,NO_FIXED_OFFICIAL_RUNTIME_ROLE_EVIDENCE,"Exact firmware linkage is present, but the fixed local evidence registry does not establish the upstream defining function for this component. Structural package role alone is non-terminal."
199862,libipset13,7.6-1,cpe:2.3:a:libipset13:libipset13:7.6-1:*:*:*:*:*:*:*,CONTROL_DIRECT,package/network/utils/ipset,libipset,REVIEW_REQUIRED,"Exact firmware linkage is present, but the fixed local evidence registry does not establish the upstream defining function for this component. Structural package role alone is non-terminal.",MODERATE,,,PARTIAL_OR_SPLIT_COMPONENT,NOT_EVALUATED_RUNTIME_REVIEW,,,NOT_EVALUATED,false,false,,,,false,,false,false,,REVIEW_STOP,,,,N/A,cpe:/a:netfilter:ipset,GT_ABSENT,true,PRODUCT_RUNTIME,NO_FIXED_OFFICIAL_RUNTIME_ROLE_EVIDENCE,"Exact firmware linkage is present, but the fixed local evidence registry does not establish the upstream defining function for this component. Structural package role alone is non-terminal."
199864,libiwinfo-lua,2023-05-17-c9f5c3f7-1,cpe:2.3:a:libiwinfo-lua:libiwinfo-lua:2023-05-17-c9f5c3f7-1:*:*:*:*:*:*:*,CONTROL_DIRECT,package/network/utils/iwinfo,libiwinfo-lua,REVIEW_REQUIRED,"Exact firmware linkage is present, but the fixed local evidence registry does not establish the upstream defining function for this component. Structural package role alone is non-terminal.",MODERATE,,,PARTIAL_OR_SPLIT_COMPONENT,NOT_EVALUATED_RUNTIME_REVIEW,,,NOT_EVALUATED,false,false,,,,false,,false,false,,REVIEW_STOP,,,,N/A,,NO_CONTROL_CPE_ID,true,PRODUCT_RUNTIME,NO_FIXED_OFFICIAL_RUNTIME_ROLE_EVIDENCE,"Exact firmware linkage is present, but the fixed local evidence registry does not establish the upstream defining function for this component. Structural package role alone is non-terminal."
199865,libiwinfo20230121,2023-05-17-c9f5c3f7-1,cpe:2.3:a:libiwinfo20230121:libiwinfo20230121:2023-05-17-c9f5c3f7-1:*:*:*:*:*:*:*,CONTROL_DIRECT,package/network/utils/iwinfo,libiwinfo,REVIEW_REQUIRED,"Exact firmware linkage is present, but the fixed local evidence registry does not establish the upstream defining function for this component. Structural package role alone is non-terminal.",MODERATE,,,PARTIAL_OR_SPLIT_COMPONENT,NOT_EVALUATED_RUNTIME_REVIEW,,,NOT_EVALUATED,false,false,,,,false,,false,false,,REVIEW_STOP,,,,N/A,,NO_CONTROL_CPE_ID,true,PRODUCT_RUNTIME,NO_FIXED_OFFICIAL_RUNTIME_ROLE_EVIDENCE,"Exact firmware linkage is present, but the fixed local evidence registry does not establish the upstream defining function for this component. Structural package role alone is non-terminal."
199866,libjson-c5,0.15-2,cpe:2.3:a:libjson-c5:libjson-c5:0.15-2:*:*:*:*:*:*:*,CONTROL_DIRECT,package/libs/libjson-c,libjson-c,REVIEW_REQUIRED,"Exact firmware linkage is present, but the fixed local evidence registry does not establish the upstream defining function for this component. Structural package role alone is non-terminal.",MODERATE,,,PARTIAL_OR_SPLIT_COMPONENT,NOT_EVALUATED_RUNTIME_REVIEW,,,NOT_EVALUATED,false,false,,,,false,,false,false,,REVIEW_STOP,,,,N/A,cpe:/a:json-c_project:json-c,GT_ABSENT,true,PRODUCT_RUNTIME,NO_FIXED_OFFICIAL_RUNTIME_ROLE_EVIDENCE,"Exact firmware linkage is present, but the fixed local evidence registry does not establish the upstream defining function for this component. Structural package role alone is non-terminal."
199867,libjson-script20240329,2024-03-29-eb9bcb64-2,cpe:2.3:a:libjson-script20240329:libjson-script20240329:2024-03-29-eb9bcb64-2:*:*:*:*:*:*:*,CONTROL_DIRECT,package/libs/libubox,libjson-script,REVIEW_REQUIRED,"Exact firmware linkage is present, but the fixed local evidence registry does not establish the upstream defining function for this component. Structural package role alone is non-terminal.",MODERATE,,,PARTIAL_OR_SPLIT_COMPONENT,NOT_EVALUATED_RUNTIME_REVIEW,,,NOT_EVALUATED,false,false,,,,false,,false,false,,REVIEW_STOP,,,,N/A,,NO_CONTROL_CPE_ID,true,PRODUCT_RUNTIME,NO_FIXED_OFFICIAL_RUNTIME_ROLE_EVIDENCE,"Exact firmware linkage is present, but the fixed local evidence registry does not establish the upstream defining function for this component. Structural package role alone is non-terminal."
199868,liblog,2024-09-30,cpe:2.3:a:liblog:liblog:2024-09-30:*:*:*:*:*:*:*,CONTROL_DIRECT,package/teltonika/libs/liblog,liblog,REVIEW_REQUIRED,"Exact firmware linkage is present, but the fixed local evidence registry does not establish the upstream defining function for this component. Structural package role alone is non-terminal.",MODERATE,,,PARTIAL_OR_SPLIT_COMPONENT,NOT_EVALUATED_RUNTIME_REVIEW,,,NOT_EVALUATED,false,false,,,,false,,false,false,,REVIEW_STOP,,,,N/A,,NO_CONTROL_CPE_ID,true,PRODUCT_RUNTIME,NO_FIXED_OFFICIAL_RUNTIME_ROLE_EVIDENCE,"Exact firmware linkage is present, but the fixed local evidence registry does not establish the upstream defining function for this component. Structural package role alone is non-terminal."
199869,liblpac,1.3.11,cpe:2.3:a:liblpac:liblpac:1.3.11:*:*:*:*:*:*:*,CONTROL_DIRECT,package/teltonika/esim-lpac,liblpac,REVIEW_REQUIRED,"Exact firmware linkage is present, but the fixed local evidence registry does not establish the upstream defining function for this component. Structural package role alone is non-terminal.",MODERATE,,,PARTIAL_OR_SPLIT_COMPONENT,NOT_EVALUATED_RUNTIME_REVIEW,,,NOT_EVALUATED,false,false,,,,false,,false,false,,REVIEW_STOP,,,,N/A,,NO_CONTROL_CPE_ID,true,PRODUCT_RUNTIME,NO_FIXED_OFFICIAL_RUNTIME_ROLE_EVIDENCE,"Exact firmware linkage is present, but the fixed local evidence registry does not establish the upstream defining function for this component. Structural package role alone is non-terminal."
199870,liblua5.1.5,5.1.5-9,cpe:2.3:a:liblua5.1.5:liblua5.1.5:5.1.5-9:*:*:*:*:*:*:*,CONTROL_DIRECT,package/utils/lua,liblua,REVIEW_REQUIRED,"Exact firmware linkage is present, but the fixed local evidence registry does not establish the upstream defining function for this component. Structural package role alone is non-terminal.",MODERATE,,,PARTIAL_OR_SPLIT_COMPONENT,NOT_EVALUATED_RUNTIME_REVIEW,,,NOT_EVALUATED,false,false,,,,false,,false,false,,REVIEW_STOP,,,,N/A,cpe:/a:lua:lua,GT_ABSENT,true,PRODUCT_RUNTIME,NO_FIXED_OFFICIAL_RUNTIME_ROLE_EVIDENCE,"Exact firmware linkage is present, but the fixed local evidence registry does not establish the upstream defining function for this component. Structural package role alone is non-terminal."
199871,liblzo2,2.10-4,cpe:2.3:a:liblzo2:liblzo2:2.10-4:*:*:*:*:*:*:*,CONTROL_DIRECT,package/libs/lzo,liblzo,REVIEW_REQUIRED,"Exact firmware linkage is present, but the fixed local evidence registry does not establish the upstream defining function for this component. Structural package role alone is non-terminal.",MODERATE,,,PARTIAL_OR_SPLIT_COMPONENT,NOT_EVALUATED_RUNTIME_REVIEW,,,NOT_EVALUATED,false,false,,,,false,,false,false,,REVIEW_STOP,,,,N/A,cpe:/a:oberhumer:lzo,GT_ABSENT,true,PRODUCT_RUNTIME,NO_FIXED_OFFICIAL_RUNTIME_ROLE_EVIDENCE,"Exact firmware linkage is present, but the fixed local evidence registry does not establish the upstream defining function for this component. Structural package role alone is non-terminal."
199872,libmctl,4.10,cpe:2.3:a:libmctl:libmctl:4.10:*:*:*:*:*:*:*,CONTROL_DIRECT,package/teltonika/mctl,libmctl,REVIEW_REQUIRED,"Exact firmware linkage is present, but the fixed local evidence registry does not establish the upstream defining function for this component. Structural package role alone is non-terminal.",MODERATE,,,PARTIAL_OR_SPLIT_COMPONENT,NOT_EVALUATED_RUNTIME_REVIEW,,,NOT_EVALUATED,false,false,,,,false,,false,false,,REVIEW_STOP,,,,N/A,,NO_CONTROL_CPE_ID,true,PRODUCT_RUNTIME,NO_FIXED_OFFICIAL_RUNTIME_ROLE_EVIDENCE,"Exact firmware linkage is present, but the fixed local evidence registry does not establish the upstream defining function for this component. Structural package role alone is non-terminal."
199873,libmdcollect,2024-12-02-2,cpe:2.3:a:libmdcollect:libmdcollect:2024-12-02-2:*:*:*:*:*:*:*,CONTROL_DIRECT,package/teltonika/mdcollect,libmdcollect,REVIEW_REQUIRED,"Exact firmware linkage is present, but the fixed local evidence registry does not establish the upstream defining function for this component. Structural package role alone is non-terminal.",MODERATE,,,PARTIAL_OR_SPLIT_COMPONENT,NOT_EVALUATED_RUNTIME_REVIEW,,,NOT_EVALUATED,false,false,,,,false,,false,false,,REVIEW_STOP,,,,N/A,,NO_CONTROL_CPE_ID,true,PRODUCT_RUNTIME,NO_FIXED_OFFICIAL_RUNTIME_ROLE_EVIDENCE,"Exact firmware linkage is present, but the fixed local evidence registry does not establish the upstream defining function for this component. Structural package role alone is non-terminal."
199874,libmnfinfo,2.25.1,cpe:2.3:a:libmnfinfo:libmnfinfo:2.25.1:*:*:*:*:*:*:*,CONTROL_DIRECT,package/teltonika/mnfinfo,libmnfinfo,REVIEW_REQUIRED,"Exact firmware linkage is present, but the fixed local evidence registry does not establish the upstream defining function for this component. Structural package role alone is non-terminal.",MODERATE,,,PARTIAL_OR_SPLIT_COMPONENT,NOT_EVALUATED_RUNTIME_REVIEW,,,NOT_EVALUATED,false,false,,,,false,,false,false,,REVIEW_STOP,,,,N/A,,NO_CONTROL_CPE_ID,true,PRODUCT_RUNTIME,NO_FIXED_OFFICIAL_RUNTIME_ROLE_EVIDENCE,"Exact firmware linkage is present, but the fixed local evidence registry does not establish the upstream defining function for this component. Structural package role alone is non-terminal."
199875,libmnl0,1.0.4-2,cpe:2.3:a:libmnl0:libmnl0:1.0.4-2:*:*:*:*:*:*:*,CONTROL_DIRECT,package/libs/libmnl,libmnl,REVIEW_REQUIRED,"Exact firmware linkage is present, but the fixed local evidence registry does not establish the upstream defining function for this component. Structural package role alone is non-terminal.",MODERATE,,,PARTIAL_OR_SPLIT_COMPONENT,NOT_EVALUATED_RUNTIME_REVIEW,,,NOT_EVALUATED,false,false,,,,false,,false,false,,REVIEW_STOP,,,,N/A,cpe:/a:netfilter:libmnl,GT_ABSENT,true,PRODUCT_RUNTIME,NO_FIXED_OFFICIAL_RUNTIME_ROLE_EVIDENCE,"Exact firmware linkage is present, but the fixed local evidence registry does not establish the upstream defining function for this component. Structural package role alone is non-terminal."
199876,libmodbus,7.13,cpe:2.3:a:libmodbus:libmodbus:7.13:*:*:*:*:*:*:*,CONTROL_DIRECT,package/libs/libmodbus,libmodbus,REVIEW_REQUIRED,"Exact firmware linkage is present, but the fixed local evidence registry does not establish the upstream defining function for this component. Structural package role alone is non-terminal.",MODERATE,,,PARTIAL_OR_SPLIT_COMPONENT,NOT_EVALUATED_RUNTIME_REVIEW,,,NOT_EVALUATED,false,false,,,,false,,false,false,,REVIEW_STOP,,,,N/A,cpe:/a:libmodbus:libmodbus,GT_ABSENT,true,PRODUCT_RUNTIME,NO_FIXED_OFFICIAL_RUNTIME_ROLE_EVIDENCE,"Exact firmware linkage is present, but the fixed local evidence registry does not establish the upstream defining function for this component. Structural package role alone is non-terminal."
199877,libmosquitto-ssl,2.0.20-1,cpe:2.3:a:libmosquitto-ssl:libmosquitto-ssl:2.0.20-1:*:*:*:*:*:*:*,CONTROL_DIRECT,package/network/services/mosquitto,libmosquitto-ssl,REVIEW_REQUIRED,"Exact firmware linkage is present, but the fixed local evidence registry does not establish the upstream defining function for this component. Structural package role alone is non-terminal.",MODERATE,,,PARTIAL_OR_SPLIT_COMPONENT,NOT_EVALUATED_RUNTIME_REVIEW,,,NOT_EVALUATED,false,false,,,,false,,false,false,,REVIEW_STOP,,,,N/A,cpe:/a:eclipse:mosquitto,GT_ABSENT,true,PRODUCT_RUNTIME,NO_FIXED_OFFICIAL_RUNTIME_ROLE_EVIDENCE,"Exact firmware linkage is present, but the fixed local evidence registry does not establish the upstream defining function for this component. Structural package role alone is non-terminal."
199878,libnetfilter-conntrack3,1.0.8-1,cpe:2.3:a:libnetfilter-conntrack3:libnetfilter-conntrack3:1.0.8-1:*:*:*:*:*:*:*,CONTROL_DIRECT,package/libs/libnetfilter-conntrack,libnetfilter-conntrack,REVIEW_REQUIRED,"Exact firmware linkage is present, but the fixed local evidence registry does not establish the upstream defining function for this component. Structural package role alone is non-terminal.",MODERATE,,,PARTIAL_OR_SPLIT_COMPONENT,NOT_EVALUATED_RUNTIME_REVIEW,,,NOT_EVALUATED,false,false,,,,false,,false,false,,REVIEW_STOP,,,,N/A,cpe:/a:netfilter:libnetfilter_conntrack,GT_ABSENT,true,PRODUCT_RUNTIME,NO_FIXED_OFFICIAL_RUNTIME_ROLE_EVIDENCE,"Exact firmware linkage is present, but the fixed local evidence registry does not establish the upstream defining function for this component. Structural package role alone is non-terminal."
199879,libnetifd,2024-06-18-1,cpe:2.3:a:libnetifd:libnetifd:2024-06-18-1:*:*:*:*:*:*:*,CONTROL_DIRECT,package/teltonika/libs/libnetifd,libnetifd,REVIEW_REQUIRED,"Exact firmware linkage is present, but the fixed local evidence registry does not establish the upstream defining function for this component. Structural package role alone is non-terminal.",MODERATE,,,PARTIAL_OR_SPLIT_COMPONENT,NOT_EVALUATED_RUNTIME_REVIEW,,,NOT_EVALUATED,false,false,,,,false,,false,false,,REVIEW_STOP,,,,N/A,,NO_CONTROL_CPE_ID,true,PRODUCT_RUNTIME,NO_FIXED_OFFICIAL_RUNTIME_ROLE_EVIDENCE,"Exact firmware linkage is present, but the fixed local evidence registry does not establish the upstream defining function for this component. Structural package role alone is non-terminal."
199880,libnfnetlink0,1.0.1-4,cpe:2.3:a:libnfnetlink0:libnfnetlink0:1.0.1-4:*:*:*:*:*:*:*,CONTROL_DIRECT,package/libs/libnfnetlink,libnfnetlink,REVIEW_REQUIRED,"Exact firmware linkage is present, but the fixed local evidence registry does not establish the upstream defining function for this component. Structural package role alone is non-terminal.",MODERATE,,,PARTIAL_OR_SPLIT_COMPONENT,NOT_EVALUATED_RUNTIME_REVIEW,,,NOT_EVALUATED,false,false,,,,false,,false,false,,REVIEW_STOP,,,,N/A,cpe:/a:netfilter:libnfnetlink,GT_ABSENT,true,PRODUCT_RUNTIME,NO_FIXED_OFFICIAL_RUNTIME_ROLE_EVIDENCE,"Exact firmware linkage is present, but the fixed local evidence registry does not establish the upstream defining function for this component. Structural package role alone is non-terminal."
199881,libnftnl11,1.2.5-5,cpe:2.3:a:libnftnl11:libnftnl11:1.2.5-5:*:*:*:*:*:*:*,CONTROL_DIRECT,package/libs/libnftnl,libnftnl,REVIEW_REQUIRED,"Exact firmware linkage is present, but the fixed local evidence registry does not establish the upstream defining function for this component. Structural package role alone is non-terminal.",MODERATE,,,PARTIAL_OR_SPLIT_COMPONENT,NOT_EVALUATED_RUNTIME_REVIEW,,,NOT_EVALUATED,false,false,,,,false,,false,false,,REVIEW_STOP,,,,N/A,cpe:/a:netfilter:libnftnl,GT_ABSENT,true,PRODUCT_RUNTIME,NO_FIXED_OFFICIAL_RUNTIME_ROLE_EVIDENCE,"Exact firmware linkage is present, but the fixed local evidence registry does not establish the upstream defining function for this component. Structural package role alone is non-terminal."
199882,libnghttp2-14,1.43.0-1,cpe:2.3:a:libnghttp2-14:libnghttp2-14:1.43.0-1:*:*:*:*:*:*:*,CONTROL_DIRECT,package/libs/nghttp2,libnghttp2,REVIEW_REQUIRED,"Exact firmware linkage is present, but the fixed local evidence registry does not establish the upstream defining function for this component. Structural package role alone is non-terminal.",MODERATE,,,PARTIAL_OR_SPLIT_COMPONENT,NOT_EVALUATED_RUNTIME_REVIEW,,,NOT_EVALUATED,false,false,,,,false,,false,false,,REVIEW_STOP,,,,N/A,cpe:/a:nghttp2:nghttp2,GT_ABSENT,true,PRODUCT_RUNTIME,NO_FIXED_OFFICIAL_RUNTIME_ROLE_EVIDENCE,"Exact firmware linkage is present, but the fixed local evidence registry does not establish the upstream defining function for this component. Structural package role alone is non-terminal."
199883,libnl-core200,3.9.0-1,cpe:2.3:a:libnl-core200:libnl-core200:3.9.0-1:*:*:*:*:*:*:*,CONTROL_DIRECT,package/libs/libnl,libnl-core,REVIEW_REQUIRED,"Exact firmware linkage is present, but the fixed local evidence registry does not establish the upstream defining function for this component. Structural package role alone is non-terminal.",MODERATE,,,PARTIAL_OR_SPLIT_COMPONENT,NOT_EVALUATED_RUNTIME_REVIEW,,,NOT_EVALUATED,false,false,,,,false,,false,false,,REVIEW_STOP,,,,N/A,cpe:/a:libnl_project:libnl,GT_ABSENT,true,PRODUCT_RUNTIME,NO_FIXED_OFFICIAL_RUNTIME_ROLE_EVIDENCE,"Exact firmware linkage is present, but the fixed local evidence registry does not establish the upstream defining function for this component. Structural package role alone is non-terminal."
199884,libnl-genl200,3.9.0-1,cpe:2.3:a:libnl-genl200:libnl-genl200:3.9.0-1:*:*:*:*:*:*:*,CONTROL_DIRECT,package/libs/libnl,libnl-genl,REVIEW_REQUIRED,"Exact firmware linkage is present, but the fixed local evidence registry does not establish the upstream defining function for this component. Structural package role alone is non-terminal.",MODERATE,,,PARTIAL_OR_SPLIT_COMPONENT,NOT_EVALUATED_RUNTIME_REVIEW,,,NOT_EVALUATED,false,false,,,,false,,false,false,,REVIEW_STOP,,,,N/A,cpe:/a:libnl_project:libnl,GT_ABSENT,true,PRODUCT_RUNTIME,NO_FIXED_OFFICIAL_RUNTIME_ROLE_EVIDENCE,"Exact firmware linkage is present, but the fixed local evidence registry does not establish the upstream defining function for this component. Structural package role alone is non-terminal."
199885,libnl-tiny2023-04-02,2023-04-02-11b7c5f0-1,cpe:2.3:a:libnl-tiny2023-04-02:libnl-tiny2023-04-02:2023-04-02-11b7c5f0-1:*:*:*:*:*:*:*,CONTROL_DIRECT,package/libs/libnl-tiny,libnl-tiny,REVIEW_REQUIRED,"Exact firmware linkage is present, but the fixed local evidence registry does not establish the upstream defining function for this component. Structural package role alone is non-terminal.",MODERATE,,,PARTIAL_OR_SPLIT_COMPONENT,NOT_EVALUATED_RUNTIME_REVIEW,,,NOT_EVALUATED,false,false,,,,false,,false,false,,REVIEW_STOP,,,,N/A,,NO_CONTROL_CPE_ID,true,PRODUCT_RUNTIME,NO_FIXED_OFFICIAL_RUNTIME_ROLE_EVIDENCE,"Exact firmware linkage is present, but the fixed local evidence registry does not establish the upstream defining function for this component. Structural package role alone is non-terminal."
199889,libparam,2025-02-14,cpe:2.3:a:libparam:libparam:2025-02-14:*:*:*:*:*:*:*,CONTROL_DIRECT,package/teltonika/libs/libparam,libparam,REVIEW_REQUIRED,"Exact firmware linkage is present, but the fixed local evidence registry does not establish the upstream defining function for this component. Structural package role alone is non-terminal.",MODERATE,,,PARTIAL_OR_SPLIT_COMPONENT,NOT_EVALUATED_RUNTIME_REVIEW,,,NOT_EVALUATED,false,false,,,,false,,false,false,,REVIEW_STOP,,,,N/A,,NO_CONTROL_CPE_ID,true,PRODUCT_RUNTIME,NO_FIXED_OFFICIAL_RUNTIME_ROLE_EVIDENCE,"Exact firmware linkage is present, but the fixed local evidence registry does not establish the upstream defining function for this component. Structural package role alone is non-terminal."
199890,libpcap1,1.9.1-3,cpe:2.3:a:libpcap1:libpcap1:1.9.1-3:*:*:*:*:*:*:*,CONTROL_DIRECT,package/libs/libpcap,libpcap,REVIEW_REQUIRED,"Exact firmware linkage is present, but the fixed local evidence registry does not establish the upstream defining function for this component. Structural package role alone is non-terminal.",MODERATE,,,PARTIAL_OR_SPLIT_COMPONENT,NOT_EVALUATED_RUNTIME_REVIEW,,,NOT_EVALUATED,false,false,,,,false,,false,false,,REVIEW_STOP,,,,N/A,cpe:/a:tcpdump:libpcap,GT_ABSENT,true,PRODUCT_RUNTIME,NO_FIXED_OFFICIAL_RUNTIME_ROLE_EVIDENCE,"Exact firmware linkage is present, but the fixed local evidence registry does not establish the upstream defining function for this component. Structural package role alone is non-terminal."
199891,libpcre2,10.37-5,cpe:2.3:a:libpcre2:libpcre2:10.37-5:*:*:*:*:*:*:*,CONTROL_DIRECT,package/libs/pcre2,libpcre2,REVIEW_REQUIRED,"Exact firmware linkage is present, but the fixed local evidence registry does not establish the upstream defining function for this component. Structural package role alone is non-terminal.",MODERATE,,,PARTIAL_OR_SPLIT_COMPONENT,NOT_EVALUATED_RUNTIME_REVIEW,,,NOT_EVALUATED,false,false,,,,false,,false,false,,REVIEW_STOP,,,,N/A,cpe:/a:pcre:pcre,GT_ABSENT,true,PRODUCT_RUNTIME,NO_FIXED_OFFICIAL_RUNTIME_ROLE_EVIDENCE,"Exact firmware linkage is present, but the fixed local evidence registry does not establish the upstream defining function for this component. Structural package role alone is non-terminal."
199893,librms,2025-03-20-1,cpe:2.3:a:librms:librms:2025-03-20-1:*:*:*:*:*:*:*,CONTROL_DIRECT,package/teltonika/rms-packages,librms,REVIEW_REQUIRED,"Exact firmware linkage is present, but the fixed local evidence registry does not establish the upstream defining function for this component. Structural package role alone is non-terminal.",MODERATE,,,PARTIAL_OR_SPLIT_COMPONENT,NOT_EVALUATED_RUNTIME_REVIEW,,,NOT_EVALUATED,false,false,,,,false,,false,false,,REVIEW_STOP,,,,N/A,,NO_CONTROL_CPE_ID,true,PRODUCT_RUNTIME,NO_FIXED_OFFICIAL_RUNTIME_ROLE_EVIDENCE,"Exact firmware linkage is present, but the fixed local evidence registry does not establish the upstream defining function for this component. Structural package role alone is non-terminal."
199895,librut_fota,2.16.1,cpe:2.3:a:librut_fota:librut_fota:2.16.1:*:*:*:*:*:*:*,CONTROL_DIRECT,package/teltonika/rut_fota,librut_fota,REVIEW_REQUIRED,"Exact firmware linkage is present, but the fixed local evidence registry does not establish the upstream defining function for this component. Structural package role alone is non-terminal.",MODERATE,,,PARTIAL_OR_SPLIT_COMPONENT,NOT_EVALUATED_RUNTIME_REVIEW,,,NOT_EVALUATED,false,false,,,,false,,false,false,,REVIEW_STOP,,,,N/A,,NO_CONTROL_CPE_ID,true,PRODUCT_RUNTIME,NO_FIXED_OFFICIAL_RUNTIME_ROLE_EVIDENCE,"Exact firmware linkage is present, but the fixed local evidence registry does not establish the upstream defining function for this component. Structural package role alone is non-terminal."
199896,libsqlite3-0,3410200-1,cpe:2.3:a:libsqlite3-0:libsqlite3-0:3410200-1:*:*:*:*:*:*:*,CONTROL_DIRECT,package/libs/sqlite3,libsqlite3,REVIEW_REQUIRED,"Exact firmware linkage is present, but the fixed local evidence registry does not establish the upstream defining function for this component. Structural package role alone is non-terminal.",MODERATE,,,PARTIAL_OR_SPLIT_COMPONENT,NOT_EVALUATED_RUNTIME_REVIEW,,,NOT_EVALUATED,false,false,,,,false,,false,false,,REVIEW_STOP,,,,N/A,cpe:/a:sqlite:sqlite,GT_ABSENT,true,PRODUCT_RUNTIME,NO_FIXED_OFFICIAL_RUNTIME_ROLE_EVIDENCE,"Exact firmware linkage is present, but the fixed local evidence registry does not establish the upstream defining function for this component. Structural package role alone is non-terminal."
199898,libstdcpp6,8.4.0-3,cpe:2.3:a:libstdcpp6:libstdcpp6:8.4.0-3:*:*:*:*:*:*:*,CONTROL_DIRECT,package/libs/toolchain,libstdcpp,REVIEW_REQUIRED,"Exact firmware linkage is present, but the fixed local evidence registry does not establish the upstream defining function for this component. Structural package role alone is non-terminal.",MODERATE,,,PARTIAL_OR_SPLIT_COMPONENT,NOT_EVALUATED_RUNTIME_REVIEW,,,NOT_EVALUATED,false,false,,,,false,,false,false,,REVIEW_STOP,,,,N/A,,NO_CONTROL_CPE_ID,true,PRODUCT_RUNTIME,NO_FIXED_OFFICIAL_RUNTIME_ROLE_EVIDENCE,"Exact firmware linkage is present, but the fixed local evidence registry does not establish the upstream defining function for this component. Structural package role alone is non-terminal."
199899,libtlt-logger,2025-01-08-1,cpe:2.3:a:libtlt-logger:libtlt-logger:2025-01-08-1:*:*:*:*:*:*:*,CONTROL_DIRECT,package/teltonika/libs/libtlt-logger,libtlt-logger,REVIEW_REQUIRED,"Exact firmware linkage is present, but the fixed local evidence registry does not establish the upstream defining function for this component. Structural package role alone is non-terminal.",MODERATE,,,PARTIAL_OR_SPLIT_COMPONENT,NOT_EVALUATED_RUNTIME_REVIEW,,,NOT_EVALUATED,false,false,,,,false,,false,false,,REVIEW_STOP,,,,N/A,,NO_CONTROL_CPE_ID,true,PRODUCT_RUNTIME,NO_FIXED_OFFICIAL_RUNTIME_ROLE_EVIDENCE,"Exact firmware linkage is present, but the fixed local evidence registry does not establish the upstream defining function for this component. Structural package role alone is non-terminal."
199900,libtlt_smtp,1.8,cpe:2.3:a:libtlt_smtp:libtlt_smtp:1.8:*:*:*:*:*:*:*,CONTROL_DIRECT,package/teltonika/libs/libtlt_smtp,libtlt_smtp,REVIEW_REQUIRED,"Exact firmware linkage is present, but the fixed local evidence registry does not establish the upstream defining function for this component. Structural package role alone is non-terminal.",MODERATE,,,PARTIAL_OR_SPLIT_COMPONENT,NOT_EVALUATED_RUNTIME_REVIEW,,,NOT_EVALUATED,false,false,,,,false,,false,false,,REVIEW_STOP,,,,N/A,,NO_CONTROL_CPE_ID,true,PRODUCT_RUNTIME,NO_FIXED_OFFICIAL_RUNTIME_ROLE_EVIDENCE,"Exact firmware linkage is present, but the fixed local evidence registry does not establish the upstream defining function for this component. Structural package role alone is non-terminal."
199901,libtlt_termios1.0,7.13,cpe:2.3:a:libtlt_termios1.0:libtlt_termios1.0:7.13:*:*:*:*:*:*:*,CONTROL_DIRECT,package/teltonika/libs/libtlt_termios,libtlt_termios,REVIEW_REQUIRED,"Exact firmware linkage is present, but the fixed local evidence registry does not establish the upstream defining function for this component. Structural package role alone is non-terminal.",MODERATE,,,PARTIAL_OR_SPLIT_COMPONENT,NOT_EVALUATED_RUNTIME_REVIEW,,,NOT_EVALUATED,false,false,,,,false,,false,false,,REVIEW_STOP,,,,N/A,,NO_CONTROL_CPE_ID,true,PRODUCT_RUNTIME,NO_FIXED_OFFICIAL_RUNTIME_ROLE_EVIDENCE,"Exact firmware linkage is present, but the fixed local evidence registry does not establish the upstream defining function for this component. Structural package role alone is non-terminal."
199902,libtlt_uci,2025-02-20-1,cpe:2.3:a:libtlt_uci:libtlt_uci:2025-02-20-1:*:*:*:*:*:*:*,CONTROL_DIRECT,package/teltonika/libs/libtlt_uci,libtlt_uci,REVIEW_REQUIRED,"Exact firmware linkage is present, but the fixed local evidence registry does not establish the upstream defining function for this component. Structural package role alone is non-terminal.",MODERATE,,,PARTIAL_OR_SPLIT_COMPONENT,NOT_EVALUATED_RUNTIME_REVIEW,,,NOT_EVALUATED,false,false,,,,false,,false,false,,REVIEW_STOP,,,,N/A,,NO_CONTROL_CPE_ID,true,PRODUCT_RUNTIME,NO_FIXED_OFFICIAL_RUNTIME_ROLE_EVIDENCE,"Exact firmware linkage is present, but the fixed local evidence registry does not establish the upstream defining function for this component. Structural package role alone is non-terminal."
199903,libtlt_uqmi,7.10-2,cpe:2.3:a:libtlt_uqmi:libtlt_uqmi:7.10-2:*:*:*:*:*:*:*,CONTROL_DIRECT,package/teltonika/uqmi,libtlt_uqmi,REVIEW_REQUIRED,"Exact firmware linkage is present, but the fixed local evidence registry does not establish the upstream defining function for this component. Structural package role alone is non-terminal.",MODERATE,,,PARTIAL_OR_SPLIT_COMPONENT,NOT_EVALUATED_RUNTIME_REVIEW,,,NOT_EVALUATED,false,false,,,,false,,false,false,,REVIEW_STOP,,,,N/A,,NO_CONTROL_CPE_ID,true,PRODUCT_RUNTIME,NO_FIXED_OFFICIAL_RUNTIME_ROLE_EVIDENCE,"Exact firmware linkage is present, but the fixed local evidence registry does not establish the upstream defining function for this component. Structural package role alone is non-terminal."
199904,libubox-lua,2024-03-29-eb9bcb64-2,cpe:2.3:a:libubox-lua:libubox-lua:2024-03-29-eb9bcb64-2:*:*:*:*:*:*:*,CONTROL_DIRECT,package/libs/libubox,libubox-lua,REVIEW_REQUIRED,"Exact firmware linkage is present, but the fixed local evidence registry does not establish the upstream defining function for this component. Structural package role alone is non-terminal.",MODERATE,,,PARTIAL_OR_SPLIT_COMPONENT,NOT_EVALUATED_RUNTIME_REVIEW,,,NOT_EVALUATED,false,false,,,,false,,false,false,,REVIEW_STOP,,,,N/A,,NO_CONTROL_CPE_ID,true,PRODUCT_RUNTIME,NO_FIXED_OFFICIAL_RUNTIME_ROLE_EVIDENCE,"Exact firmware linkage is present, but the fixed local evidence registry does not establish the upstream defining function for this component. Structural package role alone is non-terminal."
199905,libubox20240329,2024-03-29-eb9bcb64-2,cpe:2.3:a:libubox20240329:libubox20240329:2024-03-29-eb9bcb64-2:*:*:*:*:*:*:*,CONTROL_DIRECT,package/libs/libubox,libubox,REVIEW_REQUIRED,"Exact firmware linkage is present, but the fixed local evidence registry does not establish the upstream defining function for this component. Structural package role alone is non-terminal.",MODERATE,,,PARTIAL_OR_SPLIT_COMPONENT,NOT_EVALUATED_RUNTIME_REVIEW,,,NOT_EVALUATED,false,false,,,,false,,false,false,,REVIEW_STOP,,,,N/A,,NO_CONTROL_CPE_ID,true,PRODUCT_RUNTIME,NO_FIXED_OFFICIAL_RUNTIME_ROLE_EVIDENCE,"Exact firmware linkage is present, but the fixed local evidence registry does not establish the upstream defining function for this component. Structural package role alone is non-terminal."
199906,libubus-lua,2021-06-30-4fc532c8-6,cpe:2.3:a:libubus-lua:libubus-lua:2021-06-30-4fc532c8-6:*:*:*:*:*:*:*,CONTROL_DIRECT,package/system/ubus,libubus-lua,REVIEW_REQUIRED,"Exact firmware linkage is present, but the fixed local evidence registry does not establish the upstream defining function for this component. Structural package role alone is non-terminal.",MODERATE,,,PARTIAL_OR_SPLIT_COMPONENT,NOT_EVALUATED_RUNTIME_REVIEW,,,NOT_EVALUATED,false,false,,,,false,,false,false,,REVIEW_STOP,,,,N/A,,NO_CONTROL_CPE_ID,true,PRODUCT_RUNTIME,NO_FIXED_OFFICIAL_RUNTIME_ROLE_EVIDENCE,"Exact firmware linkage is present, but the fixed local evidence registry does not establish the upstream defining function for this component. Structural package role alone is non-terminal."
199907,libubus20210630,2021-06-30-4fc532c8-6,cpe:2.3:a:libubus20210630:libubus20210630:2021-06-30-4fc532c8-6:*:*:*:*:*:*:*,CONTROL_DIRECT,package/system/ubus,libubus,REVIEW_REQUIRED,"Exact firmware linkage is present, but the fixed local evidence registry does not establish the upstream defining function for this component. Structural package role alone is non-terminal.",MODERATE,,,PARTIAL_OR_SPLIT_COMPONENT,NOT_EVALUATED_RUNTIME_REVIEW,,,NOT_EVALUATED,false,false,,,,false,,false,false,,REVIEW_STOP,,,,N/A,,NO_CONTROL_CPE_ID,true,PRODUCT_RUNTIME,NO_FIXED_OFFICIAL_RUNTIME_ROLE_EVIDENCE,"Exact firmware linkage is present, but the fixed local evidence registry does not establish the upstream defining function for this component. Structural package role alone is non-terminal."
199908,libuci-lua,2021-10-22-f84f49f0-12-12,cpe:2.3:a:libuci-lua:libuci-lua:2021-10-22-f84f49f0-12-12:*:*:*:*:*:*:*,CONTROL_DIRECT,package/system/uci,libuci-lua,REVIEW_REQUIRED,"Exact firmware linkage is present, but the fixed local evidence registry does not establish the upstream defining function for this component. Structural package role alone is non-terminal.",MODERATE,,,PARTIAL_OR_SPLIT_COMPONENT,NOT_EVALUATED_RUNTIME_REVIEW,,,NOT_EVALUATED,false,false,,,,false,,false,false,,REVIEW_STOP,,,,N/A,,NO_CONTROL_CPE_ID,true,PRODUCT_RUNTIME,NO_FIXED_OFFICIAL_RUNTIME_ROLE_EVIDENCE,"Exact firmware linkage is present, but the fixed local evidence registry does not establish the upstream defining function for this component. Structural package role alone is non-terminal."
199909,libuci20130104,2021-10-22-f84f49f0-12-12,cpe:2.3:a:libuci20130104:libuci20130104:2021-10-22-f84f49f0-12-12:*:*:*:*:*:*:*,CONTROL_DIRECT,package/system/uci,libuci,REVIEW_REQUIRED,"Exact firmware linkage is present, but the fixed local evidence registry does not establish the upstream defining function for this component. Structural package role alone is non-terminal.",MODERATE,,,PARTIAL_OR_SPLIT_COMPONENT,NOT_EVALUATED_RUNTIME_REVIEW,,,NOT_EVALUATED,false,false,,,,false,,false,false,,REVIEW_STOP,,,,N/A,,NO_CONTROL_CPE_ID,true,PRODUCT_RUNTIME,NO_FIXED_OFFICIAL_RUNTIME_ROLE_EVIDENCE,"Exact firmware linkage is present, but the fixed local evidence registry does not establish the upstream defining function for this component. Structural package role alone is non-terminal."
199910,libuclient20201210,2021-05-14-6a6011df-1,cpe:2.3:a:libuclient20201210:libuclient20201210:2021-05-14-6a6011df-1:*:*:*:*:*:*:*,CONTROL_DIRECT,package/libs/uclient,libuclient,REVIEW_REQUIRED,"Exact firmware linkage is present, but the fixed local evidence registry does not establish the upstream defining function for this component. Structural package role alone is non-terminal.",MODERATE,,,PARTIAL_OR_SPLIT_COMPONENT,NOT_EVALUATED_RUNTIME_REVIEW,,,NOT_EVALUATED,false,false,,,,false,,false,false,,REVIEW_STOP,,,,N/A,,NO_CONTROL_CPE_ID,true,PRODUCT_RUNTIME,NO_FIXED_OFFICIAL_RUNTIME_ROLE_EVIDENCE,"Exact firmware linkage is present, but the fixed local evidence registry does not establish the upstream defining function for this component. Structural package role alone is non-terminal."
199911,libucode20220812,2023-06-06-c7d84aae-1,cpe:2.3:a:libucode20220812:libucode20220812:2023-06-06-c7d84aae-1:*:*:*:*:*:*:*,CONTROL_DIRECT,package/utils/ucode,libucode,REVIEW_REQUIRED,"Exact firmware linkage is present, but the fixed local evidence registry does not establish the upstream defining function for this component. Structural package role alone is non-terminal.",MODERATE,,,PARTIAL_OR_SPLIT_COMPONENT,NOT_EVALUATED_RUNTIME_REVIEW,,,NOT_EVALUATED,false,false,,,,false,,false,false,,REVIEW_STOP,,,,N/A,,NO_CONTROL_CPE_ID,true,PRODUCT_RUNTIME,NO_FIXED_OFFICIAL_RUNTIME_ROLE_EVIDENCE,"Exact firmware linkage is present, but the fixed local evidence registry does not establish the upstream defining function for this component. Structural package role alone is non-terminal."
199912,liburc,f61d039a,cpe:2.3:a:liburc:liburc:f61d039a:*:*:*:*:*:*:*,CONTROL_DIRECT,package/teltonika/gsm,liburc,REVIEW_REQUIRED,"Exact firmware linkage is present, but the fixed local evidence registry does not establish the upstream defining function for this component. Structural package role alone is non-terminal.",MODERATE,,,PARTIAL_OR_SPLIT_COMPONENT,NOT_EVALUATED_RUNTIME_REVIEW,,,NOT_EVALUATED,false,false,,,,false,,false,false,,REVIEW_STOP,,,,N/A,,NO_CONTROL_CPE_ID,true,PRODUCT_RUNTIME,NO_FIXED_OFFICIAL_RUNTIME_ROLE_EVIDENCE,"Exact firmware linkage is present, but the fixed local evidence registry does not establish the upstream defining function for this component. Structural package role alone is non-terminal."
199913,libusb-1.0-0,1.0.24-5,cpe:2.3:a:libusb-1.0-0:libusb-1.0-0:1.0.24-5:*:*:*:*:*:*:*,CONTROL_DIRECT,package/libs/libusb,libusb-1.0,REVIEW_REQUIRED,"Exact firmware linkage is present, but the fixed local evidence registry does not establish the upstream defining function for this component. Structural package role alone is non-terminal.",MODERATE,,,PARTIAL_OR_SPLIT_COMPONENT,NOT_EVALUATED_RUNTIME_REVIEW,,,NOT_EVALUATED,false,false,,,,false,,false,false,,REVIEW_STOP,,,,N/A,cpe:/a:libusb:libusb,GT_ABSENT,true,PRODUCT_RUNTIME,NO_FIXED_OFFICIAL_RUNTIME_ROLE_EVIDENCE,"Exact firmware linkage is present, but the fixed local evidence registry does not establish the upstream defining function for this component. Structural package role alone is non-terminal."
199914,libustream-openssl20201210,2024-03-04-263b9a97-1,cpe:2.3:a:libustream-openssl20201210:libustream-openssl20201210:2024-03-04-263b9a97-1:*:*:*:*:*:*:*,CONTROL_DIRECT,package/libs/ustream-ssl,libustream-openssl,REVIEW_REQUIRED,"Exact firmware linkage is present, but the fixed local evidence registry does not establish the upstream defining function for this component. Structural package role alone is non-terminal.",MODERATE,,,PARTIAL_OR_SPLIT_COMPONENT,NOT_EVALUATED_RUNTIME_REVIEW,,,NOT_EVALUATED,false,false,,,,false,,false,false,,REVIEW_STOP,,,,N/A,,NO_CONTROL_CPE_ID,true,PRODUCT_RUNTIME,NO_FIXED_OFFICIAL_RUNTIME_ROLE_EVIDENCE,"Exact firmware linkage is present, but the fixed local evidence registry does not establish the upstream defining function for this component. Structural package role alone is non-terminal."
199917,logd,2020-10-25-9ef88681-10,cpe:2.3:a:logd:logd:2020-10-25-9ef88681-10:*:*:*:*:*:*:*,CONTROL_DIRECT,package/system/ubox,logd,REVIEW_REQUIRED,"Exact firmware linkage is present, but the fixed local evidence registry does not establish the upstream defining function for this component. Structural package role alone is non-terminal.",MODERATE,,,PARTIAL_OR_SPLIT_COMPONENT,NOT_EVALUATED_RUNTIME_REVIEW,,,NOT_EVALUATED,false,false,,,,false,,false,false,,REVIEW_STOP,,,,N/A,,NO_CONTROL_CPE_ID,true,PRODUCT_RUNTIME,NO_FIXED_OFFICIAL_RUNTIME_ROLE_EVIDENCE,"Exact firmware linkage is present, but the fixed local evidence registry does not establish the upstream defining function for this component. Structural package role alone is non-terminal."
199918,lrexlib,2021-12-28,cpe:2.3:a:lrexlib:lrexlib:2021-12-28:*:*:*:*:*:*:*,CONTROL_DIRECT,feeds/vuci/api-core/packages/lrexlib,lrexlib,REVIEW_REQUIRED,"Exact firmware linkage is present, but the fixed local evidence registry does not establish the upstream defining function for this component. Structural package role alone is non-terminal.",MODERATE,,,PARTIAL_OR_SPLIT_COMPONENT,NOT_EVALUATED_RUNTIME_REVIEW,,,NOT_EVALUATED,false,false,,,,false,,false,false,,REVIEW_STOP,,,,N/A,,NO_CONTROL_CPE_ID,true,PRODUCT_RUNTIME,NO_FIXED_OFFICIAL_RUNTIME_ROLE_EVIDENCE,"Exact firmware linkage is present, but the fixed local evidence registry does not establish the upstream defining function for this component. Structural package role alone is non-terminal."
199919,lsqlite3,0.9.5-1,cpe:2.3:a:lsqlite3:lsqlite3:0.9.5-1:*:*:*:*:*:*:*,CONTROL_DIRECT,feeds/packages/lang/lua-lsqlite3,lsqlite3,REVIEW_REQUIRED,"Exact firmware linkage is present, but the fixed local evidence registry does not establish the upstream defining function for this component. Structural package role alone is non-terminal.",MODERATE,,,POSSIBLE_PRODUCT,NOT_EVALUATED_RUNTIME_REVIEW,,,NOT_EVALUATED,false,false,,,,false,,false,false,,REVIEW_STOP,,,,N/A,,NO_CONTROL_CPE_ID,true,PRODUCT_RUNTIME,NO_FIXED_OFFICIAL_RUNTIME_ROLE_EVIDENCE,"Exact firmware linkage is present, but the fixed local evidence registry does not establish the upstream defining function for this component. Structural package role alone is non-terminal."
199920,lua,5.1.5-9,cpe:2.3:a:lua:lua:5.1.5-9:*:*:*:*:*:*:*,CONTROL_DIRECT,package/utils/lua,lua,REVIEW_REQUIRED,"Exact firmware linkage is present, but the fixed local evidence registry does not establish the upstream defining function for this component. Structural package role alone is non-terminal.",MODERATE,,,POSSIBLE_PRODUCT,NOT_EVALUATED_RUNTIME_REVIEW,,,NOT_EVALUATED,false,false,,,,false,,false,false,,REVIEW_STOP,,,,N/A,cpe:/a:lua:lua,GT_ABSENT,true,PRODUCT_RUNTIME,NO_FIXED_OFFICIAL_RUNTIME_ROLE_EVIDENCE,"Exact firmware linkage is present, but the fixed local evidence registry does not establish the upstream defining function for this component. Structural package role alone is non-terminal."
199921,lua_crypto,1.0-1,cpe:2.3:a:lua_crypto:lua_crypto:1.0-1:*:*:*:*:*:*:*,CONTROL_DIRECT,feeds/vuci/api-core/packages/lua_crypto,lua_crypto,REVIEW_REQUIRED,"Exact firmware linkage is present, but the fixed local evidence registry does not establish the upstream defining function for this component. Structural package role alone is non-terminal.",MODERATE,,,PARTIAL_OR_SPLIT_COMPONENT,NOT_EVALUATED_RUNTIME_REVIEW,,,NOT_EVALUATED,false,false,,,,false,,false,false,,REVIEW_STOP,,,,N/A,,NO_CONTROL_CPE_ID,true,PRODUCT_RUNTIME,NO_FIXED_OFFICIAL_RUNTIME_ROLE_EVIDENCE,"Exact firmware linkage is present, but the fixed local evidence registry does not establish the upstream defining function for this component. Structural package role alone is non-terminal."
199922,lua_extra_validators,2021-12-28,cpe:2.3:a:lua_extra_validators:lua_extra_validators:2021-12-28:*:*:*:*:*:*:*,CONTROL_DIRECT,feeds/vuci/api-core/packages/lua_extra_validators,lua_extra_validators,REVIEW_REQUIRED,"Exact firmware linkage is present, but the fixed local evidence registry does not establish the upstream defining function for this component. Structural package role alone is non-terminal.",MODERATE,,,PARTIAL_OR_SPLIT_COMPONENT,NOT_EVALUATED_RUNTIME_REVIEW,,,NOT_EVALUATED,false,false,,,,false,,false,false,,REVIEW_STOP,,,,N/A,,NO_CONTROL_CPE_ID,true,PRODUCT_RUNTIME,NO_FIXED_OFFICIAL_RUNTIME_ROLE_EVIDENCE,"Exact firmware linkage is present, but the fixed local evidence registry does not establish the upstream defining function for this component. Structural package role alone is non-terminal."
199923,lua_lpac,1.3.11,cpe:2.3:a:lua_lpac:lua_lpac:1.3.11:*:*:*:*:*:*:*,CONTROL_DIRECT,package/teltonika/esim-lpac,lua_lpac,REVIEW_REQUIRED,"Exact firmware linkage is present, but the fixed local evidence registry does not establish the upstream defining function for this component. Structural package role alone is non-terminal.",MODERATE,,,PARTIAL_OR_SPLIT_COMPONENT,NOT_EVALUATED_RUNTIME_REVIEW,,,NOT_EVALUATED,false,false,,,,false,,false,false,,REVIEW_STOP,,,,N/A,,NO_CONTROL_CPE_ID,true,PRODUCT_RUNTIME,NO_FIXED_OFFICIAL_RUNTIME_ROLE_EVIDENCE,"Exact firmware linkage is present, but the fixed local evidence registry does not establish the upstream defining function for this component. Structural package role alone is non-terminal."
199924,luasec,0.9-1,cpe:2.3:a:luasec:luasec:0.9-1:*:*:*:*:*:*:*,CONTROL_DIRECT,package/libs/luasec,luasec,REVIEW_REQUIRED,"Exact firmware linkage is present, but the fixed local evidence registry does not establish the upstream defining function for this component. Structural package role alone is non-terminal.",MODERATE,,,POSSIBLE_PRODUCT,NOT_EVALUATED_RUNTIME_REVIEW,,,NOT_EVALUATED,false,false,,,,false,,false,false,,REVIEW_STOP,,,,N/A,,NO_CONTROL_CPE_ID,true,PRODUCT_RUNTIME,NO_FIXED_OFFICIAL_RUNTIME_ROLE_EVIDENCE,"Exact firmware linkage is present, but the fixed local evidence registry does not establish the upstream defining function for this component. Structural package role alone is non-terminal."
199925,luasocket,2019-04-21-733af884-1,cpe:2.3:a:luasocket:luasocket:2019-04-21-733af884-1:*:*:*:*:*:*:*,CONTROL_DIRECT,package/lang/lua/luasocket,luasocket,REVIEW_REQUIRED,"Exact firmware linkage is present, but the fixed local evidence registry does not establish the upstream defining function for this component. Structural package role alone is non-terminal.",MODERATE,,,POSSIBLE_PRODUCT,NOT_EVALUATED_RUNTIME_REVIEW,,,NOT_EVALUATED,false,false,,,,false,,false,false,,REVIEW_STOP,,,,N/A,,NO_CONTROL_CPE_ID,true,PRODUCT_RUNTIME,NO_FIXED_OFFICIAL_RUNTIME_ROLE_EVIDENCE,"Exact firmware linkage is present, but the fixed local evidence registry does not establish the upstream defining function for this component. Structural package role alone is non-terminal."
199927,luci-lib-jsonc,2025-01-06,cpe:2.3:a:luci-lib-jsonc:luci-lib-jsonc:2025-01-06:*:*:*:*:*:*:*,CONTROL_DIRECT,package/libs/luci-lib-jsonc,luci-lib-jsonc,REVIEW_REQUIRED,"Exact firmware linkage is present, but the fixed local evidence registry does not establish the upstream defining function for this component. Structural package role alone is non-terminal.",MODERATE,,,PARTIAL_OR_SPLIT_COMPONENT,NOT_EVALUATED_RUNTIME_REVIEW,,,NOT_EVALUATED,false,false,,,,false,,false,false,,REVIEW_STOP,,,,N/A,,NO_CONTROL_CPE_ID,true,PRODUCT_RUNTIME,NO_FIXED_OFFICIAL_RUNTIME_ROLE_EVIDENCE,"Exact firmware linkage is present, but the fixed local evidence registry does not establish the upstream defining function for this component. Structural package role alone is non-terminal."
199928,luci-lib-nixio,git-20.234.06894-c4a4e43,cpe:2.3:a:luci-lib-nixio:luci-lib-nixio:git-20.234.06894-c4a4e43:*:*:*:*:*:*:*,CONTROL_DIRECT,feeds/luci/libs/luci-lib-nixio,luci-lib-nixio,REVIEW_REQUIRED,"Exact firmware linkage is present, but the fixed local evidence registry does not establish the upstream defining function for this component. Structural package role alone is non-terminal.",MODERATE,,,POSSIBLE_PRODUCT,NOT_EVALUATED_RUNTIME_REVIEW,,,NOT_EVALUATED,false,false,,,,false,,false,false,,REVIEW_STOP,,,,N/A,,NO_CONTROL_CPE_ID,true,PRODUCT_RUNTIME,NO_FIXED_OFFICIAL_RUNTIME_ROLE_EVIDENCE,"Exact firmware linkage is present, but the fixed local evidence registry does not establish the upstream defining function for this component. Structural package role alone is non-terminal."
199929,macchina-gateway,0.0.1a,cpe:2.3:a:macchina-gateway:macchina-gateway:0.0.1a:*:*:*:*:*:*:*,CONTROL_DIRECT,package/teltonika/macchina-gateway,macchina-gateway,REVIEW_REQUIRED,"Exact firmware linkage is present, but the fixed local evidence registry does not establish the upstream defining function for this component. Structural package role alone is non-terminal.",MODERATE,,,UNRESOLVED,NOT_EVALUATED_RUNTIME_REVIEW,,,NOT_EVALUATED,false,false,,,,false,,false,false,,REVIEW_STOP,,,,N/A,,NO_CONTROL_CPE_ID,true,PRODUCT_RUNTIME,NO_FIXED_OFFICIAL_RUNTIME_ROLE_EVIDENCE,"Exact firmware linkage is present, but the fixed local evidence registry does not establish the upstream defining function for this component. Structural package role alone is non-terminal."
199931,mctl,4.10,cpe:2.3:a:mctl:mctl:4.10:*:*:*:*:*:*:*,CONTROL_DIRECT,package/teltonika/mctl,mctl,REVIEW_REQUIRED,"Exact firmware linkage is present, but the fixed local evidence registry does not establish the upstream defining function for this component. Structural package role alone is non-terminal.",MODERATE,,,POSSIBLE_PRODUCT,NOT_EVALUATED_RUNTIME_REVIEW,,,NOT_EVALUATED,false,false,,,,false,,false,false,,REVIEW_STOP,,,,N/A,,NO_CONTROL_CPE_ID,true,PRODUCT_RUNTIME,NO_FIXED_OFFICIAL_RUNTIME_ROLE_EVIDENCE,"Exact firmware linkage is present, but the fixed local evidence registry does not establish the upstream defining function for this component. Structural package role alone is non-terminal."
199932,mdcollectd,2024-12-02-2,cpe:2.3:a:mdcollectd:mdcollectd:2024-12-02-2:*:*:*:*:*:*:*,CONTROL_DIRECT,package/teltonika/mdcollect,mdcollectd,REVIEW_REQUIRED,"Exact firmware linkage is present, but the fixed local evidence registry does not establish the upstream defining function for this component. Structural package role alone is non-terminal.",MODERATE,,,UNRESOLVED,NOT_EVALUATED_RUNTIME_REVIEW,,,NOT_EVALUATED,false,false,,,,false,,false,false,,REVIEW_STOP,,,,N/A,,NO_CONTROL_CPE_ID,true,PRODUCT_RUNTIME,NO_FIXED_OFFICIAL_RUNTIME_ROLE_EVIDENCE,"Exact firmware linkage is present, but the fixed local evidence registry does not establish the upstream defining function for this component. Structural package role alone is non-terminal."
199933,minizip,4.0.7-2,cpe:2.3:a:minizip:minizip:4.0.7-2:*:*:*:*:*:*:*,CONTROL_DIRECT,package/utils/minizip,minizip,REVIEW_REQUIRED,"Exact firmware linkage is present, but the fixed local evidence registry does not establish the upstream defining function for this component. Structural package role alone is non-terminal.",MODERATE,,,PARTIAL_OR_SPLIT_COMPONENT,NOT_EVALUATED_RUNTIME_REVIEW,,,NOT_EVALUATED,false,false,,,,false,,false,false,,REVIEW_STOP,,,,N/A,cpe:/a:zlib-ng:minizip-ng,GT_ABSENT,true,PRODUCT_RUNTIME,NO_FIXED_OFFICIAL_RUNTIME_ROLE_EVIDENCE,"Exact firmware linkage is present, but the fixed local evidence registry does not establish the upstream defining function for this component. Structural package role alone is non-terminal."
199934,mnfinfo,2.25.1,cpe:2.3:a:mnfinfo:mnfinfo:2.25.1:*:*:*:*:*:*:*,CONTROL_DIRECT,package/teltonika/mnfinfo,mnfinfo,REVIEW_REQUIRED,"Exact firmware linkage is present, but the fixed local evidence registry does not establish the upstream defining function for this component. Structural package role alone is non-terminal.",MODERATE,,,POSSIBLE_PRODUCT,NOT_EVALUATED_RUNTIME_REVIEW,,,NOT_EVALUATED,false,false,,,,false,,false,false,,REVIEW_STOP,,,,N/A,,NO_CONTROL_CPE_ID,true,PRODUCT_RUNTIME,NO_FIXED_OFFICIAL_RUNTIME_ROLE_EVIDENCE,"Exact firmware linkage is present, but the fixed local evidence registry does not establish the upstream defining function for this component. Structural package role alone is non-terminal."
199935,mobifd,ab396378,cpe:2.3:a:mobifd:mobifd:ab396378:*:*:*:*:*:*:*,CONTROL_DIRECT,package/teltonika/mobifd,mobifd,REVIEW_REQUIRED,limited application of PRODUCT_RUNTIME v1; exact SBOM+control+status; /usr/sbin/mobifd; vendor Source; UP-TELTONIKA-SDK,MODERATE,Teltonika mobifd,,UNRESOLVED,VENDOR_SPECIFIC_VERSION,,"Exact firmware proves the vendor daemon and short identifier, but no official package release/tag or repository mapping is available; no semantic version is fabricated. Evidence: exact SBOM+control+status; /usr/sbin/mobifd; vendor Source; UP-TELTONIKA-SDK",NOT_EVALUATED,false,false,,,,false,,false,false,,REVIEW_STOP,,,,N/A,,NO_CONTROL_CPE_ID,true,PRODUCT_RUNTIME,limited application of PRODUCT_RUNTIME v1; exact SBOM+control+status; /usr/sbin/mobifd; vendor Source; UP-TELTONIKA-SDK,"limited application of PRODUCT_RUNTIME v1; exact SBOM+control+status; /usr/sbin/mobifd; vendor Source; UP-TELTONIKA-SDK | Exact firmware proves the vendor daemon and short identifier, but no official package release/tag or repository mapping is available; no semantic version is fabricated. Evidence: exact SBOM+control+status; /usr/sbin/mobifd; vendor Source; UP-TELTONIKA-SDK"
199936,mobutils-call_utilities,3.14,cpe:2.3:a:mobutils-call_utilities:mobutils-call_utilities:3.14:*:*:*:*:*:*:*,CONTROL_DIRECT,package/teltonika/mobutils,mobutils-call_utilities,REVIEW_REQUIRED,"Exact firmware linkage is present, but the fixed local evidence registry does not establish the upstream defining function for this component. Structural package role alone is non-terminal.",MODERATE,,,UNRESOLVED,NOT_EVALUATED_RUNTIME_REVIEW,,,NOT_EVALUATED,false,false,,,,false,,false,false,,REVIEW_STOP,,,,N/A,,NO_CONTROL_CPE_ID,true,PRODUCT_RUNTIME,NO_FIXED_OFFICIAL_RUNTIME_ROLE_EVIDENCE,"Exact firmware linkage is present, but the fixed local evidence registry does not establish the upstream defining function for this component. Structural package role alone is non-terminal."
199937,mobutils-sms_utilities,3.14,cpe:2.3:a:mobutils-sms_utilities:mobutils-sms_utilities:3.14:*:*:*:*:*:*:*,CONTROL_DIRECT,package/teltonika/mobutils,mobutils-sms_utilities,REVIEW_REQUIRED,"Exact firmware linkage is present, but the fixed local evidence registry does not establish the upstream defining function for this component. Structural package role alone is non-terminal.",MODERATE,,,UNRESOLVED,NOT_EVALUATED_RUNTIME_REVIEW,,,NOT_EVALUATED,false,false,,,,false,,false,false,,REVIEW_STOP,,,,N/A,,NO_CONTROL_CPE_ID,true,PRODUCT_RUNTIME,NO_FIXED_OFFICIAL_RUNTIME_ROLE_EVIDENCE,"Exact firmware linkage is present, but the fixed local evidence registry does not establish the upstream defining function for this component. Structural package role alone is non-terminal."
199939,modbus_client,2025-02-20,cpe:2.3:a:modbus_client:modbus_client:2025-02-20:*:*:*:*:*:*:*,CONTROL_DIRECT,package/teltonika/modbus_client,modbus_client,REVIEW_REQUIRED,limited application of PRODUCT_RUNTIME v1; exact SBOM+control+status; /usr/sbin/modbus_client; vendor Source; UP-TELTONIKA-SDK,MODERATE,Teltonika Modbus client,,UNRESOLVED,VENDOR_SPECIFIC_VERSION,,"The exact date-like value may be a vendor source/build identifier, but official public feature documentation does not define it as the package's upstream product version. Evidence: exact SBOM+control+status; /usr/sbin/modbus_client; vendor Source; UP-TELTONIKA-SDK",NOT_EVALUATED,false,false,,,,false,,false,false,,REVIEW_STOP,,,,N/A,,NO_CONTROL_CPE_ID,true,PRODUCT_RUNTIME,limited application of PRODUCT_RUNTIME v1; exact SBOM+control+status; /usr/sbin/modbus_client; vendor Source; UP-TELTONIKA-SDK,"limited application of PRODUCT_RUNTIME v1; exact SBOM+control+status; /usr/sbin/modbus_client; vendor Source; UP-TELTONIKA-SDK | The exact date-like value may be a vendor source/build identifier, but official public feature documentation does not define it as the package's upstream product version. Evidence: exact SBOM+control+status; /usr/sbin/modbus_client; vendor Source; UP-TELTONIKA-SDK"
199940,modbus_server,2025-02-20-1,cpe:2.3:a:modbus_server:modbus_server:2025-02-20-1:*:*:*:*:*:*:*,CONTROL_DIRECT,package/teltonika/modbus_server,modbus_server,REVIEW_REQUIRED,"Exact firmware linkage is present, but the fixed local evidence registry does not establish the upstream defining function for this component. Structural package role alone is non-terminal.",MODERATE,,,UNRESOLVED,NOT_EVALUATED_RUNTIME_REVIEW,,,NOT_EVALUATED,false,false,,,,false,,false,false,,REVIEW_STOP,,,,N/A,,NO_CONTROL_CPE_ID,true,PRODUCT_RUNTIME,NO_FIXED_OFFICIAL_RUNTIME_ROLE_EVIDENCE,"Exact firmware linkage is present, but the fixed local evidence registry does not establish the upstream defining function for this component. Structural package role alone is non-terminal."
199941,modbusgwd,2025-02-20,cpe:2.3:a:modbusgwd:modbusgwd:2025-02-20:*:*:*:*:*:*:*,CONTROL_DIRECT,package/teltonika/modbusgwd,modbusgwd,REVIEW_REQUIRED,"Exact firmware linkage is present, but the fixed local evidence registry does not establish the upstream defining function for this component. Structural package role alone is non-terminal.",MODERATE,,,UNRESOLVED,NOT_EVALUATED_RUNTIME_REVIEW,,,NOT_EVALUATED,false,false,,,,false,,false,false,,REVIEW_STOP,,,,N/A,,NO_CONTROL_CPE_ID,true,PRODUCT_RUNTIME,NO_FIXED_OFFICIAL_RUNTIME_ROLE_EVIDENCE,"Exact firmware linkage is present, but the fixed local evidence registry does not establish the upstream defining function for this component. Structural package role alone is non-terminal."
199942,modem_control,2025-02-20,cpe:2.3:a:modem_control:modem_control:2025-02-20:*:*:*:*:*:*:*,CONTROL_DIRECT,package/teltonika/modem_control,modem_control,REVIEW_REQUIRED,"Exact firmware linkage is present, but the fixed local evidence registry does not establish the upstream defining function for this component. Structural package role alone is non-terminal.",MODERATE,,,UNRESOLVED,NOT_EVALUATED_RUNTIME_REVIEW,,,NOT_EVALUATED,false,false,,,,false,,false,false,,REVIEW_STOP,,,,N/A,,NO_CONTROL_CPE_ID,true,PRODUCT_RUNTIME,NO_FIXED_OFFICIAL_RUNTIME_ROLE_EVIDENCE,"Exact firmware linkage is present, but the fixed local evidence registry does not establish the upstream defining function for this component. Structural package role alone is non-terminal."
199943,modem_trackd,4.10,cpe:2.3:a:modem_trackd:modem_trackd:4.10:*:*:*:*:*:*:*,CONTROL_DIRECT,package/teltonika/mctl,modem_trackd,REVIEW_REQUIRED,"Exact firmware linkage is present, but the fixed local evidence registry does not establish the upstream defining function for this component. Structural package role alone is non-terminal.",MODERATE,,,POSSIBLE_PRODUCT,NOT_EVALUATED_RUNTIME_REVIEW,,,NOT_EVALUATED,false,false,,,,false,,false,false,,REVIEW_STOP,,,,N/A,,NO_CONTROL_CPE_ID,true,PRODUCT_RUNTIME,NO_FIXED_OFFICIAL_RUNTIME_ROLE_EVIDENCE,"Exact firmware linkage is present, but the fixed local evidence registry does not establish the upstream defining function for this component. Structural package role alone is non-terminal."
199945,mqtt-modbus-gateway,2025-02-20,cpe:2.3:a:mqtt-modbus-gateway:mqtt-modbus-gateway:2025-02-20:*:*:*:*:*:*:*,CONTROL_DIRECT,package/teltonika/mqtt-modbus-gateway,mqtt-modbus-gateway,REVIEW_REQUIRED,"Exact firmware linkage is present, but the fixed local evidence registry does not establish the upstream defining function for this component. Structural package role alone is non-terminal.",MODERATE,,,UNRESOLVED,NOT_EVALUATED_RUNTIME_REVIEW,,,NOT_EVALUATED,false,false,,,,false,,false,false,,REVIEW_STOP,,,,N/A,,NO_CONTROL_CPE_ID,true,PRODUCT_RUNTIME,NO_FIXED_OFFICIAL_RUNTIME_ROLE_EVIDENCE,"Exact firmware linkage is present, but the fixed local evidence registry does not establish the upstream defining function for this component. Structural package role alone is non-terminal."
199946,mtd,27,cpe:2.3:a:mtd:mtd:27:*:*:*:*:*:*:*,CONTROL_DIRECT,package/system/mtd,mtd,REVIEW_REQUIRED,"Exact firmware linkage is present, but the fixed local evidence registry does not establish the upstream defining function for this component. Structural package role alone is non-terminal.",MODERATE,,,POSSIBLE_PRODUCT,NOT_EVALUATED_RUNTIME_REVIEW,,,NOT_EVALUATED,false,false,,,,false,,false,false,,REVIEW_STOP,,,,N/A,,NO_CONTROL_CPE_ID,true,PRODUCT_RUNTIME,NO_FIXED_OFFICIAL_RUNTIME_ROLE_EVIDENCE,"Exact firmware linkage is present, but the fixed local evidence registry does not establish the upstream defining function for this component. Structural package role alone is non-terminal."
199947,multiple_ap,2025-01-07-1,cpe:2.3:a:multiple_ap:multiple_ap:2025-01-07-1:*:*:*:*:*:*:*,CONTROL_DIRECT,package/teltonika/multiple_ap,multiple_ap,REVIEW_REQUIRED,"Exact firmware linkage is present, but the fixed local evidence registry does not establish the upstream defining function for this component. Structural package role alone is non-terminal.",MODERATE,,,UNRESOLVED,NOT_EVALUATED_RUNTIME_REVIEW,,,NOT_EVALUATED,false,false,,,,false,,false,false,,REVIEW_STOP,,,,N/A,,NO_CONTROL_CPE_ID,true,PRODUCT_RUNTIME,NO_FIXED_OFFICIAL_RUNTIME_ROLE_EVIDENCE,"Exact firmware linkage is present, but the fixed local evidence registry does not establish the upstream defining function for this component. Structural package role alone is non-terminal."
199948,mwan3,2.10.12-6,cpe:2.3:a:mwan3:mwan3:2.10.12-6:*:*:*:*:*:*:*,CONTROL_DIRECT,package/network/services/mwan3,mwan3,REVIEW_REQUIRED,"Exact firmware linkage is present, but the fixed local evidence registry does not establish the upstream defining function for this component. Structural package role alone is non-terminal.",MODERATE,,,POSSIBLE_PRODUCT,NOT_EVALUATED_RUNTIME_REVIEW,,,NOT_EVALUATED,false,false,,,,false,,false,false,,REVIEW_STOP,,,,N/A,,NO_CONTROL_CPE_ID,true,PRODUCT_RUNTIME,NO_FIXED_OFFICIAL_RUNTIME_ROLE_EVIDENCE,"Exact firmware linkage is present, but the fixed local evidence registry does not establish the upstream defining function for this component. Structural package role alone is non-terminal."
199950,ntp_gps,2025-04-29-2,cpe:2.3:a:ntp_gps:ntp_gps:2025-04-29-2:*:*:*:*:*:*:*,CONTROL_DIRECT,package/teltonika/gps,ntp_gps,REVIEW_REQUIRED,"Exact firmware linkage is present, but the fixed local evidence registry does not establish the upstream defining function for this component. Structural package role alone is non-terminal.",MODERATE,,,UNRESOLVED,NOT_EVALUATED_RUNTIME_REVIEW,,,NOT_EVALUATED,false,false,,,,false,,false,false,,REVIEW_STOP,,,,N/A,,NO_CONTROL_CPE_ID,true,PRODUCT_RUNTIME,NO_FIXED_OFFICIAL_RUNTIME_ROLE_EVIDENCE,"Exact firmware linkage is present, but the fixed local evidence registry does not establish the upstream defining function for this component. Structural package role alone is non-terminal."
199951,ntpclient,2023-04-26-1,cpe:2.3:a:ntpclient:ntpclient:2023-04-26-1:*:*:*:*:*:*:*,CONTROL_DIRECT,package/teltonika/ntpclient,ntpclient,REVIEW_REQUIRED,"Exact firmware linkage is present, but the fixed local evidence registry does not establish the upstream defining function for this component. Structural package role alone is non-terminal.",MODERATE,,,UNRESOLVED,NOT_EVALUATED_RUNTIME_REVIEW,,,NOT_EVALUATED,false,false,,,,false,,false,false,,REVIEW_STOP,,,,N/A,,NO_CONTROL_CPE_ID,true,PRODUCT_RUNTIME,NO_FIXED_OFFICIAL_RUNTIME_ROLE_EVIDENCE,"Exact firmware linkage is present, but the fixed local evidence registry does not establish the upstream defining function for this component. Structural package role alone is non-terminal."
199952,odhcp6c,2021-01-09-53f07e90-16,cpe:2.3:a:odhcp6c:odhcp6c:2021-01-09-53f07e90-16:*:*:*:*:*:*:*,CONTROL_DIRECT,package/network/ipv6/odhcp6c,odhcp6c,REVIEW_REQUIRED,"Exact firmware linkage is present, but the fixed local evidence registry does not establish the upstream defining function for this component. Structural package role alone is non-terminal.",MODERATE,,,POSSIBLE_PRODUCT,NOT_EVALUATED_RUNTIME_REVIEW,,,NOT_EVALUATED,false,false,,,,false,,false,false,,REVIEW_STOP,,,,N/A,,NO_CONTROL_CPE_ID,true,PRODUCT_RUNTIME,NO_FIXED_OFFICIAL_RUNTIME_ROLE_EVIDENCE,"Exact firmware linkage is present, but the fixed local evidence registry does not establish the upstream defining function for this component. Structural package role alone is non-terminal."
199953,odhcpd-ipv6only,2021-07-18-bc9d317f-13,cpe:2.3:a:odhcpd-ipv6only:odhcpd-ipv6only:2021-07-18-bc9d317f-13:*:*:*:*:*:*:*,CONTROL_DIRECT,package/network/services/odhcpd,odhcpd-ipv6only,REVIEW_REQUIRED,"Exact firmware linkage is present, but the fixed local evidence registry does not establish the upstream defining function for this component. Structural package role alone is non-terminal.",MODERATE,,,POSSIBLE_PRODUCT,NOT_EVALUATED_RUNTIME_REVIEW,,,NOT_EVALUATED,false,false,,,,false,,false,false,,REVIEW_STOP,,,,N/A,,NO_CONTROL_CPE_ID,true,PRODUCT_RUNTIME,NO_FIXED_OFFICIAL_RUNTIME_ROLE_EVIDENCE,"Exact firmware linkage is present, but the fixed local evidence registry does not establish the upstream defining function for this component. Structural package role alone is non-terminal."
199954,opcua_client,2025-02-20,cpe:2.3:a:opcua_client:opcua_client:2025-02-20:*:*:*:*:*:*:*,CONTROL_DIRECT,package/teltonika/opcua_client,opcua_client,REVIEW_REQUIRED,"Exact firmware linkage is present, but the fixed local evidence registry does not establish the upstream defining function for this component. Structural package role alone is non-terminal.",MODERATE,,,UNRESOLVED,NOT_EVALUATED_RUNTIME_REVIEW,,,NOT_EVALUATED,false,false,,,,false,,false,false,,REVIEW_STOP,,,,N/A,,NO_CONTROL_CPE_ID,true,PRODUCT_RUNTIME,NO_FIXED_OFFICIAL_RUNTIME_ROLE_EVIDENCE,"Exact firmware linkage is present, but the fixed local evidence registry does not establish the upstream defining function for this component. Structural package role alone is non-terminal."
199955,opcua_server,2025-02-20-1,cpe:2.3:a:opcua_server:opcua_server:2025-02-20-1:*:*:*:*:*:*:*,CONTROL_DIRECT,package/teltonika/opcua_server,opcua_server,REVIEW_REQUIRED,"Exact firmware linkage is present, but the fixed local evidence registry does not establish the upstream defining function for this component. Structural package role alone is non-terminal.",MODERATE,,,UNRESOLVED,NOT_EVALUATED_RUNTIME_REVIEW,,,NOT_EVALUATED,false,false,,,,false,,false,false,,REVIEW_STOP,,,,N/A,,NO_CONTROL_CPE_ID,true,PRODUCT_RUNTIME,NO_FIXED_OFFICIAL_RUNTIME_ROLE_EVIDENCE,"Exact firmware linkage is present, but the fixed local evidence registry does not establish the upstream defining function for this component. Structural package role alone is non-terminal."
199956,open62541,v1.4.0-r,cpe:2.3:a:open62541:open62541:v1.4.0-r:*:*:*:*:*:*:*,CONTROL_DIRECT,package/libs/open62541,open62541,REVIEW_REQUIRED,"Exact firmware linkage is present, but the fixed local evidence registry does not establish the upstream defining function for this component. Structural package role alone is non-terminal.",MODERATE,,,PARTIAL_OR_SPLIT_COMPONENT,NOT_EVALUATED_RUNTIME_REVIEW,,,NOT_EVALUATED,false,false,,,,false,,false,false,,REVIEW_STOP,,,,N/A,,NO_CONTROL_CPE_ID,true,PRODUCT_RUNTIME,NO_FIXED_OFFICIAL_RUNTIME_ROLE_EVIDENCE,"Exact firmware linkage is present, but the fixed local evidence registry does not establish the upstream defining function for this component. Structural package role alone is non-terminal."
199957,openssh-sftp-server,9.6p1-1,cpe:2.3:a:openssh-sftp-server:openssh-sftp-server:9.6p1-1:*:*:*:*:*:*:*,CONTROL_DIRECT,package/network/services/openssh,openssh-sftp-server,REVIEW_REQUIRED,"Exact firmware linkage is present, but the fixed local evidence registry does not establish the upstream defining function for this component. Structural package role alone is non-terminal.",MODERATE,,,POSSIBLE_PRODUCT,NOT_EVALUATED_RUNTIME_REVIEW,,,NOT_EVALUATED,false,false,,,,false,,false,false,,REVIEW_STOP,,,,N/A,cpe:/a:openssh:openssh,GT_ABSENT,true,PRODUCT_RUNTIME,NO_FIXED_OFFICIAL_RUNTIME_ROLE_EVIDENCE,"Exact firmware linkage is present, but the fixed local evidence registry does not establish the upstream defining function for this component. Structural package role alone is non-terminal."
199959,openvpn-openssl,2.6.9-5,cpe:2.3:a:openvpn-openssl:openvpn-openssl:2.6.9-5:*:*:*:*:*:*:*,CONTROL_DIRECT,package/network/services/openvpn,openvpn-openssl,REVIEW_REQUIRED,"Exact firmware linkage is present, but the fixed local evidence registry does not establish the upstream defining function for this component. Structural package role alone is non-terminal.",MODERATE,,,POSSIBLE_PRODUCT,NOT_EVALUATED_RUNTIME_REVIEW,,,NOT_EVALUATED,false,false,,,,false,,false,false,,REVIEW_STOP,,,,N/A,cpe:/a:openvpn:openvpn,GT_ABSENT,true,PRODUCT_RUNTIME,NO_FIXED_OFFICIAL_RUNTIME_ROLE_EVIDENCE,"Exact firmware linkage is present, but the fixed local evidence registry does not establish the upstream defining function for this component. Structural package role alone is non-terminal."
199962,package_restore,2025-01-08-1,cpe:2.3:a:package_restore:package_restore:2025-01-08-1:*:*:*:*:*:*:*,CONTROL_DIRECT,package/teltonika/package_restore,package_restore,REVIEW_REQUIRED,"Exact firmware linkage is present, but the fixed local evidence registry does not establish the upstream defining function for this component. Structural package role alone is non-terminal.",MODERATE,,,UNRESOLVED,NOT_EVALUATED_RUNTIME_REVIEW,,,NOT_EVALUATED,false,false,,,,false,,false,false,,REVIEW_STOP,,,,N/A,,NO_CONTROL_CPE_ID,true,PRODUCT_RUNTIME,NO_FIXED_OFFICIAL_RUNTIME_ROLE_EVIDENCE,"Exact firmware linkage is present, but the fixed local evidence registry does not establish the upstream defining function for this component. Structural package role alone is non-terminal."
199963,pcom_master,0.0.1,cpe:2.3:a:pcom_master:pcom_master:0.0.1:*:*:*:*:*:*:*,CONTROL_DIRECT,package/teltonika/pcom_master,pcom_master,REVIEW_REQUIRED,"Exact firmware linkage is present, but the fixed local evidence registry does not establish the upstream defining function for this component. Structural package role alone is non-terminal.",MODERATE,,,UNRESOLVED,NOT_EVALUATED_RUNTIME_REVIEW,,,NOT_EVALUATED,false,false,,,,false,,false,false,,REVIEW_STOP,,,,N/A,,NO_CONTROL_CPE_ID,true,PRODUCT_RUNTIME,NO_FIXED_OFFICIAL_RUNTIME_ROLE_EVIDENCE,"Exact firmware linkage is present, but the fixed local evidence registry does not establish the upstream defining function for this component. Structural package role alone is non-terminal."
199964,port_eventsd,1.12,cpe:2.3:a:port_eventsd:port_eventsd:1.12:*:*:*:*:*:*:*,CONTROL_DIRECT,package/teltonika/port_eventsd,port_eventsd,REVIEW_REQUIRED,"Exact firmware linkage is present, but the fixed local evidence registry does not establish the upstream defining function for this component. Structural package role alone is non-terminal.",MODERATE,,,UNRESOLVED,NOT_EVALUATED_RUNTIME_REVIEW,,,NOT_EVALUATED,false,false,,,,false,,false,false,,REVIEW_STOP,,,,N/A,,NO_CONTROL_CPE_ID,true,PRODUCT_RUNTIME,NO_FIXED_OFFICIAL_RUNTIME_ROLE_EVIDENCE,"Exact firmware linkage is present, but the fixed local evidence registry does not establish the upstream defining function for this component. Structural package role alone is non-terminal."
199965,post-get-io,1.5,cpe:2.3:a:post-get-io:post-get-io:1.5:*:*:*:*:*:*:*,CONTROL_DIRECT,package/teltonika/post_get,post-get-io,REVIEW_REQUIRED,"Exact firmware linkage is present, but the fixed local evidence registry does not establish the upstream defining function for this component. Structural package role alone is non-terminal.",MODERATE,,,UNRESOLVED,NOT_EVALUATED_RUNTIME_REVIEW,,,NOT_EVALUATED,false,false,,,,false,,false,false,,REVIEW_STOP,,,,N/A,,NO_CONTROL_CPE_ID,true,PRODUCT_RUNTIME,NO_FIXED_OFFICIAL_RUNTIME_ROLE_EVIDENCE,"Exact firmware linkage is present, but the fixed local evidence registry does not establish the upstream defining function for this component. Structural package role alone is non-terminal."
199966,post-get-mobile,1.5,cpe:2.3:a:post-get-mobile:post-get-mobile:1.5:*:*:*:*:*:*:*,CONTROL_DIRECT,package/teltonika/post_get,post-get-mobile,REVIEW_REQUIRED,"Exact firmware linkage is present, but the fixed local evidence registry does not establish the upstream defining function for this component. Structural package role alone is non-terminal.",MODERATE,,,UNRESOLVED,NOT_EVALUATED_RUNTIME_REVIEW,,,NOT_EVALUATED,false,false,,,,false,,false,false,,REVIEW_STOP,,,,N/A,,NO_CONTROL_CPE_ID,true,PRODUCT_RUNTIME,NO_FIXED_OFFICIAL_RUNTIME_ROLE_EVIDENCE,"Exact firmware linkage is present, but the fixed local evidence registry does not establish the upstream defining function for this component. Structural package role alone is non-terminal."
199967,post-get,1.5,cpe:2.3:a:post-get:post-get:1.5:*:*:*:*:*:*:*,CONTROL_DIRECT,package/teltonika/post_get,post-get,REVIEW_REQUIRED,"Exact firmware linkage is present, but the fixed local evidence registry does not establish the upstream defining function for this component. Structural package role alone is non-terminal.",MODERATE,,,UNRESOLVED,NOT_EVALUATED_RUNTIME_REVIEW,,,NOT_EVALUATED,false,false,,,,false,,false,false,,REVIEW_STOP,,,,N/A,,NO_CONTROL_CPE_ID,true,PRODUCT_RUNTIME,NO_FIXED_OFFICIAL_RUNTIME_ROLE_EVIDENCE,"Exact firmware linkage is present, but the fixed local evidence registry does not establish the upstream defining function for this component. Structural package role alone is non-terminal."
199968,ppp-mod-pppoe,2.4.9.git-2021-01-04-4,cpe:2.3:a:ppp-mod-pppoe:ppp-mod-pppoe:2.4.9.git-2021-01-04-4:*:*:*:*:*:*:*,CONTROL_DIRECT,package/network/services/ppp,ppp-mod-pppoe,REVIEW_REQUIRED,"Exact firmware linkage is present, but the fixed local evidence registry does not establish the upstream defining function for this component. Structural package role alone is non-terminal.",MODERATE,,,PARTIAL_OR_SPLIT_COMPONENT,NOT_EVALUATED_RUNTIME_REVIEW,,,NOT_EVALUATED,false,false,,,,false,,false,false,,REVIEW_STOP,,,,N/A,cpe:/a:samba:ppp,GT_ABSENT,true,PRODUCT_RUNTIME,NO_FIXED_OFFICIAL_RUNTIME_ROLE_EVIDENCE,"Exact firmware linkage is present, but the fixed local evidence registry does not establish the upstream defining function for this component. Structural package role alone is non-terminal."
199969,ppp-mod-pppol2tp,2.4.9.git-2021-01-04-4,cpe:2.3:a:ppp-mod-pppol2tp:ppp-mod-pppol2tp:2.4.9.git-2021-01-04-4:*:*:*:*:*:*:*,CONTROL_DIRECT,package/network/services/ppp,ppp-mod-pppol2tp,REVIEW_REQUIRED,"Exact firmware linkage is present, but the fixed local evidence registry does not establish the upstream defining function for this component. Structural package role alone is non-terminal.",MODERATE,,,PARTIAL_OR_SPLIT_COMPONENT,NOT_EVALUATED_RUNTIME_REVIEW,,,NOT_EVALUATED,false,false,,,,false,,false,false,,REVIEW_STOP,,,,N/A,cpe:/a:samba:ppp,GT_ABSENT,true,PRODUCT_RUNTIME,NO_FIXED_OFFICIAL_RUNTIME_ROLE_EVIDENCE,"Exact firmware linkage is present, but the fixed local evidence registry does not establish the upstream defining function for this component. Structural package role alone is non-terminal."
199970,ppp-mod-pptp,2.4.9.git-2021-01-04-4,cpe:2.3:a:ppp-mod-pptp:ppp-mod-pptp:2.4.9.git-2021-01-04-4:*:*:*:*:*:*:*,CONTROL_DIRECT,package/network/services/ppp,ppp-mod-pptp,REVIEW_REQUIRED,"Exact firmware linkage is present, but the fixed local evidence registry does not establish the upstream defining function for this component. Structural package role alone is non-terminal.",MODERATE,,,PARTIAL_OR_SPLIT_COMPONENT,NOT_EVALUATED_RUNTIME_REVIEW,,,NOT_EVALUATED,false,false,,,,false,,false,false,,REVIEW_STOP,,,,N/A,cpe:/a:samba:ppp,GT_ABSENT,true,PRODUCT_RUNTIME,NO_FIXED_OFFICIAL_RUNTIME_ROLE_EVIDENCE,"Exact firmware linkage is present, but the fixed local evidence registry does not establish the upstream defining function for this component. Structural package role alone is non-terminal."
199971,ppp,2.4.9.git-2021-01-04-4,cpe:2.3:a:ppp:ppp:2.4.9.git-2021-01-04-4:*:*:*:*:*:*:*,CONTROL_DIRECT,package/network/services/ppp,ppp,PRODUCT_RUNTIME,limited application of PRODUCT_RUNTIME v1; exact SBOM+control+status; /usr/sbin/pppd; Source siblings; UP-PPP-SNAPSHOT; UP-PPP-2.4.9; UP-OPENWRT-POLICY,STRONG,PPP/pppd OpenWrt snapshot,,POSSIBLE_PRODUCT,DATE_OR_GIT_VERSION,2.4.9.git-2021-01-04,The official OpenWrt package page confirms the composite 2.4.9.git-date source identifier; it is preserved as a snapshot and is not collapsed to the 2.4.9 release. Evidence: exact SBOM+control+status; /usr/sbin/pppd; Source siblings; UP-PPP-SNAPSHOT; UP-PPP-2.4.9; UP-OPENWRT-POLICY,MULTIPLE_SEMANTICALLY_POSSIBLE_FAMILIES,false,FAMILY_CANDIDATES:5,NOT_RUN_CPE_FAMILY_AMBIGUOUS,,,true,,false,false,,REVIEW_STOP,,,,N/A,cpe:/a:samba:ppp,GT_ABSENT,true,CPE_PRODUCT_IDENTITY,PPP maps to multiple active vendor families in the fixed Dictionary.,"Fixed Dictionary product-wide search returned [{""active"": 63, ""deprecated"": 0, ""family"": [""a"", ""canonical"", ""ppp""]}, {""active"": 58, ""deprecated"": 5, ""family"": [""a"", ""samba"", ""ppp""]}]. Original/control CPEs were not used. | limited application of PRODUCT_RUNTIME v1; exact SBOM+control+status; /usr/sbin/pppd; Source siblings; UP-PPP-SNAPSHOT; UP-PPP-2.4.9; UP-OPENWRT-POLICY | The official OpenWrt package page confirms the composite 2.4.9.git-date source identifier; it is preserved as a snapshot and is not collapsed to the 2.4.9 release. Evidence: exact SBOM+control+status; /usr/sbin/pppd; Source siblings; UP-PPP-SNAPSHOT; UP-PPP-2.4.9; UP-OPENWRT-POLICY"
199972,pptpd,1.4.0-5,cpe:2.3:a:pptpd:pptpd:1.4.0-5:*:*:*:*:*:*:*,CONTROL_DIRECT,package/network/services/pptpd,pptpd,REVIEW_REQUIRED,"Exact firmware linkage is present, but the fixed local evidence registry does not establish the upstream defining function for this component. Structural package role alone is non-terminal.",MODERATE,,,POSSIBLE_PRODUCT,NOT_EVALUATED_RUNTIME_REVIEW,,,NOT_EVALUATED,false,false,,,,false,,false,false,,REVIEW_STOP,,,,N/A,cpe:/a:poptop:pptp_server,GT_ABSENT,true,PRODUCT_RUNTIME,NO_FIXED_OFFICIAL_RUNTIME_ROLE_EVIDENCE,"Exact firmware linkage is present, but the fixed local evidence registry does not establish the upstream defining function for this component. Structural package role alone is non-terminal."
199973,procd-init,2021-02-23-37eed131-21,cpe:2.3:a:procd-init:procd-init:2021-02-23-37eed131-21:*:*:*:*:*:*:*,CONTROL_DIRECT,package/system/procd,procd-init,REVIEW_REQUIRED,"Exact firmware linkage is present, but the fixed local evidence registry does not establish the upstream defining function for this component. Structural package role alone is non-terminal.",MODERATE,,,PARTIAL_OR_SPLIT_COMPONENT,NOT_EVALUATED_RUNTIME_REVIEW,,,NOT_EVALUATED,false,false,,,,false,,false,false,,REVIEW_STOP,,,,N/A,,NO_CONTROL_CPE_ID,true,PRODUCT_RUNTIME,NO_FIXED_OFFICIAL_RUNTIME_ROLE_EVIDENCE,"Exact firmware linkage is present, but the fixed local evidence registry does not establish the upstream defining function for this component. Structural package role alone is non-terminal."
199975,profiler,2.13.3,cpe:2.3:a:profiler:profiler:2.13.3:*:*:*:*:*:*:*,CONTROL_DIRECT,package/teltonika/profiler,profiler,REVIEW_REQUIRED,"Exact firmware linkage is present, but the fixed local evidence registry does not establish the upstream defining function for this component. Structural package role alone is non-terminal.",MODERATE,,,UNRESOLVED,NOT_EVALUATED_RUNTIME_REVIEW,,,NOT_EVALUATED,false,false,,,,false,,false,false,,REVIEW_STOP,,,,N/A,,NO_CONTROL_CPE_ID,true,PRODUCT_RUNTIME,NO_FIXED_OFFICIAL_RUNTIME_ROLE_EVIDENCE,"Exact firmware linkage is present, but the fixed local evidence registry does not establish the upstream defining function for this component. Structural package role alone is non-terminal."
199976,quota_limit,2025-02-13-1,cpe:2.3:a:quota_limit:quota_limit:2025-02-13-1:*:*:*:*:*:*:*,CONTROL_DIRECT,package/teltonika/quota_limit,quota_limit,REVIEW_REQUIRED,"Exact firmware linkage is present, but the fixed local evidence registry does not establish the upstream defining function for this component. Structural package role alone is non-terminal.",MODERATE,,,UNRESOLVED,NOT_EVALUATED_RUNTIME_REVIEW,,,NOT_EVALUATED,false,false,,,,false,,false,false,,REVIEW_STOP,,,,N/A,,NO_CONTROL_CPE_ID,true,PRODUCT_RUNTIME,NO_FIXED_OFFICIAL_RUNTIME_ROLE_EVIDENCE,"Exact firmware linkage is present, but the fixed local evidence registry does not establish the upstream defining function for this component. Structural package role alone is non-terminal."
199977,reboot_utils-periodic,2025-03-05-1,cpe:2.3:a:reboot_utils-periodic:reboot_utils-periodic:2025-03-05-1:*:*:*:*:*:*:*,CONTROL_DIRECT,package/teltonika/reboot_utils,reboot_utils-periodic,REVIEW_REQUIRED,"Exact firmware linkage is present, but the fixed local evidence registry does not establish the upstream defining function for this component. Structural package role alone is non-terminal.",MODERATE,,,POSSIBLE_PRODUCT,NOT_EVALUATED_RUNTIME_REVIEW,,,NOT_EVALUATED,false,false,,,,false,,false,false,,REVIEW_STOP,,,,N/A,,NO_CONTROL_CPE_ID,true,PRODUCT_RUNTIME,NO_FIXED_OFFICIAL_RUNTIME_ROLE_EVIDENCE,"Exact firmware linkage is present, but the fixed local evidence registry does not establish the upstream defining function for this component. Structural package role alone is non-terminal."
199978,reboot_utils-ping,2025-03-05-1,cpe:2.3:a:reboot_utils-ping:reboot_utils-ping:2025-03-05-1:*:*:*:*:*:*:*,CONTROL_DIRECT,package/teltonika/reboot_utils,reboot_utils-ping,REVIEW_REQUIRED,"Exact firmware linkage is present, but the fixed local evidence registry does not establish the upstream defining function for this component. Structural package role alone is non-terminal.",MODERATE,,,POSSIBLE_PRODUCT,NOT_EVALUATED_RUNTIME_REVIEW,,,NOT_EVALUATED,false,false,,,,false,,false,false,,REVIEW_STOP,,,,N/A,,NO_CONTROL_CPE_ID,true,PRODUCT_RUNTIME,NO_FIXED_OFFICIAL_RUNTIME_ROLE_EVIDENCE,"Exact firmware linkage is present, but the fixed local evidence registry does not establish the upstream defining function for this component. Structural package role alone is non-terminal."
199980,resolveip,2,cpe:2.3:a:resolveip:resolveip:2:*:*:*:*:*:*:*,CONTROL_DIRECT,package/network/utils/resolveip,resolveip,REVIEW_REQUIRED,"Exact firmware linkage is present, but the fixed local evidence registry does not establish the upstream defining function for this component. Structural package role alone is non-terminal.",MODERATE,,,POSSIBLE_PRODUCT,NOT_EVALUATED_RUNTIME_REVIEW,,,NOT_EVALUATED,false,false,,,,false,,false,false,,REVIEW_STOP,,,,N/A,,NO_CONTROL_CPE_ID,true,PRODUCT_RUNTIME,NO_FIXED_OFFICIAL_RUNTIME_ROLE_EVIDENCE,"Exact firmware linkage is present, but the fixed local evidence registry does not establish the upstream defining function for this component. Structural package role alone is non-terminal."
199981,rpc_esim,1.3.11,cpe:2.3:a:rpc_esim:rpc_esim:1.3.11:*:*:*:*:*:*:*,CONTROL_DIRECT,package/teltonika/esim-lpac,rpc_esim,REVIEW_REQUIRED,"Exact firmware linkage is present, but the fixed local evidence registry does not establish the upstream defining function for this component. Structural package role alone is non-terminal.",MODERATE,,,PARTIAL_OR_SPLIT_COMPONENT,NOT_EVALUATED_RUNTIME_REVIEW,,,NOT_EVALUATED,false,false,,,,false,,false,false,,REVIEW_STOP,,,,N/A,,NO_CONTROL_CPE_ID,true,PRODUCT_RUNTIME,NO_FIXED_OFFICIAL_RUNTIME_ROLE_EVIDENCE,"Exact firmware linkage is present, but the fixed local evidence registry does not establish the upstream defining function for this component. Structural package role alone is non-terminal."
199982,rpcd-mod-file,2021-03-11-ccb75178-8,cpe:2.3:a:rpcd-mod-file:rpcd-mod-file:2021-03-11-ccb75178-8:*:*:*:*:*:*:*,CONTROL_DIRECT,package/system/rpcd,rpcd-mod-file,REVIEW_REQUIRED,"Exact firmware linkage is present, but the fixed local evidence registry does not establish the upstream defining function for this component. Structural package role alone is non-terminal.",MODERATE,,,PARTIAL_OR_SPLIT_COMPONENT,NOT_EVALUATED_RUNTIME_REVIEW,,,NOT_EVALUATED,false,false,,,,false,,false,false,,REVIEW_STOP,,,,N/A,,NO_CONTROL_CPE_ID,true,PRODUCT_RUNTIME,NO_FIXED_OFFICIAL_RUNTIME_ROLE_EVIDENCE,"Exact firmware linkage is present, but the fixed local evidence registry does not establish the upstream defining function for this component. Structural package role alone is non-terminal."
199983,rpcd-mod-iwinfo,2021-03-11-ccb75178-8,cpe:2.3:a:rpcd-mod-iwinfo:rpcd-mod-iwinfo:2021-03-11-ccb75178-8:*:*:*:*:*:*:*,CONTROL_DIRECT,package/system/rpcd,rpcd-mod-iwinfo,REVIEW_REQUIRED,"Exact firmware linkage is present, but the fixed local evidence registry does not establish the upstream defining function for this component. Structural package role alone is non-terminal.",MODERATE,,,PARTIAL_OR_SPLIT_COMPONENT,NOT_EVALUATED_RUNTIME_REVIEW,,,NOT_EVALUATED,false,false,,,,false,,false,false,,REVIEW_STOP,,,,N/A,,NO_CONTROL_CPE_ID,true,PRODUCT_RUNTIME,NO_FIXED_OFFICIAL_RUNTIME_ROLE_EVIDENCE,"Exact firmware linkage is present, but the fixed local evidence registry does not establish the upstream defining function for this component. Structural package role alone is non-terminal."
199984,rpcd-mod-mnfinfo,2.25.1,cpe:2.3:a:rpcd-mod-mnfinfo:rpcd-mod-mnfinfo:2.25.1:*:*:*:*:*:*:*,CONTROL_DIRECT,package/teltonika/mnfinfo,rpcd-mod-mnfinfo,REVIEW_REQUIRED,"Exact firmware linkage is present, but the fixed local evidence registry does not establish the upstream defining function for this component. Structural package role alone is non-terminal.",MODERATE,,,PARTIAL_OR_SPLIT_COMPONENT,NOT_EVALUATED_RUNTIME_REVIEW,,,NOT_EVALUATED,false,false,,,,false,,false,false,,REVIEW_STOP,,,,N/A,,NO_CONTROL_CPE_ID,true,PRODUCT_RUNTIME,NO_FIXED_OFFICIAL_RUNTIME_ROLE_EVIDENCE,"Exact firmware linkage is present, but the fixed local evidence registry does not establish the upstream defining function for this component. Structural package role alone is non-terminal."
199985,rpcd-mod-rpcsys,2021-03-11-ccb75178-8,cpe:2.3:a:rpcd-mod-rpcsys:rpcd-mod-rpcsys:2021-03-11-ccb75178-8:*:*:*:*:*:*:*,CONTROL_DIRECT,package/system/rpcd,rpcd-mod-rpcsys,REVIEW_REQUIRED,"Exact firmware linkage is present, but the fixed local evidence registry does not establish the upstream defining function for this component. Structural package role alone is non-terminal.",MODERATE,,,PARTIAL_OR_SPLIT_COMPONENT,NOT_EVALUATED_RUNTIME_REVIEW,,,NOT_EVALUATED,false,false,,,,false,,false,false,,REVIEW_STOP,,,,N/A,,NO_CONTROL_CPE_ID,true,PRODUCT_RUNTIME,NO_FIXED_OFFICIAL_RUNTIME_ROLE_EVIDENCE,"Exact firmware linkage is present, but the fixed local evidence registry does not establish the upstream defining function for this component. Structural package role alone is non-terminal."
199986,rpcd-mod-rrdns,20170710,cpe:2.3:a:rpcd-mod-rrdns:rpcd-mod-rrdns:20170710:*:*:*:*:*:*:*,CONTROL_DIRECT,feeds/luci/libs/rpcd-mod-rrdns,rpcd-mod-rrdns,REVIEW_REQUIRED,"Exact firmware linkage is present, but the fixed local evidence registry does not establish the upstream defining function for this component. Structural package role alone is non-terminal.",MODERATE,,,PARTIAL_OR_SPLIT_COMPONENT,NOT_EVALUATED_RUNTIME_REVIEW,,,NOT_EVALUATED,false,false,,,,false,,false,false,,REVIEW_STOP,,,,N/A,,NO_CONTROL_CPE_ID,true,PRODUCT_RUNTIME,NO_FIXED_OFFICIAL_RUNTIME_ROLE_EVIDENCE,"Exact firmware linkage is present, but the fixed local evidence registry does not establish the upstream defining function for this component. Structural package role alone is non-terminal."
199987,rpcd-mod-smslimit,7.12,cpe:2.3:a:rpcd-mod-smslimit:rpcd-mod-smslimit:7.12:*:*:*:*:*:*:*,CONTROL_DIRECT,package/teltonika/smslimit,rpcd-mod-smslimit,REVIEW_REQUIRED,"Exact firmware linkage is present, but the fixed local evidence registry does not establish the upstream defining function for this component. Structural package role alone is non-terminal.",MODERATE,,,PARTIAL_OR_SPLIT_COMPONENT,NOT_EVALUATED_RUNTIME_REVIEW,,,NOT_EVALUATED,false,false,,,,false,,false,false,,REVIEW_STOP,,,,N/A,,NO_CONTROL_CPE_ID,true,PRODUCT_RUNTIME,NO_FIXED_OFFICIAL_RUNTIME_ROLE_EVIDENCE,"Exact firmware linkage is present, but the fixed local evidence registry does not establish the upstream defining function for this component. Structural package role alone is non-terminal."
199988,rpcd,2021-03-11-ccb75178-8,cpe:2.3:a:rpcd:rpcd:2021-03-11-ccb75178-8:*:*:*:*:*:*:*,CONTROL_DIRECT,package/system/rpcd,rpcd,REVIEW_REQUIRED,"Exact firmware linkage is present, but the fixed local evidence registry does not establish the upstream defining function for this component. Structural package role alone is non-terminal.",MODERATE,,,POSSIBLE_PRODUCT,NOT_EVALUATED_RUNTIME_REVIEW,,,NOT_EVALUATED,false,false,,,,false,,false,false,,REVIEW_STOP,,,,N/A,,NO_CONTROL_CPE_ID,true,PRODUCT_RUNTIME,NO_FIXED_OFFICIAL_RUNTIME_ROLE_EVIDENCE,"Exact firmware linkage is present, but the fixed local evidence registry does not establish the upstream defining function for this component. Structural package role alone is non-terminal."
199989,rut_fota,2.16.1,cpe:2.3:a:rut_fota:rut_fota:2.16.1:*:*:*:*:*:*:*,CONTROL_DIRECT,package/teltonika/rut_fota,rut_fota,REVIEW_REQUIRED,"Exact firmware linkage is present, but the fixed local evidence registry does not establish the upstream defining function for this component. Structural package role alone is non-terminal.",MODERATE,,,POSSIBLE_PRODUCT,NOT_EVALUATED_RUNTIME_REVIEW,,,NOT_EVALUATED,false,false,,,,false,,false,false,,REVIEW_STOP,,,,N/A,,NO_CONTROL_CPE_ID,true,PRODUCT_RUNTIME,NO_FIXED_OFFICIAL_RUNTIME_ROLE_EVIDENCE,"Exact firmware linkage is present, but the fixed local evidence registry does not establish the upstream defining function for this component. Structural package role alone is non-terminal."
199990,serial,2024-11-21,cpe:2.3:a:serial:serial:2024-11-21:*:*:*:*:*:*:*,CONTROL_DIRECT,package/teltonika/serial,serial,REVIEW_REQUIRED,"Exact firmware linkage is present, but the fixed local evidence registry does not establish the upstream defining function for this component. Structural package role alone is non-terminal.",MODERATE,,,UNRESOLVED,NOT_EVALUATED_RUNTIME_REVIEW,,,NOT_EVALUATED,false,false,,,,false,,false,false,,REVIEW_STOP,,,,N/A,,NO_CONTROL_CPE_ID,true,PRODUCT_RUNTIME,NO_FIXED_OFFICIAL_RUNTIME_ROLE_EVIDENCE,"Exact firmware linkage is present, but the fixed local evidence registry does not establish the upstream defining function for this component. Structural package role alone is non-terminal."
199991,shellinabox,2025-02-17-4,cpe:2.3:a:shellinabox:shellinabox:2025-02-17-4:*:*:*:*:*:*:*,CONTROL_DIRECT,package/teltonika/shellinabox,shellinabox,REVIEW_REQUIRED,"Exact firmware linkage is present, but the fixed local evidence registry does not establish the upstream defining function for this component. Structural package role alone is non-terminal.",MODERATE,,,UNRESOLVED,NOT_EVALUATED_RUNTIME_REVIEW,,,NOT_EVALUATED,false,false,,,,false,,false,false,,REVIEW_STOP,,,,N/A,,NO_CONTROL_CPE_ID,true,PRODUCT_RUNTIME,NO_FIXED_OFFICIAL_RUNTIME_ROLE_EVIDENCE,"Exact firmware linkage is present, but the fixed local evidence registry does not establish the upstream defining function for this component. Structural package role alone is non-terminal."
199992,sim_switch,2025-02-21-1,cpe:2.3:a:sim_switch:sim_switch:2025-02-21-1:*:*:*:*:*:*:*,CONTROL_DIRECT,package/teltonika/sim_switch,sim_switch,REVIEW_REQUIRED,"Exact firmware linkage is present, but the fixed local evidence registry does not establish the upstream defining function for this component. Structural package role alone is non-terminal.",MODERATE,,,UNRESOLVED,NOT_EVALUATED_RUNTIME_REVIEW,,,NOT_EVALUATED,false,false,,,,false,,false,false,,REVIEW_STOP,,,,N/A,,NO_CONTROL_CPE_ID,true,PRODUCT_RUNTIME,NO_FIXED_OFFICIAL_RUNTIME_ROLE_EVIDENCE,"Exact firmware linkage is present, but the fixed local evidence registry does not establish the upstream defining function for this component. Structural package role alone is non-terminal."
199993,snsupdate,1.0,cpe:2.3:a:snsupdate:snsupdate:1.0:*:*:*:*:*:*:*,CONTROL_DIRECT,package/teltonika/snsupdate,snsupdate,REVIEW_REQUIRED,"Exact firmware linkage is present, but the fixed local evidence registry does not establish the upstream defining function for this component. Structural package role alone is non-terminal.",MODERATE,,,UNRESOLVED,NOT_EVALUATED_RUNTIME_REVIEW,,,NOT_EVALUATED,false,false,,,,false,,false,false,,REVIEW_STOP,,,,N/A,,NO_CONTROL_CPE_ID,true,PRODUCT_RUNTIME,NO_FIXED_OFFICIAL_RUNTIME_ROLE_EVIDENCE,"Exact firmware linkage is present, but the fixed local evidence registry does not establish the upstream defining function for this component. Structural package role alone is non-terminal."
199994,sodog-tlt,2025-02-20,cpe:2.3:a:sodog-tlt:sodog-tlt:2025-02-20:*:*:*:*:*:*:*,CONTROL_DIRECT,package/teltonika/sodog-tlt,sodog-tlt,REVIEW_REQUIRED,"Exact firmware linkage is present, but the fixed local evidence registry does not establish the upstream defining function for this component. Structural package role alone is non-terminal.",MODERATE,,,UNRESOLVED,NOT_EVALUATED_RUNTIME_REVIEW,,,NOT_EVALUATED,false,false,,,,false,,false,false,,REVIEW_STOP,,,,N/A,,NO_CONTROL_CPE_ID,true,PRODUCT_RUNTIME,NO_FIXED_OFFICIAL_RUNTIME_ROLE_EVIDENCE,"Exact firmware linkage is present, but the fixed local evidence registry does not establish the upstream defining function for this component. Structural package role alone is non-terminal."
199995,storage-memory-expansion,2023-07-25-1,cpe:2.3:a:storage-memory-expansion:storage-memory-expansion:2023-07-25-1:*:*:*:*:*:*:*,CONTROL_DIRECT,package/teltonika/storage-memory-expansion,storage-memory-expansion,REVIEW_REQUIRED,"Exact firmware linkage is present, but the fixed local evidence registry does not establish the upstream defining function for this component. Structural package role alone is non-terminal.",MODERATE,,,POSSIBLE_PRODUCT,NOT_EVALUATED_RUNTIME_REVIEW,,,NOT_EVALUATED,false,false,,,,false,,false,false,,REVIEW_STOP,,,,N/A,,NO_CONTROL_CPE_ID,true,PRODUCT_RUNTIME,NO_FIXED_OFFICIAL_RUNTIME_ROLE_EVIDENCE,"Exact firmware linkage is present, but the fixed local evidence registry does not establish the upstream defining function for this component. Structural package role alone is non-terminal."
199998,strongswan-mod-connmark,5.9.14-24,cpe:2.3:a:strongswan-mod-connmark:strongswan-mod-connmark:5.9.14-24:*:*:*:*:*:*:*,CONTROL_DIRECT,package/network/services/strongswan,strongswan-mod-connmark,REVIEW_REQUIRED,"Exact firmware linkage is present, but the fixed local evidence registry does not establish the upstream defining function for this component. Structural package role alone is non-terminal.",MODERATE,,,PARTIAL_OR_SPLIT_COMPONENT,NOT_EVALUATED_RUNTIME_REVIEW,,,NOT_EVALUATED,false,false,,,,false,,false,false,,REVIEW_STOP,,,,N/A,cpe:/a:strongswan:strongswan,GT_ABSENT,true,PRODUCT_RUNTIME,NO_FIXED_OFFICIAL_RUNTIME_ROLE_EVIDENCE,"Exact firmware linkage is present, but the fixed local evidence registry does not establish the upstream defining function for this component. Structural package role alone is non-terminal."
199999,strongswan-mod-constraints,5.9.14-24,cpe:2.3:a:strongswan-mod-constraints:strongswan-mod-constraints:5.9.14-24:*:*:*:*:*:*:*,CONTROL_DIRECT,package/network/services/strongswan,strongswan-mod-constraints,REVIEW_REQUIRED,"Exact firmware linkage is present, but the fixed local evidence registry does not establish the upstream defining function for this component. Structural package role alone is non-terminal.",MODERATE,,,PARTIAL_OR_SPLIT_COMPONENT,NOT_EVALUATED_RUNTIME_REVIEW,,,NOT_EVALUATED,false,false,,,,false,,false,false,,REVIEW_STOP,,,,N/A,cpe:/a:strongswan:strongswan,GT_ABSENT,true,PRODUCT_RUNTIME,NO_FIXED_OFFICIAL_RUNTIME_ROLE_EVIDENCE,"Exact firmware linkage is present, but the fixed local evidence registry does not establish the upstream defining function for this component. Structural package role alone is non-terminal."
200000,strongswan-mod-des,5.9.14-24,cpe:2.3:a:strongswan-mod-des:strongswan-mod-des:5.9.14-24:*:*:*:*:*:*:*,CONTROL_DIRECT,package/network/services/strongswan,strongswan-mod-des,REVIEW_REQUIRED,"Exact firmware linkage is present, but the fixed local evidence registry does not establish the upstream defining function for this component. Structural package role alone is non-terminal.",MODERATE,,,PARTIAL_OR_SPLIT_COMPONENT,NOT_EVALUATED_RUNTIME_REVIEW,,,NOT_EVALUATED,false,false,,,,false,,false,false,,REVIEW_STOP,,,,N/A,cpe:/a:strongswan:strongswan,GT_ABSENT,true,PRODUCT_RUNTIME,NO_FIXED_OFFICIAL_RUNTIME_ROLE_EVIDENCE,"Exact firmware linkage is present, but the fixed local evidence registry does not establish the upstream defining function for this component. Structural package role alone is non-terminal."
200001,strongswan-mod-eap-identity,5.9.14-24,cpe:2.3:a:strongswan-mod-eap-identity:strongswan-mod-eap-identity:5.9.14-24:*:*:*:*:*:*:*,CONTROL_DIRECT,package/network/services/strongswan,strongswan-mod-eap-identity,REVIEW_REQUIRED,"Exact firmware linkage is present, but the fixed local evidence registry does not establish the upstream defining function for this component. Structural package role alone is non-terminal.",MODERATE,,,PARTIAL_OR_SPLIT_COMPONENT,NOT_EVALUATED_RUNTIME_REVIEW,,,NOT_EVALUATED,false,false,,,,false,,false,false,,REVIEW_STOP,,,,N/A,cpe:/a:strongswan:strongswan,GT_ABSENT,true,PRODUCT_RUNTIME,NO_FIXED_OFFICIAL_RUNTIME_ROLE_EVIDENCE,"Exact firmware linkage is present, but the fixed local evidence registry does not establish the upstream defining function for this component. Structural package role alone is non-terminal."
200002,strongswan-mod-eap-mschapv2,5.9.14-24,cpe:2.3:a:strongswan-mod-eap-mschapv2:strongswan-mod-eap-mschapv2:5.9.14-24:*:*:*:*:*:*:*,CONTROL_DIRECT,package/network/services/strongswan,strongswan-mod-eap-mschapv2,REVIEW_REQUIRED,"Exact firmware linkage is present, but the fixed local evidence registry does not establish the upstream defining function for this component. Structural package role alone is non-terminal.",MODERATE,,,PARTIAL_OR_SPLIT_COMPONENT,NOT_EVALUATED_RUNTIME_REVIEW,,,NOT_EVALUATED,false,false,,,,false,,false,false,,REVIEW_STOP,,,,N/A,cpe:/a:strongswan:strongswan,GT_ABSENT,true,PRODUCT_RUNTIME,NO_FIXED_OFFICIAL_RUNTIME_ROLE_EVIDENCE,"Exact firmware linkage is present, but the fixed local evidence registry does not establish the upstream defining function for this component. Structural package role alone is non-terminal."
200003,strongswan-mod-kernel-netlink,5.9.14-24,cpe:2.3:a:strongswan-mod-kernel-netlink:strongswan-mod-kernel-netlink:5.9.14-24:*:*:*:*:*:*:*,CONTROL_DIRECT,package/network/services/strongswan,strongswan-mod-kernel-netlink,REVIEW_REQUIRED,"Official architecture makes the kernel interface a core daemon port and the exact minimal meta-package depends on this plugin, but the available evidence does not prove exclusive runtime selection over alternatives. Evidence: control+list+status+sibling dependency; version and architecture match; UP-STRONGSWAN-CHARON; UP-STRONGSWAN-PLUGINS; UP-STRONGSWAN-PLUGIN-LOAD.",MODERATE,strongSwan,,PARTIAL_OR_SPLIT_COMPONENT,NOT_EVALUATED_RUNTIME_REVIEW,,,NOT_EVALUATED,false,false,,,,false,,false,false,,REVIEW_STOP,,,,N/A,cpe:/a:strongswan:strongswan,GT_ABSENT,true,PRODUCT_RUNTIME,"Official architecture makes the kernel interface a core daemon port and the exact minimal meta-package depends on this plugin, but the available evidence does not prove exclusive runtime selection over alternatives. Evidence: control+list+status+sibling dependency; version and architecture match; UP-STRONGSWAN-CHARON; UP-STRONGSWAN-PLUGINS; UP-STRONGSWAN-PLUGIN-LOAD.","Official architecture makes the kernel interface a core daemon port and the exact minimal meta-package depends on this plugin, but the available evidence does not prove exclusive runtime selection over alternatives. Evidence: control+list+status+sibling dependency; version and architecture match; UP-STRONGSWAN-CHARON; UP-STRONGSWAN-PLUGINS; UP-STRONGSWAN-PLUGIN-LOAD."
200004,strongswan-mod-md4,5.9.14-24,cpe:2.3:a:strongswan-mod-md4:strongswan-mod-md4:5.9.14-24:*:*:*:*:*:*:*,CONTROL_DIRECT,package/network/services/strongswan,strongswan-mod-md4,REVIEW_REQUIRED,"Exact firmware linkage is present, but the fixed local evidence registry does not establish the upstream defining function for this component. Structural package role alone is non-terminal.",MODERATE,,,PARTIAL_OR_SPLIT_COMPONENT,NOT_EVALUATED_RUNTIME_REVIEW,,,NOT_EVALUATED,false,false,,,,false,,false,false,,REVIEW_STOP,,,,N/A,cpe:/a:strongswan:strongswan,GT_ABSENT,true,PRODUCT_RUNTIME,NO_FIXED_OFFICIAL_RUNTIME_ROLE_EVIDENCE,"Exact firmware linkage is present, but the fixed local evidence registry does not establish the upstream defining function for this component. Structural package role alone is non-terminal."
200005,strongswan-mod-mgf1,5.9.14-24,cpe:2.3:a:strongswan-mod-mgf1:strongswan-mod-mgf1:5.9.14-24:*:*:*:*:*:*:*,CONTROL_DIRECT,package/network/services/strongswan,strongswan-mod-mgf1,REVIEW_REQUIRED,"Exact firmware linkage is present, but the fixed local evidence registry does not establish the upstream defining function for this component. Structural package role alone is non-terminal.",MODERATE,,,PARTIAL_OR_SPLIT_COMPONENT,NOT_EVALUATED_RUNTIME_REVIEW,,,NOT_EVALUATED,false,false,,,,false,,false,false,,REVIEW_STOP,,,,N/A,cpe:/a:strongswan:strongswan,GT_ABSENT,true,PRODUCT_RUNTIME,NO_FIXED_OFFICIAL_RUNTIME_ROLE_EVIDENCE,"Exact firmware linkage is present, but the fixed local evidence registry does not establish the upstream defining function for this component. Structural package role alone is non-terminal."
200006,strongswan-mod-nonce,5.9.14-24,cpe:2.3:a:strongswan-mod-nonce:strongswan-mod-nonce:5.9.14-24:*:*:*:*:*:*:*,CONTROL_DIRECT,package/network/services/strongswan,strongswan-mod-nonce,REVIEW_REQUIRED,"Exact firmware linkage is present, but the fixed local evidence registry does not establish the upstream defining function for this component. Structural package role alone is non-terminal.",MODERATE,,,PARTIAL_OR_SPLIT_COMPONENT,NOT_EVALUATED_RUNTIME_REVIEW,,,NOT_EVALUATED,false,false,,,,false,,false,false,,REVIEW_STOP,,,,N/A,cpe:/a:strongswan:strongswan,GT_ABSENT,true,PRODUCT_RUNTIME,NO_FIXED_OFFICIAL_RUNTIME_ROLE_EVIDENCE,"Exact firmware linkage is present, but the fixed local evidence registry does not establish the upstream defining function for this component. Structural package role alone is non-terminal."
200008,strongswan-mod-pem,5.9.14-24,cpe:2.3:a:strongswan-mod-pem:strongswan-mod-pem:5.9.14-24:*:*:*:*:*:*:*,CONTROL_DIRECT,package/network/services/strongswan,strongswan-mod-pem,REVIEW_REQUIRED,"Exact firmware linkage is present, but the fixed local evidence registry does not establish the upstream defining function for this component. Structural package role alone is non-terminal.",MODERATE,,,PARTIAL_OR_SPLIT_COMPONENT,NOT_EVALUATED_RUNTIME_REVIEW,,,NOT_EVALUATED,false,false,,,,false,,false,false,,REVIEW_STOP,,,,N/A,cpe:/a:strongswan:strongswan,GT_ABSENT,true,PRODUCT_RUNTIME,NO_FIXED_OFFICIAL_RUNTIME_ROLE_EVIDENCE,"Exact firmware linkage is present, but the fixed local evidence registry does not establish the upstream defining function for this component. Structural package role alone is non-terminal."
200009,strongswan-mod-pgp,5.9.14-24,cpe:2.3:a:strongswan-mod-pgp:strongswan-mod-pgp:5.9.14-24:*:*:*:*:*:*:*,CONTROL_DIRECT,package/network/services/strongswan,strongswan-mod-pgp,REVIEW_REQUIRED,"Exact firmware linkage is present, but the fixed local evidence registry does not establish the upstream defining function for this component. Structural package role alone is non-terminal.",MODERATE,,,PARTIAL_OR_SPLIT_COMPONENT,NOT_EVALUATED_RUNTIME_REVIEW,,,NOT_EVALUATED,false,false,,,,false,,false,false,,REVIEW_STOP,,,,N/A,cpe:/a:strongswan:strongswan,GT_ABSENT,true,PRODUCT_RUNTIME,NO_FIXED_OFFICIAL_RUNTIME_ROLE_EVIDENCE,"Exact firmware linkage is present, but the fixed local evidence registry does not establish the upstream defining function for this component. Structural package role alone is non-terminal."
200010,strongswan-mod-pkcs1,5.9.14-24,cpe:2.3:a:strongswan-mod-pkcs1:strongswan-mod-pkcs1:5.9.14-24:*:*:*:*:*:*:*,CONTROL_DIRECT,package/network/services/strongswan,strongswan-mod-pkcs1,REVIEW_REQUIRED,"Exact firmware linkage is present, but the fixed local evidence registry does not establish the upstream defining function for this component. Structural package role alone is non-terminal.",MODERATE,,,PARTIAL_OR_SPLIT_COMPONENT,NOT_EVALUATED_RUNTIME_REVIEW,,,NOT_EVALUATED,false,false,,,,false,,false,false,,REVIEW_STOP,,,,N/A,cpe:/a:strongswan:strongswan,GT_ABSENT,true,PRODUCT_RUNTIME,NO_FIXED_OFFICIAL_RUNTIME_ROLE_EVIDENCE,"Exact firmware linkage is present, but the fixed local evidence registry does not establish the upstream defining function for this component. Structural package role alone is non-terminal."
200011,strongswan-mod-pkcs8,5.9.14-24,cpe:2.3:a:strongswan-mod-pkcs8:strongswan-mod-pkcs8:5.9.14-24:*:*:*:*:*:*:*,CONTROL_DIRECT,package/network/services/strongswan,strongswan-mod-pkcs8,REVIEW_REQUIRED,"Exact firmware linkage is present, but the fixed local evidence registry does not establish the upstream defining function for this component. Structural package role alone is non-terminal.",MODERATE,,,PARTIAL_OR_SPLIT_COMPONENT,NOT_EVALUATED_RUNTIME_REVIEW,,,NOT_EVALUATED,false,false,,,,false,,false,false,,REVIEW_STOP,,,,N/A,cpe:/a:strongswan:strongswan,GT_ABSENT,true,PRODUCT_RUNTIME,NO_FIXED_OFFICIAL_RUNTIME_ROLE_EVIDENCE,"Exact firmware linkage is present, but the fixed local evidence registry does not establish the upstream defining function for this component. Structural package role alone is non-terminal."
200012,strongswan-mod-pubkey,5.9.14-24,cpe:2.3:a:strongswan-mod-pubkey:strongswan-mod-pubkey:5.9.14-24:*:*:*:*:*:*:*,CONTROL_DIRECT,package/network/services/strongswan,strongswan-mod-pubkey,REVIEW_REQUIRED,"Exact firmware linkage is present, but the fixed local evidence registry does not establish the upstream defining function for this component. Structural package role alone is non-terminal.",MODERATE,,,PARTIAL_OR_SPLIT_COMPONENT,NOT_EVALUATED_RUNTIME_REVIEW,,,NOT_EVALUATED,false,false,,,,false,,false,false,,REVIEW_STOP,,,,N/A,cpe:/a:strongswan:strongswan,GT_ABSENT,true,PRODUCT_RUNTIME,NO_FIXED_OFFICIAL_RUNTIME_ROLE_EVIDENCE,"Exact firmware linkage is present, but the fixed local evidence registry does not establish the upstream defining function for this component. Structural package role alone is non-terminal."
200013,strongswan-mod-random,5.9.14-24,cpe:2.3:a:strongswan-mod-random:strongswan-mod-random:5.9.14-24:*:*:*:*:*:*:*,CONTROL_DIRECT,package/network/services/strongswan,strongswan-mod-random,REVIEW_REQUIRED,"Exact firmware linkage is present, but the fixed local evidence registry does not establish the upstream defining function for this component. Structural package role alone is non-terminal.",MODERATE,,,PARTIAL_OR_SPLIT_COMPONENT,NOT_EVALUATED_RUNTIME_REVIEW,,,NOT_EVALUATED,false,false,,,,false,,false,false,,REVIEW_STOP,,,,N/A,cpe:/a:strongswan:strongswan,GT_ABSENT,true,PRODUCT_RUNTIME,NO_FIXED_OFFICIAL_RUNTIME_ROLE_EVIDENCE,"Exact firmware linkage is present, but the fixed local evidence registry does not establish the upstream defining function for this component. Structural package role alone is non-terminal."
200014,strongswan-mod-revocation,5.9.14-24,cpe:2.3:a:strongswan-mod-revocation:strongswan-mod-revocation:5.9.14-24:*:*:*:*:*:*:*,CONTROL_DIRECT,package/network/services/strongswan,strongswan-mod-revocation,REVIEW_REQUIRED,"Exact firmware linkage is present, but the fixed local evidence registry does not establish the upstream defining function for this component. Structural package role alone is non-terminal.",MODERATE,,,PARTIAL_OR_SPLIT_COMPONENT,NOT_EVALUATED_RUNTIME_REVIEW,,,NOT_EVALUATED,false,false,,,,false,,false,false,,REVIEW_STOP,,,,N/A,cpe:/a:strongswan:strongswan,GT_ABSENT,true,PRODUCT_RUNTIME,NO_FIXED_OFFICIAL_RUNTIME_ROLE_EVIDENCE,"Exact firmware linkage is present, but the fixed local evidence registry does not establish the upstream defining function for this component. Structural package role alone is non-terminal."
200015,strongswan-mod-sha1,5.9.14-24,cpe:2.3:a:strongswan-mod-sha1:strongswan-mod-sha1:5.9.14-24:*:*:*:*:*:*:*,CONTROL_DIRECT,package/network/services/strongswan,strongswan-mod-sha1,REVIEW_REQUIRED,"Exact firmware linkage is present, but the fixed local evidence registry does not establish the upstream defining function for this component. Structural package role alone is non-terminal.",MODERATE,,,PARTIAL_OR_SPLIT_COMPONENT,NOT_EVALUATED_RUNTIME_REVIEW,,,NOT_EVALUATED,false,false,,,,false,,false,false,,REVIEW_STOP,,,,N/A,cpe:/a:strongswan:strongswan,GT_ABSENT,true,PRODUCT_RUNTIME,NO_FIXED_OFFICIAL_RUNTIME_ROLE_EVIDENCE,"Exact firmware linkage is present, but the fixed local evidence registry does not establish the upstream defining function for this component. Structural package role alone is non-terminal."
200016,strongswan-mod-socket-default,5.9.14-24,cpe:2.3:a:strongswan-mod-socket-default:strongswan-mod-socket-default:5.9.14-24:*:*:*:*:*:*:*,CONTROL_DIRECT,package/network/services/strongswan,strongswan-mod-socket-default,REVIEW_REQUIRED,"The socket is part of the official daemon architecture and the exact minimal profile depends on this implementation, but plugin replaceability and active selection are not fully established. Evidence: control+list+status+sibling dependency; version and architecture match; UP-STRONGSWAN-CHARON; UP-STRONGSWAN-PLUGINS; UP-STRONGSWAN-PLUGIN-LOAD.",MODERATE,strongSwan,,PARTIAL_OR_SPLIT_COMPONENT,NOT_EVALUATED_RUNTIME_REVIEW,,,NOT_EVALUATED,false,false,,,,false,,false,false,,REVIEW_STOP,,,,N/A,cpe:/a:strongswan:strongswan,GT_ABSENT,true,PRODUCT_RUNTIME,"The socket is part of the official daemon architecture and the exact minimal profile depends on this implementation, but plugin replaceability and active selection are not fully established. Evidence: control+list+status+sibling dependency; version and architecture match; UP-STRONGSWAN-CHARON; UP-STRONGSWAN-PLUGINS; UP-STRONGSWAN-PLUGIN-LOAD.","The socket is part of the official daemon architecture and the exact minimal profile depends on this implementation, but plugin replaceability and active selection are not fully established. Evidence: control+list+status+sibling dependency; version and architecture match; UP-STRONGSWAN-CHARON; UP-STRONGSWAN-PLUGINS; UP-STRONGSWAN-PLUGIN-LOAD."
200017,strongswan-mod-updown,5.9.14-24,cpe:2.3:a:strongswan-mod-updown:strongswan-mod-updown:5.9.14-24:*:*:*:*:*:*:*,CONTROL_DIRECT,package/network/services/strongswan,strongswan-mod-updown,REVIEW_REQUIRED,"Exact firmware linkage is present, but the fixed local evidence registry does not establish the upstream defining function for this component. Structural package role alone is non-terminal.",MODERATE,,,PARTIAL_OR_SPLIT_COMPONENT,NOT_EVALUATED_RUNTIME_REVIEW,,,NOT_EVALUATED,false,false,,,,false,,false,false,,REVIEW_STOP,,,,N/A,cpe:/a:strongswan:strongswan,GT_ABSENT,true,PRODUCT_RUNTIME,NO_FIXED_OFFICIAL_RUNTIME_ROLE_EVIDENCE,"Exact firmware linkage is present, but the fixed local evidence registry does not establish the upstream defining function for this component. Structural package role alone is non-terminal."
200019,strongswan-mod-x509,5.9.14-24,cpe:2.3:a:strongswan-mod-x509:strongswan-mod-x509:5.9.14-24:*:*:*:*:*:*:*,CONTROL_DIRECT,package/network/services/strongswan,strongswan-mod-x509,REVIEW_REQUIRED,"Exact firmware linkage is present, but the fixed local evidence registry does not establish the upstream defining function for this component. Structural package role alone is non-terminal.",MODERATE,,,PARTIAL_OR_SPLIT_COMPONENT,NOT_EVALUATED_RUNTIME_REVIEW,,,NOT_EVALUATED,false,false,,,,false,,false,false,,REVIEW_STOP,,,,N/A,cpe:/a:strongswan:strongswan,GT_ABSENT,true,PRODUCT_RUNTIME,NO_FIXED_OFFICIAL_RUNTIME_ROLE_EVIDENCE,"Exact firmware linkage is present, but the fixed local evidence registry does not establish the upstream defining function for this component. Structural package role alone is non-terminal."
200020,strongswan-mod-xauth-generic,5.9.14-24,cpe:2.3:a:strongswan-mod-xauth-generic:strongswan-mod-xauth-generic:5.9.14-24:*:*:*:*:*:*:*,CONTROL_DIRECT,package/network/services/strongswan,strongswan-mod-xauth-generic,REVIEW_REQUIRED,"Exact firmware linkage is present, but the fixed local evidence registry does not establish the upstream defining function for this component. Structural package role alone is non-terminal.",MODERATE,,,PARTIAL_OR_SPLIT_COMPONENT,NOT_EVALUATED_RUNTIME_REVIEW,,,NOT_EVALUATED,false,false,,,,false,,false,false,,REVIEW_STOP,,,,N/A,cpe:/a:strongswan:strongswan,GT_ABSENT,true,PRODUCT_RUNTIME,NO_FIXED_OFFICIAL_RUNTIME_ROLE_EVIDENCE,"Exact firmware linkage is present, but the fixed local evidence registry does not establish the upstream defining function for this component. Structural package role alone is non-terminal."
200021,strongswan-mod-xcbc,5.9.14-24,cpe:2.3:a:strongswan-mod-xcbc:strongswan-mod-xcbc:5.9.14-24:*:*:*:*:*:*:*,CONTROL_DIRECT,package/network/services/strongswan,strongswan-mod-xcbc,REVIEW_REQUIRED,"Exact firmware linkage is present, but the fixed local evidence registry does not establish the upstream defining function for this component. Structural package role alone is non-terminal.",MODERATE,,,PARTIAL_OR_SPLIT_COMPONENT,NOT_EVALUATED_RUNTIME_REVIEW,,,NOT_EVALUATED,false,false,,,,false,,false,false,,REVIEW_STOP,,,,N/A,cpe:/a:strongswan:strongswan,GT_ABSENT,true,PRODUCT_RUNTIME,NO_FIXED_OFFICIAL_RUNTIME_ROLE_EVIDENCE,"Exact firmware linkage is present, but the fixed local evidence registry does not establish the upstream defining function for this component. Structural package role alone is non-terminal."
200024,swanmon,0.3-1,cpe:2.3:a:swanmon:swanmon:0.3-1:*:*:*:*:*:*:*,CONTROL_DIRECT,package/network/utils/swanmon,swanmon,REVIEW_REQUIRED,"Exact firmware linkage is present, but the fixed local evidence registry does not establish the upstream defining function for this component. Structural package role alone is non-terminal.",MODERATE,,,POSSIBLE_PRODUCT,NOT_EVALUATED_RUNTIME_REVIEW,,,NOT_EVALUATED,false,false,,,,false,,false,false,,REVIEW_STOP,,,,N/A,,NO_CONTROL_CPE_ID,true,PRODUCT_RUNTIME,NO_FIXED_OFFICIAL_RUNTIME_ROLE_EVIDENCE,"Exact firmware linkage is present, but the fixed local evidence registry does not establish the upstream defining function for this component. Structural package role alone is non-terminal."
200025,swconfig,13,cpe:2.3:a:swconfig:swconfig:13:*:*:*:*:*:*:*,CONTROL_DIRECT,package/network/config/swconfig,swconfig,REVIEW_REQUIRED,"Exact firmware linkage is present, but the fixed local evidence registry does not establish the upstream defining function for this component. Structural package role alone is non-terminal.",MODERATE,,,POSSIBLE_PRODUCT,NOT_EVALUATED_RUNTIME_REVIEW,,,NOT_EVALUATED,false,false,,,,false,,false,false,,REVIEW_STOP,,,,N/A,,NO_CONTROL_CPE_ID,true,PRODUCT_RUNTIME,NO_FIXED_OFFICIAL_RUNTIME_ROLE_EVIDENCE,"Exact firmware linkage is present, but the fixed local evidence registry does not establish the upstream defining function for this component. Structural package role alone is non-terminal."
200027,troubleshoot,1.4,cpe:2.3:a:troubleshoot:troubleshoot:1.4:*:*:*:*:*:*:*,CONTROL_DIRECT,package/teltonika/troubleshoot,troubleshoot,REVIEW_REQUIRED,"Exact firmware linkage is present, but the fixed local evidence registry does not establish the upstream defining function for this component. Structural package role alone is non-terminal.",MODERATE,,,UNRESOLVED,NOT_EVALUATED_RUNTIME_REVIEW,,,NOT_EVALUATED,false,false,,,,false,,false,false,,REVIEW_STOP,,,,N/A,,NO_CONTROL_CPE_ID,true,PRODUCT_RUNTIME,NO_FIXED_OFFICIAL_RUNTIME_ROLE_EVIDENCE,"Exact firmware linkage is present, but the fixed local evidence registry does not establish the upstream defining function for this component. Structural package role alone is non-terminal."
200029,ubox,2020-10-25-9ef88681-10,cpe:2.3:a:ubox:ubox:2020-10-25-9ef88681-10:*:*:*:*:*:*:*,CONTROL_DIRECT,package/system/ubox,ubox,REVIEW_REQUIRED,"Exact firmware linkage is present, but the fixed local evidence registry does not establish the upstream defining function for this component. Structural package role alone is non-terminal.",MODERATE,,,POSSIBLE_PRODUCT,NOT_EVALUATED_RUNTIME_REVIEW,,,NOT_EVALUATED,false,false,,,,false,,false,false,,REVIEW_STOP,,,,N/A,,NO_CONTROL_CPE_ID,true,PRODUCT_RUNTIME,NO_FIXED_OFFICIAL_RUNTIME_ROLE_EVIDENCE,"Exact firmware linkage is present, but the fixed local evidence registry does not establish the upstream defining function for this component. Structural package role alone is non-terminal."
200030,ubus,2021-06-30-4fc532c8-6,cpe:2.3:a:ubus:ubus:2021-06-30-4fc532c8-6:*:*:*:*:*:*:*,CONTROL_DIRECT,package/system/ubus,ubus,REVIEW_REQUIRED,"Exact firmware linkage is present, but the fixed local evidence registry does not establish the upstream defining function for this component. Structural package role alone is non-terminal.",MODERATE,,,POSSIBLE_PRODUCT,NOT_EVALUATED_RUNTIME_REVIEW,,,NOT_EVALUATED,false,false,,,,false,,false,false,,REVIEW_STOP,,,,N/A,,NO_CONTROL_CPE_ID,true,PRODUCT_RUNTIME,NO_FIXED_OFFICIAL_RUNTIME_ROLE_EVIDENCE,"Exact firmware linkage is present, but the fixed local evidence registry does not establish the upstream defining function for this component. Structural package role alone is non-terminal."
200031,ubusd,2021-06-30-4fc532c8-6,cpe:2.3:a:ubusd:ubusd:2021-06-30-4fc532c8-6:*:*:*:*:*:*:*,CONTROL_DIRECT,package/system/ubus,ubusd,REVIEW_REQUIRED,"Exact firmware linkage is present, but the fixed local evidence registry does not establish the upstream defining function for this component. Structural package role alone is non-terminal.",MODERATE,,,PARTIAL_OR_SPLIT_COMPONENT,NOT_EVALUATED_RUNTIME_REVIEW,,,NOT_EVALUATED,false,false,,,,false,,false,false,,REVIEW_STOP,,,,N/A,,NO_CONTROL_CPE_ID,true,PRODUCT_RUNTIME,NO_FIXED_OFFICIAL_RUNTIME_ROLE_EVIDENCE,"Exact firmware linkage is present, but the fixed local evidence registry does not establish the upstream defining function for this component. Structural package role alone is non-terminal."
200033,uci,2021-10-22-f84f49f0-12-12,cpe:2.3:a:uci:uci:2021-10-22-f84f49f0-12-12:*:*:*:*:*:*:*,CONTROL_DIRECT,package/system/uci,uci,REVIEW_REQUIRED,"Exact firmware linkage is present, but the fixed local evidence registry does not establish the upstream defining function for this component. Structural package role alone is non-terminal.",MODERATE,,,POSSIBLE_PRODUCT,NOT_EVALUATED_RUNTIME_REVIEW,,,NOT_EVALUATED,false,false,,,,false,,false,false,,REVIEW_STOP,,,,N/A,,NO_CONTROL_CPE_ID,true,PRODUCT_RUNTIME,NO_FIXED_OFFICIAL_RUNTIME_ROLE_EVIDENCE,"Exact firmware linkage is present, but the fixed local evidence registry does not establish the upstream defining function for this component. Structural package role alone is non-terminal."
200034,uclient-fetch,2021-05-14-6a6011df-1,cpe:2.3:a:uclient-fetch:uclient-fetch:2021-05-14-6a6011df-1:*:*:*:*:*:*:*,CONTROL_DIRECT,package/libs/uclient,uclient-fetch,REVIEW_REQUIRED,"Exact firmware linkage is present, but the fixed local evidence registry does not establish the upstream defining function for this component. Structural package role alone is non-terminal.",MODERATE,,,PARTIAL_OR_SPLIT_COMPONENT,NOT_EVALUATED_RUNTIME_REVIEW,,,NOT_EVALUATED,false,false,,,,false,,false,false,,REVIEW_STOP,,,,N/A,,NO_CONTROL_CPE_ID,true,PRODUCT_RUNTIME,NO_FIXED_OFFICIAL_RUNTIME_ROLE_EVIDENCE,"Exact firmware linkage is present, but the fixed local evidence registry does not establish the upstream defining function for this component. Structural package role alone is non-terminal."
200035,ucode-mod-fs,2023-06-06-c7d84aae-1,cpe:2.3:a:ucode-mod-fs:ucode-mod-fs:2023-06-06-c7d84aae-1:*:*:*:*:*:*:*,CONTROL_DIRECT,package/utils/ucode,ucode-mod-fs,REVIEW_REQUIRED,"Exact firmware linkage is present, but the fixed local evidence registry does not establish the upstream defining function for this component. Structural package role alone is non-terminal.",MODERATE,,,PARTIAL_OR_SPLIT_COMPONENT,NOT_EVALUATED_RUNTIME_REVIEW,,,NOT_EVALUATED,false,false,,,,false,,false,false,,REVIEW_STOP,,,,N/A,,NO_CONTROL_CPE_ID,true,PRODUCT_RUNTIME,NO_FIXED_OFFICIAL_RUNTIME_ROLE_EVIDENCE,"Exact firmware linkage is present, but the fixed local evidence registry does not establish the upstream defining function for this component. Structural package role alone is non-terminal."
200036,ucode-mod-nl80211,2023-06-06-c7d84aae-1,cpe:2.3:a:ucode-mod-nl80211:ucode-mod-nl80211:2023-06-06-c7d84aae-1:*:*:*:*:*:*:*,CONTROL_DIRECT,package/utils/ucode,ucode-mod-nl80211,REVIEW_REQUIRED,"Exact firmware linkage is present, but the fixed local evidence registry does not establish the upstream defining function for this component. Structural package role alone is non-terminal.",MODERATE,,,PARTIAL_OR_SPLIT_COMPONENT,NOT_EVALUATED_RUNTIME_REVIEW,,,NOT_EVALUATED,false,false,,,,false,,false,false,,REVIEW_STOP,,,,N/A,,NO_CONTROL_CPE_ID,true,PRODUCT_RUNTIME,NO_FIXED_OFFICIAL_RUNTIME_ROLE_EVIDENCE,"Exact firmware linkage is present, but the fixed local evidence registry does not establish the upstream defining function for this component. Structural package role alone is non-terminal."
200037,ucode-mod-rtnl,2023-06-06-c7d84aae-1,cpe:2.3:a:ucode-mod-rtnl:ucode-mod-rtnl:2023-06-06-c7d84aae-1:*:*:*:*:*:*:*,CONTROL_DIRECT,package/utils/ucode,ucode-mod-rtnl,REVIEW_REQUIRED,"Exact firmware linkage is present, but the fixed local evidence registry does not establish the upstream defining function for this component. Structural package role alone is non-terminal.",MODERATE,,,PARTIAL_OR_SPLIT_COMPONENT,NOT_EVALUATED_RUNTIME_REVIEW,,,NOT_EVALUATED,false,false,,,,false,,false,false,,REVIEW_STOP,,,,N/A,,NO_CONTROL_CPE_ID,true,PRODUCT_RUNTIME,NO_FIXED_OFFICIAL_RUNTIME_ROLE_EVIDENCE,"Exact firmware linkage is present, but the fixed local evidence registry does not establish the upstream defining function for this component. Structural package role alone is non-terminal."
200038,ucode-mod-ubus,2023-06-06-c7d84aae-1,cpe:2.3:a:ucode-mod-ubus:ucode-mod-ubus:2023-06-06-c7d84aae-1:*:*:*:*:*:*:*,CONTROL_DIRECT,package/utils/ucode,ucode-mod-ubus,REVIEW_REQUIRED,"Exact firmware linkage is present, but the fixed local evidence registry does not establish the upstream defining function for this component. Structural package role alone is non-terminal.",MODERATE,,,PARTIAL_OR_SPLIT_COMPONENT,NOT_EVALUATED_RUNTIME_REVIEW,,,NOT_EVALUATED,false,false,,,,false,,false,false,,REVIEW_STOP,,,,N/A,,NO_CONTROL_CPE_ID,true,PRODUCT_RUNTIME,NO_FIXED_OFFICIAL_RUNTIME_ROLE_EVIDENCE,"Exact firmware linkage is present, but the fixed local evidence registry does not establish the upstream defining function for this component. Structural package role alone is non-terminal."
200039,ucode-mod-uloop,2023-06-06-c7d84aae-1,cpe:2.3:a:ucode-mod-uloop:ucode-mod-uloop:2023-06-06-c7d84aae-1:*:*:*:*:*:*:*,CONTROL_DIRECT,package/utils/ucode,ucode-mod-uloop,REVIEW_REQUIRED,"Exact firmware linkage is present, but the fixed local evidence registry does not establish the upstream defining function for this component. Structural package role alone is non-terminal.",MODERATE,,,PARTIAL_OR_SPLIT_COMPONENT,NOT_EVALUATED_RUNTIME_REVIEW,,,NOT_EVALUATED,false,false,,,,false,,false,false,,REVIEW_STOP,,,,N/A,,NO_CONTROL_CPE_ID,true,PRODUCT_RUNTIME,NO_FIXED_OFFICIAL_RUNTIME_ROLE_EVIDENCE,"Exact firmware linkage is present, but the fixed local evidence registry does not establish the upstream defining function for this component. Structural package role alone is non-terminal."
200040,ucode,2023-06-06-c7d84aae-1,cpe:2.3:a:ucode:ucode:2023-06-06-c7d84aae-1:*:*:*:*:*:*:*,CONTROL_DIRECT,package/utils/ucode,ucode,REVIEW_REQUIRED,"Exact firmware linkage is present, but the fixed local evidence registry does not establish the upstream defining function for this component. Structural package role alone is non-terminal.",MODERATE,,,POSSIBLE_PRODUCT,NOT_EVALUATED_RUNTIME_REVIEW,,,NOT_EVALUATED,false,false,,,,false,,false,false,,REVIEW_STOP,,,,N/A,,NO_CONTROL_CPE_ID,true,PRODUCT_RUNTIME,NO_FIXED_OFFICIAL_RUNTIME_ROLE_EVIDENCE,"Exact firmware linkage is present, but the fixed local evidence registry does not establish the upstream defining function for this component. Structural package role alone is non-terminal."
200041,uhttpd-mod-lua,2021-03-21-15346de8-9,cpe:2.3:a:uhttpd-mod-lua:uhttpd-mod-lua:2021-03-21-15346de8-9:*:*:*:*:*:*:*,CONTROL_DIRECT,package/network/services/uhttpd,uhttpd-mod-lua,REVIEW_REQUIRED,"Exact firmware linkage is present, but the fixed local evidence registry does not establish the upstream defining function for this component. Structural package role alone is non-terminal.",MODERATE,,,PARTIAL_OR_SPLIT_COMPONENT,NOT_EVALUATED_RUNTIME_REVIEW,,,NOT_EVALUATED,false,false,,,,false,,false,false,,REVIEW_STOP,,,,N/A,,NO_CONTROL_CPE_ID,true,PRODUCT_RUNTIME,NO_FIXED_OFFICIAL_RUNTIME_ROLE_EVIDENCE,"Exact firmware linkage is present, but the fixed local evidence registry does not establish the upstream defining function for this component. Structural package role alone is non-terminal."
200042,uhttpd-mod-ubus,2021-03-21-15346de8-9,cpe:2.3:a:uhttpd-mod-ubus:uhttpd-mod-ubus:2021-03-21-15346de8-9:*:*:*:*:*:*:*,CONTROL_DIRECT,package/network/services/uhttpd,uhttpd-mod-ubus,REVIEW_REQUIRED,"Exact firmware linkage is present, but the fixed local evidence registry does not establish the upstream defining function for this component. Structural package role alone is non-terminal.",MODERATE,,,PARTIAL_OR_SPLIT_COMPONENT,NOT_EVALUATED_RUNTIME_REVIEW,,,NOT_EVALUATED,false,false,,,,false,,false,false,,REVIEW_STOP,,,,N/A,,NO_CONTROL_CPE_ID,true,PRODUCT_RUNTIME,NO_FIXED_OFFICIAL_RUNTIME_ROLE_EVIDENCE,"Exact firmware linkage is present, but the fixed local evidence registry does not establish the upstream defining function for this component. Structural package role alone is non-terminal."
200043,uhttpd,2021-03-21-15346de8-9,cpe:2.3:a:uhttpd:uhttpd:2021-03-21-15346de8-9:*:*:*:*:*:*:*,CONTROL_DIRECT,package/network/services/uhttpd,uhttpd,REVIEW_REQUIRED,"Exact firmware linkage is present, but the fixed local evidence registry does not establish the upstream defining function for this component. Structural package role alone is non-terminal.",MODERATE,,,POSSIBLE_PRODUCT,NOT_EVALUATED_RUNTIME_REVIEW,,,NOT_EVALUATED,false,false,,,,false,,false,false,,REVIEW_STOP,,,,N/A,,NO_CONTROL_CPE_ID,true,PRODUCT_RUNTIME,NO_FIXED_OFFICIAL_RUNTIME_ROLE_EVIDENCE,"Exact firmware linkage is present, but the fixed local evidence registry does not establish the upstream defining function for this component. Structural package role alone is non-terminal."
200044,uqmi,7.10-2,cpe:2.3:a:uqmi:uqmi:7.10-2:*:*:*:*:*:*:*,CONTROL_DIRECT,package/teltonika/uqmi,uqmi,REVIEW_REQUIRED,"Exact firmware linkage is present, but the fixed local evidence registry does not establish the upstream defining function for this component. Structural package role alone is non-terminal.",MODERATE,,,POSSIBLE_PRODUCT,NOT_EVALUATED_RUNTIME_REVIEW,,,NOT_EVALUATED,false,false,,,,false,,false,false,,REVIEW_STOP,,,,N/A,,NO_CONTROL_CPE_ID,true,PRODUCT_RUNTIME,NO_FIXED_OFFICIAL_RUNTIME_ROLE_EVIDENCE,"Exact firmware linkage is present, but the fixed local evidence registry does not establish the upstream defining function for this component. Structural package role alone is non-terminal."
200045,urandom-seed,3,cpe:2.3:a:urandom-seed:urandom-seed:3:*:*:*:*:*:*:*,CONTROL_DIRECT,package/system/urandom-seed,urandom-seed,REVIEW_REQUIRED,"Exact firmware linkage is present, but the fixed local evidence registry does not establish the upstream defining function for this component. Structural package role alone is non-terminal.",MODERATE,,,POSSIBLE_PRODUCT,NOT_EVALUATED_RUNTIME_REVIEW,,,NOT_EVALUATED,false,false,,,,false,,false,false,,REVIEW_STOP,,,,N/A,,NO_CONTROL_CPE_ID,true,PRODUCT_RUNTIME,NO_FIXED_OFFICIAL_RUNTIME_ROLE_EVIDENCE,"Exact firmware linkage is present, but the fixed local evidence registry does not establish the upstream defining function for this component. Structural package role alone is non-terminal."
200046,urcd,1.5,cpe:2.3:a:urcd:urcd:1.5:*:*:*:*:*:*:*,CONTROL_DIRECT,package/teltonika/urcd,urcd,REVIEW_REQUIRED,"Exact firmware linkage is present, but the fixed local evidence registry does not establish the upstream defining function for this component. Structural package role alone is non-terminal.",MODERATE,,,UNRESOLVED,NOT_EVALUATED_RUNTIME_REVIEW,,,NOT_EVALUATED,false,false,,,,false,,false,false,,REVIEW_STOP,,,,N/A,,NO_CONTROL_CPE_ID,true,PRODUCT_RUNTIME,NO_FIXED_OFFICIAL_RUNTIME_ROLE_EVIDENCE,"Exact firmware linkage is present, but the fixed local evidence registry does not establish the upstream defining function for this component. Structural package role alone is non-terminal."
200047,urngd,2020-01-21-c7f7b6b6-1,cpe:2.3:a:urngd:urngd:2020-01-21-c7f7b6b6-1:*:*:*:*:*:*:*,CONTROL_DIRECT,package/system/urngd,urngd,REVIEW_REQUIRED,"Exact firmware linkage is present, but the fixed local evidence registry does not establish the upstream defining function for this component. Structural package role alone is non-terminal.",MODERATE,,,POSSIBLE_PRODUCT,NOT_EVALUATED_RUNTIME_REVIEW,,,NOT_EVALUATED,false,false,,,,false,,false,false,,REVIEW_STOP,,,,N/A,,NO_CONTROL_CPE_ID,true,PRODUCT_RUNTIME,NO_FIXED_OFFICIAL_RUNTIME_ROLE_EVIDENCE,"Exact firmware linkage is present, but the fixed local evidence registry does not establish the upstream defining function for this component. Structural package role alone is non-terminal."
200048,usign,2020-05-23-f1f65026-1,cpe:2.3:a:usign:usign:2020-05-23-f1f65026-1:*:*:*:*:*:*:*,CONTROL_DIRECT,package/system/usign,usign,REVIEW_REQUIRED,"Exact firmware linkage is present, but the fixed local evidence registry does not establish the upstream defining function for this component. Structural package role alone is non-terminal.",MODERATE,,,POSSIBLE_PRODUCT,NOT_EVALUATED_RUNTIME_REVIEW,,,NOT_EVALUATED,false,false,,,,false,,false,false,,REVIEW_STOP,,,,N/A,,NO_CONTROL_CPE_ID,true,PRODUCT_RUNTIME,NO_FIXED_OFFICIAL_RUNTIME_ROLE_EVIDENCE,"Exact firmware linkage is present, but the fixed local evidence registry does not establish the upstream defining function for this component. Structural package role alone is non-terminal."
200049,vuci-app-access-control-api,1,cpe:2.3:a:vuci-app-access-control-api:vuci-app-access-control-api:1:*:*:*:*:*:*:*,CONTROL_DIRECT,feeds/vuci/applications/vuci-app-access-control/vuci-app-access-control-api,vuci-app-access-control-api,REVIEW_REQUIRED,"Exact firmware linkage is present, but the fixed local evidence registry does not establish the upstream defining function for this component. Structural package role alone is non-terminal.",MODERATE,,,PARTIAL_OR_SPLIT_COMPONENT,NOT_EVALUATED_RUNTIME_REVIEW,,,NOT_EVALUATED,false,false,,,,false,,false,false,,REVIEW_STOP,,,,N/A,,NO_CONTROL_CPE_ID,true,PRODUCT_RUNTIME,NO_FIXED_OFFICIAL_RUNTIME_ROLE_EVIDENCE,"Exact firmware linkage is present, but the fixed local evidence registry does not establish the upstream defining function for this component. Structural package role alone is non-terminal."
200050,vuci-app-access-control-ui,2025-07-02-0eab43c-1,cpe:2.3:a:vuci-app-access-control-ui:vuci-app-access-control-ui:2025-07-02-0eab43c-1:*:*:*:*:*:*:*,CONTROL_DIRECT,feeds/vuci/applications/vuci-app-access-control/vuci-app-access-control-ui,vuci-app-access-control-ui,REVIEW_REQUIRED,"Exact firmware linkage is present, but the fixed local evidence registry does not establish the upstream defining function for this component. Structural package role alone is non-terminal.",MODERATE,,,PARTIAL_OR_SPLIT_COMPONENT,NOT_EVALUATED_RUNTIME_REVIEW,,,NOT_EVALUATED,false,false,,,,false,,false,false,,REVIEW_STOP,,,,N/A,,NO_CONTROL_CPE_ID,true,PRODUCT_RUNTIME,NO_FIXED_OFFICIAL_RUNTIME_ROLE_EVIDENCE,"Exact firmware linkage is present, but the fixed local evidence registry does not establish the upstream defining function for this component. Structural package role alone is non-terminal."
200051,vuci-app-administration-api,1,cpe:2.3:a:vuci-app-administration-api:vuci-app-administration-api:1:*:*:*:*:*:*:*,CONTROL_DIRECT,feeds/vuci/applications/vuci-app-administration/vuci-app-administration-api,vuci-app-administration-api,REVIEW_REQUIRED,"Exact firmware linkage is present, but the fixed local evidence registry does not establish the upstream defining function for this component. Structural package role alone is non-terminal.",MODERATE,,,PARTIAL_OR_SPLIT_COMPONENT,NOT_EVALUATED_RUNTIME_REVIEW,,,NOT_EVALUATED,false,false,,,,false,,false,false,,REVIEW_STOP,,,,N/A,,NO_CONTROL_CPE_ID,true,PRODUCT_RUNTIME,NO_FIXED_OFFICIAL_RUNTIME_ROLE_EVIDENCE,"Exact firmware linkage is present, but the fixed local evidence registry does not establish the upstream defining function for this component. Structural package role alone is non-terminal."
200052,vuci-app-administration-ui,2025-07-02-0eab43c-1,cpe:2.3:a:vuci-app-administration-ui:vuci-app-administration-ui:2025-07-02-0eab43c-1:*:*:*:*:*:*:*,CONTROL_DIRECT,feeds/vuci/applications/vuci-app-administration/vuci-app-administration-ui,vuci-app-administration-ui,REVIEW_REQUIRED,"Exact firmware linkage is present, but the fixed local evidence registry does not establish the upstream defining function for this component. Structural package role alone is non-terminal.",MODERATE,,,PARTIAL_OR_SPLIT_COMPONENT,NOT_EVALUATED_RUNTIME_REVIEW,,,NOT_EVALUATED,false,false,,,,false,,false,false,,REVIEW_STOP,,,,N/A,,NO_CONTROL_CPE_ID,true,PRODUCT_RUNTIME,NO_FIXED_OFFICIAL_RUNTIME_ROLE_EVIDENCE,"Exact firmware linkage is present, but the fixed local evidence registry does not establish the upstream defining function for this component. Structural package role alone is non-terminal."
200053,vuci-app-auto-reboot-api,1,cpe:2.3:a:vuci-app-auto-reboot-api:vuci-app-auto-reboot-api:1:*:*:*:*:*:*:*,CONTROL_DIRECT,feeds/vuci/applications/vuci-app-auto-reboot/vuci-app-auto-reboot-api,vuci-app-auto-reboot-api,REVIEW_REQUIRED,"Exact firmware linkage is present, but the fixed local evidence registry does not establish the upstream defining function for this component. Structural package role alone is non-terminal.",MODERATE,,,PARTIAL_OR_SPLIT_COMPONENT,NOT_EVALUATED_RUNTIME_REVIEW,,,NOT_EVALUATED,false,false,,,,false,,false,false,,REVIEW_STOP,,,,N/A,,NO_CONTROL_CPE_ID,true,PRODUCT_RUNTIME,NO_FIXED_OFFICIAL_RUNTIME_ROLE_EVIDENCE,"Exact firmware linkage is present, but the fixed local evidence registry does not establish the upstream defining function for this component. Structural package role alone is non-terminal."
200054,vuci-app-auto-reboot-ui,2025-07-02-0eab43c-1,cpe:2.3:a:vuci-app-auto-reboot-ui:vuci-app-auto-reboot-ui:2025-07-02-0eab43c-1:*:*:*:*:*:*:*,CONTROL_DIRECT,feeds/vuci/applications/vuci-app-auto-reboot/vuci-app-auto-reboot-ui,vuci-app-auto-reboot-ui,REVIEW_REQUIRED,"Exact firmware linkage is present, but the fixed local evidence registry does not establish the upstream defining function for this component. Structural package role alone is non-terminal.",MODERATE,,,PARTIAL_OR_SPLIT_COMPONENT,NOT_EVALUATED_RUNTIME_REVIEW,,,NOT_EVALUATED,false,false,,,,false,,false,false,,REVIEW_STOP,,,,N/A,,NO_CONTROL_CPE_ID,true,PRODUCT_RUNTIME,NO_FIXED_OFFICIAL_RUNTIME_ROLE_EVIDENCE,"Exact firmware linkage is present, but the fixed local evidence registry does not establish the upstream defining function for this component. Structural package role alone is non-terminal."
200055,vuci-app-backup-api,1,cpe:2.3:a:vuci-app-backup-api:vuci-app-backup-api:1:*:*:*:*:*:*:*,CONTROL_DIRECT,feeds/vuci/applications/vuci-app-backup/vuci-app-backup-api,vuci-app-backup-api,REVIEW_REQUIRED,"Exact firmware linkage is present, but the fixed local evidence registry does not establish the upstream defining function for this component. Structural package role alone is non-terminal.",MODERATE,,,PARTIAL_OR_SPLIT_COMPONENT,NOT_EVALUATED_RUNTIME_REVIEW,,,NOT_EVALUATED,false,false,,,,false,,false,false,,REVIEW_STOP,,,,N/A,,NO_CONTROL_CPE_ID,true,PRODUCT_RUNTIME,NO_FIXED_OFFICIAL_RUNTIME_ROLE_EVIDENCE,"Exact firmware linkage is present, but the fixed local evidence registry does not establish the upstream defining function for this component. Structural package role alone is non-terminal."
200056,vuci-app-backup-ui,2025-07-02-0eab43c-1,cpe:2.3:a:vuci-app-backup-ui:vuci-app-backup-ui:2025-07-02-0eab43c-1:*:*:*:*:*:*:*,CONTROL_DIRECT,feeds/vuci/applications/vuci-app-backup/vuci-app-backup-ui,vuci-app-backup-ui,REVIEW_REQUIRED,"Exact firmware linkage is present, but the fixed local evidence registry does not establish the upstream defining function for this component. Structural package role alone is non-terminal.",MODERATE,,,PARTIAL_OR_SPLIT_COMPONENT,NOT_EVALUATED_RUNTIME_REVIEW,,,NOT_EVALUATED,false,false,,,,false,,false,false,,REVIEW_STOP,,,,N/A,,NO_CONTROL_CPE_ID,true,PRODUCT_RUNTIME,NO_FIXED_OFFICIAL_RUNTIME_ROLE_EVIDENCE,"Exact firmware linkage is present, but the fixed local evidence registry does not establish the upstream defining function for this component. Structural package role alone is non-terminal."
200057,vuci-app-call-utilities-api,1,cpe:2.3:a:vuci-app-call-utilities-api:vuci-app-call-utilities-api:1:*:*:*:*:*:*:*,CONTROL_DIRECT,feeds/vuci/applications/vuci-app-call-utilities/vuci-app-call-utilities-api,vuci-app-call-utilities-api,REVIEW_REQUIRED,"Exact firmware linkage is present, but the fixed local evidence registry does not establish the upstream defining function for this component. Structural package role alone is non-terminal.",MODERATE,,,PARTIAL_OR_SPLIT_COMPONENT,NOT_EVALUATED_RUNTIME_REVIEW,,,NOT_EVALUATED,false,false,,,,false,,false,false,,REVIEW_STOP,,,,N/A,,NO_CONTROL_CPE_ID,true,PRODUCT_RUNTIME,NO_FIXED_OFFICIAL_RUNTIME_ROLE_EVIDENCE,"Exact firmware linkage is present, but the fixed local evidence registry does not establish the upstream defining function for this component. Structural package role alone is non-terminal."
200058,vuci-app-call-utilities-ui,2025-07-02-0eab43c-1,cpe:2.3:a:vuci-app-call-utilities-ui:vuci-app-call-utilities-ui:2025-07-02-0eab43c-1:*:*:*:*:*:*:*,CONTROL_DIRECT,feeds/vuci/applications/vuci-app-call-utilities/vuci-app-call-utilities-ui,vuci-app-call-utilities-ui,REVIEW_REQUIRED,"Exact firmware linkage is present, but the fixed local evidence registry does not establish the upstream defining function for this component. Structural package role alone is non-terminal.",MODERATE,,,PARTIAL_OR_SPLIT_COMPONENT,NOT_EVALUATED_RUNTIME_REVIEW,,,NOT_EVALUATED,false,false,,,,false,,false,false,,REVIEW_STOP,,,,N/A,,NO_CONTROL_CPE_ID,true,PRODUCT_RUNTIME,NO_FIXED_OFFICIAL_RUNTIME_ROLE_EVIDENCE,"Exact firmware linkage is present, but the fixed local evidence registry does not establish the upstream defining function for this component. Structural package role alone is non-terminal."
200059,vuci-app-certificates-api,1,cpe:2.3:a:vuci-app-certificates-api:vuci-app-certificates-api:1:*:*:*:*:*:*:*,CONTROL_DIRECT,feeds/vuci/applications/vuci-app-certificates/vuci-app-certificates-api,vuci-app-certificates-api,REVIEW_REQUIRED,"Exact firmware linkage is present, but the fixed local evidence registry does not establish the upstream defining function for this component. Structural package role alone is non-terminal.",MODERATE,,,PARTIAL_OR_SPLIT_COMPONENT,NOT_EVALUATED_RUNTIME_REVIEW,,,NOT_EVALUATED,false,false,,,,false,,false,false,,REVIEW_STOP,,,,N/A,,NO_CONTROL_CPE_ID,true,PRODUCT_RUNTIME,NO_FIXED_OFFICIAL_RUNTIME_ROLE_EVIDENCE,"Exact firmware linkage is present, but the fixed local evidence registry does not establish the upstream defining function for this component. Structural package role alone is non-terminal."
200060,vuci-app-certificates-ui,2025-07-02-0eab43c-1,cpe:2.3:a:vuci-app-certificates-ui:vuci-app-certificates-ui:2025-07-02-0eab43c-1:*:*:*:*:*:*:*,CONTROL_DIRECT,feeds/vuci/applications/vuci-app-certificates/vuci-app-certificates-ui,vuci-app-certificates-ui,REVIEW_REQUIRED,"Exact firmware linkage is present, but the fixed local evidence registry does not establish the upstream defining function for this component. Structural package role alone is non-terminal.",MODERATE,,,PARTIAL_OR_SPLIT_COMPONENT,NOT_EVALUATED_RUNTIME_REVIEW,,,NOT_EVALUATED,false,false,,,,false,,false,false,,REVIEW_STOP,,,,N/A,,NO_CONTROL_CPE_ID,true,PRODUCT_RUNTIME,NO_FIXED_OFFICIAL_RUNTIME_ROLE_EVIDENCE,"Exact firmware linkage is present, but the fixed local evidence registry does not establish the upstream defining function for this component. Structural package role alone is non-terminal."
200061,vuci-app-channel-analysis-api,1,cpe:2.3:a:vuci-app-channel-analysis-api:vuci-app-channel-analysis-api:1:*:*:*:*:*:*:*,CONTROL_DIRECT,feeds/vuci/applications/vuci-app-channel-analysis/vuci-app-channel-analysis-api,vuci-app-channel-analysis-api,REVIEW_REQUIRED,"Exact firmware linkage is present, but the fixed local evidence registry does not establish the upstream defining function for this component. Structural package role alone is non-terminal.",MODERATE,,,PARTIAL_OR_SPLIT_COMPONENT,NOT_EVALUATED_RUNTIME_REVIEW,,,NOT_EVALUATED,false,false,,,,false,,false,false,,REVIEW_STOP,,,,N/A,,NO_CONTROL_CPE_ID,true,PRODUCT_RUNTIME,NO_FIXED_OFFICIAL_RUNTIME_ROLE_EVIDENCE,"Exact firmware linkage is present, but the fixed local evidence registry does not establish the upstream defining function for this component. Structural package role alone is non-terminal."
200062,vuci-app-channel-analysis-ui,2025-07-02-0eab43c-1,cpe:2.3:a:vuci-app-channel-analysis-ui:vuci-app-channel-analysis-ui:2025-07-02-0eab43c-1:*:*:*:*:*:*:*,CONTROL_DIRECT,feeds/vuci/applications/vuci-app-channel-analysis/vuci-app-channel-analysis-ui,vuci-app-channel-analysis-ui,REVIEW_REQUIRED,"Exact firmware linkage is present, but the fixed local evidence registry does not establish the upstream defining function for this component. Structural package role alone is non-terminal.",MODERATE,,,PARTIAL_OR_SPLIT_COMPONENT,NOT_EVALUATED_RUNTIME_REVIEW,,,NOT_EVALUATED,false,false,,,,false,,false,false,,REVIEW_STOP,,,,N/A,,NO_CONTROL_CPE_ID,true,PRODUCT_RUNTIME,NO_FIXED_OFFICIAL_RUNTIME_ROLE_EVIDENCE,"Exact firmware linkage is present, but the fixed local evidence registry does not establish the upstream defining function for this component. Structural package role alone is non-terminal."
200063,vuci-app-cli-api,1,cpe:2.3:a:vuci-app-cli-api:vuci-app-cli-api:1:*:*:*:*:*:*:*,CONTROL_DIRECT,feeds/vuci/applications/vuci-app-cli/vuci-app-cli-api,vuci-app-cli-api,REVIEW_REQUIRED,"Exact firmware linkage is present, but the fixed local evidence registry does not establish the upstream defining function for this component. Structural package role alone is non-terminal.",MODERATE,,,PARTIAL_OR_SPLIT_COMPONENT,NOT_EVALUATED_RUNTIME_REVIEW,,,NOT_EVALUATED,false,false,,,,false,,false,false,,REVIEW_STOP,,,,N/A,,NO_CONTROL_CPE_ID,true,PRODUCT_RUNTIME,NO_FIXED_OFFICIAL_RUNTIME_ROLE_EVIDENCE,"Exact firmware linkage is present, but the fixed local evidence registry does not establish the upstream defining function for this component. Structural package role alone is non-terminal."
200064,vuci-app-cli-ui,2025-07-02-0eab43c-1,cpe:2.3:a:vuci-app-cli-ui:vuci-app-cli-ui:2025-07-02-0eab43c-1:*:*:*:*:*:*:*,CONTROL_DIRECT,feeds/vuci/applications/vuci-app-cli/vuci-app-cli-ui,vuci-app-cli-ui,REVIEW_REQUIRED,"Exact firmware linkage is present, but the fixed local evidence registry does not establish the upstream defining function for this component. Structural package role alone is non-terminal.",MODERATE,,,PARTIAL_OR_SPLIT_COMPONENT,NOT_EVALUATED_RUNTIME_REVIEW,,,NOT_EVALUATED,false,false,,,,false,,false,false,,REVIEW_STOP,,,,N/A,,NO_CONTROL_CPE_ID,true,PRODUCT_RUNTIME,NO_FIXED_OFFICIAL_RUNTIME_ROLE_EVIDENCE,"Exact firmware linkage is present, but the fixed local evidence registry does not establish the upstream defining function for this component. Structural package role alone is non-terminal."
200065,vuci-app-core-api,1,cpe:2.3:a:vuci-app-core-api:vuci-app-core-api:1:*:*:*:*:*:*:*,CONTROL_DIRECT,feeds/vuci/applications/vuci-app-core/vuci-app-core-api,vuci-app-core-api,REVIEW_REQUIRED,"Exact firmware linkage is present, but the fixed local evidence registry does not establish the upstream defining function for this component. Structural package role alone is non-terminal.",MODERATE,,,PARTIAL_OR_SPLIT_COMPONENT,NOT_EVALUATED_RUNTIME_REVIEW,,,NOT_EVALUATED,false,false,,,,false,,false,false,,REVIEW_STOP,,,,N/A,,NO_CONTROL_CPE_ID,true,PRODUCT_RUNTIME,NO_FIXED_OFFICIAL_RUNTIME_ROLE_EVIDENCE,"Exact firmware linkage is present, but the fixed local evidence registry does not establish the upstream defining function for this component. Structural package role alone is non-terminal."
200066,vuci-app-core-ui,2025-07-02-0eab43c-1,cpe:2.3:a:vuci-app-core-ui:vuci-app-core-ui:2025-07-02-0eab43c-1:*:*:*:*:*:*:*,CONTROL_DIRECT,feeds/vuci/applications/vuci-app-core/vuci-app-core-ui,vuci-app-core-ui,REVIEW_REQUIRED,"Exact firmware linkage is present, but the fixed local evidence registry does not establish the upstream defining function for this component. Structural package role alone is non-terminal.",MODERATE,,,PARTIAL_OR_SPLIT_COMPONENT,NOT_EVALUATED_RUNTIME_REVIEW,,,NOT_EVALUATED,false,false,,,,false,,false,false,,REVIEW_STOP,,,,N/A,,NO_CONTROL_CPE_ID,true,PRODUCT_RUNTIME,NO_FIXED_OFFICIAL_RUNTIME_ROLE_EVIDENCE,"Exact firmware linkage is present, but the fixed local evidence registry does not establish the upstream defining function for this component. Structural package role alone is non-terminal."
200067,vuci-app-data-sender-api,1,cpe:2.3:a:vuci-app-data-sender-api:vuci-app-data-sender-api:1:*:*:*:*:*:*:*,CONTROL_DIRECT,feeds/vuci/applications/vuci-app-data-sender/vuci-app-data-sender-api,vuci-app-data-sender-api,REVIEW_REQUIRED,"Exact firmware linkage is present, but the fixed local evidence registry does not establish the upstream defining function for this component. Structural package role alone is non-terminal.",MODERATE,,,PARTIAL_OR_SPLIT_COMPONENT,NOT_EVALUATED_RUNTIME_REVIEW,,,NOT_EVALUATED,false,false,,,,false,,false,false,,REVIEW_STOP,,,,N/A,,NO_CONTROL_CPE_ID,true,PRODUCT_RUNTIME,NO_FIXED_OFFICIAL_RUNTIME_ROLE_EVIDENCE,"Exact firmware linkage is present, but the fixed local evidence registry does not establish the upstream defining function for this component. Structural package role alone is non-terminal."
200068,vuci-app-data-sender-ui,2025-07-02-0eab43c-1,cpe:2.3:a:vuci-app-data-sender-ui:vuci-app-data-sender-ui:2025-07-02-0eab43c-1:*:*:*:*:*:*:*,CONTROL_DIRECT,feeds/vuci/applications/vuci-app-data-sender/vuci-app-data-sender-ui,vuci-app-data-sender-ui,REVIEW_REQUIRED,"Exact firmware linkage is present, but the fixed local evidence registry does not establish the upstream defining function for this component. Structural package role alone is non-terminal.",MODERATE,,,PARTIAL_OR_SPLIT_COMPONENT,NOT_EVALUATED_RUNTIME_REVIEW,,,NOT_EVALUATED,false,false,,,,false,,false,false,,REVIEW_STOP,,,,N/A,,NO_CONTROL_CPE_ID,true,PRODUCT_RUNTIME,NO_FIXED_OFFICIAL_RUNTIME_ROLE_EVIDENCE,"Exact firmware linkage is present, but the fixed local evidence registry does not establish the upstream defining function for this component. Structural package role alone is non-terminal."
200069,vuci-app-ddns-api,1,cpe:2.3:a:vuci-app-ddns-api:vuci-app-ddns-api:1:*:*:*:*:*:*:*,CONTROL_DIRECT,feeds/vuci/applications/vuci-app-ddns/vuci-app-ddns-api,vuci-app-ddns-api,REVIEW_REQUIRED,"Exact firmware linkage is present, but the fixed local evidence registry does not establish the upstream defining function for this component. Structural package role alone is non-terminal.",MODERATE,,,PARTIAL_OR_SPLIT_COMPONENT,NOT_EVALUATED_RUNTIME_REVIEW,,,NOT_EVALUATED,false,false,,,,false,,false,false,,REVIEW_STOP,,,,N/A,,NO_CONTROL_CPE_ID,true,PRODUCT_RUNTIME,NO_FIXED_OFFICIAL_RUNTIME_ROLE_EVIDENCE,"Exact firmware linkage is present, but the fixed local evidence registry does not establish the upstream defining function for this component. Structural package role alone is non-terminal."
200070,vuci-app-ddns-ui,2025-07-02-0eab43c-1,cpe:2.3:a:vuci-app-ddns-ui:vuci-app-ddns-ui:2025-07-02-0eab43c-1:*:*:*:*:*:*:*,CONTROL_DIRECT,feeds/vuci/applications/vuci-app-ddns/vuci-app-ddns-ui,vuci-app-ddns-ui,REVIEW_REQUIRED,"Exact firmware linkage is present, but the fixed local evidence registry does not establish the upstream defining function for this component. Structural package role alone is non-terminal.",MODERATE,,,PARTIAL_OR_SPLIT_COMPONENT,NOT_EVALUATED_RUNTIME_REVIEW,,,NOT_EVALUATED,false,false,,,,false,,false,false,,REVIEW_STOP,,,,N/A,,NO_CONTROL_CPE_ID,true,PRODUCT_RUNTIME,NO_FIXED_OFFICIAL_RUNTIME_ROLE_EVIDENCE,"Exact firmware linkage is present, but the fixed local evidence registry does not establish the upstream defining function for this component. Structural package role alone is non-terminal."
200071,vuci-app-dhcp-api,1,cpe:2.3:a:vuci-app-dhcp-api:vuci-app-dhcp-api:1:*:*:*:*:*:*:*,CONTROL_DIRECT,feeds/vuci/applications/vuci-app-dhcp/vuci-app-dhcp-api,vuci-app-dhcp-api,REVIEW_REQUIRED,"Exact firmware linkage is present, but the fixed local evidence registry does not establish the upstream defining function for this component. Structural package role alone is non-terminal.",MODERATE,,,PARTIAL_OR_SPLIT_COMPONENT,NOT_EVALUATED_RUNTIME_REVIEW,,,NOT_EVALUATED,false,false,,,,false,,false,false,,REVIEW_STOP,,,,N/A,,NO_CONTROL_CPE_ID,true,PRODUCT_RUNTIME,NO_FIXED_OFFICIAL_RUNTIME_ROLE_EVIDENCE,"Exact firmware linkage is present, but the fixed local evidence registry does not establish the upstream defining function for this component. Structural package role alone is non-terminal."
200072,vuci-app-dhcp-ui,2025-07-02-0eab43c-1,cpe:2.3:a:vuci-app-dhcp-ui:vuci-app-dhcp-ui:2025-07-02-0eab43c-1:*:*:*:*:*:*:*,CONTROL_DIRECT,feeds/vuci/applications/vuci-app-dhcp/vuci-app-dhcp-ui,vuci-app-dhcp-ui,REVIEW_REQUIRED,"Exact firmware linkage is present, but the fixed local evidence registry does not establish the upstream defining function for this component. Structural package role alone is non-terminal.",MODERATE,,,PARTIAL_OR_SPLIT_COMPONENT,NOT_EVALUATED_RUNTIME_REVIEW,,,NOT_EVALUATED,false,false,,,,false,,false,false,,REVIEW_STOP,,,,N/A,,NO_CONTROL_CPE_ID,true,PRODUCT_RUNTIME,NO_FIXED_OFFICIAL_RUNTIME_ROLE_EVIDENCE,"Exact firmware linkage is present, but the fixed local evidence registry does not establish the upstream defining function for this component. Structural package role alone is non-terminal."
200073,vuci-app-dns-api,1,cpe:2.3:a:vuci-app-dns-api:vuci-app-dns-api:1:*:*:*:*:*:*:*,CONTROL_DIRECT,feeds/vuci/applications/vuci-app-dns/vuci-app-dns-api,vuci-app-dns-api,REVIEW_REQUIRED,"Exact firmware linkage is present, but the fixed local evidence registry does not establish the upstream defining function for this component. Structural package role alone is non-terminal.",MODERATE,,,PARTIAL_OR_SPLIT_COMPONENT,NOT_EVALUATED_RUNTIME_REVIEW,,,NOT_EVALUATED,false,false,,,,false,,false,false,,REVIEW_STOP,,,,N/A,,NO_CONTROL_CPE_ID,true,PRODUCT_RUNTIME,NO_FIXED_OFFICIAL_RUNTIME_ROLE_EVIDENCE,"Exact firmware linkage is present, but the fixed local evidence registry does not establish the upstream defining function for this component. Structural package role alone is non-terminal."
200074,vuci-app-dns-ui,2025-07-02-0eab43c-1,cpe:2.3:a:vuci-app-dns-ui:vuci-app-dns-ui:2025-07-02-0eab43c-1:*:*:*:*:*:*:*,CONTROL_DIRECT,feeds/vuci/applications/vuci-app-dns/vuci-app-dns-ui,vuci-app-dns-ui,REVIEW_REQUIRED,"Exact firmware linkage is present, but the fixed local evidence registry does not establish the upstream defining function for this component. Structural package role alone is non-terminal.",MODERATE,,,PARTIAL_OR_SPLIT_COMPONENT,NOT_EVALUATED_RUNTIME_REVIEW,,,NOT_EVALUATED,false,false,,,,false,,false,false,,REVIEW_STOP,,,,N/A,,NO_CONTROL_CPE_ID,true,PRODUCT_RUNTIME,NO_FIXED_OFFICIAL_RUNTIME_ROLE_EVIDENCE,"Exact firmware linkage is present, but the fixed local evidence registry does not establish the upstream defining function for this component. Structural package role alone is non-terminal."
200075,vuci-app-event-juggler-api,1,cpe:2.3:a:vuci-app-event-juggler-api:vuci-app-event-juggler-api:1:*:*:*:*:*:*:*,CONTROL_DIRECT,feeds/vuci/applications/vuci-app-event-juggler/vuci-app-event-juggler-api,vuci-app-event-juggler-api,REVIEW_REQUIRED,"Exact firmware linkage is present, but the fixed local evidence registry does not establish the upstream defining function for this component. Structural package role alone is non-terminal.",MODERATE,,,PARTIAL_OR_SPLIT_COMPONENT,NOT_EVALUATED_RUNTIME_REVIEW,,,NOT_EVALUATED,false,false,,,,false,,false,false,,REVIEW_STOP,,,,N/A,,NO_CONTROL_CPE_ID,true,PRODUCT_RUNTIME,NO_FIXED_OFFICIAL_RUNTIME_ROLE_EVIDENCE,"Exact firmware linkage is present, but the fixed local evidence registry does not establish the upstream defining function for this component. Structural package role alone is non-terminal."
200076,vuci-app-event-juggler-ui,2025-07-02-0eab43c-1,cpe:2.3:a:vuci-app-event-juggler-ui:vuci-app-event-juggler-ui:2025-07-02-0eab43c-1:*:*:*:*:*:*:*,CONTROL_DIRECT,feeds/vuci/applications/vuci-app-event-juggler/vuci-app-event-juggler-ui,vuci-app-event-juggler-ui,REVIEW_REQUIRED,"Exact firmware linkage is present, but the fixed local evidence registry does not establish the upstream defining function for this component. Structural package role alone is non-terminal.",MODERATE,,,PARTIAL_OR_SPLIT_COMPONENT,NOT_EVALUATED_RUNTIME_REVIEW,,,NOT_EVALUATED,false,false,,,,false,,false,false,,REVIEW_STOP,,,,N/A,,NO_CONTROL_CPE_ID,true,PRODUCT_RUNTIME,NO_FIXED_OFFICIAL_RUNTIME_ROLE_EVIDENCE,"Exact firmware linkage is present, but the fixed local evidence registry does not establish the upstream defining function for this component. Structural package role alone is non-terminal."
200077,vuci-app-events-reporting-api,1,cpe:2.3:a:vuci-app-events-reporting-api:vuci-app-events-reporting-api:1:*:*:*:*:*:*:*,CONTROL_DIRECT,feeds/vuci/applications/vuci-app-events-reporting/vuci-app-events-reporting-api,vuci-app-events-reporting-api,REVIEW_REQUIRED,"Exact firmware linkage is present, but the fixed local evidence registry does not establish the upstream defining function for this component. Structural package role alone is non-terminal.",MODERATE,,,PARTIAL_OR_SPLIT_COMPONENT,NOT_EVALUATED_RUNTIME_REVIEW,,,NOT_EVALUATED,false,false,,,,false,,false,false,,REVIEW_STOP,,,,N/A,,NO_CONTROL_CPE_ID,true,PRODUCT_RUNTIME,NO_FIXED_OFFICIAL_RUNTIME_ROLE_EVIDENCE,"Exact firmware linkage is present, but the fixed local evidence registry does not establish the upstream defining function for this component. Structural package role alone is non-terminal."
200078,vuci-app-events-reporting-ui,2025-07-02-0eab43c-1,cpe:2.3:a:vuci-app-events-reporting-ui:vuci-app-events-reporting-ui:2025-07-02-0eab43c-1:*:*:*:*:*:*:*,CONTROL_DIRECT,feeds/vuci/applications/vuci-app-events-reporting/vuci-app-events-reporting-ui,vuci-app-events-reporting-ui,REVIEW_REQUIRED,"Exact firmware linkage is present, but the fixed local evidence registry does not establish the upstream defining function for this component. Structural package role alone is non-terminal.",MODERATE,,,PARTIAL_OR_SPLIT_COMPONENT,NOT_EVALUATED_RUNTIME_REVIEW,,,NOT_EVALUATED,false,false,,,,false,,false,false,,REVIEW_STOP,,,,N/A,,NO_CONTROL_CPE_ID,true,PRODUCT_RUNTIME,NO_FIXED_OFFICIAL_RUNTIME_ROLE_EVIDENCE,"Exact firmware linkage is present, but the fixed local evidence registry does not establish the upstream defining function for this component. Structural package role alone is non-terminal."
200079,vuci-app-firewall-api,1,cpe:2.3:a:vuci-app-firewall-api:vuci-app-firewall-api:1:*:*:*:*:*:*:*,CONTROL_DIRECT,feeds/vuci/applications/vuci-app-firewall/vuci-app-firewall-api,vuci-app-firewall-api,REVIEW_REQUIRED,"Exact firmware linkage is present, but the fixed local evidence registry does not establish the upstream defining function for this component. Structural package role alone is non-terminal.",MODERATE,,,PARTIAL_OR_SPLIT_COMPONENT,NOT_EVALUATED_RUNTIME_REVIEW,,,NOT_EVALUATED,false,false,,,,false,,false,false,,REVIEW_STOP,,,,N/A,,NO_CONTROL_CPE_ID,true,PRODUCT_RUNTIME,NO_FIXED_OFFICIAL_RUNTIME_ROLE_EVIDENCE,"Exact firmware linkage is present, but the fixed local evidence registry does not establish the upstream defining function for this component. Structural package role alone is non-terminal."
200080,vuci-app-firewall-ui,2025-07-02-0eab43c-1,cpe:2.3:a:vuci-app-firewall-ui:vuci-app-firewall-ui:2025-07-02-0eab43c-1:*:*:*:*:*:*:*,CONTROL_DIRECT,feeds/vuci/applications/vuci-app-firewall/vuci-app-firewall-ui,vuci-app-firewall-ui,REVIEW_REQUIRED,"Exact firmware linkage is present, but the fixed local evidence registry does not establish the upstream defining function for this component. Structural package role alone is non-terminal.",MODERATE,,,PARTIAL_OR_SPLIT_COMPONENT,NOT_EVALUATED_RUNTIME_REVIEW,,,NOT_EVALUATED,false,false,,,,false,,false,false,,REVIEW_STOP,,,,N/A,,NO_CONTROL_CPE_ID,true,PRODUCT_RUNTIME,NO_FIXED_OFFICIAL_RUNTIME_ROLE_EVIDENCE,"Exact firmware linkage is present, but the fixed local evidence registry does not establish the upstream defining function for this component. Structural package role alone is non-terminal."
200081,vuci-app-firmware-api,1,cpe:2.3:a:vuci-app-firmware-api:vuci-app-firmware-api:1:*:*:*:*:*:*:*,CONTROL_DIRECT,feeds/vuci/applications/vuci-app-firmware/vuci-app-firmware-api,vuci-app-firmware-api,REVIEW_REQUIRED,"Exact firmware linkage is present, but the fixed local evidence registry does not establish the upstream defining function for this component. Structural package role alone is non-terminal.",MODERATE,,,PARTIAL_OR_SPLIT_COMPONENT,NOT_EVALUATED_RUNTIME_REVIEW,,,NOT_EVALUATED,false,false,,,,false,,false,false,,REVIEW_STOP,,,,N/A,,NO_CONTROL_CPE_ID,true,PRODUCT_RUNTIME,NO_FIXED_OFFICIAL_RUNTIME_ROLE_EVIDENCE,"Exact firmware linkage is present, but the fixed local evidence registry does not establish the upstream defining function for this component. Structural package role alone is non-terminal."
200082,vuci-app-firmware-ui,2025-07-02-0eab43c-1,cpe:2.3:a:vuci-app-firmware-ui:vuci-app-firmware-ui:2025-07-02-0eab43c-1:*:*:*:*:*:*:*,CONTROL_DIRECT,feeds/vuci/applications/vuci-app-firmware/vuci-app-firmware-ui,vuci-app-firmware-ui,REVIEW_REQUIRED,"Exact firmware linkage is present, but the fixed local evidence registry does not establish the upstream defining function for this component. Structural package role alone is non-terminal.",MODERATE,,,PARTIAL_OR_SPLIT_COMPONENT,NOT_EVALUATED_RUNTIME_REVIEW,,,NOT_EVALUATED,false,false,,,,false,,false,false,,REVIEW_STOP,,,,N/A,,NO_CONTROL_CPE_ID,true,PRODUCT_RUNTIME,NO_FIXED_OFFICIAL_RUNTIME_ROLE_EVIDENCE,"Exact firmware linkage is present, but the fixed local evidence registry does not establish the upstream defining function for this component. Structural package role alone is non-terminal."
200083,vuci-app-getty-api,1,cpe:2.3:a:vuci-app-getty-api:vuci-app-getty-api:1:*:*:*:*:*:*:*,CONTROL_DIRECT,feeds/vuci/applications/vuci-app-getty/vuci-app-getty-api,vuci-app-getty-api,REVIEW_REQUIRED,"Exact firmware linkage is present, but the fixed local evidence registry does not establish the upstream defining function for this component. Structural package role alone is non-terminal.",MODERATE,,,PARTIAL_OR_SPLIT_COMPONENT,NOT_EVALUATED_RUNTIME_REVIEW,,,NOT_EVALUATED,false,false,,,,false,,false,false,,REVIEW_STOP,,,,N/A,,NO_CONTROL_CPE_ID,true,PRODUCT_RUNTIME,NO_FIXED_OFFICIAL_RUNTIME_ROLE_EVIDENCE,"Exact firmware linkage is present, but the fixed local evidence registry does not establish the upstream defining function for this component. Structural package role alone is non-terminal."
200084,vuci-app-getty-ui,2025-07-02-0eab43c-1,cpe:2.3:a:vuci-app-getty-ui:vuci-app-getty-ui:2025-07-02-0eab43c-1:*:*:*:*:*:*:*,CONTROL_DIRECT,feeds/vuci/applications/vuci-app-getty/vuci-app-getty-ui,vuci-app-getty-ui,REVIEW_REQUIRED,"Exact firmware linkage is present, but the fixed local evidence registry does not establish the upstream defining function for this component. Structural package role alone is non-terminal.",MODERATE,,,PARTIAL_OR_SPLIT_COMPONENT,NOT_EVALUATED_RUNTIME_REVIEW,,,NOT_EVALUATED,false,false,,,,false,,false,false,,REVIEW_STOP,,,,N/A,,NO_CONTROL_CPE_ID,true,PRODUCT_RUNTIME,NO_FIXED_OFFICIAL_RUNTIME_ROLE_EVIDENCE,"Exact firmware linkage is present, but the fixed local evidence registry does not establish the upstream defining function for this component. Structural package role alone is non-terminal."
200085,vuci-app-gps-api,1,cpe:2.3:a:vuci-app-gps-api:vuci-app-gps-api:1:*:*:*:*:*:*:*,CONTROL_DIRECT,feeds/vuci/applications/vuci-app-gps/vuci-app-gps-api,vuci-app-gps-api,REVIEW_REQUIRED,"Exact firmware linkage is present, but the fixed local evidence registry does not establish the upstream defining function for this component. Structural package role alone is non-terminal.",MODERATE,,,PARTIAL_OR_SPLIT_COMPONENT,NOT_EVALUATED_RUNTIME_REVIEW,,,NOT_EVALUATED,false,false,,,,false,,false,false,,REVIEW_STOP,,,,N/A,,NO_CONTROL_CPE_ID,true,PRODUCT_RUNTIME,NO_FIXED_OFFICIAL_RUNTIME_ROLE_EVIDENCE,"Exact firmware linkage is present, but the fixed local evidence registry does not establish the upstream defining function for this component. Structural package role alone is non-terminal."
200086,vuci-app-gps-ui,2025-07-02-0eab43c-1,cpe:2.3:a:vuci-app-gps-ui:vuci-app-gps-ui:2025-07-02-0eab43c-1:*:*:*:*:*:*:*,CONTROL_DIRECT,feeds/vuci/applications/vuci-app-gps/vuci-app-gps-ui,vuci-app-gps-ui,REVIEW_REQUIRED,"Exact firmware linkage is present, but the fixed local evidence registry does not establish the upstream defining function for this component. Structural package role alone is non-terminal.",MODERATE,,,PARTIAL_OR_SPLIT_COMPONENT,NOT_EVALUATED_RUNTIME_REVIEW,,,NOT_EVALUATED,false,false,,,,false,,false,false,,REVIEW_STOP,,,,N/A,,NO_CONTROL_CPE_ID,true,PRODUCT_RUNTIME,NO_FIXED_OFFICIAL_RUNTIME_ROLE_EVIDENCE,"Exact firmware linkage is present, but the fixed local evidence registry does not establish the upstream defining function for this component. Structural package role alone is non-terminal."
200087,vuci-app-gre-api,1,cpe:2.3:a:vuci-app-gre-api:vuci-app-gre-api:1:*:*:*:*:*:*:*,CONTROL_DIRECT,feeds/vuci/applications/vuci-app-gre/vuci-app-gre-api,vuci-app-gre-api,REVIEW_REQUIRED,"Exact firmware linkage is present, but the fixed local evidence registry does not establish the upstream defining function for this component. Structural package role alone is non-terminal.",MODERATE,,,PARTIAL_OR_SPLIT_COMPONENT,NOT_EVALUATED_RUNTIME_REVIEW,,,NOT_EVALUATED,false,false,,,,false,,false,false,,REVIEW_STOP,,,,N/A,,NO_CONTROL_CPE_ID,true,PRODUCT_RUNTIME,NO_FIXED_OFFICIAL_RUNTIME_ROLE_EVIDENCE,"Exact firmware linkage is present, but the fixed local evidence registry does not establish the upstream defining function for this component. Structural package role alone is non-terminal."
200088,vuci-app-gre-ui,2025-07-02-0eab43c-1,cpe:2.3:a:vuci-app-gre-ui:vuci-app-gre-ui:2025-07-02-0eab43c-1:*:*:*:*:*:*:*,CONTROL_DIRECT,feeds/vuci/applications/vuci-app-gre/vuci-app-gre-ui,vuci-app-gre-ui,REVIEW_REQUIRED,"Exact firmware linkage is present, but the fixed local evidence registry does not establish the upstream defining function for this component. Structural package role alone is non-terminal.",MODERATE,,,PARTIAL_OR_SPLIT_COMPONENT,NOT_EVALUATED_RUNTIME_REVIEW,,,NOT_EVALUATED,false,false,,,,false,,false,false,,REVIEW_STOP,,,,N/A,,NO_CONTROL_CPE_ID,true,PRODUCT_RUNTIME,NO_FIXED_OFFICIAL_RUNTIME_ROLE_EVIDENCE,"Exact firmware linkage is present, but the fixed local evidence registry does not establish the upstream defining function for this component. Structural package role alone is non-terminal."
200089,vuci-app-io-api,1,cpe:2.3:a:vuci-app-io-api:vuci-app-io-api:1:*:*:*:*:*:*:*,CONTROL_DIRECT,feeds/vuci/applications/vuci-app-io/vuci-app-io-api,vuci-app-io-api,REVIEW_REQUIRED,"Exact firmware linkage is present, but the fixed local evidence registry does not establish the upstream defining function for this component. Structural package role alone is non-terminal.",MODERATE,,,PARTIAL_OR_SPLIT_COMPONENT,NOT_EVALUATED_RUNTIME_REVIEW,,,NOT_EVALUATED,false,false,,,,false,,false,false,,REVIEW_STOP,,,,N/A,,NO_CONTROL_CPE_ID,true,PRODUCT_RUNTIME,NO_FIXED_OFFICIAL_RUNTIME_ROLE_EVIDENCE,"Exact firmware linkage is present, but the fixed local evidence registry does not establish the upstream defining function for this component. Structural package role alone is non-terminal."
200090,vuci-app-io-post-get-api,1,cpe:2.3:a:vuci-app-io-post-get-api:vuci-app-io-post-get-api:1:*:*:*:*:*:*:*,CONTROL_DIRECT,feeds/vuci/applications/vuci-app-io-post-get/vuci-app-io-post-get-api,vuci-app-io-post-get-api,REVIEW_REQUIRED,"Exact firmware linkage is present, but the fixed local evidence registry does not establish the upstream defining function for this component. Structural package role alone is non-terminal.",MODERATE,,,PARTIAL_OR_SPLIT_COMPONENT,NOT_EVALUATED_RUNTIME_REVIEW,,,NOT_EVALUATED,false,false,,,,false,,false,false,,REVIEW_STOP,,,,N/A,,NO_CONTROL_CPE_ID,true,PRODUCT_RUNTIME,NO_FIXED_OFFICIAL_RUNTIME_ROLE_EVIDENCE,"Exact firmware linkage is present, but the fixed local evidence registry does not establish the upstream defining function for this component. Structural package role alone is non-terminal."
200091,vuci-app-io-post-get-ui,2025-07-02-0eab43c-1,cpe:2.3:a:vuci-app-io-post-get-ui:vuci-app-io-post-get-ui:2025-07-02-0eab43c-1:*:*:*:*:*:*:*,CONTROL_DIRECT,feeds/vuci/applications/vuci-app-io-post-get/vuci-app-io-post-get-ui,vuci-app-io-post-get-ui,REVIEW_REQUIRED,"Exact firmware linkage is present, but the fixed local evidence registry does not establish the upstream defining function for this component. Structural package role alone is non-terminal.",MODERATE,,,PARTIAL_OR_SPLIT_COMPONENT,NOT_EVALUATED_RUNTIME_REVIEW,,,NOT_EVALUATED,false,false,,,,false,,false,false,,REVIEW_STOP,,,,N/A,,NO_CONTROL_CPE_ID,true,PRODUCT_RUNTIME,NO_FIXED_OFFICIAL_RUNTIME_ROLE_EVIDENCE,"Exact firmware linkage is present, but the fixed local evidence registry does not establish the upstream defining function for this component. Structural package role alone is non-terminal."
200092,vuci-app-io-ui,2025-07-02-0eab43c-1,cpe:2.3:a:vuci-app-io-ui:vuci-app-io-ui:2025-07-02-0eab43c-1:*:*:*:*:*:*:*,CONTROL_DIRECT,feeds/vuci/applications/vuci-app-io/vuci-app-io-ui,vuci-app-io-ui,REVIEW_REQUIRED,"Exact firmware linkage is present, but the fixed local evidence registry does not establish the upstream defining function for this component. Structural package role alone is non-terminal.",MODERATE,,,PARTIAL_OR_SPLIT_COMPONENT,NOT_EVALUATED_RUNTIME_REVIEW,,,NOT_EVALUATED,false,false,,,,false,,false,false,,REVIEW_STOP,,,,N/A,,NO_CONTROL_CPE_ID,true,PRODUCT_RUNTIME,NO_FIXED_OFFICIAL_RUNTIME_ROLE_EVIDENCE,"Exact firmware linkage is present, but the fixed local evidence registry does not establish the upstream defining function for this component. Structural package role alone is non-terminal."
200093,vuci-app-l2tp-api,1,cpe:2.3:a:vuci-app-l2tp-api:vuci-app-l2tp-api:1:*:*:*:*:*:*:*,CONTROL_DIRECT,feeds/vuci/applications/vuci-app-l2tp/vuci-app-l2tp-api,vuci-app-l2tp-api,REVIEW_REQUIRED,"Exact firmware linkage is present, but the fixed local evidence registry does not establish the upstream defining function for this component. Structural package role alone is non-terminal.",MODERATE,,,PARTIAL_OR_SPLIT_COMPONENT,NOT_EVALUATED_RUNTIME_REVIEW,,,NOT_EVALUATED,false,false,,,,false,,false,false,,REVIEW_STOP,,,,N/A,,NO_CONTROL_CPE_ID,true,PRODUCT_RUNTIME,NO_FIXED_OFFICIAL_RUNTIME_ROLE_EVIDENCE,"Exact firmware linkage is present, but the fixed local evidence registry does not establish the upstream defining function for this component. Structural package role alone is non-terminal."
200094,vuci-app-l2tp-ui,2025-07-02-0eab43c-1,cpe:2.3:a:vuci-app-l2tp-ui:vuci-app-l2tp-ui:2025-07-02-0eab43c-1:*:*:*:*:*:*:*,CONTROL_DIRECT,feeds/vuci/applications/vuci-app-l2tp/vuci-app-l2tp-ui,vuci-app-l2tp-ui,REVIEW_REQUIRED,"Exact firmware linkage is present, but the fixed local evidence registry does not establish the upstream defining function for this component. Structural package role alone is non-terminal.",MODERATE,,,PARTIAL_OR_SPLIT_COMPONENT,NOT_EVALUATED_RUNTIME_REVIEW,,,NOT_EVALUATED,false,false,,,,false,,false,false,,REVIEW_STOP,,,,N/A,,NO_CONTROL_CPE_ID,true,PRODUCT_RUNTIME,NO_FIXED_OFFICIAL_RUNTIME_ROLE_EVIDENCE,"Exact firmware linkage is present, but the fixed local evidence registry does not establish the upstream defining function for this component. Structural package role alone is non-terminal."
200095,vuci-app-logs-api,1,cpe:2.3:a:vuci-app-logs-api:vuci-app-logs-api:1:*:*:*:*:*:*:*,CONTROL_DIRECT,feeds/vuci/applications/vuci-app-logs/vuci-app-logs-api,vuci-app-logs-api,REVIEW_REQUIRED,"Exact firmware linkage is present, but the fixed local evidence registry does not establish the upstream defining function for this component. Structural package role alone is non-terminal.",MODERATE,,,PARTIAL_OR_SPLIT_COMPONENT,NOT_EVALUATED_RUNTIME_REVIEW,,,NOT_EVALUATED,false,false,,,,false,,false,false,,REVIEW_STOP,,,,N/A,,NO_CONTROL_CPE_ID,true,PRODUCT_RUNTIME,NO_FIXED_OFFICIAL_RUNTIME_ROLE_EVIDENCE,"Exact firmware linkage is present, but the fixed local evidence registry does not establish the upstream defining function for this component. Structural package role alone is non-terminal."
200096,vuci-app-logs-ui,2025-07-02-0eab43c-1,cpe:2.3:a:vuci-app-logs-ui:vuci-app-logs-ui:2025-07-02-0eab43c-1:*:*:*:*:*:*:*,CONTROL_DIRECT,feeds/vuci/applications/vuci-app-logs/vuci-app-logs-ui,vuci-app-logs-ui,REVIEW_REQUIRED,"Exact firmware linkage is present, but the fixed local evidence registry does not establish the upstream defining function for this component. Structural package role alone is non-terminal.",MODERATE,,,PARTIAL_OR_SPLIT_COMPONENT,NOT_EVALUATED_RUNTIME_REVIEW,,,NOT_EVALUATED,false,false,,,,false,,false,false,,REVIEW_STOP,,,,N/A,,NO_CONTROL_CPE_ID,true,PRODUCT_RUNTIME,NO_FIXED_OFFICIAL_RUNTIME_ROLE_EVIDENCE,"Exact firmware linkage is present, but the fixed local evidence registry does not establish the upstream defining function for this component. Structural package role alone is non-terminal."
200097,vuci-app-memory-expansion-api,1,cpe:2.3:a:vuci-app-memory-expansion-api:vuci-app-memory-expansion-api:1:*:*:*:*:*:*:*,CONTROL_DIRECT,feeds/vuci/applications/vuci-app-memory-expansion/vuci-app-memory-expansion-api,vuci-app-memory-expansion-api,REVIEW_REQUIRED,"Exact firmware linkage is present, but the fixed local evidence registry does not establish the upstream defining function for this component. Structural package role alone is non-terminal.",MODERATE,,,PARTIAL_OR_SPLIT_COMPONENT,NOT_EVALUATED_RUNTIME_REVIEW,,,NOT_EVALUATED,false,false,,,,false,,false,false,,REVIEW_STOP,,,,N/A,,NO_CONTROL_CPE_ID,true,PRODUCT_RUNTIME,NO_FIXED_OFFICIAL_RUNTIME_ROLE_EVIDENCE,"Exact firmware linkage is present, but the fixed local evidence registry does not establish the upstream defining function for this component. Structural package role alone is non-terminal."
200098,vuci-app-memory-expansion-ui,2025-07-02-0eab43c-1,cpe:2.3:a:vuci-app-memory-expansion-ui:vuci-app-memory-expansion-ui:2025-07-02-0eab43c-1:*:*:*:*:*:*:*,CONTROL_DIRECT,feeds/vuci/applications/vuci-app-memory-expansion/vuci-app-memory-expansion-ui,vuci-app-memory-expansion-ui,REVIEW_REQUIRED,"Exact firmware linkage is present, but the fixed local evidence registry does not establish the upstream defining function for this component. Structural package role alone is non-terminal.",MODERATE,,,PARTIAL_OR_SPLIT_COMPONENT,NOT_EVALUATED_RUNTIME_REVIEW,,,NOT_EVALUATED,false,false,,,,false,,false,false,,REVIEW_STOP,,,,N/A,,NO_CONTROL_CPE_ID,true,PRODUCT_RUNTIME,NO_FIXED_OFFICIAL_RUNTIME_ROLE_EVIDENCE,"Exact firmware linkage is present, but the fixed local evidence registry does not establish the upstream defining function for this component. Structural package role alone is non-terminal."
200099,vuci-app-mobile-api,1,cpe:2.3:a:vuci-app-mobile-api:vuci-app-mobile-api:1:*:*:*:*:*:*:*,CONTROL_DIRECT,feeds/vuci/applications/vuci-app-mobile/vuci-app-mobile-api,vuci-app-mobile-api,REVIEW_REQUIRED,"Exact firmware linkage is present, but the fixed local evidence registry does not establish the upstream defining function for this component. Structural package role alone is non-terminal.",MODERATE,,,PARTIAL_OR_SPLIT_COMPONENT,NOT_EVALUATED_RUNTIME_REVIEW,,,NOT_EVALUATED,false,false,,,,false,,false,false,,REVIEW_STOP,,,,N/A,,NO_CONTROL_CPE_ID,true,PRODUCT_RUNTIME,NO_FIXED_OFFICIAL_RUNTIME_ROLE_EVIDENCE,"Exact firmware linkage is present, but the fixed local evidence registry does not establish the upstream defining function for this component. Structural package role alone is non-terminal."
200100,vuci-app-mobile-post-get-api,1,cpe:2.3:a:vuci-app-mobile-post-get-api:vuci-app-mobile-post-get-api:1:*:*:*:*:*:*:*,CONTROL_DIRECT,feeds/vuci/applications/vuci-app-mobile-post-get/vuci-app-mobile-post-get-api,vuci-app-mobile-post-get-api,REVIEW_REQUIRED,"Exact firmware linkage is present, but the fixed local evidence registry does not establish the upstream defining function for this component. Structural package role alone is non-terminal.",MODERATE,,,PARTIAL_OR_SPLIT_COMPONENT,NOT_EVALUATED_RUNTIME_REVIEW,,,NOT_EVALUATED,false,false,,,,false,,false,false,,REVIEW_STOP,,,,N/A,,NO_CONTROL_CPE_ID,true,PRODUCT_RUNTIME,NO_FIXED_OFFICIAL_RUNTIME_ROLE_EVIDENCE,"Exact firmware linkage is present, but the fixed local evidence registry does not establish the upstream defining function for this component. Structural package role alone is non-terminal."
200101,vuci-app-mobile-post-get-ui,2025-07-02-0eab43c-1,cpe:2.3:a:vuci-app-mobile-post-get-ui:vuci-app-mobile-post-get-ui:2025-07-02-0eab43c-1:*:*:*:*:*:*:*,CONTROL_DIRECT,feeds/vuci/applications/vuci-app-mobile-post-get/vuci-app-mobile-post-get-ui,vuci-app-mobile-post-get-ui,REVIEW_REQUIRED,"Exact firmware linkage is present, but the fixed local evidence registry does not establish the upstream defining function for this component. Structural package role alone is non-terminal.",MODERATE,,,PARTIAL_OR_SPLIT_COMPONENT,NOT_EVALUATED_RUNTIME_REVIEW,,,NOT_EVALUATED,false,false,,,,false,,false,false,,REVIEW_STOP,,,,N/A,,NO_CONTROL_CPE_ID,true,PRODUCT_RUNTIME,NO_FIXED_OFFICIAL_RUNTIME_ROLE_EVIDENCE,"Exact firmware linkage is present, but the fixed local evidence registry does not establish the upstream defining function for this component. Structural package role alone is non-terminal."
200102,vuci-app-mobile-ui,2025-07-02-0eab43c-1,cpe:2.3:a:vuci-app-mobile-ui:vuci-app-mobile-ui:2025-07-02-0eab43c-1:*:*:*:*:*:*:*,CONTROL_DIRECT,feeds/vuci/applications/vuci-app-mobile/vuci-app-mobile-ui,vuci-app-mobile-ui,REVIEW_REQUIRED,"Exact firmware linkage is present, but the fixed local evidence registry does not establish the upstream defining function for this component. Structural package role alone is non-terminal.",MODERATE,,,PARTIAL_OR_SPLIT_COMPONENT,NOT_EVALUATED_RUNTIME_REVIEW,,,NOT_EVALUATED,false,false,,,,false,,false,false,,REVIEW_STOP,,,,N/A,,NO_CONTROL_CPE_ID,true,PRODUCT_RUNTIME,NO_FIXED_OFFICIAL_RUNTIME_ROLE_EVIDENCE,"Exact firmware linkage is present, but the fixed local evidence registry does not establish the upstream defining function for this component. Structural package role alone is non-terminal."
200103,vuci-app-mobile-usage-api,1,cpe:2.3:a:vuci-app-mobile-usage-api:vuci-app-mobile-usage-api:1:*:*:*:*:*:*:*,CONTROL_DIRECT,feeds/vuci/applications/vuci-app-mobile-usage/vuci-app-mobile-usage-api,vuci-app-mobile-usage-api,REVIEW_REQUIRED,"Exact firmware linkage is present, but the fixed local evidence registry does not establish the upstream defining function for this component. Structural package role alone is non-terminal.",MODERATE,,,PARTIAL_OR_SPLIT_COMPONENT,NOT_EVALUATED_RUNTIME_REVIEW,,,NOT_EVALUATED,false,false,,,,false,,false,false,,REVIEW_STOP,,,,N/A,,NO_CONTROL_CPE_ID,true,PRODUCT_RUNTIME,NO_FIXED_OFFICIAL_RUNTIME_ROLE_EVIDENCE,"Exact firmware linkage is present, but the fixed local evidence registry does not establish the upstream defining function for this component. Structural package role alone is non-terminal."
200104,vuci-app-mobile-usage-ui,2025-07-02-0eab43c-1,cpe:2.3:a:vuci-app-mobile-usage-ui:vuci-app-mobile-usage-ui:2025-07-02-0eab43c-1:*:*:*:*:*:*:*,CONTROL_DIRECT,feeds/vuci/applications/vuci-app-mobile-usage/vuci-app-mobile-usage-ui,vuci-app-mobile-usage-ui,REVIEW_REQUIRED,"Exact firmware linkage is present, but the fixed local evidence registry does not establish the upstream defining function for this component. Structural package role alone is non-terminal.",MODERATE,,,PARTIAL_OR_SPLIT_COMPONENT,NOT_EVALUATED_RUNTIME_REVIEW,,,NOT_EVALUATED,false,false,,,,false,,false,false,,REVIEW_STOP,,,,N/A,,NO_CONTROL_CPE_ID,true,PRODUCT_RUNTIME,NO_FIXED_OFFICIAL_RUNTIME_ROLE_EVIDENCE,"Exact firmware linkage is present, but the fixed local evidence registry does not establish the upstream defining function for this component. Structural package role alone is non-terminal."
200105,vuci-app-mobile-utilities-api,1,cpe:2.3:a:vuci-app-mobile-utilities-api:vuci-app-mobile-utilities-api:1:*:*:*:*:*:*:*,CONTROL_DIRECT,feeds/vuci/applications/vuci-app-mobile-utilities/vuci-app-mobile-utilities-api,vuci-app-mobile-utilities-api,REVIEW_REQUIRED,"Exact firmware linkage is present, but the fixed local evidence registry does not establish the upstream defining function for this component. Structural package role alone is non-terminal.",MODERATE,,,PARTIAL_OR_SPLIT_COMPONENT,NOT_EVALUATED_RUNTIME_REVIEW,,,NOT_EVALUATED,false,false,,,,false,,false,false,,REVIEW_STOP,,,,N/A,,NO_CONTROL_CPE_ID,true,PRODUCT_RUNTIME,NO_FIXED_OFFICIAL_RUNTIME_ROLE_EVIDENCE,"Exact firmware linkage is present, but the fixed local evidence registry does not establish the upstream defining function for this component. Structural package role alone is non-terminal."
200106,vuci-app-mobile-utilities-ui,2025-07-02-0eab43c-1,cpe:2.3:a:vuci-app-mobile-utilities-ui:vuci-app-mobile-utilities-ui:2025-07-02-0eab43c-1:*:*:*:*:*:*:*,CONTROL_DIRECT,feeds/vuci/applications/vuci-app-mobile-utilities/vuci-app-mobile-utilities-ui,vuci-app-mobile-utilities-ui,REVIEW_REQUIRED,"Exact firmware linkage is present, but the fixed local evidence registry does not establish the upstream defining function for this component. Structural package role alone is non-terminal.",MODERATE,,,PARTIAL_OR_SPLIT_COMPONENT,NOT_EVALUATED_RUNTIME_REVIEW,,,NOT_EVALUATED,false,false,,,,false,,false,false,,REVIEW_STOP,,,,N/A,,NO_CONTROL_CPE_ID,true,PRODUCT_RUNTIME,NO_FIXED_OFFICIAL_RUNTIME_ROLE_EVIDENCE,"Exact firmware linkage is present, but the fixed local evidence registry does not establish the upstream defining function for this component. Structural package role alone is non-terminal."
200107,vuci-app-modbus-client-api,1,cpe:2.3:a:vuci-app-modbus-client-api:vuci-app-modbus-client-api:1:*:*:*:*:*:*:*,CONTROL_DIRECT,feeds/vuci/applications/vuci-app-modbus-client/vuci-app-modbus-client-api,vuci-app-modbus-client-api,REVIEW_REQUIRED,"Exact firmware linkage is present, but the fixed local evidence registry does not establish the upstream defining function for this component. Structural package role alone is non-terminal.",MODERATE,,,PARTIAL_OR_SPLIT_COMPONENT,NOT_EVALUATED_RUNTIME_REVIEW,,,NOT_EVALUATED,false,false,,,,false,,false,false,,REVIEW_STOP,,,,N/A,,NO_CONTROL_CPE_ID,true,PRODUCT_RUNTIME,NO_FIXED_OFFICIAL_RUNTIME_ROLE_EVIDENCE,"Exact firmware linkage is present, but the fixed local evidence registry does not establish the upstream defining function for this component. Structural package role alone is non-terminal."
200108,vuci-app-modbus-client-ui,2025-07-02-0eab43c-1,cpe:2.3:a:vuci-app-modbus-client-ui:vuci-app-modbus-client-ui:2025-07-02-0eab43c-1:*:*:*:*:*:*:*,CONTROL_DIRECT,feeds/vuci/applications/vuci-app-modbus-client/vuci-app-modbus-client-ui,vuci-app-modbus-client-ui,REVIEW_REQUIRED,"Exact firmware linkage is present, but the fixed local evidence registry does not establish the upstream defining function for this component. Structural package role alone is non-terminal.",MODERATE,,,PARTIAL_OR_SPLIT_COMPONENT,NOT_EVALUATED_RUNTIME_REVIEW,,,NOT_EVALUATED,false,false,,,,false,,false,false,,REVIEW_STOP,,,,N/A,,NO_CONTROL_CPE_ID,true,PRODUCT_RUNTIME,NO_FIXED_OFFICIAL_RUNTIME_ROLE_EVIDENCE,"Exact firmware linkage is present, but the fixed local evidence registry does not establish the upstream defining function for this component. Structural package role alone is non-terminal."
200109,vuci-app-modbus-gateway-api,1,cpe:2.3:a:vuci-app-modbus-gateway-api:vuci-app-modbus-gateway-api:1:*:*:*:*:*:*:*,CONTROL_DIRECT,feeds/vuci/applications/vuci-app-modbus-gateway/vuci-app-modbus-gateway-api,vuci-app-modbus-gateway-api,REVIEW_REQUIRED,"Exact firmware linkage is present, but the fixed local evidence registry does not establish the upstream defining function for this component. Structural package role alone is non-terminal.",MODERATE,,,PARTIAL_OR_SPLIT_COMPONENT,NOT_EVALUATED_RUNTIME_REVIEW,,,NOT_EVALUATED,false,false,,,,false,,false,false,,REVIEW_STOP,,,,N/A,,NO_CONTROL_CPE_ID,true,PRODUCT_RUNTIME,NO_FIXED_OFFICIAL_RUNTIME_ROLE_EVIDENCE,"Exact firmware linkage is present, but the fixed local evidence registry does not establish the upstream defining function for this component. Structural package role alone is non-terminal."
200110,vuci-app-modbus-gateway-ui,2025-07-02-0eab43c-1,cpe:2.3:a:vuci-app-modbus-gateway-ui:vuci-app-modbus-gateway-ui:2025-07-02-0eab43c-1:*:*:*:*:*:*:*,CONTROL_DIRECT,feeds/vuci/applications/vuci-app-modbus-gateway/vuci-app-modbus-gateway-ui,vuci-app-modbus-gateway-ui,REVIEW_REQUIRED,"Exact firmware linkage is present, but the fixed local evidence registry does not establish the upstream defining function for this component. Structural package role alone is non-terminal.",MODERATE,,,PARTIAL_OR_SPLIT_COMPONENT,NOT_EVALUATED_RUNTIME_REVIEW,,,NOT_EVALUATED,false,false,,,,false,,false,false,,REVIEW_STOP,,,,N/A,,NO_CONTROL_CPE_ID,true,PRODUCT_RUNTIME,NO_FIXED_OFFICIAL_RUNTIME_ROLE_EVIDENCE,"Exact firmware linkage is present, but the fixed local evidence registry does not establish the upstream defining function for this component. Structural package role alone is non-terminal."
200111,vuci-app-modbus-serial-api,1,cpe:2.3:a:vuci-app-modbus-serial-api:vuci-app-modbus-serial-api:1:*:*:*:*:*:*:*,CONTROL_DIRECT,feeds/vuci/applications/vuci-app-modbus-serial/vuci-app-modbus-serial-api,vuci-app-modbus-serial-api,REVIEW_REQUIRED,"Exact firmware linkage is present, but the fixed local evidence registry does not establish the upstream defining function for this component. Structural package role alone is non-terminal.",MODERATE,,,PARTIAL_OR_SPLIT_COMPONENT,NOT_EVALUATED_RUNTIME_REVIEW,,,NOT_EVALUATED,false,false,,,,false,,false,false,,REVIEW_STOP,,,,N/A,,NO_CONTROL_CPE_ID,true,PRODUCT_RUNTIME,NO_FIXED_OFFICIAL_RUNTIME_ROLE_EVIDENCE,"Exact firmware linkage is present, but the fixed local evidence registry does not establish the upstream defining function for this component. Structural package role alone is non-terminal."
200112,vuci-app-modbus-serial-gateway-api,1,cpe:2.3:a:vuci-app-modbus-serial-gateway-api:vuci-app-modbus-serial-gateway-api:1:*:*:*:*:*:*:*,CONTROL_DIRECT,feeds/vuci/applications/vuci-app-modbus-serial-gateway/vuci-app-modbus-serial-gateway-api,vuci-app-modbus-serial-gateway-api,REVIEW_REQUIRED,"Exact firmware linkage is present, but the fixed local evidence registry does not establish the upstream defining function for this component. Structural package role alone is non-terminal.",MODERATE,,,PARTIAL_OR_SPLIT_COMPONENT,NOT_EVALUATED_RUNTIME_REVIEW,,,NOT_EVALUATED,false,false,,,,false,,false,false,,REVIEW_STOP,,,,N/A,,NO_CONTROL_CPE_ID,true,PRODUCT_RUNTIME,NO_FIXED_OFFICIAL_RUNTIME_ROLE_EVIDENCE,"Exact firmware linkage is present, but the fixed local evidence registry does not establish the upstream defining function for this component. Structural package role alone is non-terminal."
200113,vuci-app-modbus-serial-gateway-ui,2025-07-02-0eab43c-1,cpe:2.3:a:vuci-app-modbus-serial-gateway-ui:vuci-app-modbus-serial-gateway-ui:2025-07-02-0eab43c-1:*:*:*:*:*:*:*,CONTROL_DIRECT,feeds/vuci/applications/vuci-app-modbus-serial-gateway/vuci-app-modbus-serial-gateway-ui,vuci-app-modbus-serial-gateway-ui,REVIEW_REQUIRED,"Exact firmware linkage is present, but the fixed local evidence registry does not establish the upstream defining function for this component. Structural package role alone is non-terminal.",MODERATE,,,PARTIAL_OR_SPLIT_COMPONENT,NOT_EVALUATED_RUNTIME_REVIEW,,,NOT_EVALUATED,false,false,,,,false,,false,false,,REVIEW_STOP,,,,N/A,,NO_CONTROL_CPE_ID,true,PRODUCT_RUNTIME,NO_FIXED_OFFICIAL_RUNTIME_ROLE_EVIDENCE,"Exact firmware linkage is present, but the fixed local evidence registry does not establish the upstream defining function for this component. Structural package role alone is non-terminal."
200114,vuci-app-modbus-serial-ui,2025-07-02-0eab43c-1,cpe:2.3:a:vuci-app-modbus-serial-ui:vuci-app-modbus-serial-ui:2025-07-02-0eab43c-1:*:*:*:*:*:*:*,CONTROL_DIRECT,feeds/vuci/applications/vuci-app-modbus-serial/vuci-app-modbus-serial-ui,vuci-app-modbus-serial-ui,REVIEW_REQUIRED,"Exact firmware linkage is present, but the fixed local evidence registry does not establish the upstream defining function for this component. Structural package role alone is non-terminal.",MODERATE,,,PARTIAL_OR_SPLIT_COMPONENT,NOT_EVALUATED_RUNTIME_REVIEW,,,NOT_EVALUATED,false,false,,,,false,,false,false,,REVIEW_STOP,,,,N/A,,NO_CONTROL_CPE_ID,true,PRODUCT_RUNTIME,NO_FIXED_OFFICIAL_RUNTIME_ROLE_EVIDENCE,"Exact firmware linkage is present, but the fixed local evidence registry does not establish the upstream defining function for this component. Structural package role alone is non-terminal."
200115,vuci-app-modbus-server-api,1,cpe:2.3:a:vuci-app-modbus-server-api:vuci-app-modbus-server-api:1:*:*:*:*:*:*:*,CONTROL_DIRECT,feeds/vuci/applications/vuci-app-modbus-server/vuci-app-modbus-server-api,vuci-app-modbus-server-api,REVIEW_REQUIRED,"Exact firmware linkage is present, but the fixed local evidence registry does not establish the upstream defining function for this component. Structural package role alone is non-terminal.",MODERATE,,,PARTIAL_OR_SPLIT_COMPONENT,NOT_EVALUATED_RUNTIME_REVIEW,,,NOT_EVALUATED,false,false,,,,false,,false,false,,REVIEW_STOP,,,,N/A,,NO_CONTROL_CPE_ID,true,PRODUCT_RUNTIME,NO_FIXED_OFFICIAL_RUNTIME_ROLE_EVIDENCE,"Exact firmware linkage is present, but the fixed local evidence registry does not establish the upstream defining function for this component. Structural package role alone is non-terminal."
200116,vuci-app-modbus-server-ui,2025-07-02-0eab43c-1,cpe:2.3:a:vuci-app-modbus-server-ui:vuci-app-modbus-server-ui:2025-07-02-0eab43c-1:*:*:*:*:*:*:*,CONTROL_DIRECT,feeds/vuci/applications/vuci-app-modbus-server/vuci-app-modbus-server-ui,vuci-app-modbus-server-ui,REVIEW_REQUIRED,"Exact firmware linkage is present, but the fixed local evidence registry does not establish the upstream defining function for this component. Structural package role alone is non-terminal.",MODERATE,,,PARTIAL_OR_SPLIT_COMPONENT,NOT_EVALUATED_RUNTIME_REVIEW,,,NOT_EVALUATED,false,false,,,,false,,false,false,,REVIEW_STOP,,,,N/A,,NO_CONTROL_CPE_ID,true,PRODUCT_RUNTIME,NO_FIXED_OFFICIAL_RUNTIME_ROLE_EVIDENCE,"Exact firmware linkage is present, but the fixed local evidence registry does not establish the upstream defining function for this component. Structural package role alone is non-terminal."
200117,vuci-app-modem-control-api,1,cpe:2.3:a:vuci-app-modem-control-api:vuci-app-modem-control-api:1:*:*:*:*:*:*:*,CONTROL_DIRECT,feeds/vuci/applications/vuci-app-modem-control/vuci-app-modem-control-api,vuci-app-modem-control-api,REVIEW_REQUIRED,"Exact firmware linkage is present, but the fixed local evidence registry does not establish the upstream defining function for this component. Structural package role alone is non-terminal.",MODERATE,,,PARTIAL_OR_SPLIT_COMPONENT,NOT_EVALUATED_RUNTIME_REVIEW,,,NOT_EVALUATED,false,false,,,,false,,false,false,,REVIEW_STOP,,,,N/A,,NO_CONTROL_CPE_ID,true,PRODUCT_RUNTIME,NO_FIXED_OFFICIAL_RUNTIME_ROLE_EVIDENCE,"Exact firmware linkage is present, but the fixed local evidence registry does not establish the upstream defining function for this component. Structural package role alone is non-terminal."
200118,vuci-app-modem-control-ui,2025-07-02-0eab43c-1,cpe:2.3:a:vuci-app-modem-control-ui:vuci-app-modem-control-ui:2025-07-02-0eab43c-1:*:*:*:*:*:*:*,CONTROL_DIRECT,feeds/vuci/applications/vuci-app-modem-control/vuci-app-modem-control-ui,vuci-app-modem-control-ui,REVIEW_REQUIRED,"Exact firmware linkage is present, but the fixed local evidence registry does not establish the upstream defining function for this component. Structural package role alone is non-terminal.",MODERATE,,,PARTIAL_OR_SPLIT_COMPONENT,NOT_EVALUATED_RUNTIME_REVIEW,,,NOT_EVALUATED,false,false,,,,false,,false,false,,REVIEW_STOP,,,,N/A,,NO_CONTROL_CPE_ID,true,PRODUCT_RUNTIME,NO_FIXED_OFFICIAL_RUNTIME_ROLE_EVIDENCE,"Exact firmware linkage is present, but the fixed local evidence registry does not establish the upstream defining function for this component. Structural package role alone is non-terminal."
200119,vuci-app-multiusers-api,1,cpe:2.3:a:vuci-app-multiusers-api:vuci-app-multiusers-api:1:*:*:*:*:*:*:*,CONTROL_DIRECT,feeds/vuci/applications/vuci-app-multiusers/vuci-app-multiusers-api,vuci-app-multiusers-api,REVIEW_REQUIRED,"Exact firmware linkage is present, but the fixed local evidence registry does not establish the upstream defining function for this component. Structural package role alone is non-terminal.",MODERATE,,,PARTIAL_OR_SPLIT_COMPONENT,NOT_EVALUATED_RUNTIME_REVIEW,,,NOT_EVALUATED,false,false,,,,false,,false,false,,REVIEW_STOP,,,,N/A,,NO_CONTROL_CPE_ID,true,PRODUCT_RUNTIME,NO_FIXED_OFFICIAL_RUNTIME_ROLE_EVIDENCE,"Exact firmware linkage is present, but the fixed local evidence registry does not establish the upstream defining function for this component. Structural package role alone is non-terminal."
200120,vuci-app-multiusers-ui,2025-07-02-0eab43c-1,cpe:2.3:a:vuci-app-multiusers-ui:vuci-app-multiusers-ui:2025-07-02-0eab43c-1:*:*:*:*:*:*:*,CONTROL_DIRECT,feeds/vuci/applications/vuci-app-multiusers/vuci-app-multiusers-ui,vuci-app-multiusers-ui,REVIEW_REQUIRED,"Exact firmware linkage is present, but the fixed local evidence registry does not establish the upstream defining function for this component. Structural package role alone is non-terminal.",MODERATE,,,PARTIAL_OR_SPLIT_COMPONENT,NOT_EVALUATED_RUNTIME_REVIEW,,,NOT_EVALUATED,false,false,,,,false,,false,false,,REVIEW_STOP,,,,N/A,,NO_CONTROL_CPE_ID,true,PRODUCT_RUNTIME,NO_FIXED_OFFICIAL_RUNTIME_ROLE_EVIDENCE,"Exact firmware linkage is present, but the fixed local evidence registry does not establish the upstream defining function for this component. Structural package role alone is non-terminal."
200121,vuci-app-mwan3-api,1,cpe:2.3:a:vuci-app-mwan3-api:vuci-app-mwan3-api:1:*:*:*:*:*:*:*,CONTROL_DIRECT,feeds/vuci/applications/vuci-app-mwan3/vuci-app-mwan3-api,vuci-app-mwan3-api,REVIEW_REQUIRED,"Exact firmware linkage is present, but the fixed local evidence registry does not establish the upstream defining function for this component. Structural package role alone is non-terminal.",MODERATE,,,PARTIAL_OR_SPLIT_COMPONENT,NOT_EVALUATED_RUNTIME_REVIEW,,,NOT_EVALUATED,false,false,,,,false,,false,false,,REVIEW_STOP,,,,N/A,,NO_CONTROL_CPE_ID,true,PRODUCT_RUNTIME,NO_FIXED_OFFICIAL_RUNTIME_ROLE_EVIDENCE,"Exact firmware linkage is present, but the fixed local evidence registry does not establish the upstream defining function for this component. Structural package role alone is non-terminal."
200122,vuci-app-mwan3-ui,2025-07-02-0eab43c-1,cpe:2.3:a:vuci-app-mwan3-ui:vuci-app-mwan3-ui:2025-07-02-0eab43c-1:*:*:*:*:*:*:*,CONTROL_DIRECT,feeds/vuci/applications/vuci-app-mwan3/vuci-app-mwan3-ui,vuci-app-mwan3-ui,REVIEW_REQUIRED,"Exact firmware linkage is present, but the fixed local evidence registry does not establish the upstream defining function for this component. Structural package role alone is non-terminal.",MODERATE,,,PARTIAL_OR_SPLIT_COMPONENT,NOT_EVALUATED_RUNTIME_REVIEW,,,NOT_EVALUATED,false,false,,,,false,,false,false,,REVIEW_STOP,,,,N/A,,NO_CONTROL_CPE_ID,true,PRODUCT_RUNTIME,NO_FIXED_OFFICIAL_RUNTIME_ROLE_EVIDENCE,"Exact firmware linkage is present, but the fixed local evidence registry does not establish the upstream defining function for this component. Structural package role alone is non-terminal."
200123,vuci-app-network-api,1,cpe:2.3:a:vuci-app-network-api:vuci-app-network-api:1:*:*:*:*:*:*:*,CONTROL_DIRECT,feeds/vuci/applications/vuci-app-network/vuci-app-network-api,vuci-app-network-api,REVIEW_REQUIRED,"Exact firmware linkage is present, but the fixed local evidence registry does not establish the upstream defining function for this component. Structural package role alone is non-terminal.",MODERATE,,,PARTIAL_OR_SPLIT_COMPONENT,NOT_EVALUATED_RUNTIME_REVIEW,,,NOT_EVALUATED,false,false,,,,false,,false,false,,REVIEW_STOP,,,,N/A,,NO_CONTROL_CPE_ID,true,PRODUCT_RUNTIME,NO_FIXED_OFFICIAL_RUNTIME_ROLE_EVIDENCE,"Exact firmware linkage is present, but the fixed local evidence registry does not establish the upstream defining function for this component. Structural package role alone is non-terminal."
200124,vuci-app-network-devices-api,1,cpe:2.3:a:vuci-app-network-devices-api:vuci-app-network-devices-api:1:*:*:*:*:*:*:*,CONTROL_DIRECT,feeds/vuci/applications/vuci-app-network-devices/vuci-app-network-devices-api,vuci-app-network-devices-api,REVIEW_REQUIRED,"Exact firmware linkage is present, but the fixed local evidence registry does not establish the upstream defining function for this component. Structural package role alone is non-terminal.",MODERATE,,,PARTIAL_OR_SPLIT_COMPONENT,NOT_EVALUATED_RUNTIME_REVIEW,,,NOT_EVALUATED,false,false,,,,false,,false,false,,REVIEW_STOP,,,,N/A,,NO_CONTROL_CPE_ID,true,PRODUCT_RUNTIME,NO_FIXED_OFFICIAL_RUNTIME_ROLE_EVIDENCE,"Exact firmware linkage is present, but the fixed local evidence registry does not establish the upstream defining function for this component. Structural package role alone is non-terminal."
200125,vuci-app-network-ui,2025-07-02-0eab43c-1,cpe:2.3:a:vuci-app-network-ui:vuci-app-network-ui:2025-07-02-0eab43c-1:*:*:*:*:*:*:*,CONTROL_DIRECT,feeds/vuci/applications/vuci-app-network/vuci-app-network-ui,vuci-app-network-ui,REVIEW_REQUIRED,"Exact firmware linkage is present, but the fixed local evidence registry does not establish the upstream defining function for this component. Structural package role alone is non-terminal.",MODERATE,,,PARTIAL_OR_SPLIT_COMPONENT,NOT_EVALUATED_RUNTIME_REVIEW,,,NOT_EVALUATED,false,false,,,,false,,false,false,,REVIEW_STOP,,,,N/A,,NO_CONTROL_CPE_ID,true,PRODUCT_RUNTIME,NO_FIXED_OFFICIAL_RUNTIME_ROLE_EVIDENCE,"Exact firmware linkage is present, but the fixed local evidence registry does not establish the upstream defining function for this component. Structural package role alone is non-terminal."
200126,vuci-app-ntp-api,1,cpe:2.3:a:vuci-app-ntp-api:vuci-app-ntp-api:1:*:*:*:*:*:*:*,CONTROL_DIRECT,feeds/vuci/applications/vuci-app-ntp/vuci-app-ntp-api,vuci-app-ntp-api,REVIEW_REQUIRED,"Exact firmware linkage is present, but the fixed local evidence registry does not establish the upstream defining function for this component. Structural package role alone is non-terminal.",MODERATE,,,PARTIAL_OR_SPLIT_COMPONENT,NOT_EVALUATED_RUNTIME_REVIEW,,,NOT_EVALUATED,false,false,,,,false,,false,false,,REVIEW_STOP,,,,N/A,,NO_CONTROL_CPE_ID,true,PRODUCT_RUNTIME,NO_FIXED_OFFICIAL_RUNTIME_ROLE_EVIDENCE,"Exact firmware linkage is present, but the fixed local evidence registry does not establish the upstream defining function for this component. Structural package role alone is non-terminal."
200127,vuci-app-ntp-ui,2025-07-02-0eab43c-1,cpe:2.3:a:vuci-app-ntp-ui:vuci-app-ntp-ui:2025-07-02-0eab43c-1:*:*:*:*:*:*:*,CONTROL_DIRECT,feeds/vuci/applications/vuci-app-ntp/vuci-app-ntp-ui,vuci-app-ntp-ui,REVIEW_REQUIRED,"Exact firmware linkage is present, but the fixed local evidence registry does not establish the upstream defining function for this component. Structural package role alone is non-terminal.",MODERATE,,,PARTIAL_OR_SPLIT_COMPONENT,NOT_EVALUATED_RUNTIME_REVIEW,,,NOT_EVALUATED,false,false,,,,false,,false,false,,REVIEW_STOP,,,,N/A,,NO_CONTROL_CPE_ID,true,PRODUCT_RUNTIME,NO_FIXED_OFFICIAL_RUNTIME_ROLE_EVIDENCE,"Exact firmware linkage is present, but the fixed local evidence registry does not establish the upstream defining function for this component. Structural package role alone is non-terminal."
200128,vuci-app-opcua-api,1,cpe:2.3:a:vuci-app-opcua-api:vuci-app-opcua-api:1:*:*:*:*:*:*:*,CONTROL_DIRECT,feeds/vuci/applications/vuci-app-opcua/vuci-app-opcua-api,vuci-app-opcua-api,REVIEW_REQUIRED,"Exact firmware linkage is present, but the fixed local evidence registry does not establish the upstream defining function for this component. Structural package role alone is non-terminal.",MODERATE,,,PARTIAL_OR_SPLIT_COMPONENT,NOT_EVALUATED_RUNTIME_REVIEW,,,NOT_EVALUATED,false,false,,,,false,,false,false,,REVIEW_STOP,,,,N/A,,NO_CONTROL_CPE_ID,true,PRODUCT_RUNTIME,NO_FIXED_OFFICIAL_RUNTIME_ROLE_EVIDENCE,"Exact firmware linkage is present, but the fixed local evidence registry does not establish the upstream defining function for this component. Structural package role alone is non-terminal."
200129,vuci-app-opcua-server-api,1,cpe:2.3:a:vuci-app-opcua-server-api:vuci-app-opcua-server-api:1:*:*:*:*:*:*:*,CONTROL_DIRECT,feeds/vuci/applications/vuci-app-opcua-server/vuci-app-opcua-server-api,vuci-app-opcua-server-api,REVIEW_REQUIRED,"Exact firmware linkage is present, but the fixed local evidence registry does not establish the upstream defining function for this component. Structural package role alone is non-terminal.",MODERATE,,,PARTIAL_OR_SPLIT_COMPONENT,NOT_EVALUATED_RUNTIME_REVIEW,,,NOT_EVALUATED,false,false,,,,false,,false,false,,REVIEW_STOP,,,,N/A,,NO_CONTROL_CPE_ID,true,PRODUCT_RUNTIME,NO_FIXED_OFFICIAL_RUNTIME_ROLE_EVIDENCE,"Exact firmware linkage is present, but the fixed local evidence registry does not establish the upstream defining function for this component. Structural package role alone is non-terminal."
200130,vuci-app-opcua-server-ui,2025-07-02-0eab43c-1,cpe:2.3:a:vuci-app-opcua-server-ui:vuci-app-opcua-server-ui:2025-07-02-0eab43c-1:*:*:*:*:*:*:*,CONTROL_DIRECT,feeds/vuci/applications/vuci-app-opcua-server/vuci-app-opcua-server-ui,vuci-app-opcua-server-ui,REVIEW_REQUIRED,"Exact firmware linkage is present, but the fixed local evidence registry does not establish the upstream defining function for this component. Structural package role alone is non-terminal.",MODERATE,,,PARTIAL_OR_SPLIT_COMPONENT,NOT_EVALUATED_RUNTIME_REVIEW,,,NOT_EVALUATED,false,false,,,,false,,false,false,,REVIEW_STOP,,,,N/A,,NO_CONTROL_CPE_ID,true,PRODUCT_RUNTIME,NO_FIXED_OFFICIAL_RUNTIME_ROLE_EVIDENCE,"Exact firmware linkage is present, but the fixed local evidence registry does not establish the upstream defining function for this component. Structural package role alone is non-terminal."
200131,vuci-app-opcua-ui,2025-07-02-0eab43c-1,cpe:2.3:a:vuci-app-opcua-ui:vuci-app-opcua-ui:2025-07-02-0eab43c-1:*:*:*:*:*:*:*,CONTROL_DIRECT,feeds/vuci/applications/vuci-app-opcua/vuci-app-opcua-ui,vuci-app-opcua-ui,REVIEW_REQUIRED,"Exact firmware linkage is present, but the fixed local evidence registry does not establish the upstream defining function for this component. Structural package role alone is non-terminal.",MODERATE,,,PARTIAL_OR_SPLIT_COMPONENT,NOT_EVALUATED_RUNTIME_REVIEW,,,NOT_EVALUATED,false,false,,,,false,,false,false,,REVIEW_STOP,,,,N/A,,NO_CONTROL_CPE_ID,true,PRODUCT_RUNTIME,NO_FIXED_OFFICIAL_RUNTIME_ROLE_EVIDENCE,"Exact firmware linkage is present, but the fixed local evidence registry does not establish the upstream defining function for this component. Structural package role alone is non-terminal."
200132,vuci-app-openvpn-api,1,cpe:2.3:a:vuci-app-openvpn-api:vuci-app-openvpn-api:1:*:*:*:*:*:*:*,CONTROL_DIRECT,feeds/vuci/applications/vuci-app-openvpn/vuci-app-openvpn-api,vuci-app-openvpn-api,REVIEW_REQUIRED,"Exact firmware linkage is present, but the fixed local evidence registry does not establish the upstream defining function for this component. Structural package role alone is non-terminal.",MODERATE,,,PARTIAL_OR_SPLIT_COMPONENT,NOT_EVALUATED_RUNTIME_REVIEW,,,NOT_EVALUATED,false,false,,,,false,,false,false,,REVIEW_STOP,,,,N/A,,NO_CONTROL_CPE_ID,true,PRODUCT_RUNTIME,NO_FIXED_OFFICIAL_RUNTIME_ROLE_EVIDENCE,"Exact firmware linkage is present, but the fixed local evidence registry does not establish the upstream defining function for this component. Structural package role alone is non-terminal."
200133,vuci-app-openvpn-ui,2025-07-02-0eab43c-1,cpe:2.3:a:vuci-app-openvpn-ui:vuci-app-openvpn-ui:2025-07-02-0eab43c-1:*:*:*:*:*:*:*,CONTROL_DIRECT,feeds/vuci/applications/vuci-app-openvpn/vuci-app-openvpn-ui,vuci-app-openvpn-ui,REVIEW_REQUIRED,"Exact firmware linkage is present, but the fixed local evidence registry does not establish the upstream defining function for this component. Structural package role alone is non-terminal.",MODERATE,,,PARTIAL_OR_SPLIT_COMPONENT,NOT_EVALUATED_RUNTIME_REVIEW,,,NOT_EVALUATED,false,false,,,,false,,false,false,,REVIEW_STOP,,,,N/A,,NO_CONTROL_CPE_ID,true,PRODUCT_RUNTIME,NO_FIXED_OFFICIAL_RUNTIME_ROLE_EVIDENCE,"Exact firmware linkage is present, but the fixed local evidence registry does not establish the upstream defining function for this component. Structural package role alone is non-terminal."
200134,vuci-app-overip-api,1,cpe:2.3:a:vuci-app-overip-api:vuci-app-overip-api:1:*:*:*:*:*:*:*,CONTROL_DIRECT,feeds/vuci/applications/vuci-app-overip/vuci-app-overip-api,vuci-app-overip-api,REVIEW_REQUIRED,"Exact firmware linkage is present, but the fixed local evidence registry does not establish the upstream defining function for this component. Structural package role alone is non-terminal.",MODERATE,,,PARTIAL_OR_SPLIT_COMPONENT,NOT_EVALUATED_RUNTIME_REVIEW,,,NOT_EVALUATED,false,false,,,,false,,false,false,,REVIEW_STOP,,,,N/A,,NO_CONTROL_CPE_ID,true,PRODUCT_RUNTIME,NO_FIXED_OFFICIAL_RUNTIME_ROLE_EVIDENCE,"Exact firmware linkage is present, but the fixed local evidence registry does not establish the upstream defining function for this component. Structural package role alone is non-terminal."
200135,vuci-app-overip-ui,2025-07-02-0eab43c-1,cpe:2.3:a:vuci-app-overip-ui:vuci-app-overip-ui:2025-07-02-0eab43c-1:*:*:*:*:*:*:*,CONTROL_DIRECT,feeds/vuci/applications/vuci-app-overip/vuci-app-overip-ui,vuci-app-overip-ui,REVIEW_REQUIRED,"Exact firmware linkage is present, but the fixed local evidence registry does not establish the upstream defining function for this component. Structural package role alone is non-terminal.",MODERATE,,,PARTIAL_OR_SPLIT_COMPONENT,NOT_EVALUATED_RUNTIME_REVIEW,,,NOT_EVALUATED,false,false,,,,false,,false,false,,REVIEW_STOP,,,,N/A,,NO_CONTROL_CPE_ID,true,PRODUCT_RUNTIME,NO_FIXED_OFFICIAL_RUNTIME_ROLE_EVIDENCE,"Exact firmware linkage is present, but the fixed local evidence registry does not establish the upstream defining function for this component. Structural package role alone is non-terminal."
200136,vuci-app-overview-api,1,cpe:2.3:a:vuci-app-overview-api:vuci-app-overview-api:1:*:*:*:*:*:*:*,CONTROL_DIRECT,feeds/vuci/applications/vuci-app-overview/vuci-app-overview-api,vuci-app-overview-api,REVIEW_REQUIRED,"Exact firmware linkage is present, but the fixed local evidence registry does not establish the upstream defining function for this component. Structural package role alone is non-terminal.",MODERATE,,,PARTIAL_OR_SPLIT_COMPONENT,NOT_EVALUATED_RUNTIME_REVIEW,,,NOT_EVALUATED,false,false,,,,false,,false,false,,REVIEW_STOP,,,,N/A,,NO_CONTROL_CPE_ID,true,PRODUCT_RUNTIME,NO_FIXED_OFFICIAL_RUNTIME_ROLE_EVIDENCE,"Exact firmware linkage is present, but the fixed local evidence registry does not establish the upstream defining function for this component. Structural package role alone is non-terminal."
200137,vuci-app-overview-ui,2025-07-02-0eab43c-1,cpe:2.3:a:vuci-app-overview-ui:vuci-app-overview-ui:2025-07-02-0eab43c-1:*:*:*:*:*:*:*,CONTROL_DIRECT,feeds/vuci/applications/vuci-app-overview/vuci-app-overview-ui,vuci-app-overview-ui,REVIEW_REQUIRED,"Exact firmware linkage is present, but the fixed local evidence registry does not establish the upstream defining function for this component. Structural package role alone is non-terminal.",MODERATE,,,PARTIAL_OR_SPLIT_COMPONENT,NOT_EVALUATED_RUNTIME_REVIEW,,,NOT_EVALUATED,false,false,,,,false,,false,false,,REVIEW_STOP,,,,N/A,,NO_CONTROL_CPE_ID,true,PRODUCT_RUNTIME,NO_FIXED_OFFICIAL_RUNTIME_ROLE_EVIDENCE,"Exact firmware linkage is present, but the fixed local evidence registry does not establish the upstream defining function for this component. Structural package role alone is non-terminal."
200138,vuci-app-package-manager-api,1,cpe:2.3:a:vuci-app-package-manager-api:vuci-app-package-manager-api:1:*:*:*:*:*:*:*,CONTROL_DIRECT,feeds/vuci/applications/vuci-app-package-manager/vuci-app-package-manager-api,vuci-app-package-manager-api,REVIEW_REQUIRED,"Exact firmware linkage is present, but the fixed local evidence registry does not establish the upstream defining function for this component. Structural package role alone is non-terminal.",MODERATE,,,PARTIAL_OR_SPLIT_COMPONENT,NOT_EVALUATED_RUNTIME_REVIEW,,,NOT_EVALUATED,false,false,,,,false,,false,false,,REVIEW_STOP,,,,N/A,,NO_CONTROL_CPE_ID,true,PRODUCT_RUNTIME,NO_FIXED_OFFICIAL_RUNTIME_ROLE_EVIDENCE,"Exact firmware linkage is present, but the fixed local evidence registry does not establish the upstream defining function for this component. Structural package role alone is non-terminal."
200139,vuci-app-package-manager-ui,2025-07-02-0eab43c-1,cpe:2.3:a:vuci-app-package-manager-ui:vuci-app-package-manager-ui:2025-07-02-0eab43c-1:*:*:*:*:*:*:*,CONTROL_DIRECT,feeds/vuci/applications/vuci-app-package-manager/vuci-app-package-manager-ui,vuci-app-package-manager-ui,REVIEW_REQUIRED,"Exact firmware linkage is present, but the fixed local evidence registry does not establish the upstream defining function for this component. Structural package role alone is non-terminal.",MODERATE,,,PARTIAL_OR_SPLIT_COMPONENT,NOT_EVALUATED_RUNTIME_REVIEW,,,NOT_EVALUATED,false,false,,,,false,,false,false,,REVIEW_STOP,,,,N/A,,NO_CONTROL_CPE_ID,true,PRODUCT_RUNTIME,NO_FIXED_OFFICIAL_RUNTIME_ROLE_EVIDENCE,"Exact firmware linkage is present, but the fixed local evidence registry does not establish the upstream defining function for this component. Structural package role alone is non-terminal."
200140,vuci-app-password-policy-api,1,cpe:2.3:a:vuci-app-password-policy-api:vuci-app-password-policy-api:1:*:*:*:*:*:*:*,CONTROL_DIRECT,feeds/vuci/applications/vuci-app-password-policy/vuci-app-password-policy-api,vuci-app-password-policy-api,REVIEW_REQUIRED,"Exact firmware linkage is present, but the fixed local evidence registry does not establish the upstream defining function for this component. Structural package role alone is non-terminal.",MODERATE,,,PARTIAL_OR_SPLIT_COMPONENT,NOT_EVALUATED_RUNTIME_REVIEW,,,NOT_EVALUATED,false,false,,,,false,,false,false,,REVIEW_STOP,,,,N/A,,NO_CONTROL_CPE_ID,true,PRODUCT_RUNTIME,NO_FIXED_OFFICIAL_RUNTIME_ROLE_EVIDENCE,"Exact firmware linkage is present, but the fixed local evidence registry does not establish the upstream defining function for this component. Structural package role alone is non-terminal."
200141,vuci-app-password-policy-ui,2025-07-02-0eab43c-1,cpe:2.3:a:vuci-app-password-policy-ui:vuci-app-password-policy-ui:2025-07-02-0eab43c-1:*:*:*:*:*:*:*,CONTROL_DIRECT,feeds/vuci/applications/vuci-app-password-policy/vuci-app-password-policy-ui,vuci-app-password-policy-ui,REVIEW_REQUIRED,"Exact firmware linkage is present, but the fixed local evidence registry does not establish the upstream defining function for this component. Structural package role alone is non-terminal.",MODERATE,,,PARTIAL_OR_SPLIT_COMPONENT,NOT_EVALUATED_RUNTIME_REVIEW,,,NOT_EVALUATED,false,false,,,,false,,false,false,,REVIEW_STOP,,,,N/A,,NO_CONTROL_CPE_ID,true,PRODUCT_RUNTIME,NO_FIXED_OFFICIAL_RUNTIME_ROLE_EVIDENCE,"Exact firmware linkage is present, but the fixed local evidence registry does not establish the upstream defining function for this component. Structural package role alone is non-terminal."
200142,vuci-app-pcom-api,1,cpe:2.3:a:vuci-app-pcom-api:vuci-app-pcom-api:1:*:*:*:*:*:*:*,CONTROL_DIRECT,feeds/vuci/applications/vuci-app-pcom/vuci-app-pcom-api,vuci-app-pcom-api,REVIEW_REQUIRED,"Exact firmware linkage is present, but the fixed local evidence registry does not establish the upstream defining function for this component. Structural package role alone is non-terminal.",MODERATE,,,PARTIAL_OR_SPLIT_COMPONENT,NOT_EVALUATED_RUNTIME_REVIEW,,,NOT_EVALUATED,false,false,,,,false,,false,false,,REVIEW_STOP,,,,N/A,,NO_CONTROL_CPE_ID,true,PRODUCT_RUNTIME,NO_FIXED_OFFICIAL_RUNTIME_ROLE_EVIDENCE,"Exact firmware linkage is present, but the fixed local evidence registry does not establish the upstream defining function for this component. Structural package role alone is non-terminal."
200143,vuci-app-pcom-ui,2025-07-02-0eab43c-1,cpe:2.3:a:vuci-app-pcom-ui:vuci-app-pcom-ui:2025-07-02-0eab43c-1:*:*:*:*:*:*:*,CONTROL_DIRECT,feeds/vuci/applications/vuci-app-pcom/vuci-app-pcom-ui,vuci-app-pcom-ui,REVIEW_REQUIRED,"Exact firmware linkage is present, but the fixed local evidence registry does not establish the upstream defining function for this component. Structural package role alone is non-terminal.",MODERATE,,,PARTIAL_OR_SPLIT_COMPONENT,NOT_EVALUATED_RUNTIME_REVIEW,,,NOT_EVALUATED,false,false,,,,false,,false,false,,REVIEW_STOP,,,,N/A,,NO_CONTROL_CPE_ID,true,PRODUCT_RUNTIME,NO_FIXED_OFFICIAL_RUNTIME_ROLE_EVIDENCE,"Exact firmware linkage is present, but the fixed local evidence registry does not establish the upstream defining function for this component. Structural package role alone is non-terminal."
200144,vuci-app-ports-settings-api,1,cpe:2.3:a:vuci-app-ports-settings-api:vuci-app-ports-settings-api:1:*:*:*:*:*:*:*,CONTROL_DIRECT,feeds/vuci/applications/vuci-app-ports-settings/vuci-app-ports-settings-api,vuci-app-ports-settings-api,REVIEW_REQUIRED,"Exact firmware linkage is present, but the fixed local evidence registry does not establish the upstream defining function for this component. Structural package role alone is non-terminal.",MODERATE,,,PARTIAL_OR_SPLIT_COMPONENT,NOT_EVALUATED_RUNTIME_REVIEW,,,NOT_EVALUATED,false,false,,,,false,,false,false,,REVIEW_STOP,,,,N/A,,NO_CONTROL_CPE_ID,true,PRODUCT_RUNTIME,NO_FIXED_OFFICIAL_RUNTIME_ROLE_EVIDENCE,"Exact firmware linkage is present, but the fixed local evidence registry does not establish the upstream defining function for this component. Structural package role alone is non-terminal."
200145,vuci-app-ports-settings-ui,2025-07-02-0eab43c-1,cpe:2.3:a:vuci-app-ports-settings-ui:vuci-app-ports-settings-ui:2025-07-02-0eab43c-1:*:*:*:*:*:*:*,CONTROL_DIRECT,feeds/vuci/applications/vuci-app-ports-settings/vuci-app-ports-settings-ui,vuci-app-ports-settings-ui,REVIEW_REQUIRED,"Exact firmware linkage is present, but the fixed local evidence registry does not establish the upstream defining function for this component. Structural package role alone is non-terminal.",MODERATE,,,PARTIAL_OR_SPLIT_COMPONENT,NOT_EVALUATED_RUNTIME_REVIEW,,,NOT_EVALUATED,false,false,,,,false,,false,false,,REVIEW_STOP,,,,N/A,,NO_CONTROL_CPE_ID,true,PRODUCT_RUNTIME,NO_FIXED_OFFICIAL_RUNTIME_ROLE_EVIDENCE,"Exact firmware linkage is present, but the fixed local evidence registry does not establish the upstream defining function for this component. Structural package role alone is non-terminal."
200146,vuci-app-pptp-api,1,cpe:2.3:a:vuci-app-pptp-api:vuci-app-pptp-api:1:*:*:*:*:*:*:*,CONTROL_DIRECT,feeds/vuci/applications/vuci-app-pptp/vuci-app-pptp-api,vuci-app-pptp-api,REVIEW_REQUIRED,"Exact firmware linkage is present, but the fixed local evidence registry does not establish the upstream defining function for this component. Structural package role alone is non-terminal.",MODERATE,,,PARTIAL_OR_SPLIT_COMPONENT,NOT_EVALUATED_RUNTIME_REVIEW,,,NOT_EVALUATED,false,false,,,,false,,false,false,,REVIEW_STOP,,,,N/A,,NO_CONTROL_CPE_ID,true,PRODUCT_RUNTIME,NO_FIXED_OFFICIAL_RUNTIME_ROLE_EVIDENCE,"Exact firmware linkage is present, but the fixed local evidence registry does not establish the upstream defining function for this component. Structural package role alone is non-terminal."
200147,vuci-app-pptp-ui,2025-07-02-0eab43c-1,cpe:2.3:a:vuci-app-pptp-ui:vuci-app-pptp-ui:2025-07-02-0eab43c-1:*:*:*:*:*:*:*,CONTROL_DIRECT,feeds/vuci/applications/vuci-app-pptp/vuci-app-pptp-ui,vuci-app-pptp-ui,REVIEW_REQUIRED,"Exact firmware linkage is present, but the fixed local evidence registry does not establish the upstream defining function for this component. Structural package role alone is non-terminal.",MODERATE,,,PARTIAL_OR_SPLIT_COMPONENT,NOT_EVALUATED_RUNTIME_REVIEW,,,NOT_EVALUATED,false,false,,,,false,,false,false,,REVIEW_STOP,,,,N/A,,NO_CONTROL_CPE_ID,true,PRODUCT_RUNTIME,NO_FIXED_OFFICIAL_RUNTIME_ROLE_EVIDENCE,"Exact firmware linkage is present, but the fixed local evidence registry does not establish the upstream defining function for this component. Structural package role alone is non-terminal."
200148,vuci-app-profiles-api,1,cpe:2.3:a:vuci-app-profiles-api:vuci-app-profiles-api:1:*:*:*:*:*:*:*,CONTROL_DIRECT,feeds/vuci/applications/vuci-app-profiles/vuci-app-profiles-api,vuci-app-profiles-api,REVIEW_REQUIRED,"Exact firmware linkage is present, but the fixed local evidence registry does not establish the upstream defining function for this component. Structural package role alone is non-terminal.",MODERATE,,,PARTIAL_OR_SPLIT_COMPONENT,NOT_EVALUATED_RUNTIME_REVIEW,,,NOT_EVALUATED,false,false,,,,false,,false,false,,REVIEW_STOP,,,,N/A,,NO_CONTROL_CPE_ID,true,PRODUCT_RUNTIME,NO_FIXED_OFFICIAL_RUNTIME_ROLE_EVIDENCE,"Exact firmware linkage is present, but the fixed local evidence registry does not establish the upstream defining function for this component. Structural package role alone is non-terminal."
200149,vuci-app-profiles-ui,2025-07-02-0eab43c-1,cpe:2.3:a:vuci-app-profiles-ui:vuci-app-profiles-ui:2025-07-02-0eab43c-1:*:*:*:*:*:*:*,CONTROL_DIRECT,feeds/vuci/applications/vuci-app-profiles/vuci-app-profiles-ui,vuci-app-profiles-ui,REVIEW_REQUIRED,"Exact firmware linkage is present, but the fixed local evidence registry does not establish the upstream defining function for this component. Structural package role alone is non-terminal.",MODERATE,,,PARTIAL_OR_SPLIT_COMPONENT,NOT_EVALUATED_RUNTIME_REVIEW,,,NOT_EVALUATED,false,false,,,,false,,false,false,,REVIEW_STOP,,,,N/A,,NO_CONTROL_CPE_ID,true,PRODUCT_RUNTIME,NO_FIXED_OFFICIAL_RUNTIME_ROLE_EVIDENCE,"Exact firmware linkage is present, but the fixed local evidence registry does not establish the upstream defining function for this component. Structural package role alone is non-terminal."
200150,vuci-app-realtime-api,1,cpe:2.3:a:vuci-app-realtime-api:vuci-app-realtime-api:1:*:*:*:*:*:*:*,CONTROL_DIRECT,feeds/vuci/applications/vuci-app-realtime/vuci-app-realtime-api,vuci-app-realtime-api,REVIEW_REQUIRED,"Exact firmware linkage is present, but the fixed local evidence registry does not establish the upstream defining function for this component. Structural package role alone is non-terminal.",MODERATE,,,PARTIAL_OR_SPLIT_COMPONENT,NOT_EVALUATED_RUNTIME_REVIEW,,,NOT_EVALUATED,false,false,,,,false,,false,false,,REVIEW_STOP,,,,N/A,,NO_CONTROL_CPE_ID,true,PRODUCT_RUNTIME,NO_FIXED_OFFICIAL_RUNTIME_ROLE_EVIDENCE,"Exact firmware linkage is present, but the fixed local evidence registry does not establish the upstream defining function for this component. Structural package role alone is non-terminal."
200151,vuci-app-realtime-ui,2025-07-02-0eab43c-1,cpe:2.3:a:vuci-app-realtime-ui:vuci-app-realtime-ui:2025-07-02-0eab43c-1:*:*:*:*:*:*:*,CONTROL_DIRECT,feeds/vuci/applications/vuci-app-realtime/vuci-app-realtime-ui,vuci-app-realtime-ui,REVIEW_REQUIRED,"Exact firmware linkage is present, but the fixed local evidence registry does not establish the upstream defining function for this component. Structural package role alone is non-terminal.",MODERATE,,,PARTIAL_OR_SPLIT_COMPONENT,NOT_EVALUATED_RUNTIME_REVIEW,,,NOT_EVALUATED,false,false,,,,false,,false,false,,REVIEW_STOP,,,,N/A,,NO_CONTROL_CPE_ID,true,PRODUCT_RUNTIME,NO_FIXED_OFFICIAL_RUNTIME_ROLE_EVIDENCE,"Exact firmware linkage is present, but the fixed local evidence registry does not establish the upstream defining function for this component. Structural package role alone is non-terminal."
200152,vuci-app-recipients-api,1,cpe:2.3:a:vuci-app-recipients-api:vuci-app-recipients-api:1:*:*:*:*:*:*:*,CONTROL_DIRECT,feeds/vuci/applications/vuci-app-recipients/vuci-app-recipients-api,vuci-app-recipients-api,REVIEW_REQUIRED,"Exact firmware linkage is present, but the fixed local evidence registry does not establish the upstream defining function for this component. Structural package role alone is non-terminal.",MODERATE,,,PARTIAL_OR_SPLIT_COMPONENT,NOT_EVALUATED_RUNTIME_REVIEW,,,NOT_EVALUATED,false,false,,,,false,,false,false,,REVIEW_STOP,,,,N/A,,NO_CONTROL_CPE_ID,true,PRODUCT_RUNTIME,NO_FIXED_OFFICIAL_RUNTIME_ROLE_EVIDENCE,"Exact firmware linkage is present, but the fixed local evidence registry does not establish the upstream defining function for this component. Structural package role alone is non-terminal."
200153,vuci-app-recipients-ui,2025-07-02-0eab43c-1,cpe:2.3:a:vuci-app-recipients-ui:vuci-app-recipients-ui:2025-07-02-0eab43c-1:*:*:*:*:*:*:*,CONTROL_DIRECT,feeds/vuci/applications/vuci-app-recipients/vuci-app-recipients-ui,vuci-app-recipients-ui,REVIEW_REQUIRED,"Exact firmware linkage is present, but the fixed local evidence registry does not establish the upstream defining function for this component. Structural package role alone is non-terminal.",MODERATE,,,PARTIAL_OR_SPLIT_COMPONENT,NOT_EVALUATED_RUNTIME_REVIEW,,,NOT_EVALUATED,false,false,,,,false,,false,false,,REVIEW_STOP,,,,N/A,,NO_CONTROL_CPE_ID,true,PRODUCT_RUNTIME,NO_FIXED_OFFICIAL_RUNTIME_ROLE_EVIDENCE,"Exact firmware linkage is present, but the fixed local evidence registry does not establish the upstream defining function for this component. Structural package role alone is non-terminal."
200154,vuci-app-reset-ui,2025-07-02-0eab43c-1,cpe:2.3:a:vuci-app-reset-ui:vuci-app-reset-ui:2025-07-02-0eab43c-1:*:*:*:*:*:*:*,CONTROL_DIRECT,feeds/vuci/applications/vuci-app-reset/vuci-app-reset-ui,vuci-app-reset-ui,REVIEW_REQUIRED,"Exact firmware linkage is present, but the fixed local evidence registry does not establish the upstream defining function for this component. Structural package role alone is non-terminal.",MODERATE,,,PARTIAL_OR_SPLIT_COMPONENT,NOT_EVALUATED_RUNTIME_REVIEW,,,NOT_EVALUATED,false,false,,,,false,,false,false,,REVIEW_STOP,,,,N/A,,NO_CONTROL_CPE_ID,true,PRODUCT_RUNTIME,NO_FIXED_OFFICIAL_RUNTIME_ROLE_EVIDENCE,"Exact firmware linkage is present, but the fixed local evidence registry does not establish the upstream defining function for this component. Structural package role alone is non-terminal."
200155,vuci-app-routes-api,1,cpe:2.3:a:vuci-app-routes-api:vuci-app-routes-api:1:*:*:*:*:*:*:*,CONTROL_DIRECT,feeds/vuci/applications/vuci-app-routes/vuci-app-routes-api,vuci-app-routes-api,REVIEW_REQUIRED,"Exact firmware linkage is present, but the fixed local evidence registry does not establish the upstream defining function for this component. Structural package role alone is non-terminal.",MODERATE,,,PARTIAL_OR_SPLIT_COMPONENT,NOT_EVALUATED_RUNTIME_REVIEW,,,NOT_EVALUATED,false,false,,,,false,,false,false,,REVIEW_STOP,,,,N/A,,NO_CONTROL_CPE_ID,true,PRODUCT_RUNTIME,NO_FIXED_OFFICIAL_RUNTIME_ROLE_EVIDENCE,"Exact firmware linkage is present, but the fixed local evidence registry does not establish the upstream defining function for this component. Structural package role alone is non-terminal."
200156,vuci-app-routes-ui,2025-07-02-0eab43c-1,cpe:2.3:a:vuci-app-routes-ui:vuci-app-routes-ui:2025-07-02-0eab43c-1:*:*:*:*:*:*:*,CONTROL_DIRECT,feeds/vuci/applications/vuci-app-routes/vuci-app-routes-ui,vuci-app-routes-ui,REVIEW_REQUIRED,"Exact firmware linkage is present, but the fixed local evidence registry does not establish the upstream defining function for this component. Structural package role alone is non-terminal.",MODERATE,,,PARTIAL_OR_SPLIT_COMPONENT,NOT_EVALUATED_RUNTIME_REVIEW,,,NOT_EVALUATED,false,false,,,,false,,false,false,,REVIEW_STOP,,,,N/A,,NO_CONTROL_CPE_ID,true,PRODUCT_RUNTIME,NO_FIXED_OFFICIAL_RUNTIME_ROLE_EVIDENCE,"Exact firmware linkage is present, but the fixed local evidence registry does not establish the upstream defining function for this component. Structural package role alone is non-terminal."
200157,vuci-app-rut-fota-api,1,cpe:2.3:a:vuci-app-rut-fota-api:vuci-app-rut-fota-api:1:*:*:*:*:*:*:*,CONTROL_DIRECT,feeds/vuci/applications/vuci-app-rut-fota/vuci-app-rut-fota-api,vuci-app-rut-fota-api,REVIEW_REQUIRED,"Exact firmware linkage is present, but the fixed local evidence registry does not establish the upstream defining function for this component. Structural package role alone is non-terminal.",MODERATE,,,PARTIAL_OR_SPLIT_COMPONENT,NOT_EVALUATED_RUNTIME_REVIEW,,,NOT_EVALUATED,false,false,,,,false,,false,false,,REVIEW_STOP,,,,N/A,,NO_CONTROL_CPE_ID,true,PRODUCT_RUNTIME,NO_FIXED_OFFICIAL_RUNTIME_ROLE_EVIDENCE,"Exact firmware linkage is present, but the fixed local evidence registry does not establish the upstream defining function for this component. Structural package role alone is non-terminal."
200158,vuci-app-rut-fota-ui,2025-07-02-0eab43c-1,cpe:2.3:a:vuci-app-rut-fota-ui:vuci-app-rut-fota-ui:2025-07-02-0eab43c-1:*:*:*:*:*:*:*,CONTROL_DIRECT,feeds/vuci/applications/vuci-app-rut-fota/vuci-app-rut-fota-ui,vuci-app-rut-fota-ui,REVIEW_REQUIRED,"Exact firmware linkage is present, but the fixed local evidence registry does not establish the upstream defining function for this component. Structural package role alone is non-terminal.",MODERATE,,,PARTIAL_OR_SPLIT_COMPONENT,NOT_EVALUATED_RUNTIME_REVIEW,,,NOT_EVALUATED,false,false,,,,false,,false,false,,REVIEW_STOP,,,,N/A,,NO_CONTROL_CPE_ID,true,PRODUCT_RUNTIME,NO_FIXED_OFFICIAL_RUNTIME_ROLE_EVIDENCE,"Exact firmware linkage is present, but the fixed local evidence registry does not establish the upstream defining function for this component. Structural package role alone is non-terminal."
200159,vuci-app-services-status-api,1,cpe:2.3:a:vuci-app-services-status-api:vuci-app-services-status-api:1:*:*:*:*:*:*:*,CONTROL_DIRECT,feeds/vuci/applications/vuci-app-services-status/vuci-app-services-status-api,vuci-app-services-status-api,REVIEW_REQUIRED,"Exact firmware linkage is present, but the fixed local evidence registry does not establish the upstream defining function for this component. Structural package role alone is non-terminal.",MODERATE,,,PARTIAL_OR_SPLIT_COMPONENT,NOT_EVALUATED_RUNTIME_REVIEW,,,NOT_EVALUATED,false,false,,,,false,,false,false,,REVIEW_STOP,,,,N/A,,NO_CONTROL_CPE_ID,true,PRODUCT_RUNTIME,NO_FIXED_OFFICIAL_RUNTIME_ROLE_EVIDENCE,"Exact firmware linkage is present, but the fixed local evidence registry does not establish the upstream defining function for this component. Structural package role alone is non-terminal."
200160,vuci-app-services-status-ui,2025-07-02-0eab43c-1,cpe:2.3:a:vuci-app-services-status-ui:vuci-app-services-status-ui:2025-07-02-0eab43c-1:*:*:*:*:*:*:*,CONTROL_DIRECT,feeds/vuci/applications/vuci-app-services-status/vuci-app-services-status-ui,vuci-app-services-status-ui,REVIEW_REQUIRED,"Exact firmware linkage is present, but the fixed local evidence registry does not establish the upstream defining function for this component. Structural package role alone is non-terminal.",MODERATE,,,PARTIAL_OR_SPLIT_COMPONENT,NOT_EVALUATED_RUNTIME_REVIEW,,,NOT_EVALUATED,false,false,,,,false,,false,false,,REVIEW_STOP,,,,N/A,,NO_CONTROL_CPE_ID,true,PRODUCT_RUNTIME,NO_FIXED_OFFICIAL_RUNTIME_ROLE_EVIDENCE,"Exact firmware linkage is present, but the fixed local evidence registry does not establish the upstream defining function for this component. Structural package role alone is non-terminal."
200161,vuci-app-setup-wizard-api,1,cpe:2.3:a:vuci-app-setup-wizard-api:vuci-app-setup-wizard-api:1:*:*:*:*:*:*:*,CONTROL_DIRECT,feeds/vuci/applications/vuci-app-setup-wizard/vuci-app-setup-wizard-api,vuci-app-setup-wizard-api,REVIEW_REQUIRED,"Exact firmware linkage is present, but the fixed local evidence registry does not establish the upstream defining function for this component. Structural package role alone is non-terminal.",MODERATE,,,PARTIAL_OR_SPLIT_COMPONENT,NOT_EVALUATED_RUNTIME_REVIEW,,,NOT_EVALUATED,false,false,,,,false,,false,false,,REVIEW_STOP,,,,N/A,,NO_CONTROL_CPE_ID,true,PRODUCT_RUNTIME,NO_FIXED_OFFICIAL_RUNTIME_ROLE_EVIDENCE,"Exact firmware linkage is present, but the fixed local evidence registry does not establish the upstream defining function for this component. Structural package role alone is non-terminal."
200162,vuci-app-setup-wizard-ui,2025-07-02-0eab43c-1,cpe:2.3:a:vuci-app-setup-wizard-ui:vuci-app-setup-wizard-ui:2025-07-02-0eab43c-1:*:*:*:*:*:*:*,CONTROL_DIRECT,feeds/vuci/applications/vuci-app-setup-wizard/vuci-app-setup-wizard-ui,vuci-app-setup-wizard-ui,REVIEW_REQUIRED,"Exact firmware linkage is present, but the fixed local evidence registry does not establish the upstream defining function for this component. Structural package role alone is non-terminal.",MODERATE,,,PARTIAL_OR_SPLIT_COMPONENT,NOT_EVALUATED_RUNTIME_REVIEW,,,NOT_EVALUATED,false,false,,,,false,,false,false,,REVIEW_STOP,,,,N/A,,NO_CONTROL_CPE_ID,true,PRODUCT_RUNTIME,NO_FIXED_OFFICIAL_RUNTIME_ROLE_EVIDENCE,"Exact firmware linkage is present, but the fixed local evidence registry does not establish the upstream defining function for this component. Structural package role alone is non-terminal."
200163,vuci-app-side-widget-api,1,cpe:2.3:a:vuci-app-side-widget-api:vuci-app-side-widget-api:1:*:*:*:*:*:*:*,CONTROL_DIRECT,feeds/vuci/applications/vuci-app-side-widget/vuci-app-side-widget-api,vuci-app-side-widget-api,REVIEW_REQUIRED,"Exact firmware linkage is present, but the fixed local evidence registry does not establish the upstream defining function for this component. Structural package role alone is non-terminal.",MODERATE,,,PARTIAL_OR_SPLIT_COMPONENT,NOT_EVALUATED_RUNTIME_REVIEW,,,NOT_EVALUATED,false,false,,,,false,,false,false,,REVIEW_STOP,,,,N/A,,NO_CONTROL_CPE_ID,true,PRODUCT_RUNTIME,NO_FIXED_OFFICIAL_RUNTIME_ROLE_EVIDENCE,"Exact firmware linkage is present, but the fixed local evidence registry does not establish the upstream defining function for this component. Structural package role alone is non-terminal."
200164,vuci-app-side-widget-ui,2025-07-02-0eab43c-1,cpe:2.3:a:vuci-app-side-widget-ui:vuci-app-side-widget-ui:2025-07-02-0eab43c-1:*:*:*:*:*:*:*,CONTROL_DIRECT,feeds/vuci/applications/vuci-app-side-widget/vuci-app-side-widget-ui,vuci-app-side-widget-ui,REVIEW_REQUIRED,"Exact firmware linkage is present, but the fixed local evidence registry does not establish the upstream defining function for this component. Structural package role alone is non-terminal.",MODERATE,,,PARTIAL_OR_SPLIT_COMPONENT,NOT_EVALUATED_RUNTIME_REVIEW,,,NOT_EVALUATED,false,false,,,,false,,false,false,,REVIEW_STOP,,,,N/A,,NO_CONTROL_CPE_ID,true,PRODUCT_RUNTIME,NO_FIXED_OFFICIAL_RUNTIME_ROLE_EVIDENCE,"Exact firmware linkage is present, but the fixed local evidence registry does not establish the upstream defining function for this component. Structural package role alone is non-terminal."
200165,vuci-app-strong-swan-api,1,cpe:2.3:a:vuci-app-strong-swan-api:vuci-app-strong-swan-api:1:*:*:*:*:*:*:*,CONTROL_DIRECT,feeds/vuci/applications/vuci-app-strong-swan/vuci-app-strong-swan-api,vuci-app-strong-swan-api,REVIEW_REQUIRED,"Exact firmware linkage is present, but the fixed local evidence registry does not establish the upstream defining function for this component. Structural package role alone is non-terminal.",MODERATE,,,PARTIAL_OR_SPLIT_COMPONENT,NOT_EVALUATED_RUNTIME_REVIEW,,,NOT_EVALUATED,false,false,,,,false,,false,false,,REVIEW_STOP,,,,N/A,,NO_CONTROL_CPE_ID,true,PRODUCT_RUNTIME,NO_FIXED_OFFICIAL_RUNTIME_ROLE_EVIDENCE,"Exact firmware linkage is present, but the fixed local evidence registry does not establish the upstream defining function for this component. Structural package role alone is non-terminal."
200166,vuci-app-strong-swan-ui,2025-07-02-0eab43c-1,cpe:2.3:a:vuci-app-strong-swan-ui:vuci-app-strong-swan-ui:2025-07-02-0eab43c-1:*:*:*:*:*:*:*,CONTROL_DIRECT,feeds/vuci/applications/vuci-app-strong-swan/vuci-app-strong-swan-ui,vuci-app-strong-swan-ui,REVIEW_REQUIRED,"Exact firmware linkage is present, but the fixed local evidence registry does not establish the upstream defining function for this component. Structural package role alone is non-terminal.",MODERATE,,,PARTIAL_OR_SPLIT_COMPONENT,NOT_EVALUATED_RUNTIME_REVIEW,,,NOT_EVALUATED,false,false,,,,false,,false,false,,REVIEW_STOP,,,,N/A,,NO_CONTROL_CPE_ID,true,PRODUCT_RUNTIME,NO_FIXED_OFFICIAL_RUNTIME_ROLE_EVIDENCE,"Exact firmware linkage is present, but the fixed local evidence registry does not establish the upstream defining function for this component. Structural package role alone is non-terminal."
200167,vuci-app-system-info-api,1,cpe:2.3:a:vuci-app-system-info-api:vuci-app-system-info-api:1:*:*:*:*:*:*:*,CONTROL_DIRECT,feeds/vuci/applications/vuci-app-system-info/vuci-app-system-info-api,vuci-app-system-info-api,REVIEW_REQUIRED,"Exact firmware linkage is present, but the fixed local evidence registry does not establish the upstream defining function for this component. Structural package role alone is non-terminal.",MODERATE,,,PARTIAL_OR_SPLIT_COMPONENT,NOT_EVALUATED_RUNTIME_REVIEW,,,NOT_EVALUATED,false,false,,,,false,,false,false,,REVIEW_STOP,,,,N/A,,NO_CONTROL_CPE_ID,true,PRODUCT_RUNTIME,NO_FIXED_OFFICIAL_RUNTIME_ROLE_EVIDENCE,"Exact firmware linkage is present, but the fixed local evidence registry does not establish the upstream defining function for this component. Structural package role alone is non-terminal."
200168,vuci-app-system-status-api,1,cpe:2.3:a:vuci-app-system-status-api:vuci-app-system-status-api:1:*:*:*:*:*:*:*,CONTROL_DIRECT,feeds/vuci/applications/vuci-app-system-status/vuci-app-system-status-api,vuci-app-system-status-api,REVIEW_REQUIRED,"Exact firmware linkage is present, but the fixed local evidence registry does not establish the upstream defining function for this component. Structural package role alone is non-terminal.",MODERATE,,,PARTIAL_OR_SPLIT_COMPONENT,NOT_EVALUATED_RUNTIME_REVIEW,,,NOT_EVALUATED,false,false,,,,false,,false,false,,REVIEW_STOP,,,,N/A,,NO_CONTROL_CPE_ID,true,PRODUCT_RUNTIME,NO_FIXED_OFFICIAL_RUNTIME_ROLE_EVIDENCE,"Exact firmware linkage is present, but the fixed local evidence registry does not establish the upstream defining function for this component. Structural package role alone is non-terminal."
200169,vuci-app-system-status-ui,2025-07-02-0eab43c-1,cpe:2.3:a:vuci-app-system-status-ui:vuci-app-system-status-ui:2025-07-02-0eab43c-1:*:*:*:*:*:*:*,CONTROL_DIRECT,feeds/vuci/applications/vuci-app-system-status/vuci-app-system-status-ui,vuci-app-system-status-ui,REVIEW_REQUIRED,"Exact firmware linkage is present, but the fixed local evidence registry does not establish the upstream defining function for this component. Structural package role alone is non-terminal.",MODERATE,,,PARTIAL_OR_SPLIT_COMPONENT,NOT_EVALUATED_RUNTIME_REVIEW,,,NOT_EVALUATED,false,false,,,,false,,false,false,,REVIEW_STOP,,,,N/A,,NO_CONTROL_CPE_ID,true,PRODUCT_RUNTIME,NO_FIXED_OFFICIAL_RUNTIME_ROLE_EVIDENCE,"Exact firmware linkage is present, but the fixed local evidence registry does not establish the upstream defining function for this component. Structural package role alone is non-terminal."
200170,vuci-app-topology-api,1,cpe:2.3:a:vuci-app-topology-api:vuci-app-topology-api:1:*:*:*:*:*:*:*,CONTROL_DIRECT,feeds/vuci/applications/vuci-app-topology/vuci-app-topology-api,vuci-app-topology-api,REVIEW_REQUIRED,"Exact firmware linkage is present, but the fixed local evidence registry does not establish the upstream defining function for this component. Structural package role alone is non-terminal.",MODERATE,,,PARTIAL_OR_SPLIT_COMPONENT,NOT_EVALUATED_RUNTIME_REVIEW,,,NOT_EVALUATED,false,false,,,,false,,false,false,,REVIEW_STOP,,,,N/A,,NO_CONTROL_CPE_ID,true,PRODUCT_RUNTIME,NO_FIXED_OFFICIAL_RUNTIME_ROLE_EVIDENCE,"Exact firmware linkage is present, but the fixed local evidence registry does not establish the upstream defining function for this component. Structural package role alone is non-terminal."
200171,vuci-app-troubleshoot-api,1,cpe:2.3:a:vuci-app-troubleshoot-api:vuci-app-troubleshoot-api:1:*:*:*:*:*:*:*,CONTROL_DIRECT,feeds/vuci/applications/vuci-app-troubleshoot/vuci-app-troubleshoot-api,vuci-app-troubleshoot-api,REVIEW_REQUIRED,"Exact firmware linkage is present, but the fixed local evidence registry does not establish the upstream defining function for this component. Structural package role alone is non-terminal.",MODERATE,,,PARTIAL_OR_SPLIT_COMPONENT,NOT_EVALUATED_RUNTIME_REVIEW,,,NOT_EVALUATED,false,false,,,,false,,false,false,,REVIEW_STOP,,,,N/A,,NO_CONTROL_CPE_ID,true,PRODUCT_RUNTIME,NO_FIXED_OFFICIAL_RUNTIME_ROLE_EVIDENCE,"Exact firmware linkage is present, but the fixed local evidence registry does not establish the upstream defining function for this component. Structural package role alone is non-terminal."
200172,vuci-app-troubleshoot-ui,2025-07-02-0eab43c-1,cpe:2.3:a:vuci-app-troubleshoot-ui:vuci-app-troubleshoot-ui:2025-07-02-0eab43c-1:*:*:*:*:*:*:*,CONTROL_DIRECT,feeds/vuci/applications/vuci-app-troubleshoot/vuci-app-troubleshoot-ui,vuci-app-troubleshoot-ui,REVIEW_REQUIRED,"Exact firmware linkage is present, but the fixed local evidence registry does not establish the upstream defining function for this component. Structural package role alone is non-terminal.",MODERATE,,,PARTIAL_OR_SPLIT_COMPONENT,NOT_EVALUATED_RUNTIME_REVIEW,,,NOT_EVALUATED,false,false,,,,false,,false,false,,REVIEW_STOP,,,,N/A,,NO_CONTROL_CPE_ID,true,PRODUCT_RUNTIME,NO_FIXED_OFFICIAL_RUNTIME_ROLE_EVIDENCE,"Exact firmware linkage is present, but the fixed local evidence registry does not establish the upstream defining function for this component. Structural package role alone is non-terminal."
200173,vuci-app-ui-api,1,cpe:2.3:a:vuci-app-ui-api:vuci-app-ui-api:1:*:*:*:*:*:*:*,CONTROL_DIRECT,feeds/vuci/applications/vuci-app-ui/vuci-app-ui-api,vuci-app-ui-api,REVIEW_REQUIRED,"Exact firmware linkage is present, but the fixed local evidence registry does not establish the upstream defining function for this component. Structural package role alone is non-terminal.",MODERATE,,,PARTIAL_OR_SPLIT_COMPONENT,NOT_EVALUATED_RUNTIME_REVIEW,,,NOT_EVALUATED,false,false,,,,false,,false,false,,REVIEW_STOP,,,,N/A,,NO_CONTROL_CPE_ID,true,PRODUCT_RUNTIME,NO_FIXED_OFFICIAL_RUNTIME_ROLE_EVIDENCE,"Exact firmware linkage is present, but the fixed local evidence registry does not establish the upstream defining function for this component. Structural package role alone is non-terminal."
200174,vuci-app-usb-tools-api,1,cpe:2.3:a:vuci-app-usb-tools-api:vuci-app-usb-tools-api:1:*:*:*:*:*:*:*,CONTROL_DIRECT,feeds/vuci/applications/vuci-app-usb-tools/vuci-app-usb-tools-api,vuci-app-usb-tools-api,REVIEW_REQUIRED,"Exact firmware linkage is present, but the fixed local evidence registry does not establish the upstream defining function for this component. Structural package role alone is non-terminal.",MODERATE,,,PARTIAL_OR_SPLIT_COMPONENT,NOT_EVALUATED_RUNTIME_REVIEW,,,NOT_EVALUATED,false,false,,,,false,,false,false,,REVIEW_STOP,,,,N/A,,NO_CONTROL_CPE_ID,true,PRODUCT_RUNTIME,NO_FIXED_OFFICIAL_RUNTIME_ROLE_EVIDENCE,"Exact firmware linkage is present, but the fixed local evidence registry does not establish the upstream defining function for this component. Structural package role alone is non-terminal."
200175,vuci-app-usb-tools-ui,2025-07-02-0eab43c-1,cpe:2.3:a:vuci-app-usb-tools-ui:vuci-app-usb-tools-ui:2025-07-02-0eab43c-1:*:*:*:*:*:*:*,CONTROL_DIRECT,feeds/vuci/applications/vuci-app-usb-tools/vuci-app-usb-tools-ui,vuci-app-usb-tools-ui,REVIEW_REQUIRED,"Exact firmware linkage is present, but the fixed local evidence registry does not establish the upstream defining function for this component. Structural package role alone is non-terminal.",MODERATE,,,PARTIAL_OR_SPLIT_COMPONENT,NOT_EVALUATED_RUNTIME_REVIEW,,,NOT_EVALUATED,false,false,,,,false,,false,false,,REVIEW_STOP,,,,N/A,,NO_CONTROL_CPE_ID,true,PRODUCT_RUNTIME,NO_FIXED_OFFICIAL_RUNTIME_ROLE_EVIDENCE,"Exact firmware linkage is present, but the fixed local evidence registry does not establish the upstream defining function for this component. Structural package role alone is non-terminal."
200176,vuci-app-uscripts-api,1,cpe:2.3:a:vuci-app-uscripts-api:vuci-app-uscripts-api:1:*:*:*:*:*:*:*,CONTROL_DIRECT,feeds/vuci/applications/vuci-app-uscripts/vuci-app-uscripts-api,vuci-app-uscripts-api,REVIEW_REQUIRED,"Exact firmware linkage is present, but the fixed local evidence registry does not establish the upstream defining function for this component. Structural package role alone is non-terminal.",MODERATE,,,PARTIAL_OR_SPLIT_COMPONENT,NOT_EVALUATED_RUNTIME_REVIEW,,,NOT_EVALUATED,false,false,,,,false,,false,false,,REVIEW_STOP,,,,N/A,,NO_CONTROL_CPE_ID,true,PRODUCT_RUNTIME,NO_FIXED_OFFICIAL_RUNTIME_ROLE_EVIDENCE,"Exact firmware linkage is present, but the fixed local evidence registry does not establish the upstream defining function for this component. Structural package role alone is non-terminal."
200177,vuci-app-uscripts-ui,2025-07-02-0eab43c-1,cpe:2.3:a:vuci-app-uscripts-ui:vuci-app-uscripts-ui:2025-07-02-0eab43c-1:*:*:*:*:*:*:*,CONTROL_DIRECT,feeds/vuci/applications/vuci-app-uscripts/vuci-app-uscripts-ui,vuci-app-uscripts-ui,REVIEW_REQUIRED,"Exact firmware linkage is present, but the fixed local evidence registry does not establish the upstream defining function for this component. Structural package role alone is non-terminal.",MODERATE,,,PARTIAL_OR_SPLIT_COMPONENT,NOT_EVALUATED_RUNTIME_REVIEW,,,NOT_EVALUATED,false,false,,,,false,,false,false,,REVIEW_STOP,,,,N/A,,NO_CONTROL_CPE_ID,true,PRODUCT_RUNTIME,NO_FIXED_OFFICIAL_RUNTIME_ROLE_EVIDENCE,"Exact firmware linkage is present, but the fixed local evidence registry does not establish the upstream defining function for this component. Structural package role alone is non-terminal."
200178,vuci-app-vlan-api,1,cpe:2.3:a:vuci-app-vlan-api:vuci-app-vlan-api:1:*:*:*:*:*:*:*,CONTROL_DIRECT,feeds/vuci/applications/vuci-app-vlan/vuci-app-vlan-api,vuci-app-vlan-api,REVIEW_REQUIRED,"Exact firmware linkage is present, but the fixed local evidence registry does not establish the upstream defining function for this component. Structural package role alone is non-terminal.",MODERATE,,,PARTIAL_OR_SPLIT_COMPONENT,NOT_EVALUATED_RUNTIME_REVIEW,,,NOT_EVALUATED,false,false,,,,false,,false,false,,REVIEW_STOP,,,,N/A,,NO_CONTROL_CPE_ID,true,PRODUCT_RUNTIME,NO_FIXED_OFFICIAL_RUNTIME_ROLE_EVIDENCE,"Exact firmware linkage is present, but the fixed local evidence registry does not establish the upstream defining function for this component. Structural package role alone is non-terminal."
200179,vuci-app-vlan-ui,2025-07-02-0eab43c-1,cpe:2.3:a:vuci-app-vlan-ui:vuci-app-vlan-ui:2025-07-02-0eab43c-1:*:*:*:*:*:*:*,CONTROL_DIRECT,feeds/vuci/applications/vuci-app-vlan/vuci-app-vlan-ui,vuci-app-vlan-ui,REVIEW_REQUIRED,"Exact firmware linkage is present, but the fixed local evidence registry does not establish the upstream defining function for this component. Structural package role alone is non-terminal.",MODERATE,,,PARTIAL_OR_SPLIT_COMPONENT,NOT_EVALUATED_RUNTIME_REVIEW,,,NOT_EVALUATED,false,false,,,,false,,false,false,,REVIEW_STOP,,,,N/A,,NO_CONTROL_CPE_ID,true,PRODUCT_RUNTIME,NO_FIXED_OFFICIAL_RUNTIME_ROLE_EVIDENCE,"Exact firmware linkage is present, but the fixed local evidence registry does not establish the upstream defining function for this component. Structural package role alone is non-terminal."
200180,vuci-app-wireguard-api,1,cpe:2.3:a:vuci-app-wireguard-api:vuci-app-wireguard-api:1:*:*:*:*:*:*:*,CONTROL_DIRECT,feeds/vuci/applications/vuci-app-wireguard/vuci-app-wireguard-api,vuci-app-wireguard-api,REVIEW_REQUIRED,"Exact firmware linkage is present, but the fixed local evidence registry does not establish the upstream defining function for this component. Structural package role alone is non-terminal.",MODERATE,,,PARTIAL_OR_SPLIT_COMPONENT,NOT_EVALUATED_RUNTIME_REVIEW,,,NOT_EVALUATED,false,false,,,,false,,false,false,,REVIEW_STOP,,,,N/A,,NO_CONTROL_CPE_ID,true,PRODUCT_RUNTIME,NO_FIXED_OFFICIAL_RUNTIME_ROLE_EVIDENCE,"Exact firmware linkage is present, but the fixed local evidence registry does not establish the upstream defining function for this component. Structural package role alone is non-terminal."
200181,vuci-app-wireguard-ui,2025-07-02-0eab43c-1,cpe:2.3:a:vuci-app-wireguard-ui:vuci-app-wireguard-ui:2025-07-02-0eab43c-1:*:*:*:*:*:*:*,CONTROL_DIRECT,feeds/vuci/applications/vuci-app-wireguard/vuci-app-wireguard-ui,vuci-app-wireguard-ui,REVIEW_REQUIRED,"Exact firmware linkage is present, but the fixed local evidence registry does not establish the upstream defining function for this component. Structural package role alone is non-terminal.",MODERATE,,,PARTIAL_OR_SPLIT_COMPONENT,NOT_EVALUATED_RUNTIME_REVIEW,,,NOT_EVALUATED,false,false,,,,false,,false,false,,REVIEW_STOP,,,,N/A,,NO_CONTROL_CPE_ID,true,PRODUCT_RUNTIME,NO_FIXED_OFFICIAL_RUNTIME_ROLE_EVIDENCE,"Exact firmware linkage is present, but the fixed local evidence registry does not establish the upstream defining function for this component. Structural package role alone is non-terminal."
200182,vuci-app-wireless-api,1,cpe:2.3:a:vuci-app-wireless-api:vuci-app-wireless-api:1:*:*:*:*:*:*:*,CONTROL_DIRECT,feeds/vuci/applications/vuci-app-wireless/vuci-app-wireless-api,vuci-app-wireless-api,REVIEW_REQUIRED,"Exact firmware linkage is present, but the fixed local evidence registry does not establish the upstream defining function for this component. Structural package role alone is non-terminal.",MODERATE,,,PARTIAL_OR_SPLIT_COMPONENT,NOT_EVALUATED_RUNTIME_REVIEW,,,NOT_EVALUATED,false,false,,,,false,,false,false,,REVIEW_STOP,,,,N/A,,NO_CONTROL_CPE_ID,true,PRODUCT_RUNTIME,NO_FIXED_OFFICIAL_RUNTIME_ROLE_EVIDENCE,"Exact firmware linkage is present, but the fixed local evidence registry does not establish the upstream defining function for this component. Structural package role alone is non-terminal."
200183,vuci-app-wireless-ui,2025-07-02-0eab43c-1,cpe:2.3:a:vuci-app-wireless-ui:vuci-app-wireless-ui:2025-07-02-0eab43c-1:*:*:*:*:*:*:*,CONTROL_DIRECT,feeds/vuci/applications/vuci-app-wireless/vuci-app-wireless-ui,vuci-app-wireless-ui,REVIEW_REQUIRED,"Exact firmware linkage is present, but the fixed local evidence registry does not establish the upstream defining function for this component. Structural package role alone is non-terminal.",MODERATE,,,PARTIAL_OR_SPLIT_COMPONENT,NOT_EVALUATED_RUNTIME_REVIEW,,,NOT_EVALUATED,false,false,,,,false,,false,false,,REVIEW_STOP,,,,N/A,,NO_CONTROL_CPE_ID,true,PRODUCT_RUNTIME,NO_FIXED_OFFICIAL_RUNTIME_ROLE_EVIDENCE,"Exact firmware linkage is present, but the fixed local evidence registry does not establish the upstream defining function for this component. Structural package role alone is non-terminal."
200184,vuci-ui-core,2025-07-02-0eab43c-3,cpe:2.3:a:vuci-ui-core:vuci-ui-core:2025-07-02-0eab43c-3:*:*:*:*:*:*:*,CONTROL_DIRECT,feeds/vuci/vuci-ui-core,vuci-ui-core,REVIEW_REQUIRED,"Exact firmware linkage is present, but the fixed local evidence registry does not establish the upstream defining function for this component. Structural package role alone is non-terminal.",MODERATE,,,PARTIAL_OR_SPLIT_COMPONENT,NOT_EVALUATED_RUNTIME_REVIEW,,,NOT_EVALUATED,false,false,,,,false,,false,false,,REVIEW_STOP,,,,N/A,,NO_CONTROL_CPE_ID,true,PRODUCT_RUNTIME,NO_FIXED_OFFICIAL_RUNTIME_ROLE_EVIDENCE,"Exact firmware linkage is present, but the fixed local evidence registry does not establish the upstream defining function for this component. Structural package role alone is non-terminal."
200185,wifi-scripts,1.0-3,cpe:2.3:a:wifi-scripts:wifi-scripts:1.0-3:*:*:*:*:*:*:*,CONTROL_DIRECT,package/network/config/wifi-scripts,wifi-scripts,REVIEW_REQUIRED,"Exact firmware linkage is present, but the fixed local evidence registry does not establish the upstream defining function for this component. Structural package role alone is non-terminal.",MODERATE,,,POSSIBLE_PRODUCT,NOT_EVALUATED_RUNTIME_REVIEW,,,NOT_EVALUATED,false,false,,,,false,,false,false,,REVIEW_STOP,,,,N/A,,NO_CONTROL_CPE_ID,true,PRODUCT_RUNTIME,NO_FIXED_OFFICIAL_RUNTIME_ROLE_EVIDENCE,"Exact firmware linkage is present, but the fixed local evidence registry does not establish the upstream defining function for this component. Structural package role alone is non-terminal."
200186,wireguard-tools,1.0.20210223-4,cpe:2.3:a:wireguard-tools:wireguard-tools:1.0.20210223-4:*:*:*:*:*:*:*,CONTROL_DIRECT,package/network/utils/wireguard-tools,wireguard-tools,REVIEW_REQUIRED,"Exact firmware linkage is present, but the fixed local evidence registry does not establish the upstream defining function for this component. Structural package role alone is non-terminal.",MODERATE,,,POSSIBLE_PRODUCT,NOT_EVALUATED_RUNTIME_REVIEW,,,NOT_EVALUATED,false,false,,,,false,,false,false,,REVIEW_STOP,,,,N/A,,NO_CONTROL_CPE_ID,true,PRODUCT_RUNTIME,NO_FIXED_OFFICIAL_RUNTIME_ROLE_EVIDENCE,"Exact firmware linkage is present, but the fixed local evidence registry does not establish the upstream defining function for this component. Structural package role alone is non-terminal."
200188,wpad-openssl,2023-09-08-e5ccbfc6-11,cpe:2.3:a:wpad-openssl:wpad-openssl:2023-09-08-e5ccbfc6-11:*:*:*:*:*:*:*,CONTROL_DIRECT,package/network/services/hostapd,wpad-openssl,REVIEW_REQUIRED,"Exact firmware linkage is present, but the fixed local evidence registry does not establish the upstream defining function for this component. Structural package role alone is non-terminal.",MODERATE,,,PARTIAL_OR_SPLIT_COMPONENT,NOT_EVALUATED_RUNTIME_REVIEW,,,NOT_EVALUATED,false,false,,,,false,,false,false,,REVIEW_STOP,,,,N/A,cpe:/a:w1.fi:hostapd,GT_ABSENT,true,PRODUCT_RUNTIME,NO_FIXED_OFFICIAL_RUNTIME_ROLE_EVIDENCE,"Exact firmware linkage is present, but the fixed local evidence registry does not establish the upstream defining function for this component. Structural package role alone is non-terminal."
200189,wwan,2019-04-29-6,cpe:2.3:a:wwan:wwan:2019-04-29-6:*:*:*:*:*:*:*,CONTROL_DIRECT,package/network/utils/wwan,wwan,REVIEW_REQUIRED,"Exact firmware linkage is present, but the fixed local evidence registry does not establish the upstream defining function for this component. Structural package role alone is non-terminal.",MODERATE,,,POSSIBLE_PRODUCT,NOT_EVALUATED_RUNTIME_REVIEW,,,NOT_EVALUATED,false,false,,,,false,,false,false,,REVIEW_STOP,,,,N/A,,NO_CONTROL_CPE_ID,true,PRODUCT_RUNTIME,NO_FIXED_OFFICIAL_RUNTIME_ROLE_EVIDENCE,"Exact firmware linkage is present, but the fixed local evidence registry does not establish the upstream defining function for this component. Structural package role alone is non-terminal."
200190,xfrm,4,cpe:2.3:a:xfrm:xfrm:4:*:*:*:*:*:*:*,CONTROL_DIRECT,package/network/config/xfrm,xfrm,REVIEW_REQUIRED,"Exact firmware linkage is present, but the fixed local evidence registry does not establish the upstream defining function for this component. Structural package role alone is non-terminal.",MODERATE,,,POSSIBLE_PRODUCT,NOT_EVALUATED_RUNTIME_REVIEW,,,NOT_EVALUATED,false,false,,,,false,,false,false,,REVIEW_STOP,,,,N/A,,NO_CONTROL_CPE_ID,true,PRODUCT_RUNTIME,NO_FIXED_OFFICIAL_RUNTIME_ROLE_EVIDENCE,"Exact firmware linkage is present, but the fixed local evidence registry does not establish the upstream defining function for this component. Structural package role alone is non-terminal."
200191,xl2tpd,1.3.16-5,cpe:2.3:a:xl2tpd:xl2tpd:1.3.16-5:*:*:*:*:*:*:*,CONTROL_DIRECT,package/network/services/xl2tpd,xl2tpd,REVIEW_REQUIRED,"Exact firmware linkage is present, but the fixed local evidence registry does not establish the upstream defining function for this component. Structural package role alone is non-terminal.",MODERATE,,,POSSIBLE_PRODUCT,NOT_EVALUATED_RUNTIME_REVIEW,,,NOT_EVALUATED,false,false,,,,false,,false,false,,REVIEW_STOP,,,,N/A,,NO_CONTROL_CPE_ID,true,PRODUCT_RUNTIME,NO_FIXED_OFFICIAL_RUNTIME_ROLE_EVIDENCE,"Exact firmware linkage is present, but the fixed local evidence registry does not establish the upstream defining function for this component. Structural package role alone is non-terminal."
200192,zlib,1.2.11-4,cpe:2.3:a:zlib:zlib:1.2.11-4:*:*:*:*:*:*:*,CONTROL_DIRECT,package/libs/zlib,zlib,REVIEW_REQUIRED,"Exact firmware linkage is present, but the fixed local evidence registry does not establish the upstream defining function for this component. Structural package role alone is non-terminal.",MODERATE,,,PARTIAL_OR_SPLIT_COMPONENT,NOT_EVALUATED_RUNTIME_REVIEW,,,NOT_EVALUATED,false,false,,,,false,,false,false,,REVIEW_STOP,,,,N/A,cpe:/a:gnu:zlib,GT_ABSENT,true,PRODUCT_RUNTIME,NO_FIXED_OFFICIAL_RUNTIME_ROLE_EVIDENCE,"Exact firmware linkage is present, but the fixed local evidence registry does not establish the upstream defining function for this component. Structural package role alone is non-terminal."
200194,point-to-point_protocol,2.4.9,cpe:2.3:a:point-to-point_protocol_project:point-to-point_protocol:2.4.9:*:*:*:*:*:*:*,BINARY_DIRECT,,,REVIEW_REQUIRED,"Exact firmware linkage is present, but the fixed local evidence registry does not establish the upstream defining function for this component. Structural package role alone is non-terminal.",MODERATE,,,POSSIBLE_PRODUCT,NOT_EVALUATED_RUNTIME_REVIEW,,,NOT_EVALUATED,false,false,,,,false,,false,false,,REVIEW_STOP,,,,N/A,,NO_CONTROL_CPE_ID,true,PRODUCT_RUNTIME,NO_FIXED_OFFICIAL_RUNTIME_ROLE_EVIDENCE,"Exact firmware linkage is present, but the fixed local evidence registry does not establish the upstream defining function for this component. Structural package role alone is non-terminal."
200196,sqlite,3.41.2,cpe:2.3:a:sqlite:sqlite:3.41.2:*:*:*:*:*:*:*,BINARY_DIRECT,,,REVIEW_REQUIRED,"Exact firmware linkage is present, but the fixed local evidence registry does not establish the upstream defining function for this component. Structural package role alone is non-terminal.",MODERATE,,,POSSIBLE_PRODUCT,NOT_EVALUATED_RUNTIME_REVIEW,,,NOT_EVALUATED,false,false,,,,false,,false,false,,REVIEW_STOP,,,,N/A,,NO_CONTROL_CPE_ID,true,PRODUCT_RUNTIME,NO_FIXED_OFFICIAL_RUNTIME_ROLE_EVIDENCE,"Exact firmware linkage is present, but the fixed local evidence registry does not establish the upstream defining function for this component. Structural package role alone is non-terminal."
200198,wpa_supplicant,2.11,cpe:2.3:a:w1.fi:wpa_supplicant:2.11:*:*:*:*:*:*:*,BINARY_DIRECT,,,REVIEW_REQUIRED,"Exact firmware linkage is present, but the fixed local evidence registry does not establish the upstream defining function for this component. Structural package role alone is non-terminal.",MODERATE,,,POSSIBLE_PRODUCT,NOT_EVALUATED_RUNTIME_REVIEW,,,NOT_EVALUATED,false,false,,,,false,,false,false,,REVIEW_STOP,,,,N/A,,NO_CONTROL_CPE_ID,true,PRODUCT_RUNTIME,NO_FIXED_OFFICIAL_RUNTIME_ROLE_EVIDENCE,"Exact firmware linkage is present, but the fixed local evidence registry does not establish the upstream defining function for this component. Structural package role alone is non-terminal."
200199,openwrt,21.02.0:r16279-5cc0535800,cpe:2.3:o:openwrt:openwrt:21.02.0:r16279-5cc0535800:*:*:*:*:*:*,BINARY_DIRECT,,,REVIEW_REQUIRED,"Exact firmware linkage is present, but the fixed local evidence registry does not establish the upstream defining function for this component. Structural package role alone is non-terminal.",MODERATE,,,DIRECT_PRODUCT_EVIDENCE,NOT_EVALUATED_RUNTIME_REVIEW,,,NOT_EVALUATED,false,false,,,,false,,false,false,,REVIEW_STOP,,,,N/A,,NO_CONTROL_CPE_ID,true,PRODUCT_RUNTIME,NO_FIXED_OFFICIAL_RUNTIME_ROLE_EVIDENCE,"Exact firmware linkage is present, but the fixed local evidence registry does not establish the upstream defining function for this component. Structural package role alone is non-terminal."
