primary_cpe,component_count,status,matched_cpe_name_id,deprecated,snapshot_id
cpe:2.3:a:GehirnInc:crypt:v0.0.0-20230320061759-8cc1b52080c5:*:*:*:*:*:*:*,1,NOT_IN_DICTIONARY,,,20260725T035002Z
cpe:2.3:a:JoshGlazebrook:smart-buffer:4.2.0:*:*:*:*:*:*:*,1,NOT_IN_DICTIONARY,,,20260725T035002Z
cpe:2.3:a:JoshGlazebrook:socks:2.8.9:*:*:*:*:*:*:*,1,NOT_IN_DICTIONARY,,,20260725T035002Z
cpe:2.3:a:Simple_Launcher:Simple_Launcher:1.1.0.14:*:*:*:*:*:*:*,6,NOT_IN_DICTIONARY,,,20260725T035002Z
cpe:2.3:a:TooTallNate:agent-base:7.1.4:*:*:*:*:*:*:*,1,NOT_IN_DICTIONARY,,,20260725T035002Z
cpe:2.3:a:\@gar\/promise-retry:\@gar\/promise-retry:1.0.3:*:*:*:*:*:*:*,1,NOT_IN_DICTIONARY,,,20260725T035002Z
cpe:2.3:a:\@isaacs\/fs-minipass:\@isaacs\/fs-minipass:4.0.1:*:*:*:*:*:*:*,1,NOT_IN_DICTIONARY,,,20260725T035002Z
cpe:2.3:a:\@isaacs\/string-locale-compare:\@isaacs\/string-locale-compare:1.1.0:*:*:*:*:*:*:*,1,NOT_IN_DICTIONARY,,,20260725T035002Z
cpe:2.3:a:\@npmcli\/agent:\@npmcli\/agent:4.0.2:*:*:*:*:*:*:*,1,NOT_IN_DICTIONARY,,,20260725T035002Z
cpe:2.3:a:\@npmcli\/config:\@npmcli\/config:10.10.0:*:*:*:*:*:*:*,1,NOT_IN_DICTIONARY,,,20260725T035002Z
cpe:2.3:a:\@npmcli\/fs:\@npmcli\/fs:5.0.0:*:*:*:*:*:*:*,1,NOT_IN_DICTIONARY,,,20260725T035002Z
cpe:2.3:a:\@npmcli\/git:\@npmcli\/git:7.0.2:*:*:*:*:*:*:*,1,NOT_IN_DICTIONARY,,,20260725T035002Z
cpe:2.3:a:\@npmcli\/installed-package-contents:\@npmcli\/installed-package-contents:4.0.0:*:*:*:*:*:*:*,1,NOT_IN_DICTIONARY,,,20260725T035002Z
cpe:2.3:a:\@npmcli\/map-workspaces:\@npmcli\/map-workspaces:5.0.3:*:*:*:*:*:*:*,1,NOT_IN_DICTIONARY,,,20260725T035002Z
cpe:2.3:a:\@npmcli\/metavuln-calculator:\@npmcli\/metavuln-calculator:9.0.3:*:*:*:*:*:*:*,1,NOT_IN_DICTIONARY,,,20260725T035002Z
cpe:2.3:a:\@npmcli\/name-from-folder:\@npmcli\/name-from-folder:4.0.0:*:*:*:*:*:*:*,1,NOT_IN_DICTIONARY,,,20260725T035002Z
cpe:2.3:a:\@npmcli\/node-gyp:\@npmcli\/node-gyp:5.0.0:*:*:*:*:*:*:*,1,NOT_IN_DICTIONARY,,,20260725T035002Z
cpe:2.3:a:\@npmcli\/package-json:\@npmcli\/package-json:7.0.5:*:*:*:*:*:*:*,1,NOT_IN_DICTIONARY,,,20260725T035002Z
cpe:2.3:a:\@npmcli\/promise-spawn:\@npmcli\/promise-spawn:9.0.1:*:*:*:*:*:*:*,1,NOT_IN_DICTIONARY,,,20260725T035002Z
cpe:2.3:a:\@npmcli\/query:\@npmcli\/query:5.0.0:*:*:*:*:*:*:*,1,NOT_IN_DICTIONARY,,,20260725T035002Z
cpe:2.3:a:\@npmcli\/redact:\@npmcli\/redact:4.0.0:*:*:*:*:*:*:*,1,NOT_IN_DICTIONARY,,,20260725T035002Z
cpe:2.3:a:\@npmcli\/run-script:\@npmcli\/run-script:10.0.4:*:*:*:*:*:*:*,1,NOT_IN_DICTIONARY,,,20260725T035002Z
cpe:2.3:a:\@sigstore\/bundle:\@sigstore\/bundle:4.0.0:*:*:*:*:*:*:*,1,NOT_IN_DICTIONARY,,,20260725T035002Z
cpe:2.3:a:\@sigstore\/core:\@sigstore\/core:3.2.1:*:*:*:*:*:*:*,1,NOT_IN_DICTIONARY,,,20260725T035002Z
cpe:2.3:a:\@sigstore\/protobuf-specs:\@sigstore\/protobuf-specs:0.5.1:*:*:*:*:*:*:*,1,NOT_IN_DICTIONARY,,,20260725T035002Z
cpe:2.3:a:\@sigstore\/sign:\@sigstore\/sign:4.1.1:*:*:*:*:*:*:*,1,NOT_IN_DICTIONARY,,,20260725T035002Z
cpe:2.3:a:\@sigstore\/tuf:\@sigstore\/tuf:4.0.2:*:*:*:*:*:*:*,1,NOT_IN_DICTIONARY,,,20260725T035002Z
cpe:2.3:a:\@sigstore\/verify:\@sigstore\/verify:3.1.1:*:*:*:*:*:*:*,1,NOT_IN_DICTIONARY,,,20260725T035002Z
cpe:2.3:a:\@tufjs\/canonical-json:\@tufjs\/canonical-json:2.0.0:*:*:*:*:*:*:*,1,NOT_IN_DICTIONARY,,,20260725T035002Z
cpe:2.3:a:abbrev:abbrev:4.0.0:*:*:*:*:*:*:*,1,NOT_IN_DICTIONARY,,,20260725T035002Z
cpe:2.3:a:adduser:adduser:3.134:*:*:*:*:*:*:*,1,NOT_IN_DICTIONARY,,,20260725T035002Z
cpe:2.3:a:adduser:adduser:3.152:*:*:*:*:*:*:*,2,NOT_IN_DICTIONARY,,,20260725T035002Z
cpe:2.3:a:alpine-baselayout-data:alpine-baselayout-data:3.7.2-r1:*:*:*:*:*:*:*,1,NOT_IN_DICTIONARY,,,20260725T035002Z
cpe:2.3:a:alpine-baselayout:alpine-baselayout:3.7.2-r1:*:*:*:*:*:*:*,1,NOT_IN_DICTIONARY,,,20260725T035002Z
cpe:2.3:a:alpine-keys:alpine-keys:2.6-r0:*:*:*:*:*:*:*,1,NOT_IN_DICTIONARY,,,20260725T035002Z
cpe:2.3:a:alpine-release:alpine-release:3.24.1-r0:*:*:*:*:*:*:*,1,NOT_IN_DICTIONARY,,,20260725T035002Z
cpe:2.3:a:apk-tools:apk-tools:3.0.6-r0:*:*:*:*:*:*:*,1,NOT_IN_DICTIONARY,,,20260725T035002Z
cpe:2.3:a:aproba:aproba:2.1.0:*:*:*:*:*:*:*,1,NOT_IN_DICTIONARY,,,20260725T035002Z
cpe:2.3:a:apt:apt:2.6.1:*:*:*:*:*:*:*,1,NOT_IN_DICTIONARY,,,20260725T035002Z
cpe:2.3:a:apt:apt:3.0.3:*:*:*:*:*:*:*,5,NOT_IN_DICTIONARY,,,20260725T035002Z
cpe:2.3:a:apt:apt:3.2.0:*:*:*:*:*:*:*,1,NOT_IN_DICTIONARY,,,20260725T035002Z
"cpe:2.3:a:armin_rigo\,_maciej_fijalkowski_project:python-cffi:2.0.0:*:*:*:*:*:*:*",1,NOT_IN_DICTIONARY,,,20260725T035002Z
cpe:2.3:a:autoconf:autoconf:2.71-3:*:*:*:*:*:*:*,1,NOT_IN_DICTIONARY,,,20260725T035002Z
cpe:2.3:a:autoconf:autoconf:2.72-3.1:*:*:*:*:*:*:*,1,NOT_IN_DICTIONARY,,,20260725T035002Z
cpe:2.3:a:automake:automake:1\:1.16.5-1.3:*:*:*:*:*:*:*,1,NOT_IN_DICTIONARY,,,20260725T035002Z
cpe:2.3:a:automake:automake:1\:1.17-4:*:*:*:*:*:*:*,1,NOT_IN_DICTIONARY,,,20260725T035002Z
cpe:2.3:a:autotools-dev:autotools-dev:20220109.1:*:*:*:*:*:*:*,1,NOT_IN_DICTIONARY,,,20260725T035002Z
cpe:2.3:a:autotools-dev:autotools-dev:20240727.1:*:*:*:*:*:*:*,1,NOT_IN_DICTIONARY,,,20260725T035002Z
cpe:2.3:a:balanced-match:balanced-match:4.0.4:*:*:*:*:*:*:*,1,NOT_IN_DICTIONARY,,,20260725T035002Z
cpe:2.3:a:base-files:base-files:12.4\+deb12u15:*:*:*:*:*:*:*,1,NOT_IN_DICTIONARY,,,20260725T035002Z
cpe:2.3:a:base-files:base-files:13.8\+deb13u6:*:*:*:*:*:*:*,5,NOT_IN_DICTIONARY,,,20260725T035002Z
cpe:2.3:a:base-files:base-files:14ubuntu6.1:*:*:*:*:*:*:*,1,NOT_IN_DICTIONARY,,,20260725T035002Z
cpe:2.3:a:base-passwd:base-passwd:3.6.1:*:*:*:*:*:*:*,1,NOT_IN_DICTIONARY,,,20260725T035002Z
cpe:2.3:a:base-passwd:base-passwd:3.6.7:*:*:*:*:*:*:*,5,NOT_IN_DICTIONARY,,,20260725T035002Z
cpe:2.3:a:base-passwd:base-passwd:3.6.8:*:*:*:*:*:*:*,1,NOT_IN_DICTIONARY,,,20260725T035002Z
cpe:2.3:a:bash:bash:5.2.15-2\+b13:*:*:*:*:*:*:*,1,NOT_IN_DICTIONARY,,,20260725T035002Z
cpe:2.3:a:bash:bash:5.2.37-2\+b9:*:*:*:*:*:*:*,5,NOT_IN_DICTIONARY,,,20260725T035002Z
cpe:2.3:a:bash:bash:5.3-2ubuntu1:*:*:*:*:*:*:*,1,NOT_IN_DICTIONARY,,,20260725T035002Z
cpe:2.3:a:beaugunderson:ip-address:10.2.0:*:*:*:*:node.js:*:*,1,OFFICIAL_ACTIVE,901e4b04-66e1-4205-b4db-faaa41cab3cb,False,20260725T035002Z
cpe:2.3:a:benjamin_peterson_project:python-six:1.17.0:*:*:*:*:*:*:*,1,NOT_IN_DICTIONARY,,,20260725T035002Z
cpe:2.3:a:bin-links:bin-links:6.0.2:*:*:*:*:*:*:*,1,NOT_IN_DICTIONARY,,,20260725T035002Z
cpe:2.3:a:binary-extensions:binary-extensions:3.1.0:*:*:*:*:*:*:*,1,NOT_IN_DICTIONARY,,,20260725T035002Z
cpe:2.3:a:binutils-common:binutils-common:2.40-2:*:*:*:*:*:*:*,1,NOT_IN_DICTIONARY,,,20260725T035002Z
cpe:2.3:a:binutils-common:binutils-common:2.44-3:*:*:*:*:*:*:*,1,NOT_IN_DICTIONARY,,,20260725T035002Z
cpe:2.3:a:binutils-x86-64-linux-gnu:binutils-x86-64-linux-gnu:2.40-2:*:*:*:*:*:*:*,1,NOT_IN_DICTIONARY,,,20260725T035002Z
cpe:2.3:a:binutils-x86-64-linux-gnu:binutils-x86-64-linux-gnu:2.44-3:*:*:*:*:*:*:*,1,NOT_IN_DICTIONARY,,,20260725T035002Z
cpe:2.3:a:binutils:binutils:2.40-2:*:*:*:*:*:*:*,1,NOT_IN_DICTIONARY,,,20260725T035002Z
cpe:2.3:a:binutils:binutils:2.44-3:*:*:*:*:*:*:*,1,NOT_IN_DICTIONARY,,,20260725T035002Z
cpe:2.3:a:bsdutils:bsdutils:1\:2.38.1-5\+deb12u3:*:*:*:*:*:*:*,1,NOT_IN_DICTIONARY,,,20260725T035002Z
cpe:2.3:a:bsdutils:bsdutils:1\:2.41-5:*:*:*:*:*:*:*,5,NOT_IN_DICTIONARY,,,20260725T035002Z
cpe:2.3:a:bsdutils:bsdutils:1\:2.41.3-3ubuntu2:*:*:*:*:*:*:*,1,NOT_IN_DICTIONARY,,,20260725T035002Z
cpe:2.3:a:busybox-binsh:busybox-binsh:1.37.0-r31:*:*:*:*:*:*:*,1,NOT_IN_DICTIONARY,,,20260725T035002Z
cpe:2.3:a:busybox:busybox:1.37.0-r31:*:*:*:*:*:*:*,1,NOT_IN_DICTIONARY,,,20260725T035002Z
cpe:2.3:a:busybox:busybox:1.38.0:*:*:*:*:*:*:*,1,NOT_IN_DICTIONARY,,,20260725T035002Z
cpe:2.3:a:bzip2:bzip2:1.0.8-5\+b1:*:*:*:*:*:*:*,1,NOT_IN_DICTIONARY,,,20260725T035002Z
cpe:2.3:a:bzip2:bzip2:1.0.8-6:*:*:*:*:*:*:*,1,NOT_IN_DICTIONARY,,,20260725T035002Z
cpe:2.3:a:ca-certificates-bundle:ca-certificates-bundle:20260611-r0:*:*:*:*:*:*:*,1,NOT_IN_DICTIONARY,,,20260725T035002Z
cpe:2.3:a:ca-certificates:ca-certificates:20230311\+deb12u1:*:*:*:*:*:*:*,1,NOT_IN_DICTIONARY,,,20260725T035002Z
cpe:2.3:a:ca-certificates:ca-certificates:2025.2.80_v9.0.305-91.el9:*:*:*:*:*:*:*,1,NOT_IN_DICTIONARY,,,20260725T035002Z
cpe:2.3:a:ca-certificates:ca-certificates:20250419:*:*:*:*:*:*:*,2,NOT_IN_DICTIONARY,,,20260725T035002Z
cpe:2.3:a:cacache:cacache:20.0.4:*:*:*:*:*:*:*,1,NOT_IN_DICTIONARY,,,20260725T035002Z
cpe:2.3:a:canonical:go-flags:v0.0.0-20230403090104-105d09a091b8:*:*:*:*:*:*:*,1,NOT_IN_DICTIONARY,,,20260725T035002Z
cpe:2.3:a:canonical:pebble:v1.32.1-0.20260630051629-e583e44ebd02:*:*:*:*:*:*:*,1,NOT_IN_DICTIONARY,,,20260725T035002Z
cpe:2.3:a:canonical:x-go:v0.0.0-20230522092633-7947a7587f5b:*:*:*:*:*:*:*,1,NOT_IN_DICTIONARY,,,20260725T035002Z
cpe:2.3:a:certifi:certifi:2026.2.25:*:*:*:*:python:*:*,1,NOT_IN_DICTIONARY,,,20260725T035002Z
cpe:2.3:a:chalk:chalk:5.6.2:*:*:*:*:*:*:*,1,NOT_IN_DICTIONARY,,,20260725T035002Z
cpe:2.3:a:chownr:chownr:3.0.0:*:*:*:*:*:*:*,1,NOT_IN_DICTIONARY,,,20260725T035002Z
cpe:2.3:a:ci-info:ci-info:4.4.0:*:*:*:*:*:*:*,1,NOT_IN_DICTIONARY,,,20260725T035002Z
cpe:2.3:a:cidr-regex:cidr-regex:5.0.5:*:*:*:*:*:*:*,1,NOT_IN_DICTIONARY,,,20260725T035002Z
cpe:2.3:a:cmd-shim:cmd-shim:8.0.0:*:*:*:*:*:*:*,1,NOT_IN_DICTIONARY,,,20260725T035002Z
cpe:2.3:a:comerr-dev:comerr-dev:2.1-1.47.0-2\+b2:*:*:*:*:*:*:*,1,NOT_IN_DICTIONARY,,,20260725T035002Z
cpe:2.3:a:comerr-dev:comerr-dev:2.1-1.47.2-3\+b11:*:*:*:*:*:*:*,1,NOT_IN_DICTIONARY,,,20260725T035002Z
cpe:2.3:a:common-ancestor-path:common-ancestor-path:2.0.0:*:*:*:*:*:*:*,1,NOT_IN_DICTIONARY,,,20260725T035002Z
cpe:2.3:a:corepack:corepack:0.35.0:*:*:*:*:*:*:*,1,NOT_IN_DICTIONARY,,,20260725T035002Z
cpe:2.3:a:coreutils-from-uutils:coreutils-from-uutils:0.0.0\~ubuntu25:*:*:*:*:*:*:*,1,NOT_IN_DICTIONARY,,,20260725T035002Z
cpe:2.3:a:coreutils-single:coreutils-single:8.32-41.0.1.el9_8:*:*:*:*:*:*:*,1,NOT_IN_DICTIONARY,,,20260725T035002Z
cpe:2.3:a:coreutils:coreutils:9.1-1:*:*:*:*:*:*:*,1,NOT_IN_DICTIONARY,,,20260725T035002Z
cpe:2.3:a:coreutils:coreutils:9.5-1ubuntu2\+0.0.0\~ubuntu25:*:*:*:*:*:*:*,1,NOT_IN_DICTIONARY,,,20260725T035002Z
cpe:2.3:a:coreutils:coreutils:9.7-3:*:*:*:*:*:*:*,5,NOT_IN_DICTIONARY,,,20260725T035002Z
cpe:2.3:a:cpp-12:cpp-12:12.2.0-14\+deb12u1:*:*:*:*:*:*:*,1,NOT_IN_DICTIONARY,,,20260725T035002Z
cpe:2.3:a:cpp-14-x86-64-linux-gnu:cpp-14-x86-64-linux-gnu:14.2.0-19:*:*:*:*:*:*:*,1,NOT_IN_DICTIONARY,,,20260725T035002Z
cpe:2.3:a:cpp-14:cpp-14:14.2.0-19:*:*:*:*:*:*:*,1,NOT_IN_DICTIONARY,,,20260725T035002Z
cpe:2.3:a:cpp-x86-64-linux-gnu:cpp-x86-64-linux-gnu:4\:14.2.0-1:*:*:*:*:*:*:*,1,NOT_IN_DICTIONARY,,,20260725T035002Z
cpe:2.3:a:cpp:cpp:4\:12.2.0-3:*:*:*:*:*:*:*,1,NOT_IN_DICTIONARY,,,20260725T035002Z
cpe:2.3:a:cpp:cpp:4\:14.2.0-1:*:*:*:*:*:*:*,1,NOT_IN_DICTIONARY,,,20260725T035002Z
cpe:2.3:a:creationix:jsonparse:1.3.1:*:*:*:*:*:*:*,1,NOT_IN_DICTIONARY,,,20260725T035002Z
cpe:2.3:a:crypto-policies:crypto-policies:20260224-1.0.1.gitea0f072.el9_8:*:*:*:*:*:*:*,1,NOT_IN_DICTIONARY,,,20260725T035002Z
cpe:2.3:a:cryptography.io:cryptography:46.0.5:*:*:*:*:python:*:*,1,OFFICIAL_ACTIVE,590d431f-9c08-4266-af22-d0bdf4e10473,False,20260725T035002Z
cpe:2.3:a:curl:curl:7.88.1-10\+deb12u15:*:*:*:*:*:*:*,1,NOT_IN_DICTIONARY,,,20260725T035002Z
cpe:2.3:a:curl:curl:8.14.1-2\+deb13u4:*:*:*:*:*:*:*,2,NOT_IN_DICTIONARY,,,20260725T035002Z
cpe:2.3:a:cyrus-sasl-lib:cyrus-sasl-lib:2.1.27-22.el9:*:*:*:*:*:*:*,1,NOT_IN_DICTIONARY,,,20260725T035002Z
cpe:2.3:a:dash:dash:0.5.12-12:*:*:*:*:*:*:*,5,NOT_IN_DICTIONARY,,,20260725T035002Z
cpe:2.3:a:dash:dash:0.5.12-12ubuntu3:*:*:*:*:*:*:*,1,NOT_IN_DICTIONARY,,,20260725T035002Z
cpe:2.3:a:dash:dash:0.5.12-2:*:*:*:*:*:*:*,1,NOT_IN_DICTIONARY,,,20260725T035002Z
cpe:2.3:a:debconf:debconf:1.5.82:*:*:*:*:*:*:*,1,NOT_IN_DICTIONARY,,,20260725T035002Z
cpe:2.3:a:debconf:debconf:1.5.91:*:*:*:*:*:*:*,5,NOT_IN_DICTIONARY,,,20260725T035002Z
cpe:2.3:a:debconf:debconf:1.5.92:*:*:*:*:*:*:*,1,NOT_IN_DICTIONARY,,,20260725T035002Z
cpe:2.3:a:debian-archive-keyring:debian-archive-keyring:2023.3\+deb12u2:*:*:*:*:*:*:*,1,NOT_IN_DICTIONARY,,,20260725T035002Z
cpe:2.3:a:debian-archive-keyring:debian-archive-keyring:2025.1:*:*:*:*:*:*:*,5,NOT_IN_DICTIONARY,,,20260725T035002Z
cpe:2.3:a:debianutils:debianutils:5.23.2:*:*:*:*:*:*:*,5,NOT_IN_DICTIONARY,,,20260725T035002Z
cpe:2.3:a:debianutils:debianutils:5.23.2build1:*:*:*:*:*:*:*,1,NOT_IN_DICTIONARY,,,20260725T035002Z
cpe:2.3:a:debianutils:debianutils:5.7-0.5\~deb12u1:*:*:*:*:*:*:*,1,NOT_IN_DICTIONARY,,,20260725T035002Z
cpe:2.3:a:debug_project:debug:4.4.3:*:*:*:*:node.js:*:*,1,NOT_IN_DICTIONARY,,,20260725T035002Z
cpe:2.3:a:default-libmysqlclient-dev:default-libmysqlclient-dev:1.1.0:*:*:*:*:*:*:*,1,NOT_IN_DICTIONARY,,,20260725T035002Z
cpe:2.3:a:default-libmysqlclient-dev:default-libmysqlclient-dev:1.1.1:*:*:*:*:*:*:*,1,NOT_IN_DICTIONARY,,,20260725T035002Z
cpe:2.3:a:diffutils:diffutils:1\:3.10-4:*:*:*:*:*:*:*,5,NOT_IN_DICTIONARY,,,20260725T035002Z
cpe:2.3:a:diffutils:diffutils:1\:3.12-1:*:*:*:*:*:*:*,1,NOT_IN_DICTIONARY,,,20260725T035002Z
cpe:2.3:a:diffutils:diffutils:1\:3.8-4:*:*:*:*:*:*:*,1,NOT_IN_DICTIONARY,,,20260725T035002Z
cpe:2.3:a:dirmngr:dirmngr:2.2.40-1.1\+deb12u2:*:*:*:*:*:*:*,1,NOT_IN_DICTIONARY,,,20260725T035002Z
cpe:2.3:a:dirmngr:dirmngr:2.4.7-21\+deb13u1\+b4:*:*:*:*:*:*:*,2,NOT_IN_DICTIONARY,,,20260725T035002Z
cpe:2.3:a:donald_stufft_\<donald_project:python-packaging:25.0:*:*:*:*:*:*:*,1,NOT_IN_DICTIONARY,,,20260725T035002Z
cpe:2.3:a:dpkg-dev:dpkg-dev:1.21.23:*:*:*:*:*:*:*,1,NOT_IN_DICTIONARY,,,20260725T035002Z
cpe:2.3:a:dpkg-dev:dpkg-dev:1.22.22:*:*:*:*:*:*:*,1,NOT_IN_DICTIONARY,,,20260725T035002Z
cpe:2.3:a:dpkg:dpkg:1.21.23:*:*:*:*:*:*:*,1,NOT_IN_DICTIONARY,,,20260725T035002Z
cpe:2.3:a:dpkg:dpkg:1.22.22:*:*:*:*:*:*:*,5,NOT_IN_DICTIONARY,,,20260725T035002Z
cpe:2.3:a:dpkg:dpkg:1.23.7ubuntu1:*:*:*:*:*:*:*,1,NOT_IN_DICTIONARY,,,20260725T035002Z
cpe:2.3:a:e2fsprogs:e2fsprogs:1.47.0-2\+b2:*:*:*:*:*:*:*,1,NOT_IN_DICTIONARY,,,20260725T035002Z
cpe:2.3:a:e2fsprogs:e2fsprogs:1.47.2-3ubuntu4:*:*:*:*:*:*:*,1,NOT_IN_DICTIONARY,,,20260725T035002Z
cpe:2.3:a:eli_bendersky_\<eliben_project:python-pycparser:3.0:*:*:*:*:*:*:*,1,NOT_IN_DICTIONARY,,,20260725T035002Z
cpe:2.3:a:env-paths:env-paths:2.2.1:*:*:*:*:*:*:*,1,NOT_IN_DICTIONARY,,,20260725T035002Z
cpe:2.3:a:eric_vergnaud_\<eric_vergnaud_project:python-antlr4-python3-runtime:4.13.2:*:*:*:*:*:*:*,1,NOT_IN_DICTIONARY,,,20260725T035002Z
cpe:2.3:a:exponential-backoff:exponential-backoff:3.1.3:*:*:*:*:*:*:*,1,NOT_IN_DICTIONARY,,,20260725T035002Z
cpe:2.3:a:fabian_fuelling_project:python-circuitbreaker:2.1.3:*:*:*:*:*:*:*,1,NOT_IN_DICTIONARY,,,20260725T035002Z
cpe:2.3:a:fastest-levenshtein:fastest-levenshtein:1.0.16:*:*:*:*:*:*:*,1,NOT_IN_DICTIONARY,,,20260725T035002Z
cpe:2.3:a:file:file:1\:5.44-3:*:*:*:*:*:*:*,1,NOT_IN_DICTIONARY,,,20260725T035002Z
cpe:2.3:a:file:file:1\:5.46-5:*:*:*:*:*:*:*,1,NOT_IN_DICTIONARY,,,20260725T035002Z
cpe:2.3:a:findutils:findutils:4.10.0-3:*:*:*:*:*:*:*,5,NOT_IN_DICTIONARY,,,20260725T035002Z
cpe:2.3:a:findutils:findutils:4.10.0-3build2:*:*:*:*:*:*:*,1,NOT_IN_DICTIONARY,,,20260725T035002Z
cpe:2.3:a:findutils:findutils:4.9.0-4:*:*:*:*:*:*:*,1,NOT_IN_DICTIONARY,,,20260725T035002Z
cpe:2.3:a:fontconfig-config:fontconfig-config:2.14.1-4:*:*:*:*:*:*:*,1,NOT_IN_DICTIONARY,,,20260725T035002Z
cpe:2.3:a:fontconfig-config:fontconfig-config:2.15.0-2.3:*:*:*:*:*:*:*,2,NOT_IN_DICTIONARY,,,20260725T035002Z
cpe:2.3:a:fontconfig:fontconfig:2.14.1-4:*:*:*:*:*:*:*,1,NOT_IN_DICTIONARY,,,20260725T035002Z
cpe:2.3:a:fontconfig:fontconfig:2.15.0-2.3:*:*:*:*:*:*:*,1,NOT_IN_DICTIONARY,,,20260725T035002Z
cpe:2.3:a:fonts-dejavu-core:fonts-dejavu-core:2.37-6:*:*:*:*:*:*:*,1,NOT_IN_DICTIONARY,,,20260725T035002Z
cpe:2.3:a:fonts-dejavu-core:fonts-dejavu-core:2.37-8:*:*:*:*:*:*:*,2,NOT_IN_DICTIONARY,,,20260725T035002Z
cpe:2.3:a:fonts-dejavu-mono:fonts-dejavu-mono:2.37-8:*:*:*:*:*:*:*,2,NOT_IN_DICTIONARY,,,20260725T035002Z
cpe:2.3:a:fs-minipass:fs-minipass:3.0.3:*:*:*:*:*:*:*,1,NOT_IN_DICTIONARY,,,20260725T035002Z
cpe:2.3:a:g\+\+-12:g\+\+-12:12.2.0-14\+deb12u1:*:*:*:*:*:*:*,1,NOT_IN_DICTIONARY,,,20260725T035002Z
cpe:2.3:a:g\+\+-14-x86-64-linux-gnu:g\+\+-14-x86-64-linux-gnu:14.2.0-19:*:*:*:*:*:*:*,1,NOT_IN_DICTIONARY,,,20260725T035002Z
cpe:2.3:a:g\+\+-14:g\+\+-14:14.2.0-19:*:*:*:*:*:*:*,1,NOT_IN_DICTIONARY,,,20260725T035002Z
cpe:2.3:a:g\+\+-x86-64-linux-gnu:g\+\+-x86-64-linux-gnu:4\:14.2.0-1:*:*:*:*:*:*:*,1,NOT_IN_DICTIONARY,,,20260725T035002Z
cpe:2.3:a:g\+\+:g\+\+:4\:12.2.0-3:*:*:*:*:*:*:*,1,NOT_IN_DICTIONARY,,,20260725T035002Z
cpe:2.3:a:g\+\+:g\+\+:4\:14.2.0-1:*:*:*:*:*:*:*,1,NOT_IN_DICTIONARY,,,20260725T035002Z
cpe:2.3:a:gcc-12-base:gcc-12-base:12.2.0-14\+deb12u1:*:*:*:*:*:*:*,1,NOT_IN_DICTIONARY,,,20260725T035002Z
cpe:2.3:a:gcc-12:gcc-12:12.2.0-14\+deb12u1:*:*:*:*:*:*:*,1,NOT_IN_DICTIONARY,,,20260725T035002Z
cpe:2.3:a:gcc-14-base:gcc-14-base:14.2.0-19:*:*:*:*:*:*:*,5,NOT_IN_DICTIONARY,,,20260725T035002Z
cpe:2.3:a:gcc-14-x86-64-linux-gnu:gcc-14-x86-64-linux-gnu:14.2.0-19:*:*:*:*:*:*:*,1,NOT_IN_DICTIONARY,,,20260725T035002Z
cpe:2.3:a:gcc-14:gcc-14:14.2.0-19:*:*:*:*:*:*:*,1,NOT_IN_DICTIONARY,,,20260725T035002Z
cpe:2.3:a:gcc-16-base:gcc-16-base:16-20260322-1ubuntu1:*:*:*:*:*:*:*,1,NOT_IN_DICTIONARY,,,20260725T035002Z
cpe:2.3:a:gcc-x86-64-linux-gnu:gcc-x86-64-linux-gnu:4\:14.2.0-1:*:*:*:*:*:*:*,1,NOT_IN_DICTIONARY,,,20260725T035002Z
cpe:2.3:a:gcc:gcc:4\:12.2.0-3:*:*:*:*:*:*:*,1,NOT_IN_DICTIONARY,,,20260725T035002Z
cpe:2.3:a:gcc:gcc:4\:14.2.0-1:*:*:*:*:*:*:*,1,NOT_IN_DICTIONARY,,,20260725T035002Z
cpe:2.3:a:gettext-base:gettext-base:0.23.1-2:*:*:*:*:*:*:*,1,NOT_IN_DICTIONARY,,,20260725T035002Z
cpe:2.3:a:gir1.2-freedesktop-dev:gir1.2-freedesktop-dev:1.84.0-1:*:*:*:*:*:*:*,1,NOT_IN_DICTIONARY,,,20260725T035002Z
cpe:2.3:a:gir1.2-freedesktop:gir1.2-freedesktop:1.74.0-3:*:*:*:*:*:*:*,1,NOT_IN_DICTIONARY,,,20260725T035002Z
cpe:2.3:a:gir1.2-freedesktop:gir1.2-freedesktop:1.84.0-1:*:*:*:*:*:*:*,1,NOT_IN_DICTIONARY,,,20260725T035002Z
cpe:2.3:a:gir1.2-gdkpixbuf-2.0:gir1.2-gdkpixbuf-2.0:2.42.10\+dfsg-1\+deb12u4:*:*:*:*:*:*:*,1,NOT_IN_DICTIONARY,,,20260725T035002Z
cpe:2.3:a:gir1.2-gdkpixbuf-2.0:gir1.2-gdkpixbuf-2.0:2.42.12\+dfsg-4\+deb13u1:*:*:*:*:*:*:*,1,NOT_IN_DICTIONARY,,,20260725T035002Z
cpe:2.3:a:gir1.2-glib-2.0-dev:gir1.2-glib-2.0-dev:2.84.4-3\~deb13u3:*:*:*:*:*:*:*,1,NOT_IN_DICTIONARY,,,20260725T035002Z
cpe:2.3:a:gir1.2-glib-2.0:gir1.2-glib-2.0:1.74.0-3:*:*:*:*:*:*:*,1,NOT_IN_DICTIONARY,,,20260725T035002Z
cpe:2.3:a:gir1.2-glib-2.0:gir1.2-glib-2.0:2.84.4-3\~deb13u3:*:*:*:*:*:*:*,1,NOT_IN_DICTIONARY,,,20260725T035002Z
cpe:2.3:a:gir1.2-harfbuzz-0.0:gir1.2-harfbuzz-0.0:10.2.0-1\+deb13u1:*:*:*:*:*:*:*,1,NOT_IN_DICTIONARY,,,20260725T035002Z
cpe:2.3:a:gir1.2-pango-1.0:gir1.2-pango-1.0:1.56.3-1:*:*:*:*:*:*:*,1,NOT_IN_DICTIONARY,,,20260725T035002Z
cpe:2.3:a:gir1.2-rsvg-2.0:gir1.2-rsvg-2.0:2.54.7\+dfsg-1\~deb12u1:*:*:*:*:*:*:*,1,NOT_IN_DICTIONARY,,,20260725T035002Z
cpe:2.3:a:gir1.2-rsvg-2.0:gir1.2-rsvg-2.0:2.60.0\+dfsg-1:*:*:*:*:*:*:*,1,NOT_IN_DICTIONARY,,,20260725T035002Z
cpe:2.3:a:girepository-tools:girepository-tools:2.84.4-3\~deb13u3:*:*:*:*:*:*:*,1,NOT_IN_DICTIONARY,,,20260725T035002Z
cpe:2.3:a:git-man:git-man:1\:2.39.5-0\+deb12u3:*:*:*:*:*:*:*,1,NOT_IN_DICTIONARY,,,20260725T035002Z
cpe:2.3:a:git-man:git-man:1\:2.47.3-0\+deb13u1:*:*:*:*:*:*:*,1,NOT_IN_DICTIONARY,,,20260725T035002Z
cpe:2.3:a:git:git:1\:2.39.5-0\+deb12u3:*:*:*:*:*:*:*,1,NOT_IN_DICTIONARY,,,20260725T035002Z
cpe:2.3:a:git:git:1\:2.47.3-0\+deb13u1:*:*:*:*:*:*:*,1,NOT_IN_DICTIONARY,,,20260725T035002Z
cpe:2.3:a:glibc-minimal-langpack:glibc-minimal-langpack:2.34-274.0.1.el9_8:*:*:*:*:*:*:*,1,NOT_IN_DICTIONARY,,,20260725T035002Z
cpe:2.3:a:gnu-coreutils:gnu-coreutils:9.7-3ubuntu2:*:*:*:*:*:*:*,1,NOT_IN_DICTIONARY,,,20260725T035002Z
cpe:2.3:a:gnupg-l10n:gnupg-l10n:2.2.40-1.1\+deb12u2:*:*:*:*:*:*:*,1,NOT_IN_DICTIONARY,,,20260725T035002Z
cpe:2.3:a:gnupg-l10n:gnupg-l10n:2.4.7-21\+deb13u1:*:*:*:*:*:*:*,2,NOT_IN_DICTIONARY,,,20260725T035002Z
cpe:2.3:a:gnupg-utils:gnupg-utils:2.2.40-1.1\+deb12u2:*:*:*:*:*:*:*,1,NOT_IN_DICTIONARY,,,20260725T035002Z
cpe:2.3:a:gnupg:gnupg:2.2.40-1.1\+deb12u2:*:*:*:*:*:*:*,1,NOT_IN_DICTIONARY,,,20260725T035002Z
cpe:2.3:a:gnupg:gnupg:2.4.7-21\+deb13u1:*:*:*:*:*:*:*,2,NOT_IN_DICTIONARY,,,20260725T035002Z
cpe:2.3:a:gobject-introspection:gobject-introspection:1.68.0-11.el9:*:*:*:*:*:*:*,1,NOT_IN_DICTIONARY,,,20260725T035002Z
cpe:2.3:a:golang:go:1.24.6:-:*:*:*:*:*:*,2,NOT_IN_DICTIONARY,,,20260725T035002Z
cpe:2.3:a:golang:go:1.26.4:-:*:*:*:*:*:*,1,NOT_IN_DICTIONARY,,,20260725T035002Z
cpe:2.3:a:golang:networking:v0.40.0:*:*:*:*:go:*:*,1,NOT_IN_DICTIONARY,,,20260725T035002Z
cpe:2.3:a:golang:x\/sys:v0.1.0:*:*:*:*:*:*:*,2,NOT_IN_DICTIONARY,,,20260725T035002Z
cpe:2.3:a:golang:x\/sys:v0.33.0:*:*:*:*:*:*:*,1,NOT_IN_DICTIONARY,,,20260725T035002Z
cpe:2.3:a:golang:x\/term:v0.32.0:*:*:*:*:*:*:*,1,NOT_IN_DICTIONARY,,,20260725T035002Z
cpe:2.3:a:gorilla:mux:v1.8.1:*:*:*:*:*:*:*,1,NOT_IN_DICTIONARY,,,20260725T035002Z
cpe:2.3:a:gorilla:websocket:v1.5.1:*:*:*:*:*:*:*,1,NOT_IN_DICTIONARY,,,20260725T035002Z
cpe:2.3:a:gpg-agent:gpg-agent:2.2.40-1.1\+deb12u2:*:*:*:*:*:*:*,1,NOT_IN_DICTIONARY,,,20260725T035002Z
cpe:2.3:a:gpg-agent:gpg-agent:2.4.7-21\+deb13u1\+b4:*:*:*:*:*:*:*,2,NOT_IN_DICTIONARY,,,20260725T035002Z
cpe:2.3:a:gpg-pubkey:gpg-pubkey:8b4efbe6-629ec292:*:*:*:*:*:*:*,1,NOT_IN_DICTIONARY,,,20260725T035002Z
cpe:2.3:a:gpg-pubkey:gpg-pubkey:8d8b756f-629e59ec:*:*:*:*:*:*:*,1,NOT_IN_DICTIONARY,,,20260725T035002Z
cpe:2.3:a:gpg-wks-client:gpg-wks-client:2.2.40-1.1\+deb12u2:*:*:*:*:*:*:*,1,NOT_IN_DICTIONARY,,,20260725T035002Z
cpe:2.3:a:gpg-wks-server:gpg-wks-server:2.2.40-1.1\+deb12u2:*:*:*:*:*:*:*,1,NOT_IN_DICTIONARY,,,20260725T035002Z
cpe:2.3:a:gpg:gpg:2.2.40-1.1\+deb12u2:*:*:*:*:*:*:*,1,NOT_IN_DICTIONARY,,,20260725T035002Z
cpe:2.3:a:gpg:gpg:2.4.7-21\+deb13u1\+b4:*:*:*:*:*:*:*,2,NOT_IN_DICTIONARY,,,20260725T035002Z
cpe:2.3:a:gpgconf:gpgconf:2.2.40-1.1\+deb12u2:*:*:*:*:*:*:*,1,NOT_IN_DICTIONARY,,,20260725T035002Z
cpe:2.3:a:gpgconf:gpgconf:2.4.7-21\+deb13u1\+b4:*:*:*:*:*:*:*,2,NOT_IN_DICTIONARY,,,20260725T035002Z
cpe:2.3:a:gpgsm:gpgsm:2.2.40-1.1\+deb12u2:*:*:*:*:*:*:*,1,NOT_IN_DICTIONARY,,,20260725T035002Z
cpe:2.3:a:gpgsm:gpgsm:2.4.7-21\+deb13u1\+b4:*:*:*:*:*:*:*,2,NOT_IN_DICTIONARY,,,20260725T035002Z
cpe:2.3:a:gpgv:gpgv:2.2.40-1.1\+deb12u2:*:*:*:*:*:*:*,1,NOT_IN_DICTIONARY,,,20260725T035002Z
cpe:2.3:a:gpgv:gpgv:2.4.8-4ubuntu3:*:*:*:*:*:*:*,1,NOT_IN_DICTIONARY,,,20260725T035002Z
cpe:2.3:a:graceful-fs:graceful-fs:4.2.11:*:*:*:*:*:*:*,1,NOT_IN_DICTIONARY,,,20260725T035002Z
cpe:2.3:a:grep:grep:3.11-4:*:*:*:*:*:*:*,5,NOT_IN_DICTIONARY,,,20260725T035002Z
cpe:2.3:a:grep:grep:3.12-1:*:*:*:*:*:*:*,1,NOT_IN_DICTIONARY,,,20260725T035002Z
cpe:2.3:a:grep:grep:3.8-5:*:*:*:*:*:*:*,1,NOT_IN_DICTIONARY,,,20260725T035002Z
cpe:2.3:a:gustavo_niemeyer_project:python-dateutil:2.9.0.post0:*:*:*:*:*:*:*,1,NOT_IN_DICTIONARY,,,20260725T035002Z
cpe:2.3:a:gzip:gzip:1.12-1:*:*:*:*:*:*:*,1,NOT_IN_DICTIONARY,,,20260725T035002Z
cpe:2.3:a:gzip:gzip:1.13-1:*:*:*:*:*:*:*,5,NOT_IN_DICTIONARY,,,20260725T035002Z
cpe:2.3:a:gzip:gzip:1.14-1\~exp2ubuntu1.1:*:*:*:*:*:*:*,1,NOT_IN_DICTIONARY,,,20260725T035002Z
cpe:2.3:a:heatwave-chat:heatwave-chat:1.0.1:*:*:*:*:*:*:*,1,NOT_IN_DICTIONARY,,,20260725T035002Z
cpe:2.3:a:hicolor-icon-theme:hicolor-icon-theme:0.17-2:*:*:*:*:*:*:*,1,NOT_IN_DICTIONARY,,,20260725T035002Z
cpe:2.3:a:hicolor-icon-theme:hicolor-icon-theme:0.18-2:*:*:*:*:*:*:*,1,NOT_IN_DICTIONARY,,,20260725T035002Z
cpe:2.3:a:hosted-git-info:hosted-git-info:9.0.3:*:*:*:*:*:*:*,1,NOT_IN_DICTIONARY,,,20260725T035002Z
cpe:2.3:a:hostname:hostname:3.23\+nmu1:*:*:*:*:*:*:*,1,NOT_IN_DICTIONARY,,,20260725T035002Z
cpe:2.3:a:hostname:hostname:3.25:*:*:*:*:*:*:*,5,NOT_IN_DICTIONARY,,,20260725T035002Z
cpe:2.3:a:hostname:hostname:3.25build1:*:*:*:*:*:*:*,1,NOT_IN_DICTIONARY,,,20260725T035002Z
cpe:2.3:a:http-cache-semantics_project:http-cache-semantics:4.2.0:*:*:*:*:node.js:*:*,1,NOT_IN_DICTIONARY,,,20260725T035002Z
cpe:2.3:a:http-proxy-agent:http-proxy-agent:7.0.2:*:*:*:*:*:*:*,1,NOT_IN_DICTIONARY,,,20260725T035002Z
cpe:2.3:a:https-proxy-agent_project:https-proxy-agent:7.0.6:*:*:*:*:node.js:*:*,1,NOT_IN_DICTIONARY,,,20260725T035002Z
cpe:2.3:a:iconv-lite:iconv-lite:0.7.2:*:*:*:*:*:*:*,1,NOT_IN_DICTIONARY,,,20260725T035002Z
cpe:2.3:a:icu-devtools:icu-devtools:72.1-3\+deb12u1:*:*:*:*:*:*:*,1,NOT_IN_DICTIONARY,,,20260725T035002Z
cpe:2.3:a:icu-devtools:icu-devtools:76.1-4:*:*:*:*:*:*:*,1,NOT_IN_DICTIONARY,,,20260725T035002Z
cpe:2.3:a:ignore-walk:ignore-walk:8.0.0:*:*:*:*:*:*:*,1,NOT_IN_DICTIONARY,,,20260725T035002Z
cpe:2.3:a:imagemagick-6-common:imagemagick-6-common:8\:6.9.11.60\+dfsg-1.6\+deb12u12:*:*:*:*:*:*:*,1,NOT_IN_DICTIONARY,,,20260725T035002Z
cpe:2.3:a:imagemagick-6.q16:imagemagick-6.q16:8\:6.9.11.60\+dfsg-1.6\+deb12u12:*:*:*:*:*:*:*,1,NOT_IN_DICTIONARY,,,20260725T035002Z
cpe:2.3:a:imagemagick-7-common:imagemagick-7-common:8\:7.1.1.43\+dfsg1-1\+deb13u11:*:*:*:*:*:*:*,1,NOT_IN_DICTIONARY,,,20260725T035002Z
cpe:2.3:a:imagemagick-7.q16:imagemagick-7.q16:8\:7.1.1.43\+dfsg1-1\+deb13u11:*:*:*:*:*:*:*,1,NOT_IN_DICTIONARY,,,20260725T035002Z
cpe:2.3:a:imagemagick:imagemagick:8\:6.9.11.60\+dfsg-1.6\+deb12u12:*:*:*:*:*:*:*,1,NOT_IN_DICTIONARY,,,20260725T035002Z
cpe:2.3:a:imagemagick:imagemagick:8\:7.1.1.43\+dfsg1-1\+deb13u11:*:*:*:*:*:*:*,1,NOT_IN_DICTIONARY,,,20260725T035002Z
cpe:2.3:a:ini_project:ini:6.0.0:*:*:*:*:node.js:*:*,1,NOT_IN_DICTIONARY,,,20260725T035002Z
cpe:2.3:a:init-package-json:init-package-json:8.2.5:*:*:*:*:*:*:*,1,NOT_IN_DICTIONARY,,,20260725T035002Z
cpe:2.3:a:init-system-helpers:init-system-helpers:1.65.2\+deb12u1:*:*:*:*:*:*:*,1,NOT_IN_DICTIONARY,,,20260725T035002Z
cpe:2.3:a:init-system-helpers:init-system-helpers:1.69:*:*:*:*:*:*:*,1,NOT_IN_DICTIONARY,,,20260725T035002Z
cpe:2.3:a:init-system-helpers:init-system-helpers:1.69\~deb13u1:*:*:*:*:*:*:*,5,NOT_IN_DICTIONARY,,,20260725T035002Z
cpe:2.3:a:is-cidr:is-cidr:6.0.4:*:*:*:*:*:*:*,1,NOT_IN_DICTIONARY,,,20260725T035002Z
cpe:2.3:a:isaacs:glob:13.0.6:*:*:*:*:node.js:*:*,1,NOT_IN_DICTIONARY,,,20260725T035002Z
cpe:2.3:a:isaacs:isexe:4.0.0:*:*:*:*:*:*:*,1,NOT_IN_DICTIONARY,,,20260725T035002Z
cpe:2.3:a:isaacs:lru-cache:11.5.1:*:*:*:*:node.js:*:*,1,NOT_IN_DICTIONARY,,,20260725T035002Z
cpe:2.3:a:jeff_forcier_\<jeff_project:python-paramiko:4.0.0:*:*:*:*:*:*:*,1,NOT_IN_DICTIONARY,,,20260725T035002Z
cpe:2.3:a:jeff_forcier_project:python-invoke:2.2.1:*:*:*:*:*:*:*,1,NOT_IN_DICTIONARY,,,20260725T035002Z
cpe:2.3:a:jonschlinkert:picomatch:4.0.4:*:*:*:*:node.js:*:*,1,OFFICIAL_ACTIVE,0faab362-bf60-4123-bc67-074103930f8e,False,20260725T035002Z
cpe:2.3:a:json-parse-even-better-errors:json-parse-even-better-errors:5.0.0:*:*:*:*:*:*:*,1,NOT_IN_DICTIONARY,,,20260725T035002Z
cpe:2.3:a:json-stringify-nice:json-stringify-nice:1.1.4:*:*:*:*:*:*:*,1,NOT_IN_DICTIONARY,,,20260725T035002Z
cpe:2.3:a:juliangruber:brace-expansion:5.0.6:*:*:*:*:node.js:*:*,1,OFFICIAL_ACTIVE,a4e5ed5b-1858-4c31-911c-40159ca977e6,False,20260725T035002Z
cpe:2.3:a:just-diff-apply:just-diff-apply:5.5.0:*:*:*:*:*:*:*,1,NOT_IN_DICTIONARY,,,20260725T035002Z
cpe:2.3:a:just-diff:just-diff:6.0.2:*:*:*:*:*:*:*,1,NOT_IN_DICTIONARY,,,20260725T035002Z
cpe:2.3:a:keyutils-libs:keyutils-libs:1.6.3-1.el9:*:*:*:*:*:*:*,1,NOT_IN_DICTIONARY,,,20260725T035002Z
cpe:2.3:a:kirill_simonov_project:python-pyyaml:6.0.2:*:*:*:*:*:*:*,1,NOT_IN_DICTIONARY,,,20260725T035002Z
cpe:2.3:a:kpdecker:jsdiff:8.0.4:*:*:*:*:node.js:*:*,1,NOT_IN_DICTIONARY,,,20260725T035002Z
cpe:2.3:a:krb5-multidev:krb5-multidev:1.20.1-2\+deb12u5:*:*:*:*:*:*:*,1,NOT_IN_DICTIONARY,,,20260725T035002Z
cpe:2.3:a:krb5-multidev:krb5-multidev:1.21.3-5\+deb13u1:*:*:*:*:*:*:*,1,NOT_IN_DICTIONARY,,,20260725T035002Z
cpe:2.3:a:less:less:668-1:*:*:*:*:*:*:*,1,NOT_IN_DICTIONARY,,,20260725T035002Z
cpe:2.3:a:libabsl20240722:libabsl20240722:20240722.0-4:*:*:*:*:*:*:*,1,NOT_IN_DICTIONARY,,,20260725T035002Z
cpe:2.3:a:libacl1:libacl1:2.3.1-3:*:*:*:*:*:*:*,1,NOT_IN_DICTIONARY,,,20260725T035002Z
cpe:2.3:a:libacl1:libacl1:2.3.2-2:*:*:*:*:*:*:*,1,NOT_IN_DICTIONARY,,,20260725T035002Z
cpe:2.3:a:libacl1:libacl1:2.3.2-2\+b1:*:*:*:*:*:*:*,5,NOT_IN_DICTIONARY,,,20260725T035002Z
cpe:2.3:a:libaom3:libaom3:3.12.1-1:*:*:*:*:*:*:*,1,NOT_IN_DICTIONARY,,,20260725T035002Z
cpe:2.3:a:libaom3:libaom3:3.6.0-1\+deb12u2:*:*:*:*:*:*:*,1,NOT_IN_DICTIONARY,,,20260725T035002Z
cpe:2.3:a:libapk:libapk:3.0.6-r0:*:*:*:*:*:*:*,1,NOT_IN_DICTIONARY,,,20260725T035002Z
cpe:2.3:a:libapr1:libapr1:1.7.2-3\+deb12u1:*:*:*:*:*:*:*,1,NOT_IN_DICTIONARY,,,20260725T035002Z
cpe:2.3:a:libapr1t64:libapr1t64:1.7.5-1:*:*:*:*:*:*:*,1,NOT_IN_DICTIONARY,,,20260725T035002Z
cpe:2.3:a:libaprutil1:libaprutil1:1.6.3-1:*:*:*:*:*:*:*,1,NOT_IN_DICTIONARY,,,20260725T035002Z
cpe:2.3:a:libaprutil1t64:libaprutil1t64:1.6.3-3\+b1:*:*:*:*:*:*:*,1,NOT_IN_DICTIONARY,,,20260725T035002Z
cpe:2.3:a:libapt-pkg6.0:libapt-pkg6.0:2.6.1:*:*:*:*:*:*:*,1,NOT_IN_DICTIONARY,,,20260725T035002Z
cpe:2.3:a:libapt-pkg7.0:libapt-pkg7.0:3.0.3:*:*:*:*:*:*:*,5,NOT_IN_DICTIONARY,,,20260725T035002Z
cpe:2.3:a:libapt-pkg7.0:libapt-pkg7.0:3.2.0:*:*:*:*:*:*:*,1,NOT_IN_DICTIONARY,,,20260725T035002Z
cpe:2.3:a:libasan8:libasan8:12.2.0-14\+deb12u1:*:*:*:*:*:*:*,1,NOT_IN_DICTIONARY,,,20260725T035002Z
cpe:2.3:a:libasan8:libasan8:14.2.0-19:*:*:*:*:*:*:*,1,NOT_IN_DICTIONARY,,,20260725T035002Z
cpe:2.3:a:libassuan0:libassuan0:2.5.5-5:*:*:*:*:*:*:*,1,NOT_IN_DICTIONARY,,,20260725T035002Z
cpe:2.3:a:libassuan9:libassuan9:3.0.2-2:*:*:*:*:*:*:*,2,NOT_IN_DICTIONARY,,,20260725T035002Z
cpe:2.3:a:libatomic1:libatomic1:12.2.0-14\+deb12u1:*:*:*:*:*:*:*,1,NOT_IN_DICTIONARY,,,20260725T035002Z
cpe:2.3:a:libatomic1:libatomic1:14.2.0-19:*:*:*:*:*:*:*,1,NOT_IN_DICTIONARY,,,20260725T035002Z
cpe:2.3:a:libattr1:libattr1:1\:2.5.1-4:*:*:*:*:*:*:*,1,NOT_IN_DICTIONARY,,,20260725T035002Z
cpe:2.3:a:libattr1:libattr1:1\:2.5.2-3:*:*:*:*:*:*:*,5,NOT_IN_DICTIONARY,,,20260725T035002Z
cpe:2.3:a:libattr1:libattr1:1\:2.5.2-4:*:*:*:*:*:*:*,1,NOT_IN_DICTIONARY,,,20260725T035002Z
cpe:2.3:a:libaudit-common:libaudit-common:1\:3.0.9-1:*:*:*:*:*:*:*,1,NOT_IN_DICTIONARY,,,20260725T035002Z
cpe:2.3:a:libaudit-common:libaudit-common:1\:4.0.2-2:*:*:*:*:*:*:*,5,NOT_IN_DICTIONARY,,,20260725T035002Z
cpe:2.3:a:libaudit-common:libaudit-common:1\:4.1.2-1build1:*:*:*:*:*:*:*,1,NOT_IN_DICTIONARY,,,20260725T035002Z
cpe:2.3:a:libaudit1:libaudit1:1\:3.0.9-1:*:*:*:*:*:*:*,1,NOT_IN_DICTIONARY,,,20260725T035002Z
cpe:2.3:a:libaudit1:libaudit1:1\:4.0.2-2\+b2:*:*:*:*:*:*:*,5,NOT_IN_DICTIONARY,,,20260725T035002Z
cpe:2.3:a:libaudit1:libaudit1:1\:4.1.2-1build1:*:*:*:*:*:*:*,1,NOT_IN_DICTIONARY,,,20260725T035002Z
cpe:2.3:a:libavif16:libavif16:1.2.1-1.2:*:*:*:*:*:*:*,1,NOT_IN_DICTIONARY,,,20260725T035002Z
cpe:2.3:a:libbinutils:libbinutils:2.40-2:*:*:*:*:*:*:*,1,NOT_IN_DICTIONARY,,,20260725T035002Z
cpe:2.3:a:libbinutils:libbinutils:2.44-3:*:*:*:*:*:*:*,1,NOT_IN_DICTIONARY,,,20260725T035002Z
cpe:2.3:a:libblkid-dev:libblkid-dev:2.38.1-5\+deb12u3:*:*:*:*:*:*:*,1,NOT_IN_DICTIONARY,,,20260725T035002Z
cpe:2.3:a:libblkid-dev:libblkid-dev:2.41-5:*:*:*:*:*:*:*,1,NOT_IN_DICTIONARY,,,20260725T035002Z
cpe:2.3:a:libblkid1:libblkid1:2.38.1-5\+deb12u3:*:*:*:*:*:*:*,1,NOT_IN_DICTIONARY,,,20260725T035002Z
cpe:2.3:a:libblkid1:libblkid1:2.41-5:*:*:*:*:*:*:*,5,NOT_IN_DICTIONARY,,,20260725T035002Z
cpe:2.3:a:libblkid1:libblkid1:2.41.3-3ubuntu2:*:*:*:*:*:*:*,1,NOT_IN_DICTIONARY,,,20260725T035002Z
cpe:2.3:a:libbluetooth-dev:libbluetooth-dev:5.82-1.1:*:*:*:*:*:*:*,1,NOT_IN_DICTIONARY,,,20260725T035002Z
cpe:2.3:a:libbluetooth3:libbluetooth3:5.82-1.1:*:*:*:*:*:*:*,1,NOT_IN_DICTIONARY,,,20260725T035002Z
cpe:2.3:a:libbrotli-dev:libbrotli-dev:1.0.9-2\+b6:*:*:*:*:*:*:*,1,NOT_IN_DICTIONARY,,,20260725T035002Z
cpe:2.3:a:libbrotli-dev:libbrotli-dev:1.1.0-2\+b7:*:*:*:*:*:*:*,1,NOT_IN_DICTIONARY,,,20260725T035002Z
cpe:2.3:a:libbrotli1:libbrotli1:1.0.9-2\+b6:*:*:*:*:*:*:*,1,NOT_IN_DICTIONARY,,,20260725T035002Z
cpe:2.3:a:libbrotli1:libbrotli1:1.1.0-2\+b7:*:*:*:*:*:*:*,2,NOT_IN_DICTIONARY,,,20260725T035002Z
cpe:2.3:a:libbsd0:libbsd0:0.11.7-2:*:*:*:*:*:*:*,1,NOT_IN_DICTIONARY,,,20260725T035002Z
cpe:2.3:a:libbsd0:libbsd0:0.12.2-2:*:*:*:*:*:*:*,5,NOT_IN_DICTIONARY,,,20260725T035002Z
cpe:2.3:a:libbsd0:libbsd0:0.12.2-2build2:*:*:*:*:*:*:*,1,NOT_IN_DICTIONARY,,,20260725T035002Z
cpe:2.3:a:libbz2-1.0:libbz2-1.0:1.0.8-5\+b1:*:*:*:*:*:*:*,1,NOT_IN_DICTIONARY,,,20260725T035002Z
cpe:2.3:a:libbz2-1.0:libbz2-1.0:1.0.8-6:*:*:*:*:*:*:*,5,NOT_IN_DICTIONARY,,,20260725T035002Z
cpe:2.3:a:libbz2-1.0:libbz2-1.0:1.0.8-6build2:*:*:*:*:*:*:*,1,NOT_IN_DICTIONARY,,,20260725T035002Z
cpe:2.3:a:libbz2-dev:libbz2-dev:1.0.8-5\+b1:*:*:*:*:*:*:*,1,NOT_IN_DICTIONARY,,,20260725T035002Z
cpe:2.3:a:libbz2-dev:libbz2-dev:1.0.8-6:*:*:*:*:*:*:*,1,NOT_IN_DICTIONARY,,,20260725T035002Z
cpe:2.3:a:libc-bin:libc-bin:2.36-9\+deb12u14:*:*:*:*:*:*:*,1,NOT_IN_DICTIONARY,,,20260725T035002Z
cpe:2.3:a:libc-bin:libc-bin:2.41-12\+deb13u3:*:*:*:*:*:*:*,5,NOT_IN_DICTIONARY,,,20260725T035002Z
cpe:2.3:a:libc-bin:libc-bin:2.43-2ubuntu2:*:*:*:*:*:*:*,1,NOT_IN_DICTIONARY,,,20260725T035002Z
cpe:2.3:a:libc-dev-bin:libc-dev-bin:2.36-9\+deb12u14:*:*:*:*:*:*:*,1,NOT_IN_DICTIONARY,,,20260725T035002Z
cpe:2.3:a:libc-dev-bin:libc-dev-bin:2.41-12\+deb13u3:*:*:*:*:*:*:*,1,NOT_IN_DICTIONARY,,,20260725T035002Z
cpe:2.3:a:libc-gconv-modules-extra:libc-gconv-modules-extra:2.43-2ubuntu2:*:*:*:*:*:*:*,1,NOT_IN_DICTIONARY,,,20260725T035002Z
cpe:2.3:a:libc-l10n:libc-l10n:2.41-12\+deb13u3:*:*:*:*:*:*:*,1,NOT_IN_DICTIONARY,,,20260725T035002Z
cpe:2.3:a:libc6-dev:libc6-dev:2.36-9\+deb12u14:*:*:*:*:*:*:*,1,NOT_IN_DICTIONARY,,,20260725T035002Z
cpe:2.3:a:libc6-dev:libc6-dev:2.41-12\+deb13u3:*:*:*:*:*:*:*,1,NOT_IN_DICTIONARY,,,20260725T035002Z
cpe:2.3:a:libc6:libc6:2.36-9\+deb12u14:*:*:*:*:*:*:*,1,NOT_IN_DICTIONARY,,,20260725T035002Z
cpe:2.3:a:libc6:libc6:2.41-12\+deb13u3:*:*:*:*:*:*:*,5,NOT_IN_DICTIONARY,,,20260725T035002Z
cpe:2.3:a:libc6:libc6:2.43-2ubuntu2:*:*:*:*:*:*:*,1,NOT_IN_DICTIONARY,,,20260725T035002Z
cpe:2.3:a:libcairo-gobject2:libcairo-gobject2:1.16.0-7:*:*:*:*:*:*:*,1,NOT_IN_DICTIONARY,,,20260725T035002Z
cpe:2.3:a:libcairo-gobject2:libcairo-gobject2:1.18.4-1\+b1:*:*:*:*:*:*:*,1,NOT_IN_DICTIONARY,,,20260725T035002Z
cpe:2.3:a:libcairo-script-interpreter2:libcairo-script-interpreter2:1.16.0-7:*:*:*:*:*:*:*,1,NOT_IN_DICTIONARY,,,20260725T035002Z
cpe:2.3:a:libcairo-script-interpreter2:libcairo-script-interpreter2:1.18.4-1\+b1:*:*:*:*:*:*:*,1,NOT_IN_DICTIONARY,,,20260725T035002Z
cpe:2.3:a:libcairo2-dev:libcairo2-dev:1.16.0-7:*:*:*:*:*:*:*,1,NOT_IN_DICTIONARY,,,20260725T035002Z
cpe:2.3:a:libcairo2-dev:libcairo2-dev:1.18.4-1\+b1:*:*:*:*:*:*:*,1,NOT_IN_DICTIONARY,,,20260725T035002Z
cpe:2.3:a:libcairo2:libcairo2:1.16.0-7:*:*:*:*:*:*:*,1,NOT_IN_DICTIONARY,,,20260725T035002Z
cpe:2.3:a:libcairo2:libcairo2:1.18.4-1\+b1:*:*:*:*:*:*:*,1,NOT_IN_DICTIONARY,,,20260725T035002Z
cpe:2.3:a:libcap-ng0:libcap-ng0:0.8.3-1\+b3:*:*:*:*:*:*:*,1,NOT_IN_DICTIONARY,,,20260725T035002Z
cpe:2.3:a:libcap-ng0:libcap-ng0:0.8.5-4\+b1:*:*:*:*:*:*:*,5,NOT_IN_DICTIONARY,,,20260725T035002Z
cpe:2.3:a:libcap-ng0:libcap-ng0:0.8.5-4build5:*:*:*:*:*:*:*,1,NOT_IN_DICTIONARY,,,20260725T035002Z
cpe:2.3:a:libcap2:libcap2:1\:2.66-4\+deb12u3\+b1:*:*:*:*:*:*:*,1,NOT_IN_DICTIONARY,,,20260725T035002Z
cpe:2.3:a:libcap2:libcap2:1\:2.75-10\+deb13u1\+b1:*:*:*:*:*:*:*,5,NOT_IN_DICTIONARY,,,20260725T035002Z
cpe:2.3:a:libcbor0.10:libcbor0.10:0.10.2-2:*:*:*:*:*:*:*,1,NOT_IN_DICTIONARY,,,20260725T035002Z
cpe:2.3:a:libcbor0.8:libcbor0.8:0.8.0-2\+b1:*:*:*:*:*:*:*,1,NOT_IN_DICTIONARY,,,20260725T035002Z
cpe:2.3:a:libcc1-0:libcc1-0:12.2.0-14\+deb12u1:*:*:*:*:*:*:*,1,NOT_IN_DICTIONARY,,,20260725T035002Z
cpe:2.3:a:libcc1-0:libcc1-0:14.2.0-19:*:*:*:*:*:*:*,1,NOT_IN_DICTIONARY,,,20260725T035002Z
cpe:2.3:a:libcom-err2:libcom-err2:1.47.0-2\+b2:*:*:*:*:*:*:*,1,NOT_IN_DICTIONARY,,,20260725T035002Z
cpe:2.3:a:libcom-err2:libcom-err2:1.47.2-3\+b11:*:*:*:*:*:*:*,3,NOT_IN_DICTIONARY,,,20260725T035002Z
cpe:2.3:a:libcom-err2:libcom-err2:1.47.2-3ubuntu4:*:*:*:*:*:*:*,1,NOT_IN_DICTIONARY,,,20260725T035002Z
cpe:2.3:a:libcrypt-dev:libcrypt-dev:1\:4.4.33-2:*:*:*:*:*:*:*,1,NOT_IN_DICTIONARY,,,20260725T035002Z
cpe:2.3:a:libcrypt-dev:libcrypt-dev:1\:4.4.38-1:*:*:*:*:*:*:*,1,NOT_IN_DICTIONARY,,,20260725T035002Z
cpe:2.3:a:libcrypt1:libcrypt1:1\:4.4.33-2:*:*:*:*:*:*:*,1,NOT_IN_DICTIONARY,,,20260725T035002Z
cpe:2.3:a:libcrypt1:libcrypt1:1\:4.4.38-1:*:*:*:*:*:*:*,5,NOT_IN_DICTIONARY,,,20260725T035002Z
cpe:2.3:a:libcrypt1:libcrypt1:1\:4.5.1-1:*:*:*:*:*:*:*,1,NOT_IN_DICTIONARY,,,20260725T035002Z
cpe:2.3:a:libcrypto3:libcrypto3:3.5.7-r0:*:*:*:*:*:*:*,1,NOT_IN_DICTIONARY,,,20260725T035002Z
cpe:2.3:a:libctf-nobfd0:libctf-nobfd0:2.40-2:*:*:*:*:*:*:*,1,NOT_IN_DICTIONARY,,,20260725T035002Z
cpe:2.3:a:libctf-nobfd0:libctf-nobfd0:2.44-3:*:*:*:*:*:*:*,1,NOT_IN_DICTIONARY,,,20260725T035002Z
cpe:2.3:a:libctf0:libctf0:2.40-2:*:*:*:*:*:*:*,1,NOT_IN_DICTIONARY,,,20260725T035002Z
cpe:2.3:a:libctf0:libctf0:2.44-3:*:*:*:*:*:*:*,1,NOT_IN_DICTIONARY,,,20260725T035002Z
cpe:2.3:a:libcurl3-gnutls:libcurl3-gnutls:7.88.1-10\+deb12u15:*:*:*:*:*:*:*,1,NOT_IN_DICTIONARY,,,20260725T035002Z
cpe:2.3:a:libcurl3t64-gnutls:libcurl3t64-gnutls:8.14.1-2\+deb13u4:*:*:*:*:*:*:*,1,NOT_IN_DICTIONARY,,,20260725T035002Z
cpe:2.3:a:libcurl4-openssl-dev:libcurl4-openssl-dev:7.88.1-10\+deb12u15:*:*:*:*:*:*:*,1,NOT_IN_DICTIONARY,,,20260725T035002Z
cpe:2.3:a:libcurl4-openssl-dev:libcurl4-openssl-dev:8.14.1-2\+deb13u4:*:*:*:*:*:*:*,1,NOT_IN_DICTIONARY,,,20260725T035002Z
cpe:2.3:a:libcurl4:libcurl4:7.88.1-10\+deb12u15:*:*:*:*:*:*:*,1,NOT_IN_DICTIONARY,,,20260725T035002Z
cpe:2.3:a:libcurl4t64:libcurl4t64:8.14.1-2\+deb13u4:*:*:*:*:*:*:*,2,NOT_IN_DICTIONARY,,,20260725T035002Z
cpe:2.3:a:libdatrie-dev:libdatrie-dev:0.2.13-3\+b1:*:*:*:*:*:*:*,1,NOT_IN_DICTIONARY,,,20260725T035002Z
cpe:2.3:a:libdatrie1:libdatrie1:0.2.13-2\+b1:*:*:*:*:*:*:*,1,NOT_IN_DICTIONARY,,,20260725T035002Z
cpe:2.3:a:libdatrie1:libdatrie1:0.2.13-3\+b1:*:*:*:*:*:*:*,1,NOT_IN_DICTIONARY,,,20260725T035002Z
cpe:2.3:a:libdav1d-dev:libdav1d-dev:1.5.1-1:*:*:*:*:*:*:*,1,NOT_IN_DICTIONARY,,,20260725T035002Z
cpe:2.3:a:libdav1d6:libdav1d6:1.0.0-2\+deb12u1:*:*:*:*:*:*:*,1,NOT_IN_DICTIONARY,,,20260725T035002Z
cpe:2.3:a:libdav1d7:libdav1d7:1.5.1-1:*:*:*:*:*:*:*,2,NOT_IN_DICTIONARY,,,20260725T035002Z
cpe:2.3:a:libdb-dev:libdb-dev:5.3.2:*:*:*:*:*:*:*,1,NOT_IN_DICTIONARY,,,20260725T035002Z
cpe:2.3:a:libdb-dev:libdb-dev:5.3.4:*:*:*:*:*:*:*,1,NOT_IN_DICTIONARY,,,20260725T035002Z
cpe:2.3:a:libdb5.3-dev:libdb5.3-dev:5.3.28\+dfsg2-1:*:*:*:*:*:*:*,1,NOT_IN_DICTIONARY,,,20260725T035002Z
cpe:2.3:a:libdb5.3-dev:libdb5.3-dev:5.3.28\+dfsg2-9:*:*:*:*:*:*:*,1,NOT_IN_DICTIONARY,,,20260725T035002Z
cpe:2.3:a:libdb5.3:libdb5.3:5.3.28\+dfsg2-1:*:*:*:*:*:*:*,1,NOT_IN_DICTIONARY,,,20260725T035002Z
cpe:2.3:a:libdb5.3t64:libdb5.3t64:5.3.28\+dfsg2-10ubuntu1:*:*:*:*:*:*:*,1,NOT_IN_DICTIONARY,,,20260725T035002Z
cpe:2.3:a:libdb5.3t64:libdb5.3t64:5.3.28\+dfsg2-9:*:*:*:*:*:*:*,5,NOT_IN_DICTIONARY,,,20260725T035002Z
cpe:2.3:a:libde265-0:libde265-0:1.0.11-1\+deb12u2:*:*:*:*:*:*:*,1,NOT_IN_DICTIONARY,,,20260725T035002Z
cpe:2.3:a:libde265-0:libde265-0:1.0.15-1\+b3:*:*:*:*:*:*:*,2,NOT_IN_DICTIONARY,,,20260725T035002Z
cpe:2.3:a:libdebconfclient0:libdebconfclient0:0.270:*:*:*:*:*:*:*,1,NOT_IN_DICTIONARY,,,20260725T035002Z
cpe:2.3:a:libdebconfclient0:libdebconfclient0:0.280:*:*:*:*:*:*:*,5,NOT_IN_DICTIONARY,,,20260725T035002Z
cpe:2.3:a:libdebconfclient0:libdebconfclient0:0.280ubuntu1:*:*:*:*:*:*:*,1,NOT_IN_DICTIONARY,,,20260725T035002Z
cpe:2.3:a:libdeflate-dev:libdeflate-dev:1.14-1:*:*:*:*:*:*:*,1,NOT_IN_DICTIONARY,,,20260725T035002Z
cpe:2.3:a:libdeflate-dev:libdeflate-dev:1.23-2:*:*:*:*:*:*:*,1,NOT_IN_DICTIONARY,,,20260725T035002Z
cpe:2.3:a:libdeflate0:libdeflate0:1.14-1:*:*:*:*:*:*:*,1,NOT_IN_DICTIONARY,,,20260725T035002Z
cpe:2.3:a:libdeflate0:libdeflate0:1.23-2:*:*:*:*:*:*:*,2,NOT_IN_DICTIONARY,,,20260725T035002Z
cpe:2.3:a:libdjvulibre-dev:libdjvulibre-dev:3.5.28-2.2:*:*:*:*:*:*:*,1,NOT_IN_DICTIONARY,,,20260725T035002Z
cpe:2.3:a:libdjvulibre-dev:libdjvulibre-dev:3.5.28-2.2\~deb12u1:*:*:*:*:*:*:*,1,NOT_IN_DICTIONARY,,,20260725T035002Z
cpe:2.3:a:libdjvulibre-text:libdjvulibre-text:3.5.28-2.2:*:*:*:*:*:*:*,1,NOT_IN_DICTIONARY,,,20260725T035002Z
cpe:2.3:a:libdjvulibre-text:libdjvulibre-text:3.5.28-2.2\~deb12u1:*:*:*:*:*:*:*,1,NOT_IN_DICTIONARY,,,20260725T035002Z
cpe:2.3:a:libdjvulibre21:libdjvulibre21:3.5.28-2.2:*:*:*:*:*:*:*,1,NOT_IN_DICTIONARY,,,20260725T035002Z
cpe:2.3:a:libdjvulibre21:libdjvulibre21:3.5.28-2.2\~deb12u1:*:*:*:*:*:*:*,1,NOT_IN_DICTIONARY,,,20260725T035002Z
cpe:2.3:a:libdpkg-perl:libdpkg-perl:1.21.23:*:*:*:*:*:*:*,1,NOT_IN_DICTIONARY,,,20260725T035002Z
cpe:2.3:a:libdpkg-perl:libdpkg-perl:1.22.22:*:*:*:*:*:*:*,1,NOT_IN_DICTIONARY,,,20260725T035002Z
cpe:2.3:a:libedit2:libedit2:3.1-20221030-2:*:*:*:*:*:*:*,1,NOT_IN_DICTIONARY,,,20260725T035002Z
cpe:2.3:a:libedit2:libedit2:3.1-20250104-1:*:*:*:*:*:*:*,3,NOT_IN_DICTIONARY,,,20260725T035002Z
cpe:2.3:a:libelf1:libelf1:0.188-2.1:*:*:*:*:*:*:*,1,NOT_IN_DICTIONARY,,,20260725T035002Z
cpe:2.3:a:libelf1t64:libelf1t64:0.192-4:*:*:*:*:*:*:*,1,NOT_IN_DICTIONARY,,,20260725T035002Z
cpe:2.3:a:liberror-perl:liberror-perl:0.17029-2:*:*:*:*:*:*:*,1,NOT_IN_DICTIONARY,,,20260725T035002Z
cpe:2.3:a:liberror-perl:liberror-perl:0.17030-1:*:*:*:*:*:*:*,1,NOT_IN_DICTIONARY,,,20260725T035002Z
cpe:2.3:a:libevent-2.1-7:libevent-2.1-7:2.1.12-stable-8:*:*:*:*:*:*:*,1,NOT_IN_DICTIONARY,,,20260725T035002Z
cpe:2.3:a:libevent-2.1-7t64:libevent-2.1-7t64:2.1.12-stable-10\+b1:*:*:*:*:*:*:*,2,NOT_IN_DICTIONARY,,,20260725T035002Z
cpe:2.3:a:libevent-core-2.1-7:libevent-core-2.1-7:2.1.12-stable-8:*:*:*:*:*:*:*,1,NOT_IN_DICTIONARY,,,20260725T035002Z
cpe:2.3:a:libevent-core-2.1-7t64:libevent-core-2.1-7t64:2.1.12-stable-10\+b1:*:*:*:*:*:*:*,1,NOT_IN_DICTIONARY,,,20260725T035002Z
cpe:2.3:a:libevent-dev:libevent-dev:2.1.12-stable-10\+b1:*:*:*:*:*:*:*,1,NOT_IN_DICTIONARY,,,20260725T035002Z
cpe:2.3:a:libevent-dev:libevent-dev:2.1.12-stable-8:*:*:*:*:*:*:*,1,NOT_IN_DICTIONARY,,,20260725T035002Z
cpe:2.3:a:libevent-extra-2.1-7:libevent-extra-2.1-7:2.1.12-stable-8:*:*:*:*:*:*:*,1,NOT_IN_DICTIONARY,,,20260725T035002Z
cpe:2.3:a:libevent-extra-2.1-7t64:libevent-extra-2.1-7t64:2.1.12-stable-10\+b1:*:*:*:*:*:*:*,1,NOT_IN_DICTIONARY,,,20260725T035002Z
cpe:2.3:a:libevent-openssl-2.1-7:libevent-openssl-2.1-7:2.1.12-stable-8:*:*:*:*:*:*:*,1,NOT_IN_DICTIONARY,,,20260725T035002Z
cpe:2.3:a:libevent-openssl-2.1-7t64:libevent-openssl-2.1-7t64:2.1.12-stable-10\+b1:*:*:*:*:*:*:*,1,NOT_IN_DICTIONARY,,,20260725T035002Z
cpe:2.3:a:libevent-pthreads-2.1-7:libevent-pthreads-2.1-7:2.1.12-stable-8:*:*:*:*:*:*:*,1,NOT_IN_DICTIONARY,,,20260725T035002Z
cpe:2.3:a:libevent-pthreads-2.1-7t64:libevent-pthreads-2.1-7t64:2.1.12-stable-10\+b1:*:*:*:*:*:*:*,1,NOT_IN_DICTIONARY,,,20260725T035002Z
cpe:2.3:a:libexif-dev:libexif-dev:0.6.24-1\+deb12u1:*:*:*:*:*:*:*,1,NOT_IN_DICTIONARY,,,20260725T035002Z
cpe:2.3:a:libexif-dev:libexif-dev:0.6.25-1\+deb13u1:*:*:*:*:*:*:*,1,NOT_IN_DICTIONARY,,,20260725T035002Z
cpe:2.3:a:libexif12:libexif12:0.6.24-1\+deb12u1:*:*:*:*:*:*:*,1,NOT_IN_DICTIONARY,,,20260725T035002Z
cpe:2.3:a:libexif12:libexif12:0.6.25-1\+deb13u1:*:*:*:*:*:*:*,1,NOT_IN_DICTIONARY,,,20260725T035002Z
cpe:2.3:a:libexpat1-dev:libexpat1-dev:2.5.0-1\+deb12u2:*:*:*:*:*:*:*,1,NOT_IN_DICTIONARY,,,20260725T035002Z
cpe:2.3:a:libexpat1-dev:libexpat1-dev:2.7.1-2:*:*:*:*:*:*:*,1,NOT_IN_DICTIONARY,,,20260725T035002Z
cpe:2.3:a:libexpat1:libexpat1:2.5.0-1\+deb12u2:*:*:*:*:*:*:*,1,NOT_IN_DICTIONARY,,,20260725T035002Z
cpe:2.3:a:libexpat1:libexpat1:2.7.1-2:*:*:*:*:*:*:*,2,NOT_IN_DICTIONARY,,,20260725T035002Z
cpe:2.3:a:libext2fs2:libext2fs2:1.47.0-2\+b2:*:*:*:*:*:*:*,1,NOT_IN_DICTIONARY,,,20260725T035002Z
cpe:2.3:a:libext2fs2t64:libext2fs2t64:1.47.2-3ubuntu4:*:*:*:*:*:*:*,1,NOT_IN_DICTIONARY,,,20260725T035002Z
cpe:2.3:a:libffi-dev:libffi-dev:3.4.4-1:*:*:*:*:*:*:*,1,NOT_IN_DICTIONARY,,,20260725T035002Z
cpe:2.3:a:libffi-dev:libffi-dev:3.4.8-2:*:*:*:*:*:*:*,1,NOT_IN_DICTIONARY,,,20260725T035002Z
cpe:2.3:a:libffi8:libffi8:3.4.4-1:*:*:*:*:*:*:*,1,NOT_IN_DICTIONARY,,,20260725T035002Z
cpe:2.3:a:libffi8:libffi8:3.4.8-2:*:*:*:*:*:*:*,3,NOT_IN_DICTIONARY,,,20260725T035002Z
cpe:2.3:a:libfftw3-bin:libfftw3-bin:3.3.10-2\+b1:*:*:*:*:*:*:*,1,NOT_IN_DICTIONARY,,,20260725T035002Z
cpe:2.3:a:libfftw3-dev:libfftw3-dev:3.3.10-2\+b1:*:*:*:*:*:*:*,1,NOT_IN_DICTIONARY,,,20260725T035002Z
cpe:2.3:a:libfftw3-double3:libfftw3-double3:3.3.10-1:*:*:*:*:*:*:*,1,NOT_IN_DICTIONARY,,,20260725T035002Z
cpe:2.3:a:libfftw3-double3:libfftw3-double3:3.3.10-2\+b1:*:*:*:*:*:*:*,1,NOT_IN_DICTIONARY,,,20260725T035002Z
cpe:2.3:a:libfftw3-long3:libfftw3-long3:3.3.10-2\+b1:*:*:*:*:*:*:*,1,NOT_IN_DICTIONARY,,,20260725T035002Z
cpe:2.3:a:libfftw3-quad3:libfftw3-quad3:3.3.10-2\+b1:*:*:*:*:*:*:*,1,NOT_IN_DICTIONARY,,,20260725T035002Z
cpe:2.3:a:libfftw3-single3:libfftw3-single3:3.3.10-2\+b1:*:*:*:*:*:*:*,1,NOT_IN_DICTIONARY,,,20260725T035002Z
cpe:2.3:a:libfido2-1:libfido2-1:1.12.0-2\+b1:*:*:*:*:*:*:*,1,NOT_IN_DICTIONARY,,,20260725T035002Z
cpe:2.3:a:libfido2-1:libfido2-1:1.15.0-1\+b1:*:*:*:*:*:*:*,1,NOT_IN_DICTIONARY,,,20260725T035002Z
cpe:2.3:a:libfontconfig-dev:libfontconfig-dev:2.14.1-4:*:*:*:*:*:*:*,1,NOT_IN_DICTIONARY,,,20260725T035002Z
cpe:2.3:a:libfontconfig-dev:libfontconfig-dev:2.15.0-2.3:*:*:*:*:*:*:*,1,NOT_IN_DICTIONARY,,,20260725T035002Z
cpe:2.3:a:libfontconfig1:libfontconfig1:2.14.1-4:*:*:*:*:*:*:*,1,NOT_IN_DICTIONARY,,,20260725T035002Z
cpe:2.3:a:libfontconfig1:libfontconfig1:2.15.0-2.3:*:*:*:*:*:*:*,2,NOT_IN_DICTIONARY,,,20260725T035002Z
cpe:2.3:a:libfreetype-dev:libfreetype-dev:2.12.1\+dfsg-5\+deb12u4:*:*:*:*:*:*:*,1,NOT_IN_DICTIONARY,,,20260725T035002Z
cpe:2.3:a:libfreetype-dev:libfreetype-dev:2.13.3\+dfsg-1\+deb13u1:*:*:*:*:*:*:*,1,NOT_IN_DICTIONARY,,,20260725T035002Z
cpe:2.3:a:libfreetype6-dev:libfreetype6-dev:2.12.1\+dfsg-5\+deb12u4:*:*:*:*:*:*:*,1,NOT_IN_DICTIONARY,,,20260725T035002Z
cpe:2.3:a:libfreetype6:libfreetype6:2.12.1\+dfsg-5\+deb12u4:*:*:*:*:*:*:*,1,NOT_IN_DICTIONARY,,,20260725T035002Z
cpe:2.3:a:libfreetype6:libfreetype6:2.13.3\+dfsg-1\+deb13u1:*:*:*:*:*:*:*,2,NOT_IN_DICTIONARY,,,20260725T035002Z
cpe:2.3:a:libfribidi-dev:libfribidi-dev:1.0.16-1:*:*:*:*:*:*:*,1,NOT_IN_DICTIONARY,,,20260725T035002Z
cpe:2.3:a:libfribidi0:libfribidi0:1.0.16-1:*:*:*:*:*:*:*,1,NOT_IN_DICTIONARY,,,20260725T035002Z
cpe:2.3:a:libfribidi0:libfribidi0:1.0.8-2.1:*:*:*:*:*:*:*,1,NOT_IN_DICTIONARY,,,20260725T035002Z
cpe:2.3:a:libgav1-1:libgav1-1:0.19.0-3\+b1:*:*:*:*:*:*:*,1,NOT_IN_DICTIONARY,,,20260725T035002Z
cpe:2.3:a:libgcc-12-dev:libgcc-12-dev:12.2.0-14\+deb12u1:*:*:*:*:*:*:*,1,NOT_IN_DICTIONARY,,,20260725T035002Z
cpe:2.3:a:libgcc-14-dev:libgcc-14-dev:14.2.0-19:*:*:*:*:*:*:*,1,NOT_IN_DICTIONARY,,,20260725T035002Z
cpe:2.3:a:libgcc-s1:libgcc-s1:12.2.0-14\+deb12u1:*:*:*:*:*:*:*,1,NOT_IN_DICTIONARY,,,20260725T035002Z
cpe:2.3:a:libgcc-s1:libgcc-s1:14.2.0-19:*:*:*:*:*:*:*,5,NOT_IN_DICTIONARY,,,20260725T035002Z
cpe:2.3:a:libgcc-s1:libgcc-s1:16-20260322-1ubuntu1:*:*:*:*:*:*:*,1,NOT_IN_DICTIONARY,,,20260725T035002Z
cpe:2.3:a:libgcrypt20:libgcrypt20:1.10.1-3\+deb12u1:*:*:*:*:*:*:*,1,NOT_IN_DICTIONARY,,,20260725T035002Z
cpe:2.3:a:libgcrypt20:libgcrypt20:1.11.0-7\+deb13u1:*:*:*:*:*:*:*,3,NOT_IN_DICTIONARY,,,20260725T035002Z
cpe:2.3:a:libgcrypt20:libgcrypt20:1.12.0-2ubuntu1:*:*:*:*:*:*:*,1,NOT_IN_DICTIONARY,,,20260725T035002Z
cpe:2.3:a:libgd3:libgd3:2.3.3-13:*:*:*:*:*:*:*,1,NOT_IN_DICTIONARY,,,20260725T035002Z
cpe:2.3:a:libgdbm-compat4:libgdbm-compat4:1.23-3:*:*:*:*:*:*:*,1,NOT_IN_DICTIONARY,,,20260725T035002Z
cpe:2.3:a:libgdbm-compat4t64:libgdbm-compat4t64:1.24-2:*:*:*:*:*:*:*,2,NOT_IN_DICTIONARY,,,20260725T035002Z
cpe:2.3:a:libgdbm-dev:libgdbm-dev:1.23-3:*:*:*:*:*:*:*,1,NOT_IN_DICTIONARY,,,20260725T035002Z
cpe:2.3:a:libgdbm-dev:libgdbm-dev:1.24-2:*:*:*:*:*:*:*,1,NOT_IN_DICTIONARY,,,20260725T035002Z
cpe:2.3:a:libgdbm6:libgdbm6:1.23-3:*:*:*:*:*:*:*,1,NOT_IN_DICTIONARY,,,20260725T035002Z
cpe:2.3:a:libgdbm6t64:libgdbm6t64:1.24-2:*:*:*:*:*:*:*,2,NOT_IN_DICTIONARY,,,20260725T035002Z
cpe:2.3:a:libgdk-pixbuf-2.0-0:libgdk-pixbuf-2.0-0:2.42.10\+dfsg-1\+deb12u4:*:*:*:*:*:*:*,1,NOT_IN_DICTIONARY,,,20260725T035002Z
cpe:2.3:a:libgdk-pixbuf-2.0-0:libgdk-pixbuf-2.0-0:2.42.12\+dfsg-4\+deb13u1:*:*:*:*:*:*:*,1,NOT_IN_DICTIONARY,,,20260725T035002Z
cpe:2.3:a:libgdk-pixbuf-2.0-dev:libgdk-pixbuf-2.0-dev:2.42.10\+dfsg-1\+deb12u4:*:*:*:*:*:*:*,1,NOT_IN_DICTIONARY,,,20260725T035002Z
cpe:2.3:a:libgdk-pixbuf-2.0-dev:libgdk-pixbuf-2.0-dev:2.42.12\+dfsg-4\+deb13u1:*:*:*:*:*:*:*,1,NOT_IN_DICTIONARY,,,20260725T035002Z
cpe:2.3:a:libgdk-pixbuf2.0-bin:libgdk-pixbuf2.0-bin:2.42.10\+dfsg-1\+deb12u4:*:*:*:*:*:*:*,1,NOT_IN_DICTIONARY,,,20260725T035002Z
cpe:2.3:a:libgdk-pixbuf2.0-bin:libgdk-pixbuf2.0-bin:2.42.12\+dfsg-4\+deb13u1:*:*:*:*:*:*:*,1,NOT_IN_DICTIONARY,,,20260725T035002Z
cpe:2.3:a:libgdk-pixbuf2.0-common:libgdk-pixbuf2.0-common:2.42.10\+dfsg-1\+deb12u4:*:*:*:*:*:*:*,1,NOT_IN_DICTIONARY,,,20260725T035002Z
cpe:2.3:a:libgdk-pixbuf2.0-common:libgdk-pixbuf2.0-common:2.42.12\+dfsg-4\+deb13u1:*:*:*:*:*:*:*,1,NOT_IN_DICTIONARY,,,20260725T035002Z
cpe:2.3:a:libgeoip1t64:libgeoip1t64:1.6.12-11.2\~deb13u1:*:*:*:*:*:*:*,1,NOT_IN_DICTIONARY,,,20260725T035002Z
cpe:2.3:a:libgio-2.0-dev-bin:libgio-2.0-dev-bin:2.84.4-3\~deb13u3:*:*:*:*:*:*:*,1,NOT_IN_DICTIONARY,,,20260725T035002Z
cpe:2.3:a:libgio-2.0-dev:libgio-2.0-dev:2.84.4-3\~deb13u3:*:*:*:*:*:*:*,1,NOT_IN_DICTIONARY,,,20260725T035002Z
cpe:2.3:a:libgirepository-1.0-1:libgirepository-1.0-1:1.74.0-3:*:*:*:*:*:*:*,1,NOT_IN_DICTIONARY,,,20260725T035002Z
cpe:2.3:a:libgirepository-2.0-0:libgirepository-2.0-0:2.84.4-3\~deb13u3:*:*:*:*:*:*:*,1,NOT_IN_DICTIONARY,,,20260725T035002Z
cpe:2.3:a:libglib2.0-0:libglib2.0-0:2.74.6-2\+deb12u9:*:*:*:*:*:*:*,1,NOT_IN_DICTIONARY,,,20260725T035002Z
cpe:2.3:a:libglib2.0-0t64:libglib2.0-0t64:2.84.4-3\~deb13u3:*:*:*:*:*:*:*,1,NOT_IN_DICTIONARY,,,20260725T035002Z
cpe:2.3:a:libglib2.0-bin:libglib2.0-bin:2.74.6-2\+deb12u9:*:*:*:*:*:*:*,1,NOT_IN_DICTIONARY,,,20260725T035002Z
cpe:2.3:a:libglib2.0-bin:libglib2.0-bin:2.84.4-3\~deb13u3:*:*:*:*:*:*:*,1,NOT_IN_DICTIONARY,,,20260725T035002Z
cpe:2.3:a:libglib2.0-data:libglib2.0-data:2.74.6-2\+deb12u9:*:*:*:*:*:*:*,1,NOT_IN_DICTIONARY,,,20260725T035002Z
cpe:2.3:a:libglib2.0-data:libglib2.0-data:2.84.4-3\~deb13u3:*:*:*:*:*:*:*,1,NOT_IN_DICTIONARY,,,20260725T035002Z
cpe:2.3:a:libglib2.0-dev-bin:libglib2.0-dev-bin:2.74.6-2\+deb12u9:*:*:*:*:*:*:*,1,NOT_IN_DICTIONARY,,,20260725T035002Z
cpe:2.3:a:libglib2.0-dev-bin:libglib2.0-dev-bin:2.84.4-3\~deb13u3:*:*:*:*:*:*:*,1,NOT_IN_DICTIONARY,,,20260725T035002Z
cpe:2.3:a:libglib2.0-dev:libglib2.0-dev:2.74.6-2\+deb12u9:*:*:*:*:*:*:*,1,NOT_IN_DICTIONARY,,,20260725T035002Z
cpe:2.3:a:libglib2.0-dev:libglib2.0-dev:2.84.4-3\~deb13u3:*:*:*:*:*:*:*,1,NOT_IN_DICTIONARY,,,20260725T035002Z
cpe:2.3:a:libgmp-dev:libgmp-dev:2\:6.2.1\+dfsg1-1.1:*:*:*:*:*:*:*,1,NOT_IN_DICTIONARY,,,20260725T035002Z
cpe:2.3:a:libgmp-dev:libgmp-dev:2\:6.3.0\+dfsg-3:*:*:*:*:*:*:*,1,NOT_IN_DICTIONARY,,,20260725T035002Z
cpe:2.3:a:libgmp10:libgmp10:2\:6.2.1\+dfsg1-1.1:*:*:*:*:*:*:*,1,NOT_IN_DICTIONARY,,,20260725T035002Z
cpe:2.3:a:libgmp10:libgmp10:2\:6.3.0\+dfsg-3:*:*:*:*:*:*:*,5,NOT_IN_DICTIONARY,,,20260725T035002Z
cpe:2.3:a:libgmp10:libgmp10:2\:6.3.0\+dfsg-5ubuntu2:*:*:*:*:*:*:*,1,NOT_IN_DICTIONARY,,,20260725T035002Z
cpe:2.3:a:libgmpxx4ldbl:libgmpxx4ldbl:2\:6.2.1\+dfsg1-1.1:*:*:*:*:*:*:*,1,NOT_IN_DICTIONARY,,,20260725T035002Z
cpe:2.3:a:libgmpxx4ldbl:libgmpxx4ldbl:2\:6.3.0\+dfsg-3:*:*:*:*:*:*:*,1,NOT_IN_DICTIONARY,,,20260725T035002Z
cpe:2.3:a:libgnutls-dane0t64:libgnutls-dane0t64:3.8.9-3\+deb13u4:*:*:*:*:*:*:*,1,NOT_IN_DICTIONARY,,,20260725T035002Z
cpe:2.3:a:libgnutls-openssl27t64:libgnutls-openssl27t64:3.8.9-3\+deb13u4:*:*:*:*:*:*:*,1,NOT_IN_DICTIONARY,,,20260725T035002Z
cpe:2.3:a:libgnutls28-dev:libgnutls28-dev:3.8.9-3\+deb13u4:*:*:*:*:*:*:*,1,NOT_IN_DICTIONARY,,,20260725T035002Z
cpe:2.3:a:libgnutls30:libgnutls30:3.7.9-2\+deb12u7:*:*:*:*:*:*:*,1,NOT_IN_DICTIONARY,,,20260725T035002Z
cpe:2.3:a:libgnutls30t64:libgnutls30t64:3.8.9-3\+deb13u4:*:*:*:*:*:*:*,3,NOT_IN_DICTIONARY,,,20260725T035002Z
cpe:2.3:a:libgomp1:libgomp1:12.2.0-14\+deb12u1:*:*:*:*:*:*:*,1,NOT_IN_DICTIONARY,,,20260725T035002Z
cpe:2.3:a:libgomp1:libgomp1:14.2.0-19:*:*:*:*:*:*:*,2,NOT_IN_DICTIONARY,,,20260725T035002Z
cpe:2.3:a:libgpg-error0:libgpg-error0:1.46-1:*:*:*:*:*:*:*,1,NOT_IN_DICTIONARY,,,20260725T035002Z
cpe:2.3:a:libgpg-error0:libgpg-error0:1.51-4:*:*:*:*:*:*:*,3,NOT_IN_DICTIONARY,,,20260725T035002Z
cpe:2.3:a:libgpg-error0:libgpg-error0:1.58-2:*:*:*:*:*:*:*,1,NOT_IN_DICTIONARY,,,20260725T035002Z
cpe:2.3:a:libgprofng0:libgprofng0:2.40-2:*:*:*:*:*:*:*,1,NOT_IN_DICTIONARY,,,20260725T035002Z
cpe:2.3:a:libgprofng0:libgprofng0:2.44-3:*:*:*:*:*:*:*,1,NOT_IN_DICTIONARY,,,20260725T035002Z
cpe:2.3:a:libgraphite2-3:libgraphite2-3:1.3.14-1\+deb12u1:*:*:*:*:*:*:*,1,NOT_IN_DICTIONARY,,,20260725T035002Z
cpe:2.3:a:libgraphite2-3:libgraphite2-3:1.3.14-2\+deb13u1:*:*:*:*:*:*:*,1,NOT_IN_DICTIONARY,,,20260725T035002Z
cpe:2.3:a:libgraphite2-dev:libgraphite2-dev:1.3.14-2\+deb13u1:*:*:*:*:*:*:*,1,NOT_IN_DICTIONARY,,,20260725T035002Z
cpe:2.3:a:libgssapi-krb5-2:libgssapi-krb5-2:1.20.1-2\+deb12u5:*:*:*:*:*:*:*,1,NOT_IN_DICTIONARY,,,20260725T035002Z
cpe:2.3:a:libgssapi-krb5-2:libgssapi-krb5-2:1.21.3-5\+deb13u1:*:*:*:*:*:*:*,3,NOT_IN_DICTIONARY,,,20260725T035002Z
cpe:2.3:a:libgssrpc4:libgssrpc4:1.20.1-2\+deb12u5:*:*:*:*:*:*:*,1,NOT_IN_DICTIONARY,,,20260725T035002Z
cpe:2.3:a:libgssrpc4t64:libgssrpc4t64:1.21.3-5\+deb13u1:*:*:*:*:*:*:*,1,NOT_IN_DICTIONARY,,,20260725T035002Z
cpe:2.3:a:libharfbuzz-cairo0:libharfbuzz-cairo0:10.2.0-1\+deb13u1:*:*:*:*:*:*:*,1,NOT_IN_DICTIONARY,,,20260725T035002Z
cpe:2.3:a:libharfbuzz-dev:libharfbuzz-dev:10.2.0-1\+deb13u1:*:*:*:*:*:*:*,1,NOT_IN_DICTIONARY,,,20260725T035002Z
cpe:2.3:a:libharfbuzz-gobject0:libharfbuzz-gobject0:10.2.0-1\+deb13u1:*:*:*:*:*:*:*,1,NOT_IN_DICTIONARY,,,20260725T035002Z
cpe:2.3:a:libharfbuzz-icu0:libharfbuzz-icu0:10.2.0-1\+deb13u1:*:*:*:*:*:*:*,1,NOT_IN_DICTIONARY,,,20260725T035002Z
cpe:2.3:a:libharfbuzz-subset0:libharfbuzz-subset0:10.2.0-1\+deb13u1:*:*:*:*:*:*:*,1,NOT_IN_DICTIONARY,,,20260725T035002Z
cpe:2.3:a:libharfbuzz0b:libharfbuzz0b:10.2.0-1\+deb13u1:*:*:*:*:*:*:*,1,NOT_IN_DICTIONARY,,,20260725T035002Z
cpe:2.3:a:libharfbuzz0b:libharfbuzz0b:6.0.0\+dfsg-3:*:*:*:*:*:*:*,1,NOT_IN_DICTIONARY,,,20260725T035002Z
cpe:2.3:a:libheif-plugin-dav1d:libheif-plugin-dav1d:1.19.8-1:*:*:*:*:*:*:*,2,NOT_IN_DICTIONARY,,,20260725T035002Z
cpe:2.3:a:libheif-plugin-libde265:libheif-plugin-libde265:1.19.8-1:*:*:*:*:*:*:*,2,NOT_IN_DICTIONARY,,,20260725T035002Z
cpe:2.3:a:libheif1:libheif1:1.15.1-1\+deb12u1:*:*:*:*:*:*:*,1,NOT_IN_DICTIONARY,,,20260725T035002Z
cpe:2.3:a:libheif1:libheif1:1.19.8-1:*:*:*:*:*:*:*,2,NOT_IN_DICTIONARY,,,20260725T035002Z
cpe:2.3:a:libhogweed6:libhogweed6:3.8.1-2:*:*:*:*:*:*:*,1,NOT_IN_DICTIONARY,,,20260725T035002Z
cpe:2.3:a:libhogweed6t64:libhogweed6t64:3.10.1-1:*:*:*:*:*:*:*,5,NOT_IN_DICTIONARY,,,20260725T035002Z
cpe:2.3:a:libhwasan0:libhwasan0:14.2.0-19:*:*:*:*:*:*:*,1,NOT_IN_DICTIONARY,,,20260725T035002Z
cpe:2.3:a:libice-dev:libice-dev:2\:1.0.10-1:*:*:*:*:*:*:*,1,NOT_IN_DICTIONARY,,,20260725T035002Z
cpe:2.3:a:libice-dev:libice-dev:2\:1.1.1-1:*:*:*:*:*:*:*,1,NOT_IN_DICTIONARY,,,20260725T035002Z
cpe:2.3:a:libice6:libice6:2\:1.0.10-1:*:*:*:*:*:*:*,1,NOT_IN_DICTIONARY,,,20260725T035002Z
cpe:2.3:a:libice6:libice6:2\:1.1.1-1:*:*:*:*:*:*:*,1,NOT_IN_DICTIONARY,,,20260725T035002Z
cpe:2.3:a:libicu-dev:libicu-dev:72.1-3\+deb12u1:*:*:*:*:*:*:*,1,NOT_IN_DICTIONARY,,,20260725T035002Z
cpe:2.3:a:libicu-dev:libicu-dev:76.1-4:*:*:*:*:*:*:*,1,NOT_IN_DICTIONARY,,,20260725T035002Z
cpe:2.3:a:libicu72:libicu72:72.1-3\+deb12u1:*:*:*:*:*:*:*,1,NOT_IN_DICTIONARY,,,20260725T035002Z
cpe:2.3:a:libicu76:libicu76:76.1-4:*:*:*:*:*:*:*,2,NOT_IN_DICTIONARY,,,20260725T035002Z
cpe:2.3:a:libidn2-0:libidn2-0:2.3.3-1\+b1:*:*:*:*:*:*:*,1,NOT_IN_DICTIONARY,,,20260725T035002Z
cpe:2.3:a:libidn2-0:libidn2-0:2.3.8-2:*:*:*:*:*:*:*,3,NOT_IN_DICTIONARY,,,20260725T035002Z
cpe:2.3:a:libidn2-dev:libidn2-dev:2.3.8-2:*:*:*:*:*:*:*,1,NOT_IN_DICTIONARY,,,20260725T035002Z
cpe:2.3:a:libimagequant0:libimagequant0:2.18.0-1\+b2:*:*:*:*:*:*:*,1,NOT_IN_DICTIONARY,,,20260725T035002Z
cpe:2.3:a:libimath-3-1-29:libimath-3-1-29:3.1.6-1:*:*:*:*:*:*:*,1,NOT_IN_DICTIONARY,,,20260725T035002Z
cpe:2.3:a:libimath-3-1-29t64:libimath-3-1-29t64:3.1.12-1\+b3:*:*:*:*:*:*:*,1,NOT_IN_DICTIONARY,,,20260725T035002Z
cpe:2.3:a:libimath-dev:libimath-dev:3.1.12-1\+b3:*:*:*:*:*:*:*,1,NOT_IN_DICTIONARY,,,20260725T035002Z
cpe:2.3:a:libimath-dev:libimath-dev:3.1.6-1:*:*:*:*:*:*:*,1,NOT_IN_DICTIONARY,,,20260725T035002Z
cpe:2.3:a:libintl:libintl:0.23.1:*:*:*:*:*:*:*,1,NOT_IN_DICTIONARY,,,20260725T035002Z
cpe:2.3:a:libisl23:libisl23:0.25-1.1:*:*:*:*:*:*:*,1,NOT_IN_DICTIONARY,,,20260725T035002Z
cpe:2.3:a:libisl23:libisl23:0.27-1:*:*:*:*:*:*:*,1,NOT_IN_DICTIONARY,,,20260725T035002Z
cpe:2.3:a:libitm1:libitm1:12.2.0-14\+deb12u1:*:*:*:*:*:*:*,1,NOT_IN_DICTIONARY,,,20260725T035002Z
cpe:2.3:a:libitm1:libitm1:14.2.0-19:*:*:*:*:*:*:*,1,NOT_IN_DICTIONARY,,,20260725T035002Z
cpe:2.3:a:libjansson4:libjansson4:2.14-2:*:*:*:*:*:*:*,1,NOT_IN_DICTIONARY,,,20260725T035002Z
cpe:2.3:a:libjansson4:libjansson4:2.14-2\+b3:*:*:*:*:*:*:*,1,NOT_IN_DICTIONARY,,,20260725T035002Z
cpe:2.3:a:libjbig-dev:libjbig-dev:2.1-6.1:*:*:*:*:*:*:*,1,NOT_IN_DICTIONARY,,,20260725T035002Z
cpe:2.3:a:libjbig-dev:libjbig-dev:2.1-6.1\+b2:*:*:*:*:*:*:*,1,NOT_IN_DICTIONARY,,,20260725T035002Z
cpe:2.3:a:libjbig0:libjbig0:2.1-6.1:*:*:*:*:*:*:*,1,NOT_IN_DICTIONARY,,,20260725T035002Z
cpe:2.3:a:libjbig0:libjbig0:2.1-6.1\+b2:*:*:*:*:*:*:*,2,NOT_IN_DICTIONARY,,,20260725T035002Z
cpe:2.3:a:libjpeg-dev:libjpeg-dev:1\:2.1.5-2:*:*:*:*:*:*:*,1,NOT_IN_DICTIONARY,,,20260725T035002Z
cpe:2.3:a:libjpeg-dev:libjpeg-dev:1\:2.1.5-4:*:*:*:*:*:*:*,1,NOT_IN_DICTIONARY,,,20260725T035002Z
cpe:2.3:a:libjpeg62-turbo-dev:libjpeg62-turbo-dev:1\:2.1.5-2:*:*:*:*:*:*:*,1,NOT_IN_DICTIONARY,,,20260725T035002Z
cpe:2.3:a:libjpeg62-turbo-dev:libjpeg62-turbo-dev:1\:2.1.5-4:*:*:*:*:*:*:*,1,NOT_IN_DICTIONARY,,,20260725T035002Z
cpe:2.3:a:libjpeg62-turbo:libjpeg62-turbo:1\:2.1.5-2:*:*:*:*:*:*:*,1,NOT_IN_DICTIONARY,,,20260725T035002Z
cpe:2.3:a:libjpeg62-turbo:libjpeg62-turbo:1\:2.1.5-4:*:*:*:*:*:*:*,2,NOT_IN_DICTIONARY,,,20260725T035002Z
cpe:2.3:a:libjson-perl:libjson-perl:4.10000-1:*:*:*:*:*:*:*,1,NOT_IN_DICTIONARY,,,20260725T035002Z
cpe:2.3:a:libk5crypto3:libk5crypto3:1.20.1-2\+deb12u5:*:*:*:*:*:*:*,1,NOT_IN_DICTIONARY,,,20260725T035002Z
cpe:2.3:a:libk5crypto3:libk5crypto3:1.21.3-5\+deb13u1:*:*:*:*:*:*:*,3,NOT_IN_DICTIONARY,,,20260725T035002Z
cpe:2.3:a:libkadm5clnt-mit12:libkadm5clnt-mit12:1.20.1-2\+deb12u5:*:*:*:*:*:*:*,1,NOT_IN_DICTIONARY,,,20260725T035002Z
cpe:2.3:a:libkadm5clnt-mit12:libkadm5clnt-mit12:1.21.3-5\+deb13u1:*:*:*:*:*:*:*,1,NOT_IN_DICTIONARY,,,20260725T035002Z
cpe:2.3:a:libkadm5srv-mit12:libkadm5srv-mit12:1.20.1-2\+deb12u5:*:*:*:*:*:*:*,1,NOT_IN_DICTIONARY,,,20260725T035002Z
cpe:2.3:a:libkadm5srv-mit12:libkadm5srv-mit12:1.21.3-5\+deb13u1:*:*:*:*:*:*:*,1,NOT_IN_DICTIONARY,,,20260725T035002Z
cpe:2.3:a:libkdb5-10:libkdb5-10:1.20.1-2\+deb12u5:*:*:*:*:*:*:*,1,NOT_IN_DICTIONARY,,,20260725T035002Z
cpe:2.3:a:libkdb5-10t64:libkdb5-10t64:1.21.3-5\+deb13u1:*:*:*:*:*:*:*,1,NOT_IN_DICTIONARY,,,20260725T035002Z
cpe:2.3:a:libkeyutils1:libkeyutils1:1.6.3-2:*:*:*:*:*:*:*,1,NOT_IN_DICTIONARY,,,20260725T035002Z
cpe:2.3:a:libkeyutils1:libkeyutils1:1.6.3-6:*:*:*:*:*:*:*,3,NOT_IN_DICTIONARY,,,20260725T035002Z
cpe:2.3:a:libkrb5-3:libkrb5-3:1.20.1-2\+deb12u5:*:*:*:*:*:*:*,1,NOT_IN_DICTIONARY,,,20260725T035002Z
cpe:2.3:a:libkrb5-3:libkrb5-3:1.21.3-5\+deb13u1:*:*:*:*:*:*:*,3,NOT_IN_DICTIONARY,,,20260725T035002Z
cpe:2.3:a:libkrb5-dev:libkrb5-dev:1.20.1-2\+deb12u5:*:*:*:*:*:*:*,1,NOT_IN_DICTIONARY,,,20260725T035002Z
cpe:2.3:a:libkrb5-dev:libkrb5-dev:1.21.3-5\+deb13u1:*:*:*:*:*:*:*,1,NOT_IN_DICTIONARY,,,20260725T035002Z
cpe:2.3:a:libkrb5support0:libkrb5support0:1.20.1-2\+deb12u5:*:*:*:*:*:*:*,1,NOT_IN_DICTIONARY,,,20260725T035002Z
cpe:2.3:a:libkrb5support0:libkrb5support0:1.21.3-5\+deb13u1:*:*:*:*:*:*:*,3,NOT_IN_DICTIONARY,,,20260725T035002Z
cpe:2.3:a:libksba8:libksba8:1.6.3-2:*:*:*:*:*:*:*,1,NOT_IN_DICTIONARY,,,20260725T035002Z
cpe:2.3:a:libksba8:libksba8:1.6.7-2\+b1:*:*:*:*:*:*:*,2,NOT_IN_DICTIONARY,,,20260725T035002Z
cpe:2.3:a:liblastlog2-2:liblastlog2-2:2.41-5:*:*:*:*:*:*:*,5,NOT_IN_DICTIONARY,,,20260725T035002Z
cpe:2.3:a:liblcms2-2:liblcms2-2:2.14-2\+deb12u1:*:*:*:*:*:*:*,1,NOT_IN_DICTIONARY,,,20260725T035002Z
cpe:2.3:a:liblcms2-2:liblcms2-2:2.16-2\+deb13u2:*:*:*:*:*:*:*,1,NOT_IN_DICTIONARY,,,20260725T035002Z
cpe:2.3:a:liblcms2-dev:liblcms2-dev:2.14-2\+deb12u1:*:*:*:*:*:*:*,1,NOT_IN_DICTIONARY,,,20260725T035002Z
cpe:2.3:a:liblcms2-dev:liblcms2-dev:2.16-2\+deb13u2:*:*:*:*:*:*:*,1,NOT_IN_DICTIONARY,,,20260725T035002Z
cpe:2.3:a:libldap-2.5-0:libldap-2.5-0:2.5.13\+dfsg-5:*:*:*:*:*:*:*,1,NOT_IN_DICTIONARY,,,20260725T035002Z
cpe:2.3:a:libldap-dev:libldap-dev:2.6.10\+dfsg-1:*:*:*:*:*:*:*,1,NOT_IN_DICTIONARY,,,20260725T035002Z
cpe:2.3:a:libldap2:libldap2:2.6.10\+dfsg-1:*:*:*:*:*:*:*,3,NOT_IN_DICTIONARY,,,20260725T035002Z
cpe:2.3:a:liblerc-dev:liblerc-dev:4.0.0\+ds-2:*:*:*:*:*:*:*,1,NOT_IN_DICTIONARY,,,20260725T035002Z
cpe:2.3:a:liblerc-dev:liblerc-dev:4.0.0\+ds-5:*:*:*:*:*:*:*,1,NOT_IN_DICTIONARY,,,20260725T035002Z
cpe:2.3:a:liblerc4:liblerc4:4.0.0\+ds-2:*:*:*:*:*:*:*,1,NOT_IN_DICTIONARY,,,20260725T035002Z
cpe:2.3:a:liblerc4:liblerc4:4.0.0\+ds-5:*:*:*:*:*:*:*,2,NOT_IN_DICTIONARY,,,20260725T035002Z
cpe:2.3:a:libllvm19:libllvm19:1\:19.1.7-3\+b1:*:*:*:*:*:*:*,1,NOT_IN_DICTIONARY,,,20260725T035002Z
cpe:2.3:a:liblqr-1-0-dev:liblqr-1-0-dev:0.4.2-2.1:*:*:*:*:*:*:*,1,NOT_IN_DICTIONARY,,,20260725T035002Z
cpe:2.3:a:liblqr-1-0-dev:liblqr-1-0-dev:0.4.2-2.1\+b2:*:*:*:*:*:*:*,1,NOT_IN_DICTIONARY,,,20260725T035002Z
cpe:2.3:a:liblqr-1-0:liblqr-1-0:0.4.2-2.1:*:*:*:*:*:*:*,1,NOT_IN_DICTIONARY,,,20260725T035002Z
cpe:2.3:a:liblqr-1-0:liblqr-1-0:0.4.2-2.1\+b2:*:*:*:*:*:*:*,1,NOT_IN_DICTIONARY,,,20260725T035002Z
cpe:2.3:a:liblsan0:liblsan0:12.2.0-14\+deb12u1:*:*:*:*:*:*:*,1,NOT_IN_DICTIONARY,,,20260725T035002Z
cpe:2.3:a:liblsan0:liblsan0:14.2.0-19:*:*:*:*:*:*:*,1,NOT_IN_DICTIONARY,,,20260725T035002Z
cpe:2.3:a:libltdl-dev:libltdl-dev:2.4.7-7\~deb12u1:*:*:*:*:*:*:*,1,NOT_IN_DICTIONARY,,,20260725T035002Z
cpe:2.3:a:libltdl-dev:libltdl-dev:2.5.4-4:*:*:*:*:*:*:*,1,NOT_IN_DICTIONARY,,,20260725T035002Z
cpe:2.3:a:libltdl7:libltdl7:2.4.7-7\~deb12u1:*:*:*:*:*:*:*,1,NOT_IN_DICTIONARY,,,20260725T035002Z
cpe:2.3:a:libltdl7:libltdl7:2.5.4-4:*:*:*:*:*:*:*,1,NOT_IN_DICTIONARY,,,20260725T035002Z
cpe:2.3:a:liblz4-1:liblz4-1:1.10.0-4:*:*:*:*:*:*:*,5,NOT_IN_DICTIONARY,,,20260725T035002Z
cpe:2.3:a:liblz4-1:liblz4-1:1.10.0-8:*:*:*:*:*:*:*,1,NOT_IN_DICTIONARY,,,20260725T035002Z
cpe:2.3:a:liblz4-1:liblz4-1:1.9.4-1:*:*:*:*:*:*:*,1,NOT_IN_DICTIONARY,,,20260725T035002Z
cpe:2.3:a:liblzma-dev:liblzma-dev:5.4.1-1\+deb12u1:*:*:*:*:*:*:*,1,NOT_IN_DICTIONARY,,,20260725T035002Z
cpe:2.3:a:liblzma-dev:liblzma-dev:5.8.1-1\+deb13u1:*:*:*:*:*:*:*,1,NOT_IN_DICTIONARY,,,20260725T035002Z
cpe:2.3:a:liblzma5:liblzma5:5.4.1-1\+deb12u1:*:*:*:*:*:*:*,1,NOT_IN_DICTIONARY,,,20260725T035002Z
cpe:2.3:a:liblzma5:liblzma5:5.8.1-1\+deb13u1:*:*:*:*:*:*:*,5,NOT_IN_DICTIONARY,,,20260725T035002Z
cpe:2.3:a:liblzma5:liblzma5:5.8.3-1:*:*:*:*:*:*:*,1,NOT_IN_DICTIONARY,,,20260725T035002Z
cpe:2.3:a:liblzo2-2:liblzo2-2:2.10-2:*:*:*:*:*:*:*,1,NOT_IN_DICTIONARY,,,20260725T035002Z
cpe:2.3:a:liblzo2-2:liblzo2-2:2.10-3\+b1:*:*:*:*:*:*:*,1,NOT_IN_DICTIONARY,,,20260725T035002Z
cpe:2.3:a:libmagic-mgc:libmagic-mgc:1\:5.44-3:*:*:*:*:*:*:*,1,NOT_IN_DICTIONARY,,,20260725T035002Z
cpe:2.3:a:libmagic-mgc:libmagic-mgc:1\:5.46-5:*:*:*:*:*:*:*,1,NOT_IN_DICTIONARY,,,20260725T035002Z
cpe:2.3:a:libmagic1:libmagic1:1\:5.44-3:*:*:*:*:*:*:*,1,NOT_IN_DICTIONARY,,,20260725T035002Z
cpe:2.3:a:libmagic1t64:libmagic1t64:1\:5.46-5:*:*:*:*:*:*:*,1,NOT_IN_DICTIONARY,,,20260725T035002Z
cpe:2.3:a:libmagickcore-6-arch-config:libmagickcore-6-arch-config:8\:6.9.11.60\+dfsg-1.6\+deb12u12:*:*:*:*:*:*:*,1,NOT_IN_DICTIONARY,,,20260725T035002Z
cpe:2.3:a:libmagickcore-6-headers:libmagickcore-6-headers:8\:6.9.11.60\+dfsg-1.6\+deb12u12:*:*:*:*:*:*:*,1,NOT_IN_DICTIONARY,,,20260725T035002Z
cpe:2.3:a:libmagickcore-6.q16-6-extra:libmagickcore-6.q16-6-extra:8\:6.9.11.60\+dfsg-1.6\+deb12u12:*:*:*:*:*:*:*,1,NOT_IN_DICTIONARY,,,20260725T035002Z
cpe:2.3:a:libmagickcore-6.q16-6:libmagickcore-6.q16-6:8\:6.9.11.60\+dfsg-1.6\+deb12u12:*:*:*:*:*:*:*,1,NOT_IN_DICTIONARY,,,20260725T035002Z
cpe:2.3:a:libmagickcore-6.q16-dev:libmagickcore-6.q16-dev:8\:6.9.11.60\+dfsg-1.6\+deb12u12:*:*:*:*:*:*:*,1,NOT_IN_DICTIONARY,,,20260725T035002Z
cpe:2.3:a:libmagickcore-7-arch-config:libmagickcore-7-arch-config:8\:7.1.1.43\+dfsg1-1\+deb13u11:*:*:*:*:*:*:*,1,NOT_IN_DICTIONARY,,,20260725T035002Z
cpe:2.3:a:libmagickcore-7-headers:libmagickcore-7-headers:8\:7.1.1.43\+dfsg1-1\+deb13u11:*:*:*:*:*:*:*,1,NOT_IN_DICTIONARY,,,20260725T035002Z
cpe:2.3:a:libmagickcore-7.q16-10-extra:libmagickcore-7.q16-10-extra:8\:7.1.1.43\+dfsg1-1\+deb13u11:*:*:*:*:*:*:*,1,NOT_IN_DICTIONARY,,,20260725T035002Z
cpe:2.3:a:libmagickcore-7.q16-10:libmagickcore-7.q16-10:8\:7.1.1.43\+dfsg1-1\+deb13u11:*:*:*:*:*:*:*,1,NOT_IN_DICTIONARY,,,20260725T035002Z
cpe:2.3:a:libmagickcore-7.q16-dev:libmagickcore-7.q16-dev:8\:7.1.1.43\+dfsg1-1\+deb13u11:*:*:*:*:*:*:*,1,NOT_IN_DICTIONARY,,,20260725T035002Z
cpe:2.3:a:libmagickcore-dev:libmagickcore-dev:8\:6.9.11.60\+dfsg-1.6\+deb12u12:*:*:*:*:*:*:*,1,NOT_IN_DICTIONARY,,,20260725T035002Z
cpe:2.3:a:libmagickcore-dev:libmagickcore-dev:8\:7.1.1.43\+dfsg1-1\+deb13u11:*:*:*:*:*:*:*,1,NOT_IN_DICTIONARY,,,20260725T035002Z
cpe:2.3:a:libmagickwand-6-headers:libmagickwand-6-headers:8\:6.9.11.60\+dfsg-1.6\+deb12u12:*:*:*:*:*:*:*,1,NOT_IN_DICTIONARY,,,20260725T035002Z
cpe:2.3:a:libmagickwand-6.q16-6:libmagickwand-6.q16-6:8\:6.9.11.60\+dfsg-1.6\+deb12u12:*:*:*:*:*:*:*,1,NOT_IN_DICTIONARY,,,20260725T035002Z
cpe:2.3:a:libmagickwand-6.q16-dev:libmagickwand-6.q16-dev:8\:6.9.11.60\+dfsg-1.6\+deb12u12:*:*:*:*:*:*:*,1,NOT_IN_DICTIONARY,,,20260725T035002Z
cpe:2.3:a:libmagickwand-7-headers:libmagickwand-7-headers:8\:7.1.1.43\+dfsg1-1\+deb13u11:*:*:*:*:*:*:*,1,NOT_IN_DICTIONARY,,,20260725T035002Z
cpe:2.3:a:libmagickwand-7.q16-10:libmagickwand-7.q16-10:8\:7.1.1.43\+dfsg1-1\+deb13u11:*:*:*:*:*:*:*,1,NOT_IN_DICTIONARY,,,20260725T035002Z
cpe:2.3:a:libmagickwand-7.q16-dev:libmagickwand-7.q16-dev:8\:7.1.1.43\+dfsg1-1\+deb13u11:*:*:*:*:*:*:*,1,NOT_IN_DICTIONARY,,,20260725T035002Z
cpe:2.3:a:libmagickwand-dev:libmagickwand-dev:8\:6.9.11.60\+dfsg-1.6\+deb12u12:*:*:*:*:*:*:*,1,NOT_IN_DICTIONARY,,,20260725T035002Z
cpe:2.3:a:libmagickwand-dev:libmagickwand-dev:8\:7.1.1.43\+dfsg1-1\+deb13u11:*:*:*:*:*:*:*,1,NOT_IN_DICTIONARY,,,20260725T035002Z
cpe:2.3:a:libmariadb-dev-compat:libmariadb-dev-compat:1\:10.11.18-0\+deb12u1:*:*:*:*:*:*:*,1,NOT_IN_DICTIONARY,,,20260725T035002Z
cpe:2.3:a:libmariadb-dev-compat:libmariadb-dev-compat:1\:11.8.6-0\+deb13u1:*:*:*:*:*:*:*,1,NOT_IN_DICTIONARY,,,20260725T035002Z
cpe:2.3:a:libmariadb-dev:libmariadb-dev:1\:10.11.18-0\+deb12u1:*:*:*:*:*:*:*,1,NOT_IN_DICTIONARY,,,20260725T035002Z
cpe:2.3:a:libmariadb-dev:libmariadb-dev:1\:11.8.6-0\+deb13u1:*:*:*:*:*:*:*,1,NOT_IN_DICTIONARY,,,20260725T035002Z
cpe:2.3:a:libmariadb3:libmariadb3:1\:10.11.18-0\+deb12u1:*:*:*:*:*:*:*,1,NOT_IN_DICTIONARY,,,20260725T035002Z
cpe:2.3:a:libmariadb3:libmariadb3:1\:11.8.6-0\+deb13u1:*:*:*:*:*:*:*,1,NOT_IN_DICTIONARY,,,20260725T035002Z
cpe:2.3:a:libmaxminddb-dev:libmaxminddb-dev:1.12.2-1:*:*:*:*:*:*:*,1,NOT_IN_DICTIONARY,,,20260725T035002Z
cpe:2.3:a:libmaxminddb-dev:libmaxminddb-dev:1.7.1-1:*:*:*:*:*:*:*,1,NOT_IN_DICTIONARY,,,20260725T035002Z
cpe:2.3:a:libmaxminddb0:libmaxminddb0:1.12.2-1:*:*:*:*:*:*:*,1,NOT_IN_DICTIONARY,,,20260725T035002Z
cpe:2.3:a:libmaxminddb0:libmaxminddb0:1.7.1-1:*:*:*:*:*:*:*,1,NOT_IN_DICTIONARY,,,20260725T035002Z
cpe:2.3:a:libmd0:libmd0:1.0.4-2:*:*:*:*:*:*:*,1,NOT_IN_DICTIONARY,,,20260725T035002Z
cpe:2.3:a:libmd0:libmd0:1.1.0-2\+b1:*:*:*:*:*:*:*,5,NOT_IN_DICTIONARY,,,20260725T035002Z
cpe:2.3:a:libmd0:libmd0:1.1.0-2build4:*:*:*:*:*:*:*,1,NOT_IN_DICTIONARY,,,20260725T035002Z
cpe:2.3:a:libmount-dev:libmount-dev:2.38.1-5\+deb12u3:*:*:*:*:*:*:*,1,NOT_IN_DICTIONARY,,,20260725T035002Z
cpe:2.3:a:libmount-dev:libmount-dev:2.41-5:*:*:*:*:*:*:*,1,NOT_IN_DICTIONARY,,,20260725T035002Z
cpe:2.3:a:libmount1:libmount1:2.38.1-5\+deb12u3:*:*:*:*:*:*:*,1,NOT_IN_DICTIONARY,,,20260725T035002Z
cpe:2.3:a:libmount1:libmount1:2.41-5:*:*:*:*:*:*:*,5,NOT_IN_DICTIONARY,,,20260725T035002Z
cpe:2.3:a:libmount1:libmount1:2.41.3-3ubuntu2:*:*:*:*:*:*:*,1,NOT_IN_DICTIONARY,,,20260725T035002Z
cpe:2.3:a:libmpc3:libmpc3:1.3.1-1:*:*:*:*:*:*:*,1,NOT_IN_DICTIONARY,,,20260725T035002Z
cpe:2.3:a:libmpc3:libmpc3:1.3.1-1\+b3:*:*:*:*:*:*:*,1,NOT_IN_DICTIONARY,,,20260725T035002Z
cpe:2.3:a:libmpfr6:libmpfr6:4.2.0-1:*:*:*:*:*:*:*,1,NOT_IN_DICTIONARY,,,20260725T035002Z
cpe:2.3:a:libmpfr6:libmpfr6:4.2.2-1:*:*:*:*:*:*:*,1,NOT_IN_DICTIONARY,,,20260725T035002Z
cpe:2.3:a:libncurses-dev:libncurses-dev:6.4-4:*:*:*:*:*:*:*,1,NOT_IN_DICTIONARY,,,20260725T035002Z
cpe:2.3:a:libncurses-dev:libncurses-dev:6.5\+20250216-2:*:*:*:*:*:*:*,1,NOT_IN_DICTIONARY,,,20260725T035002Z
cpe:2.3:a:libncurses5-dev:libncurses5-dev:6.4-4:*:*:*:*:*:*:*,1,NOT_IN_DICTIONARY,,,20260725T035002Z
cpe:2.3:a:libncurses6:libncurses6:6.4-4:*:*:*:*:*:*:*,1,NOT_IN_DICTIONARY,,,20260725T035002Z
cpe:2.3:a:libncurses6:libncurses6:6.5\+20250216-2:*:*:*:*:*:*:*,1,NOT_IN_DICTIONARY,,,20260725T035002Z
cpe:2.3:a:libncursesw5-dev:libncursesw5-dev:6.4-4:*:*:*:*:*:*:*,1,NOT_IN_DICTIONARY,,,20260725T035002Z
cpe:2.3:a:libncursesw6:libncursesw6:6.4-4:*:*:*:*:*:*:*,1,NOT_IN_DICTIONARY,,,20260725T035002Z
cpe:2.3:a:libncursesw6:libncursesw6:6.5\+20250216-2:*:*:*:*:*:*:*,2,NOT_IN_DICTIONARY,,,20260725T035002Z
cpe:2.3:a:libncursesw6:libncursesw6:6.6\+20251231-1:*:*:*:*:*:*:*,1,NOT_IN_DICTIONARY,,,20260725T035002Z
cpe:2.3:a:libnettle8:libnettle8:3.8.1-2:*:*:*:*:*:*:*,1,NOT_IN_DICTIONARY,,,20260725T035002Z
cpe:2.3:a:libnettle8t64:libnettle8t64:3.10.1-1:*:*:*:*:*:*:*,5,NOT_IN_DICTIONARY,,,20260725T035002Z
cpe:2.3:a:libnghttp2-14:libnghttp2-14:1.52.0-1\+deb12u3:*:*:*:*:*:*:*,1,NOT_IN_DICTIONARY,,,20260725T035002Z
cpe:2.3:a:libnghttp2-14:libnghttp2-14:1.64.0-1.1\+deb13u1:*:*:*:*:*:*:*,2,NOT_IN_DICTIONARY,,,20260725T035002Z
cpe:2.3:a:libnghttp2-dev:libnghttp2-dev:1.64.0-1.1\+deb13u1:*:*:*:*:*:*:*,1,NOT_IN_DICTIONARY,,,20260725T035002Z
cpe:2.3:a:libnghttp3-9:libnghttp3-9:1.8.0-1:*:*:*:*:*:*:*,2,NOT_IN_DICTIONARY,,,20260725T035002Z
cpe:2.3:a:libnghttp3-dev:libnghttp3-dev:1.8.0-1:*:*:*:*:*:*:*,1,NOT_IN_DICTIONARY,,,20260725T035002Z
cpe:2.3:a:libngtcp2-16:libngtcp2-16:1.11.0-1\+deb13u1:*:*:*:*:*:*:*,1,NOT_IN_DICTIONARY,,,20260725T035002Z
cpe:2.3:a:libngtcp2-crypto-gnutls8:libngtcp2-crypto-gnutls8:1.11.0-1\+deb13u1:*:*:*:*:*:*:*,1,NOT_IN_DICTIONARY,,,20260725T035002Z
cpe:2.3:a:libnpmaccess:libnpmaccess:10.0.3:*:*:*:*:*:*:*,1,NOT_IN_DICTIONARY,,,20260725T035002Z
cpe:2.3:a:libnpmdiff:libnpmdiff:8.1.9:*:*:*:*:*:*:*,1,NOT_IN_DICTIONARY,,,20260725T035002Z
cpe:2.3:a:libnpmexec:libnpmexec:10.2.9:*:*:*:*:*:*:*,1,NOT_IN_DICTIONARY,,,20260725T035002Z
cpe:2.3:a:libnpmfund:libnpmfund:7.0.23:*:*:*:*:*:*:*,1,NOT_IN_DICTIONARY,,,20260725T035002Z
cpe:2.3:a:libnpmorg:libnpmorg:8.0.1:*:*:*:*:*:*:*,1,NOT_IN_DICTIONARY,,,20260725T035002Z
cpe:2.3:a:libnpmpack:libnpmpack:9.1.9:*:*:*:*:*:*:*,1,NOT_IN_DICTIONARY,,,20260725T035002Z
cpe:2.3:a:libnpmpublish:libnpmpublish:11.2.0:*:*:*:*:*:*:*,1,NOT_IN_DICTIONARY,,,20260725T035002Z
cpe:2.3:a:libnpmsearch:libnpmsearch:9.0.1:*:*:*:*:*:*:*,1,NOT_IN_DICTIONARY,,,20260725T035002Z
cpe:2.3:a:libnpmteam:libnpmteam:8.0.2:*:*:*:*:*:*:*,1,NOT_IN_DICTIONARY,,,20260725T035002Z
cpe:2.3:a:libnpmversion:libnpmversion:8.0.4:*:*:*:*:*:*:*,1,NOT_IN_DICTIONARY,,,20260725T035002Z
cpe:2.3:a:libnpth0:libnpth0:1.6-3:*:*:*:*:*:*:*,1,NOT_IN_DICTIONARY,,,20260725T035002Z
cpe:2.3:a:libnpth0t64:libnpth0t64:1.8-3:*:*:*:*:*:*:*,2,NOT_IN_DICTIONARY,,,20260725T035002Z
cpe:2.3:a:libnsl-dev:libnsl-dev:1.3.0-2:*:*:*:*:*:*:*,1,NOT_IN_DICTIONARY,,,20260725T035002Z
cpe:2.3:a:libnsl2:libnsl2:1.3.0-2:*:*:*:*:*:*:*,1,NOT_IN_DICTIONARY,,,20260725T035002Z
cpe:2.3:a:libnss-wrapper:libnss-wrapper:1.1.16-1:*:*:*:*:*:*:*,1,NOT_IN_DICTIONARY,,,20260725T035002Z
cpe:2.3:a:libnuma1:libnuma1:2.0.16-1:*:*:*:*:*:*:*,1,NOT_IN_DICTIONARY,,,20260725T035002Z
cpe:2.3:a:libnuma1:libnuma1:2.0.19-1:*:*:*:*:*:*:*,1,NOT_IN_DICTIONARY,,,20260725T035002Z
cpe:2.3:a:libopenexr-3-1-30:libopenexr-3-1-30:3.1.13-2:*:*:*:*:*:*:*,1,NOT_IN_DICTIONARY,,,20260725T035002Z
cpe:2.3:a:libopenexr-3-1-30:libopenexr-3-1-30:3.1.5-5:*:*:*:*:*:*:*,1,NOT_IN_DICTIONARY,,,20260725T035002Z
cpe:2.3:a:libopenexr-dev:libopenexr-dev:3.1.13-2:*:*:*:*:*:*:*,1,NOT_IN_DICTIONARY,,,20260725T035002Z
cpe:2.3:a:libopenexr-dev:libopenexr-dev:3.1.5-5:*:*:*:*:*:*:*,1,NOT_IN_DICTIONARY,,,20260725T035002Z
cpe:2.3:a:libopenjp2-7-dev:libopenjp2-7-dev:2.5.0-2\+deb12u3:*:*:*:*:*:*:*,1,NOT_IN_DICTIONARY,,,20260725T035002Z
cpe:2.3:a:libopenjp2-7-dev:libopenjp2-7-dev:2.5.3-2.1\~deb13u2:*:*:*:*:*:*:*,1,NOT_IN_DICTIONARY,,,20260725T035002Z
cpe:2.3:a:libopenjp2-7:libopenjp2-7:2.5.0-2\+deb12u3:*:*:*:*:*:*:*,1,NOT_IN_DICTIONARY,,,20260725T035002Z
cpe:2.3:a:libopenjp2-7:libopenjp2-7:2.5.3-2.1\~deb13u2:*:*:*:*:*:*:*,1,NOT_IN_DICTIONARY,,,20260725T035002Z
cpe:2.3:a:libp11-kit-dev:libp11-kit-dev:0.25.5-3:*:*:*:*:*:*:*,1,NOT_IN_DICTIONARY,,,20260725T035002Z
cpe:2.3:a:libp11-kit0:libp11-kit0:0.24.1-2:*:*:*:*:*:*:*,1,NOT_IN_DICTIONARY,,,20260725T035002Z
cpe:2.3:a:libp11-kit0:libp11-kit0:0.25.5-3:*:*:*:*:*:*:*,3,NOT_IN_DICTIONARY,,,20260725T035002Z
cpe:2.3:a:libpam-modules-bin:libpam-modules-bin:1.5.2-6\+deb12u2:*:*:*:*:*:*:*,1,NOT_IN_DICTIONARY,,,20260725T035002Z
cpe:2.3:a:libpam-modules-bin:libpam-modules-bin:1.7.0-5:*:*:*:*:*:*:*,5,NOT_IN_DICTIONARY,,,20260725T035002Z
cpe:2.3:a:libpam-modules-bin:libpam-modules-bin:1.7.0-5ubuntu3:*:*:*:*:*:*:*,1,NOT_IN_DICTIONARY,,,20260725T035002Z
cpe:2.3:a:libpam-modules:libpam-modules:1.5.2-6\+deb12u2:*:*:*:*:*:*:*,1,NOT_IN_DICTIONARY,,,20260725T035002Z
cpe:2.3:a:libpam-modules:libpam-modules:1.7.0-5:*:*:*:*:*:*:*,5,NOT_IN_DICTIONARY,,,20260725T035002Z
cpe:2.3:a:libpam-modules:libpam-modules:1.7.0-5ubuntu3:*:*:*:*:*:*:*,1,NOT_IN_DICTIONARY,,,20260725T035002Z
cpe:2.3:a:libpam-runtime:libpam-runtime:1.5.2-6\+deb12u2:*:*:*:*:*:*:*,1,NOT_IN_DICTIONARY,,,20260725T035002Z
cpe:2.3:a:libpam-runtime:libpam-runtime:1.7.0-5:*:*:*:*:*:*:*,5,NOT_IN_DICTIONARY,,,20260725T035002Z
cpe:2.3:a:libpam-runtime:libpam-runtime:1.7.0-5ubuntu3:*:*:*:*:*:*:*,1,NOT_IN_DICTIONARY,,,20260725T035002Z
cpe:2.3:a:libpam0g:libpam0g:1.5.2-6\+deb12u2:*:*:*:*:*:*:*,1,NOT_IN_DICTIONARY,,,20260725T035002Z
cpe:2.3:a:libpam0g:libpam0g:1.7.0-5:*:*:*:*:*:*:*,5,NOT_IN_DICTIONARY,,,20260725T035002Z
cpe:2.3:a:libpam0g:libpam0g:1.7.0-5ubuntu3:*:*:*:*:*:*:*,1,NOT_IN_DICTIONARY,,,20260725T035002Z
cpe:2.3:a:libpango-1.0-0:libpango-1.0-0:1.50.12\+ds-1:*:*:*:*:*:*:*,1,NOT_IN_DICTIONARY,,,20260725T035002Z
cpe:2.3:a:libpango-1.0-0:libpango-1.0-0:1.56.3-1:*:*:*:*:*:*:*,1,NOT_IN_DICTIONARY,,,20260725T035002Z
cpe:2.3:a:libpango1.0-dev:libpango1.0-dev:1.56.3-1:*:*:*:*:*:*:*,1,NOT_IN_DICTIONARY,,,20260725T035002Z
cpe:2.3:a:libpangocairo-1.0-0:libpangocairo-1.0-0:1.50.12\+ds-1:*:*:*:*:*:*:*,1,NOT_IN_DICTIONARY,,,20260725T035002Z
cpe:2.3:a:libpangocairo-1.0-0:libpangocairo-1.0-0:1.56.3-1:*:*:*:*:*:*:*,1,NOT_IN_DICTIONARY,,,20260725T035002Z
cpe:2.3:a:libpangoft2-1.0-0:libpangoft2-1.0-0:1.50.12\+ds-1:*:*:*:*:*:*:*,1,NOT_IN_DICTIONARY,,,20260725T035002Z
cpe:2.3:a:libpangoft2-1.0-0:libpangoft2-1.0-0:1.56.3-1:*:*:*:*:*:*:*,1,NOT_IN_DICTIONARY,,,20260725T035002Z
cpe:2.3:a:libpangoxft-1.0-0:libpangoxft-1.0-0:1.56.3-1:*:*:*:*:*:*:*,1,NOT_IN_DICTIONARY,,,20260725T035002Z
cpe:2.3:a:libpcre2-16-0:libpcre2-16-0:10.42-1:*:*:*:*:*:*:*,1,NOT_IN_DICTIONARY,,,20260725T035002Z
cpe:2.3:a:libpcre2-16-0:libpcre2-16-0:10.46-1\~deb13u1:*:*:*:*:*:*:*,1,NOT_IN_DICTIONARY,,,20260725T035002Z
cpe:2.3:a:libpcre2-32-0:libpcre2-32-0:10.42-1:*:*:*:*:*:*:*,1,NOT_IN_DICTIONARY,,,20260725T035002Z
cpe:2.3:a:libpcre2-32-0:libpcre2-32-0:10.46-1\~deb13u1:*:*:*:*:*:*:*,1,NOT_IN_DICTIONARY,,,20260725T035002Z
cpe:2.3:a:libpcre2-8-0:libpcre2-8-0:10.42-1:*:*:*:*:*:*:*,1,NOT_IN_DICTIONARY,,,20260725T035002Z
cpe:2.3:a:libpcre2-8-0:libpcre2-8-0:10.46-1\~deb13u1:*:*:*:*:*:*:*,5,NOT_IN_DICTIONARY,,,20260725T035002Z
cpe:2.3:a:libpcre2-8-0:libpcre2-8-0:10.46-1build1:*:*:*:*:*:*:*,1,NOT_IN_DICTIONARY,,,20260725T035002Z
cpe:2.3:a:libpcre2-dev:libpcre2-dev:10.42-1:*:*:*:*:*:*:*,1,NOT_IN_DICTIONARY,,,20260725T035002Z
cpe:2.3:a:libpcre2-dev:libpcre2-dev:10.46-1\~deb13u1:*:*:*:*:*:*:*,1,NOT_IN_DICTIONARY,,,20260725T035002Z
cpe:2.3:a:libpcre2-posix3:libpcre2-posix3:10.42-1:*:*:*:*:*:*:*,1,NOT_IN_DICTIONARY,,,20260725T035002Z
cpe:2.3:a:libpcre2-posix3:libpcre2-posix3:10.46-1\~deb13u1:*:*:*:*:*:*:*,1,NOT_IN_DICTIONARY,,,20260725T035002Z
cpe:2.3:a:libperl5.36:libperl5.36:5.36.0-7\+deb12u3:*:*:*:*:*:*:*,1,NOT_IN_DICTIONARY,,,20260725T035002Z
cpe:2.3:a:libperl5.40:libperl5.40:5.40.1-6:*:*:*:*:*:*:*,2,NOT_IN_DICTIONARY,,,20260725T035002Z
cpe:2.3:a:libpixman-1-0:libpixman-1-0:0.42.2-1:*:*:*:*:*:*:*,1,NOT_IN_DICTIONARY,,,20260725T035002Z
cpe:2.3:a:libpixman-1-0:libpixman-1-0:0.44.0-3:*:*:*:*:*:*:*,1,NOT_IN_DICTIONARY,,,20260725T035002Z
cpe:2.3:a:libpixman-1-dev:libpixman-1-dev:0.42.2-1:*:*:*:*:*:*:*,1,NOT_IN_DICTIONARY,,,20260725T035002Z
cpe:2.3:a:libpixman-1-dev:libpixman-1-dev:0.44.0-3:*:*:*:*:*:*:*,1,NOT_IN_DICTIONARY,,,20260725T035002Z
cpe:2.3:a:libpkgconf3:libpkgconf3:1.8.1-1:*:*:*:*:*:*:*,1,NOT_IN_DICTIONARY,,,20260725T035002Z
cpe:2.3:a:libpkgconf3:libpkgconf3:1.8.1-4:*:*:*:*:*:*:*,1,NOT_IN_DICTIONARY,,,20260725T035002Z
cpe:2.3:a:libpng-dev:libpng-dev:1.6.39-2\+deb12u5:*:*:*:*:*:*:*,1,NOT_IN_DICTIONARY,,,20260725T035002Z
cpe:2.3:a:libpng-dev:libpng-dev:1.6.48-1\+deb13u5:*:*:*:*:*:*:*,1,NOT_IN_DICTIONARY,,,20260725T035002Z
cpe:2.3:a:libpng16-16:libpng16-16:1.6.39-2\+deb12u5:*:*:*:*:*:*:*,1,NOT_IN_DICTIONARY,,,20260725T035002Z
cpe:2.3:a:libpng16-16t64:libpng16-16t64:1.6.48-1\+deb13u5:*:*:*:*:*:*:*,2,NOT_IN_DICTIONARY,,,20260725T035002Z
cpe:2.3:a:libpq-dev:libpq-dev:15.18-0\+deb12u1:*:*:*:*:*:*:*,1,NOT_IN_DICTIONARY,,,20260725T035002Z
cpe:2.3:a:libpq-dev:libpq-dev:17.10-0\+deb13u1:*:*:*:*:*:*:*,1,NOT_IN_DICTIONARY,,,20260725T035002Z
cpe:2.3:a:libpq5:libpq5:15.18-0\+deb12u1:*:*:*:*:*:*:*,1,NOT_IN_DICTIONARY,,,20260725T035002Z
cpe:2.3:a:libpq5:libpq5:17.10-0\+deb13u1:*:*:*:*:*:*:*,1,NOT_IN_DICTIONARY,,,20260725T035002Z
cpe:2.3:a:libpq5:libpq5:18.4-1.pgdg13\+1:*:*:*:*:*:*:*,1,NOT_IN_DICTIONARY,,,20260725T035002Z
cpe:2.3:a:libproc2-0:libproc2-0:2\:4.0.2-3:*:*:*:*:*:*:*,1,NOT_IN_DICTIONARY,,,20260725T035002Z
cpe:2.3:a:libproc2-0:libproc2-0:2\:4.0.4-9:*:*:*:*:*:*:*,2,NOT_IN_DICTIONARY,,,20260725T035002Z
cpe:2.3:a:libproc2-0:libproc2-0:2\:4.0.4-9ubuntu1:*:*:*:*:*:*:*,1,NOT_IN_DICTIONARY,,,20260725T035002Z
cpe:2.3:a:libpsl-dev:libpsl-dev:0.21.2-1.1\+b1:*:*:*:*:*:*:*,1,NOT_IN_DICTIONARY,,,20260725T035002Z
cpe:2.3:a:libpsl5:libpsl5:0.21.2-1:*:*:*:*:*:*:*,1,NOT_IN_DICTIONARY,,,20260725T035002Z
cpe:2.3:a:libpsl5t64:libpsl5t64:0.21.2-1.1\+b1:*:*:*:*:*:*:*,2,NOT_IN_DICTIONARY,,,20260725T035002Z
cpe:2.3:a:libpthread-stubs0-dev:libpthread-stubs0-dev:0.4-1:*:*:*:*:*:*:*,1,NOT_IN_DICTIONARY,,,20260725T035002Z
cpe:2.3:a:libpython3-stdlib:libpython3-stdlib:3.11.2-1\+b1:*:*:*:*:*:*:*,1,NOT_IN_DICTIONARY,,,20260725T035002Z
cpe:2.3:a:libpython3-stdlib:libpython3-stdlib:3.13.5-1:*:*:*:*:*:*:*,1,NOT_IN_DICTIONARY,,,20260725T035002Z
cpe:2.3:a:libpython3.11-minimal:libpython3.11-minimal:3.11.2-6\+deb12u8:*:*:*:*:*:*:*,1,NOT_IN_DICTIONARY,,,20260725T035002Z
cpe:2.3:a:libpython3.11-stdlib:libpython3.11-stdlib:3.11.2-6\+deb12u8:*:*:*:*:*:*:*,1,NOT_IN_DICTIONARY,,,20260725T035002Z
cpe:2.3:a:libpython3.13-minimal:libpython3.13-minimal:3.13.5-2\+deb13u3:*:*:*:*:*:*:*,1,NOT_IN_DICTIONARY,,,20260725T035002Z
cpe:2.3:a:libpython3.13-stdlib:libpython3.13-stdlib:3.13.5-2\+deb13u3:*:*:*:*:*:*:*,1,NOT_IN_DICTIONARY,,,20260725T035002Z
cpe:2.3:a:libquadmath0:libquadmath0:12.2.0-14\+deb12u1:*:*:*:*:*:*:*,1,NOT_IN_DICTIONARY,,,20260725T035002Z
cpe:2.3:a:libquadmath0:libquadmath0:14.2.0-19:*:*:*:*:*:*:*,1,NOT_IN_DICTIONARY,,,20260725T035002Z
cpe:2.3:a:librav1e0.7:librav1e0.7:0.7.1-9\+b2:*:*:*:*:*:*:*,1,NOT_IN_DICTIONARY,,,20260725T035002Z
cpe:2.3:a:libraw23t64:libraw23t64:0.21.4-2:*:*:*:*:*:*:*,1,NOT_IN_DICTIONARY,,,20260725T035002Z
cpe:2.3:a:libreadline-dev:libreadline-dev:8.2-1.3:*:*:*:*:*:*:*,1,NOT_IN_DICTIONARY,,,20260725T035002Z
cpe:2.3:a:libreadline-dev:libreadline-dev:8.2-6:*:*:*:*:*:*:*,1,NOT_IN_DICTIONARY,,,20260725T035002Z
cpe:2.3:a:libreadline8:libreadline8:8.2-1.3:*:*:*:*:*:*:*,1,NOT_IN_DICTIONARY,,,20260725T035002Z
cpe:2.3:a:libreadline8t64:libreadline8t64:8.2-6:*:*:*:*:*:*:*,2,NOT_IN_DICTIONARY,,,20260725T035002Z
cpe:2.3:a:libreport-filesystem:libreport-filesystem:2.15.2-6.0.3.el9:*:*:*:*:*:*:*,1,NOT_IN_DICTIONARY,,,20260725T035002Z
cpe:2.3:a:librsvg2-2:librsvg2-2:2.54.7\+dfsg-1\~deb12u1:*:*:*:*:*:*:*,1,NOT_IN_DICTIONARY,,,20260725T035002Z
cpe:2.3:a:librsvg2-2:librsvg2-2:2.60.0\+dfsg-1:*:*:*:*:*:*:*,1,NOT_IN_DICTIONARY,,,20260725T035002Z
cpe:2.3:a:librsvg2-common:librsvg2-common:2.54.7\+dfsg-1\~deb12u1:*:*:*:*:*:*:*,1,NOT_IN_DICTIONARY,,,20260725T035002Z
cpe:2.3:a:librsvg2-common:librsvg2-common:2.60.0\+dfsg-1:*:*:*:*:*:*:*,1,NOT_IN_DICTIONARY,,,20260725T035002Z
cpe:2.3:a:librsvg2-dev:librsvg2-dev:2.54.7\+dfsg-1\~deb12u1:*:*:*:*:*:*:*,1,NOT_IN_DICTIONARY,,,20260725T035002Z
cpe:2.3:a:librsvg2-dev:librsvg2-dev:2.60.0\+dfsg-1:*:*:*:*:*:*:*,1,NOT_IN_DICTIONARY,,,20260725T035002Z
cpe:2.3:a:librtmp-dev:librtmp-dev:2.4\+20151223.gitfa8646d.1-2\+b5:*:*:*:*:*:*:*,1,NOT_IN_DICTIONARY,,,20260725T035002Z
cpe:2.3:a:librtmp1:librtmp1:2.4\+20151223.gitfa8646d.1-2\+b2:*:*:*:*:*:*:*,1,NOT_IN_DICTIONARY,,,20260725T035002Z
cpe:2.3:a:librtmp1:librtmp1:2.4\+20151223.gitfa8646d.1-2\+b5:*:*:*:*:*:*:*,2,NOT_IN_DICTIONARY,,,20260725T035002Z
cpe:2.3:a:libsasl2-2:libsasl2-2:2.1.28\+dfsg-10:*:*:*:*:*:*:*,1,NOT_IN_DICTIONARY,,,20260725T035002Z
cpe:2.3:a:libsasl2-2:libsasl2-2:2.1.28\+dfsg1-9:*:*:*:*:*:*:*,4,NOT_IN_DICTIONARY,,,20260725T035002Z
cpe:2.3:a:libsasl2-modules-db:libsasl2-modules-db:2.1.28\+dfsg-10:*:*:*:*:*:*:*,1,NOT_IN_DICTIONARY,,,20260725T035002Z
cpe:2.3:a:libsasl2-modules-db:libsasl2-modules-db:2.1.28\+dfsg1-9:*:*:*:*:*:*:*,4,NOT_IN_DICTIONARY,,,20260725T035002Z
cpe:2.3:a:libsasl2-modules:libsasl2-modules:2.1.28\+dfsg1-9:*:*:*:*:*:*:*,1,NOT_IN_DICTIONARY,,,20260725T035002Z
cpe:2.3:a:libseccomp2:libseccomp2:2.5.4-1\+deb12u1:*:*:*:*:*:*:*,1,NOT_IN_DICTIONARY,,,20260725T035002Z
cpe:2.3:a:libseccomp2:libseccomp2:2.6.0-2:*:*:*:*:*:*:*,5,NOT_IN_DICTIONARY,,,20260725T035002Z
cpe:2.3:a:libseccomp2:libseccomp2:2.6.0-2ubuntu5:*:*:*:*:*:*:*,1,NOT_IN_DICTIONARY,,,20260725T035002Z
cpe:2.3:a:libselinux1-dev:libselinux1-dev:3.4-1\+b6:*:*:*:*:*:*:*,1,NOT_IN_DICTIONARY,,,20260725T035002Z
cpe:2.3:a:libselinux1-dev:libselinux1-dev:3.8.1-1:*:*:*:*:*:*:*,1,NOT_IN_DICTIONARY,,,20260725T035002Z
cpe:2.3:a:libselinux1:libselinux1:3.4-1\+b6:*:*:*:*:*:*:*,1,NOT_IN_DICTIONARY,,,20260725T035002Z
cpe:2.3:a:libselinux1:libselinux1:3.8.1-1:*:*:*:*:*:*:*,5,NOT_IN_DICTIONARY,,,20260725T035002Z
cpe:2.3:a:libselinux1:libselinux1:3.9-4build1:*:*:*:*:*:*:*,1,NOT_IN_DICTIONARY,,,20260725T035002Z
cpe:2.3:a:libsemanage-common:libsemanage-common:3.4-1:*:*:*:*:*:*:*,1,NOT_IN_DICTIONARY,,,20260725T035002Z
cpe:2.3:a:libsemanage-common:libsemanage-common:3.8.1-1:*:*:*:*:*:*:*,5,NOT_IN_DICTIONARY,,,20260725T035002Z
cpe:2.3:a:libsemanage-common:libsemanage-common:3.9-1build1:*:*:*:*:*:*:*,1,NOT_IN_DICTIONARY,,,20260725T035002Z
cpe:2.3:a:libsemanage2:libsemanage2:3.4-1\+b5:*:*:*:*:*:*:*,1,NOT_IN_DICTIONARY,,,20260725T035002Z
cpe:2.3:a:libsemanage2:libsemanage2:3.8.1-1:*:*:*:*:*:*:*,5,NOT_IN_DICTIONARY,,,20260725T035002Z
cpe:2.3:a:libsemanage2:libsemanage2:3.9-1build1:*:*:*:*:*:*:*,1,NOT_IN_DICTIONARY,,,20260725T035002Z
cpe:2.3:a:libsepol-dev:libsepol-dev:3.4-2.1:*:*:*:*:*:*:*,1,NOT_IN_DICTIONARY,,,20260725T035002Z
cpe:2.3:a:libsepol-dev:libsepol-dev:3.8.1-1:*:*:*:*:*:*:*,1,NOT_IN_DICTIONARY,,,20260725T035002Z
cpe:2.3:a:libsepol2:libsepol2:3.4-2.1:*:*:*:*:*:*:*,1,NOT_IN_DICTIONARY,,,20260725T035002Z
cpe:2.3:a:libsepol2:libsepol2:3.8.1-1:*:*:*:*:*:*:*,5,NOT_IN_DICTIONARY,,,20260725T035002Z
cpe:2.3:a:libsepol2:libsepol2:3.9-2:*:*:*:*:*:*:*,1,NOT_IN_DICTIONARY,,,20260725T035002Z
cpe:2.3:a:libserf-1-1:libserf-1-1:1.3.10-3\+b1:*:*:*:*:*:*:*,1,NOT_IN_DICTIONARY,,,20260725T035002Z
cpe:2.3:a:libserf-1-1:libserf-1-1:1.3.9-11:*:*:*:*:*:*:*,1,NOT_IN_DICTIONARY,,,20260725T035002Z
cpe:2.3:a:libsframe1:libsframe1:2.44-3:*:*:*:*:*:*:*,1,NOT_IN_DICTIONARY,,,20260725T035002Z
cpe:2.3:a:libsharpyuv-dev:libsharpyuv-dev:1.5.0-0.1:*:*:*:*:*:*:*,1,NOT_IN_DICTIONARY,,,20260725T035002Z
cpe:2.3:a:libsharpyuv0:libsharpyuv0:1.5.0-0.1:*:*:*:*:*:*:*,2,NOT_IN_DICTIONARY,,,20260725T035002Z
cpe:2.3:a:libsm-dev:libsm-dev:2\:1.2.3-1:*:*:*:*:*:*:*,1,NOT_IN_DICTIONARY,,,20260725T035002Z
cpe:2.3:a:libsm-dev:libsm-dev:2\:1.2.6-1:*:*:*:*:*:*:*,1,NOT_IN_DICTIONARY,,,20260725T035002Z
cpe:2.3:a:libsm6:libsm6:2\:1.2.3-1:*:*:*:*:*:*:*,1,NOT_IN_DICTIONARY,,,20260725T035002Z
cpe:2.3:a:libsm6:libsm6:2\:1.2.6-1:*:*:*:*:*:*:*,1,NOT_IN_DICTIONARY,,,20260725T035002Z
cpe:2.3:a:libsmartcols1:libsmartcols1:2.38.1-5\+deb12u3:*:*:*:*:*:*:*,1,NOT_IN_DICTIONARY,,,20260725T035002Z
cpe:2.3:a:libsmartcols1:libsmartcols1:2.41-5:*:*:*:*:*:*:*,5,NOT_IN_DICTIONARY,,,20260725T035002Z
cpe:2.3:a:libsmartcols1:libsmartcols1:2.41.3-3ubuntu2:*:*:*:*:*:*:*,1,NOT_IN_DICTIONARY,,,20260725T035002Z
cpe:2.3:a:libsqlite3-0:libsqlite3-0:3.40.1-2\+deb12u2:*:*:*:*:*:*:*,1,NOT_IN_DICTIONARY,,,20260725T035002Z
cpe:2.3:a:libsqlite3-0:libsqlite3-0:3.46.1-7\+deb13u1:*:*:*:*:*:*:*,5,NOT_IN_DICTIONARY,,,20260725T035002Z
cpe:2.3:a:libsqlite3-dev:libsqlite3-dev:3.40.1-2\+deb12u2:*:*:*:*:*:*:*,1,NOT_IN_DICTIONARY,,,20260725T035002Z
cpe:2.3:a:libsqlite3-dev:libsqlite3-dev:3.46.1-7\+deb13u1:*:*:*:*:*:*:*,1,NOT_IN_DICTIONARY,,,20260725T035002Z
cpe:2.3:a:libss2:libss2:1.47.0-2\+b2:*:*:*:*:*:*:*,1,NOT_IN_DICTIONARY,,,20260725T035002Z
cpe:2.3:a:libss2:libss2:1.47.2-3ubuntu4:*:*:*:*:*:*:*,1,NOT_IN_DICTIONARY,,,20260725T035002Z
cpe:2.3:a:libssh-config:libssh-config:0.10.4-18.el9:*:*:*:*:*:*:*,1,NOT_IN_DICTIONARY,,,20260725T035002Z
cpe:2.3:a:libssh2-1-dev:libssh2-1-dev:1.11.1-1\+deb13u1:*:*:*:*:*:*:*,1,NOT_IN_DICTIONARY,,,20260725T035002Z
cpe:2.3:a:libssh2-1:libssh2-1:1.10.0-3\+b1:*:*:*:*:*:*:*,1,NOT_IN_DICTIONARY,,,20260725T035002Z
cpe:2.3:a:libssh2-1t64:libssh2-1t64:1.11.1-1\+deb13u1:*:*:*:*:*:*:*,2,NOT_IN_DICTIONARY,,,20260725T035002Z
cpe:2.3:a:libssl-dev:libssl-dev:3.0.20-1\~deb12u2:*:*:*:*:*:*:*,1,NOT_IN_DICTIONARY,,,20260725T035002Z
cpe:2.3:a:libssl-dev:libssl-dev:3.5.6-1\~deb13u2:*:*:*:*:*:*:*,1,NOT_IN_DICTIONARY,,,20260725T035002Z
cpe:2.3:a:libssl3:libssl3:3.0.20-1\~deb12u2:*:*:*:*:*:*:*,1,NOT_IN_DICTIONARY,,,20260725T035002Z
cpe:2.3:a:libssl3:libssl3:3.5.7-r0:*:*:*:*:*:*:*,1,NOT_IN_DICTIONARY,,,20260725T035002Z
cpe:2.3:a:libssl3t64:libssl3t64:3.5.5-1ubuntu3.2:*:*:*:*:*:*:*,1,NOT_IN_DICTIONARY,,,20260725T035002Z
cpe:2.3:a:libssl3t64:libssl3t64:3.5.6-1\~deb13u2:*:*:*:*:*:*:*,5,NOT_IN_DICTIONARY,,,20260725T035002Z
cpe:2.3:a:libstdc\+\+-12-dev:libstdc\+\+-12-dev:12.2.0-14\+deb12u1:*:*:*:*:*:*:*,1,NOT_IN_DICTIONARY,,,20260725T035002Z
cpe:2.3:a:libstdc\+\+-14-dev:libstdc\+\+-14-dev:14.2.0-19:*:*:*:*:*:*:*,1,NOT_IN_DICTIONARY,,,20260725T035002Z
cpe:2.3:a:libstdc\+\+6:libstdc\+\+6:12.2.0-14\+deb12u1:*:*:*:*:*:*:*,1,NOT_IN_DICTIONARY,,,20260725T035002Z
cpe:2.3:a:libstdc\+\+6:libstdc\+\+6:14.2.0-19:*:*:*:*:*:*:*,5,NOT_IN_DICTIONARY,,,20260725T035002Z
cpe:2.3:a:libstdc\+\+6:libstdc\+\+6:16-20260322-1ubuntu1:*:*:*:*:*:*:*,1,NOT_IN_DICTIONARY,,,20260725T035002Z
cpe:2.3:a:libsvn1:libsvn1:1.14.2-4\+deb12u1:*:*:*:*:*:*:*,1,NOT_IN_DICTIONARY,,,20260725T035002Z
cpe:2.3:a:libsvn1:libsvn1:1.14.5-3:*:*:*:*:*:*:*,1,NOT_IN_DICTIONARY,,,20260725T035002Z
cpe:2.3:a:libsvtav1enc2:libsvtav1enc2:2.3.0\+dfsg-1:*:*:*:*:*:*:*,1,NOT_IN_DICTIONARY,,,20260725T035002Z
cpe:2.3:a:libsysprof-capture-4-dev:libsysprof-capture-4-dev:48.0-2:*:*:*:*:*:*:*,1,NOT_IN_DICTIONARY,,,20260725T035002Z
cpe:2.3:a:libsystemd0:libsystemd0:252.39-1\~deb12u2:*:*:*:*:*:*:*,1,NOT_IN_DICTIONARY,,,20260725T035002Z
cpe:2.3:a:libsystemd0:libsystemd0:257.13-1\~deb13u1:*:*:*:*:*:*:*,5,NOT_IN_DICTIONARY,,,20260725T035002Z
cpe:2.3:a:libsystemd0:libsystemd0:259.5-0ubuntu3:*:*:*:*:*:*:*,1,NOT_IN_DICTIONARY,,,20260725T035002Z
cpe:2.3:a:libtasn1-6-dev:libtasn1-6-dev:4.20.0-2\+deb13u1:*:*:*:*:*:*:*,1,NOT_IN_DICTIONARY,,,20260725T035002Z
cpe:2.3:a:libtasn1-6:libtasn1-6:4.19.0-2\+deb12u1:*:*:*:*:*:*:*,1,NOT_IN_DICTIONARY,,,20260725T035002Z
cpe:2.3:a:libtasn1-6:libtasn1-6:4.20.0-2\+deb13u1:*:*:*:*:*:*:*,3,NOT_IN_DICTIONARY,,,20260725T035002Z
cpe:2.3:a:libtcl8.6:libtcl8.6:8.6.16\+dfsg-1:*:*:*:*:*:*:*,1,NOT_IN_DICTIONARY,,,20260725T035002Z
cpe:2.3:a:libtext-charwidth-perl:libtext-charwidth-perl:0.04-11\+b4:*:*:*:*:*:*:*,2,NOT_IN_DICTIONARY,,,20260725T035002Z
cpe:2.3:a:libtext-wrapi18n-perl:libtext-wrapi18n-perl:0.06-10:*:*:*:*:*:*:*,2,NOT_IN_DICTIONARY,,,20260725T035002Z
cpe:2.3:a:libthai-data:libthai-data:0.1.29-1:*:*:*:*:*:*:*,1,NOT_IN_DICTIONARY,,,20260725T035002Z
cpe:2.3:a:libthai-data:libthai-data:0.1.29-2:*:*:*:*:*:*:*,1,NOT_IN_DICTIONARY,,,20260725T035002Z
cpe:2.3:a:libthai-dev:libthai-dev:0.1.29-2\+b1:*:*:*:*:*:*:*,1,NOT_IN_DICTIONARY,,,20260725T035002Z
cpe:2.3:a:libthai0:libthai0:0.1.29-1:*:*:*:*:*:*:*,1,NOT_IN_DICTIONARY,,,20260725T035002Z
cpe:2.3:a:libthai0:libthai0:0.1.29-2\+b1:*:*:*:*:*:*:*,1,NOT_IN_DICTIONARY,,,20260725T035002Z
cpe:2.3:a:libtiff-dev:libtiff-dev:4.5.0-6\+deb12u4:*:*:*:*:*:*:*,1,NOT_IN_DICTIONARY,,,20260725T035002Z
cpe:2.3:a:libtiff-dev:libtiff-dev:4.7.0-3\+deb13u2:*:*:*:*:*:*:*,1,NOT_IN_DICTIONARY,,,20260725T035002Z
cpe:2.3:a:libtiff6:libtiff6:4.5.0-6\+deb12u4:*:*:*:*:*:*:*,1,NOT_IN_DICTIONARY,,,20260725T035002Z
cpe:2.3:a:libtiff6:libtiff6:4.7.0-3\+deb13u2:*:*:*:*:*:*:*,2,NOT_IN_DICTIONARY,,,20260725T035002Z
cpe:2.3:a:libtiffxx6:libtiffxx6:4.5.0-6\+deb12u4:*:*:*:*:*:*:*,1,NOT_IN_DICTIONARY,,,20260725T035002Z
cpe:2.3:a:libtiffxx6:libtiffxx6:4.7.0-3\+deb13u2:*:*:*:*:*:*:*,1,NOT_IN_DICTIONARY,,,20260725T035002Z
cpe:2.3:a:libtinfo6:libtinfo6:6.4-4:*:*:*:*:*:*:*,1,NOT_IN_DICTIONARY,,,20260725T035002Z
cpe:2.3:a:libtinfo6:libtinfo6:6.5\+20250216-2:*:*:*:*:*:*:*,5,NOT_IN_DICTIONARY,,,20260725T035002Z
cpe:2.3:a:libtinfo6:libtinfo6:6.6\+20251231-1:*:*:*:*:*:*:*,1,NOT_IN_DICTIONARY,,,20260725T035002Z
cpe:2.3:a:libtirpc-common:libtirpc-common:1.3.3\+ds-1:*:*:*:*:*:*:*,1,NOT_IN_DICTIONARY,,,20260725T035002Z
cpe:2.3:a:libtirpc-dev:libtirpc-dev:1.3.3\+ds-1:*:*:*:*:*:*:*,1,NOT_IN_DICTIONARY,,,20260725T035002Z
cpe:2.3:a:libtirpc3:libtirpc3:1.3.3\+ds-1:*:*:*:*:*:*:*,1,NOT_IN_DICTIONARY,,,20260725T035002Z
cpe:2.3:a:libtk8.6:libtk8.6:8.6.16-1:*:*:*:*:*:*:*,1,NOT_IN_DICTIONARY,,,20260725T035002Z
cpe:2.3:a:libtool:libtool:2.4.7-7\~deb12u1:*:*:*:*:*:*:*,1,NOT_IN_DICTIONARY,,,20260725T035002Z
cpe:2.3:a:libtool:libtool:2.5.4-4:*:*:*:*:*:*:*,1,NOT_IN_DICTIONARY,,,20260725T035002Z
cpe:2.3:a:libtsan2:libtsan2:12.2.0-14\+deb12u1:*:*:*:*:*:*:*,1,NOT_IN_DICTIONARY,,,20260725T035002Z
cpe:2.3:a:libtsan2:libtsan2:14.2.0-19:*:*:*:*:*:*:*,1,NOT_IN_DICTIONARY,,,20260725T035002Z
cpe:2.3:a:libubsan1:libubsan1:12.2.0-14\+deb12u1:*:*:*:*:*:*:*,1,NOT_IN_DICTIONARY,,,20260725T035002Z
cpe:2.3:a:libubsan1:libubsan1:14.2.0-19:*:*:*:*:*:*:*,1,NOT_IN_DICTIONARY,,,20260725T035002Z
cpe:2.3:a:libudev1:libudev1:252.39-1\~deb12u2:*:*:*:*:*:*:*,1,NOT_IN_DICTIONARY,,,20260725T035002Z
cpe:2.3:a:libudev1:libudev1:257.13-1\~deb13u1:*:*:*:*:*:*:*,5,NOT_IN_DICTIONARY,,,20260725T035002Z
cpe:2.3:a:libudev1:libudev1:259.5-0ubuntu3:*:*:*:*:*:*:*,1,NOT_IN_DICTIONARY,,,20260725T035002Z
cpe:2.3:a:libunbound8:libunbound8:1.22.0-2\+deb13u3:*:*:*:*:*:*:*,1,NOT_IN_DICTIONARY,,,20260725T035002Z
cpe:2.3:a:libunistring2:libunistring2:1.0-2:*:*:*:*:*:*:*,1,NOT_IN_DICTIONARY,,,20260725T035002Z
cpe:2.3:a:libunistring5:libunistring5:1.3-2:*:*:*:*:*:*:*,3,NOT_IN_DICTIONARY,,,20260725T035002Z
cpe:2.3:a:liburing2:liburing2:2.9-1:*:*:*:*:*:*:*,1,NOT_IN_DICTIONARY,,,20260725T035002Z
cpe:2.3:a:libutf8proc2:libutf8proc2:2.8.0-1:*:*:*:*:*:*:*,1,NOT_IN_DICTIONARY,,,20260725T035002Z
cpe:2.3:a:libutf8proc3:libutf8proc3:2.9.0-1\+b2:*:*:*:*:*:*:*,1,NOT_IN_DICTIONARY,,,20260725T035002Z
cpe:2.3:a:libuuid1:libuuid1:2.38.1-5\+deb12u3:*:*:*:*:*:*:*,1,NOT_IN_DICTIONARY,,,20260725T035002Z
cpe:2.3:a:libuuid1:libuuid1:2.41-5:*:*:*:*:*:*:*,5,NOT_IN_DICTIONARY,,,20260725T035002Z
cpe:2.3:a:libuuid1:libuuid1:2.41.3-3ubuntu2:*:*:*:*:*:*:*,1,NOT_IN_DICTIONARY,,,20260725T035002Z
cpe:2.3:a:libwebp-dev:libwebp-dev:1.2.4-0.2\+deb12u1:*:*:*:*:*:*:*,1,NOT_IN_DICTIONARY,,,20260725T035002Z
cpe:2.3:a:libwebp-dev:libwebp-dev:1.5.0-0.1:*:*:*:*:*:*:*,1,NOT_IN_DICTIONARY,,,20260725T035002Z
cpe:2.3:a:libwebp7:libwebp7:1.2.4-0.2\+deb12u1:*:*:*:*:*:*:*,1,NOT_IN_DICTIONARY,,,20260725T035002Z
cpe:2.3:a:libwebp7:libwebp7:1.5.0-0.1:*:*:*:*:*:*:*,2,NOT_IN_DICTIONARY,,,20260725T035002Z
cpe:2.3:a:libwebpdecoder3:libwebpdecoder3:1.5.0-0.1:*:*:*:*:*:*:*,1,NOT_IN_DICTIONARY,,,20260725T035002Z
cpe:2.3:a:libwebpdemux2:libwebpdemux2:1.2.4-0.2\+deb12u1:*:*:*:*:*:*:*,1,NOT_IN_DICTIONARY,,,20260725T035002Z
cpe:2.3:a:libwebpdemux2:libwebpdemux2:1.5.0-0.1:*:*:*:*:*:*:*,1,NOT_IN_DICTIONARY,,,20260725T035002Z
cpe:2.3:a:libwebpmux3:libwebpmux3:1.2.4-0.2\+deb12u1:*:*:*:*:*:*:*,1,NOT_IN_DICTIONARY,,,20260725T035002Z
cpe:2.3:a:libwebpmux3:libwebpmux3:1.5.0-0.1:*:*:*:*:*:*:*,1,NOT_IN_DICTIONARY,,,20260725T035002Z
cpe:2.3:a:libwmf-0.2-7:libwmf-0.2-7:0.2.12-5.1:*:*:*:*:*:*:*,1,NOT_IN_DICTIONARY,,,20260725T035002Z
cpe:2.3:a:libwmf-0.2-7:libwmf-0.2-7:0.2.13-1.1\+b3:*:*:*:*:*:*:*,1,NOT_IN_DICTIONARY,,,20260725T035002Z
cpe:2.3:a:libwmf-dev:libwmf-dev:0.2.12-5.1:*:*:*:*:*:*:*,1,NOT_IN_DICTIONARY,,,20260725T035002Z
cpe:2.3:a:libwmf-dev:libwmf-dev:0.2.13-1.1\+b3:*:*:*:*:*:*:*,1,NOT_IN_DICTIONARY,,,20260725T035002Z
cpe:2.3:a:libwmflite-0.2-7:libwmflite-0.2-7:0.2.12-5.1:*:*:*:*:*:*:*,1,NOT_IN_DICTIONARY,,,20260725T035002Z
cpe:2.3:a:libwmflite-0.2-7:libwmflite-0.2-7:0.2.13-1.1\+b3:*:*:*:*:*:*:*,1,NOT_IN_DICTIONARY,,,20260725T035002Z
cpe:2.3:a:libx11-6:libx11-6:2\:1.8.12-1:*:*:*:*:*:*:*,2,NOT_IN_DICTIONARY,,,20260725T035002Z
cpe:2.3:a:libx11-6:libx11-6:2\:1.8.4-2\+deb12u2:*:*:*:*:*:*:*,1,NOT_IN_DICTIONARY,,,20260725T035002Z
cpe:2.3:a:libx11-data:libx11-data:2\:1.8.12-1:*:*:*:*:*:*:*,2,NOT_IN_DICTIONARY,,,20260725T035002Z
cpe:2.3:a:libx11-data:libx11-data:2\:1.8.4-2\+deb12u2:*:*:*:*:*:*:*,1,NOT_IN_DICTIONARY,,,20260725T035002Z
cpe:2.3:a:libx11-dev:libx11-dev:2\:1.8.12-1:*:*:*:*:*:*:*,1,NOT_IN_DICTIONARY,,,20260725T035002Z
cpe:2.3:a:libx11-dev:libx11-dev:2\:1.8.4-2\+deb12u2:*:*:*:*:*:*:*,1,NOT_IN_DICTIONARY,,,20260725T035002Z
cpe:2.3:a:libx265-199:libx265-199:3.5-2\+b1:*:*:*:*:*:*:*,1,NOT_IN_DICTIONARY,,,20260725T035002Z
cpe:2.3:a:libxau-dev:libxau-dev:1\:1.0.11-1:*:*:*:*:*:*:*,1,NOT_IN_DICTIONARY,,,20260725T035002Z
cpe:2.3:a:libxau-dev:libxau-dev:1\:1.0.9-1:*:*:*:*:*:*:*,1,NOT_IN_DICTIONARY,,,20260725T035002Z
cpe:2.3:a:libxau6:libxau6:1\:1.0.11-1:*:*:*:*:*:*:*,2,NOT_IN_DICTIONARY,,,20260725T035002Z
cpe:2.3:a:libxau6:libxau6:1\:1.0.9-1:*:*:*:*:*:*:*,1,NOT_IN_DICTIONARY,,,20260725T035002Z
cpe:2.3:a:libxcb-render0-dev:libxcb-render0-dev:1.15-1:*:*:*:*:*:*:*,1,NOT_IN_DICTIONARY,,,20260725T035002Z
cpe:2.3:a:libxcb-render0-dev:libxcb-render0-dev:1.17.0-2\+b1:*:*:*:*:*:*:*,1,NOT_IN_DICTIONARY,,,20260725T035002Z
cpe:2.3:a:libxcb-render0:libxcb-render0:1.15-1:*:*:*:*:*:*:*,1,NOT_IN_DICTIONARY,,,20260725T035002Z
cpe:2.3:a:libxcb-render0:libxcb-render0:1.17.0-2\+b1:*:*:*:*:*:*:*,1,NOT_IN_DICTIONARY,,,20260725T035002Z
cpe:2.3:a:libxcb-shm0-dev:libxcb-shm0-dev:1.15-1:*:*:*:*:*:*:*,1,NOT_IN_DICTIONARY,,,20260725T035002Z
cpe:2.3:a:libxcb-shm0-dev:libxcb-shm0-dev:1.17.0-2\+b1:*:*:*:*:*:*:*,1,NOT_IN_DICTIONARY,,,20260725T035002Z
cpe:2.3:a:libxcb-shm0:libxcb-shm0:1.15-1:*:*:*:*:*:*:*,1,NOT_IN_DICTIONARY,,,20260725T035002Z
cpe:2.3:a:libxcb-shm0:libxcb-shm0:1.17.0-2\+b1:*:*:*:*:*:*:*,1,NOT_IN_DICTIONARY,,,20260725T035002Z
cpe:2.3:a:libxcb1-dev:libxcb1-dev:1.15-1:*:*:*:*:*:*:*,1,NOT_IN_DICTIONARY,,,20260725T035002Z
cpe:2.3:a:libxcb1-dev:libxcb1-dev:1.17.0-2\+b1:*:*:*:*:*:*:*,1,NOT_IN_DICTIONARY,,,20260725T035002Z
cpe:2.3:a:libxcb1:libxcb1:1.15-1:*:*:*:*:*:*:*,1,NOT_IN_DICTIONARY,,,20260725T035002Z
cpe:2.3:a:libxcb1:libxcb1:1.17.0-2\+b1:*:*:*:*:*:*:*,2,NOT_IN_DICTIONARY,,,20260725T035002Z
cpe:2.3:a:libxdmcp-dev:libxdmcp-dev:1\:1.1.2-3:*:*:*:*:*:*:*,1,NOT_IN_DICTIONARY,,,20260725T035002Z
cpe:2.3:a:libxdmcp-dev:libxdmcp-dev:1\:1.1.5-1:*:*:*:*:*:*:*,1,NOT_IN_DICTIONARY,,,20260725T035002Z
cpe:2.3:a:libxdmcp6:libxdmcp6:1\:1.1.2-3:*:*:*:*:*:*:*,1,NOT_IN_DICTIONARY,,,20260725T035002Z
cpe:2.3:a:libxdmcp6:libxdmcp6:1\:1.1.5-1:*:*:*:*:*:*:*,2,NOT_IN_DICTIONARY,,,20260725T035002Z
cpe:2.3:a:libxext-dev:libxext-dev:2\:1.3.4-1\+b1:*:*:*:*:*:*:*,1,NOT_IN_DICTIONARY,,,20260725T035002Z
cpe:2.3:a:libxext-dev:libxext-dev:2\:1.3.4-1\+b3:*:*:*:*:*:*:*,1,NOT_IN_DICTIONARY,,,20260725T035002Z
cpe:2.3:a:libxext6:libxext6:2\:1.3.4-1\+b1:*:*:*:*:*:*:*,1,NOT_IN_DICTIONARY,,,20260725T035002Z
cpe:2.3:a:libxext6:libxext6:2\:1.3.4-1\+b3:*:*:*:*:*:*:*,1,NOT_IN_DICTIONARY,,,20260725T035002Z
cpe:2.3:a:libxft-dev:libxft-dev:2.3.6-1\+b4:*:*:*:*:*:*:*,1,NOT_IN_DICTIONARY,,,20260725T035002Z
cpe:2.3:a:libxft2:libxft2:2.3.6-1\+b4:*:*:*:*:*:*:*,1,NOT_IN_DICTIONARY,,,20260725T035002Z
cpe:2.3:a:libxml2-dev:libxml2-dev:2.12.7\+dfsg\+really2.9.14-2.1\+deb13u3:*:*:*:*:*:*:*,1,NOT_IN_DICTIONARY,,,20260725T035002Z
cpe:2.3:a:libxml2-dev:libxml2-dev:2.9.14\+dfsg-1.3\~deb12u6:*:*:*:*:*:*:*,1,NOT_IN_DICTIONARY,,,20260725T035002Z
cpe:2.3:a:libxml2:libxml2:2.12.7\+dfsg\+really2.9.14-2.1\+deb13u3:*:*:*:*:*:*:*,3,NOT_IN_DICTIONARY,,,20260725T035002Z
cpe:2.3:a:libxml2:libxml2:2.9.14\+dfsg-1.3\~deb12u6:*:*:*:*:*:*:*,1,NOT_IN_DICTIONARY,,,20260725T035002Z
cpe:2.3:a:libxpm4:libxpm4:1\:3.5.17-1\+deb13u1:*:*:*:*:*:*:*,1,NOT_IN_DICTIONARY,,,20260725T035002Z
cpe:2.3:a:libxrender-dev:libxrender-dev:1\:0.9.10-1.1:*:*:*:*:*:*:*,1,NOT_IN_DICTIONARY,,,20260725T035002Z
cpe:2.3:a:libxrender-dev:libxrender-dev:1\:0.9.12-1:*:*:*:*:*:*:*,1,NOT_IN_DICTIONARY,,,20260725T035002Z
cpe:2.3:a:libxrender1:libxrender1:1\:0.9.10-1.1:*:*:*:*:*:*:*,1,NOT_IN_DICTIONARY,,,20260725T035002Z
cpe:2.3:a:libxrender1:libxrender1:1\:0.9.12-1:*:*:*:*:*:*:*,1,NOT_IN_DICTIONARY,,,20260725T035002Z
cpe:2.3:a:libxslt1-dev:libxslt1-dev:1.1.35-1.2\+deb13u3:*:*:*:*:*:*:*,1,NOT_IN_DICTIONARY,,,20260725T035002Z
cpe:2.3:a:libxslt1-dev:libxslt1-dev:1.1.35-1\+deb12u4:*:*:*:*:*:*:*,1,NOT_IN_DICTIONARY,,,20260725T035002Z
cpe:2.3:a:libxslt1.1:libxslt1.1:1.1.35-1.2\+deb13u3:*:*:*:*:*:*:*,3,NOT_IN_DICTIONARY,,,20260725T035002Z
cpe:2.3:a:libxslt1.1:libxslt1.1:1.1.35-1\+deb12u4:*:*:*:*:*:*:*,1,NOT_IN_DICTIONARY,,,20260725T035002Z
cpe:2.3:a:libxss-dev:libxss-dev:1\:1.2.3-1\+b3:*:*:*:*:*:*:*,1,NOT_IN_DICTIONARY,,,20260725T035002Z
cpe:2.3:a:libxss1:libxss1:1\:1.2.3-1\+b3:*:*:*:*:*:*:*,1,NOT_IN_DICTIONARY,,,20260725T035002Z
cpe:2.3:a:libxt-dev:libxt-dev:1\:1.2.1-1.1:*:*:*:*:*:*:*,1,NOT_IN_DICTIONARY,,,20260725T035002Z
cpe:2.3:a:libxt-dev:libxt-dev:1\:1.2.1-1.2\+b2:*:*:*:*:*:*:*,1,NOT_IN_DICTIONARY,,,20260725T035002Z
cpe:2.3:a:libxt6:libxt6:1\:1.2.1-1.1:*:*:*:*:*:*:*,1,NOT_IN_DICTIONARY,,,20260725T035002Z
cpe:2.3:a:libxt6t64:libxt6t64:1\:1.2.1-1.2\+b2:*:*:*:*:*:*:*,1,NOT_IN_DICTIONARY,,,20260725T035002Z
cpe:2.3:a:libxxhash0:libxxhash0:0.8.1-1:*:*:*:*:*:*:*,1,NOT_IN_DICTIONARY,,,20260725T035002Z
cpe:2.3:a:libxxhash0:libxxhash0:0.8.3-2:*:*:*:*:*:*:*,5,NOT_IN_DICTIONARY,,,20260725T035002Z
cpe:2.3:a:libxxhash0:libxxhash0:0.8.3-2build1:*:*:*:*:*:*:*,1,NOT_IN_DICTIONARY,,,20260725T035002Z
cpe:2.3:a:libyaml-0-2:libyaml-0-2:0.2.5-1:*:*:*:*:*:*:*,1,NOT_IN_DICTIONARY,,,20260725T035002Z
cpe:2.3:a:libyaml-0-2:libyaml-0-2:0.2.5-2:*:*:*:*:*:*:*,1,NOT_IN_DICTIONARY,,,20260725T035002Z
cpe:2.3:a:libyaml-dev:libyaml-dev:0.2.5-1:*:*:*:*:*:*:*,1,NOT_IN_DICTIONARY,,,20260725T035002Z
cpe:2.3:a:libyaml-dev:libyaml-dev:0.2.5-2:*:*:*:*:*:*:*,1,NOT_IN_DICTIONARY,,,20260725T035002Z
cpe:2.3:a:libyuv0:libyuv0:0.0.1904.20250204-1:*:*:*:*:*:*:*,1,NOT_IN_DICTIONARY,,,20260725T035002Z
cpe:2.3:a:libz3-4:libz3-4:4.13.3-1:*:*:*:*:*:*:*,1,NOT_IN_DICTIONARY,,,20260725T035002Z
cpe:2.3:a:libzstd-dev:libzstd-dev:1.5.4\+dfsg2-5:*:*:*:*:*:*:*,1,NOT_IN_DICTIONARY,,,20260725T035002Z
cpe:2.3:a:libzstd-dev:libzstd-dev:1.5.7\+dfsg-1:*:*:*:*:*:*:*,1,NOT_IN_DICTIONARY,,,20260725T035002Z
cpe:2.3:a:libzstd1:libzstd1:1.5.4\+dfsg2-5:*:*:*:*:*:*:*,1,NOT_IN_DICTIONARY,,,20260725T035002Z
cpe:2.3:a:libzstd1:libzstd1:1.5.7\+dfsg-1:*:*:*:*:*:*:*,5,NOT_IN_DICTIONARY,,,20260725T035002Z
cpe:2.3:a:libzstd1:libzstd1:1.5.7\+dfsg-3:*:*:*:*:*:*:*,1,NOT_IN_DICTIONARY,,,20260725T035002Z
cpe:2.3:a:linux-libc-dev:linux-libc-dev:6.1.176-1:*:*:*:*:*:*:*,1,NOT_IN_DICTIONARY,,,20260725T035002Z
cpe:2.3:a:linux-libc-dev:linux-libc-dev:6.12.95-1:*:*:*:*:*:*:*,1,NOT_IN_DICTIONARY,,,20260725T035002Z
cpe:2.3:a:locales:locales:2.41-12\+deb13u3:*:*:*:*:*:*:*,1,NOT_IN_DICTIONARY,,,20260725T035002Z
cpe:2.3:a:login.defs:login.defs:1\:4.17.4-2:*:*:*:*:*:*:*,5,NOT_IN_DICTIONARY,,,20260725T035002Z
cpe:2.3:a:login.defs:login.defs:1\:4.17.4-2ubuntu3:*:*:*:*:*:*:*,1,NOT_IN_DICTIONARY,,,20260725T035002Z
cpe:2.3:a:login:login:1\:4.13\+dfsg1-1\+deb12u2:*:*:*:*:*:*:*,1,NOT_IN_DICTIONARY,,,20260725T035002Z
cpe:2.3:a:login:login:1\:4.16.0-2\+really2.41-5:*:*:*:*:*:*:*,5,NOT_IN_DICTIONARY,,,20260725T035002Z
cpe:2.3:a:login:login:1\:4.16.0-2\+really2.41.3-3ubuntu2:*:*:*:*:*:*:*,1,NOT_IN_DICTIONARY,,,20260725T035002Z
cpe:2.3:a:logsave:logsave:1.47.0-2\+b2:*:*:*:*:*:*:*,1,NOT_IN_DICTIONARY,,,20260725T035002Z
cpe:2.3:a:logsave:logsave:1.47.2-3ubuntu4:*:*:*:*:*:*:*,1,NOT_IN_DICTIONARY,,,20260725T035002Z
cpe:2.3:a:m4:m4:1.4.19-3:*:*:*:*:*:*:*,1,NOT_IN_DICTIONARY,,,20260725T035002Z
cpe:2.3:a:m4:m4:1.4.19-8:*:*:*:*:*:*:*,1,NOT_IN_DICTIONARY,,,20260725T035002Z
cpe:2.3:a:make-fetch-happen:make-fetch-happen:15.0.6:*:*:*:*:*:*:*,1,NOT_IN_DICTIONARY,,,20260725T035002Z
cpe:2.3:a:make:make:4.3-4.1:*:*:*:*:*:*:*,1,NOT_IN_DICTIONARY,,,20260725T035002Z
cpe:2.3:a:make:make:4.4.1-2:*:*:*:*:*:*:*,1,NOT_IN_DICTIONARY,,,20260725T035002Z
cpe:2.3:a:mariadb-common:mariadb-common:1\:10.11.18-0\+deb12u1:*:*:*:*:*:*:*,1,NOT_IN_DICTIONARY,,,20260725T035002Z
cpe:2.3:a:mariadb-common:mariadb-common:1\:11.8.6-0\+deb13u1:*:*:*:*:*:*:*,1,NOT_IN_DICTIONARY,,,20260725T035002Z
cpe:2.3:a:mathiasbynens:cssesc:3.0.0:*:*:*:*:*:*:*,1,NOT_IN_DICTIONARY,,,20260725T035002Z
cpe:2.3:a:mawk:mawk:1.3.4.20200120-3.1:*:*:*:*:*:*:*,1,NOT_IN_DICTIONARY,,,20260725T035002Z
cpe:2.3:a:mawk:mawk:1.3.4.20250131-1:*:*:*:*:*:*:*,5,NOT_IN_DICTIONARY,,,20260725T035002Z
cpe:2.3:a:mawk:mawk:1.3.4.20260129-1:*:*:*:*:*:*:*,1,NOT_IN_DICTIONARY,,,20260725T035002Z
cpe:2.3:a:media-types:media-types:10.0.0:*:*:*:*:*:*:*,1,NOT_IN_DICTIONARY,,,20260725T035002Z
cpe:2.3:a:media-types:media-types:13.0.0:*:*:*:*:*:*:*,1,NOT_IN_DICTIONARY,,,20260725T035002Z
cpe:2.3:a:memcached:memcached:1.6.45:*:*:*:*:*:*:*,1,NOT_IN_DICTIONARY,,,20260725T035002Z
cpe:2.3:a:mercurial-common:mercurial-common:6.3.2-1\+deb12u1:*:*:*:*:*:*:*,1,NOT_IN_DICTIONARY,,,20260725T035002Z
cpe:2.3:a:mercurial-common:mercurial-common:7.0.1-2:*:*:*:*:*:*:*,1,NOT_IN_DICTIONARY,,,20260725T035002Z
cpe:2.3:a:mercurial:mercurial:6.3.2-1\+deb12u1:*:*:*:*:*:*:*,1,NOT_IN_DICTIONARY,,,20260725T035002Z
cpe:2.3:a:mercurial:mercurial:7.0.1-2:*:*:*:*:*:*:*,1,NOT_IN_DICTIONARY,,,20260725T035002Z
cpe:2.3:a:migration-shell-plugin:migration-shell-plugin:1.0.0:*:*:*:*:*:*:*,1,NOT_IN_DICTIONARY,,,20260725T035002Z
cpe:2.3:a:minimatch_project:minimatch:10.2.5:*:*:*:*:node.js:*:*,1,NOT_IN_DICTIONARY,,,20260725T035002Z
cpe:2.3:a:minipass-collect:minipass-collect:2.0.1:*:*:*:*:*:*:*,1,NOT_IN_DICTIONARY,,,20260725T035002Z
cpe:2.3:a:minipass-fetch:minipass-fetch:5.0.2:*:*:*:*:*:*:*,1,NOT_IN_DICTIONARY,,,20260725T035002Z
cpe:2.3:a:minipass-flush:minipass-flush:1.0.6:*:*:*:*:*:*:*,1,NOT_IN_DICTIONARY,,,20260725T035002Z
cpe:2.3:a:minipass-pipeline:minipass-pipeline:1.2.4:*:*:*:*:*:*:*,1,NOT_IN_DICTIONARY,,,20260725T035002Z
cpe:2.3:a:minipass-sized:minipass-sized:2.0.0:*:*:*:*:*:*:*,1,NOT_IN_DICTIONARY,,,20260725T035002Z
cpe:2.3:a:minipass:minipass:3.3.6:*:*:*:*:*:*:*,1,NOT_IN_DICTIONARY,,,20260725T035002Z
cpe:2.3:a:minipass:minipass:7.1.3:*:*:*:*:*:*:*,1,NOT_IN_DICTIONARY,,,20260725T035002Z
cpe:2.3:a:minizlib:minizlib:3.1.0:*:*:*:*:*:*:*,1,NOT_IN_DICTIONARY,,,20260725T035002Z
cpe:2.3:a:moby:sys\/user:v0.1.0:*:*:*:*:*:*:*,2,NOT_IN_DICTIONARY,,,20260725T035002Z
cpe:2.3:a:mount:mount:2.38.1-5\+deb12u3:*:*:*:*:*:*:*,1,NOT_IN_DICTIONARY,,,20260725T035002Z
cpe:2.3:a:mount:mount:2.41-5:*:*:*:*:*:*:*,5,NOT_IN_DICTIONARY,,,20260725T035002Z
cpe:2.3:a:mount:mount:2.41.3-3ubuntu2:*:*:*:*:*:*:*,1,NOT_IN_DICTIONARY,,,20260725T035002Z
cpe:2.3:a:mrs-notes:mrs-notes:1.0.1:*:*:*:*:*:*:*,1,NOT_IN_DICTIONARY,,,20260725T035002Z
cpe:2.3:a:mrs-scripts-example:mrs-scripts-example:1.0.0:*:*:*:*:*:*:*,1,NOT_IN_DICTIONARY,,,20260725T035002Z
cpe:2.3:a:mrs-sdk:mrs-sdk:0.1.3:*:*:*:*:*:*:*,1,NOT_IN_DICTIONARY,,,20260725T035002Z
cpe:2.3:a:mrs-shell-plugin:mrs-shell-plugin:1.0.0:*:*:*:*:*:*:*,1,NOT_IN_DICTIONARY,,,20260725T035002Z
cpe:2.3:a:msm-shell-plugin:msm-shell-plugin:1.0.0:*:*:*:*:*:*:*,1,NOT_IN_DICTIONARY,,,20260725T035002Z
cpe:2.3:a:musl-libc:musl:1.2.6-r2:*:*:*:*:*:*:*,1,NOT_IN_DICTIONARY,,,20260725T035002Z
cpe:2.3:a:musl-utils:musl-utils:1.2.6-r2:*:*:*:*:*:*:*,1,NOT_IN_DICTIONARY,,,20260725T035002Z
cpe:2.3:a:mute-stream:mute-stream:3.0.0:*:*:*:*:*:*:*,1,NOT_IN_DICTIONARY,,,20260725T035002Z
cpe:2.3:a:mysql-common:mysql-common:5.8\+1.1.0:*:*:*:*:*:*:*,1,NOT_IN_DICTIONARY,,,20260725T035002Z
cpe:2.3:a:mysql-common:mysql-common:5.8\+1.1.1:*:*:*:*:*:*:*,1,NOT_IN_DICTIONARY,,,20260725T035002Z
cpe:2.3:a:mysql-community-server-minimal:mysql-community-server-minimal:9.7.1-1.el9:*:*:*:*:*:*:*,1,NOT_IN_DICTIONARY,,,20260725T035002Z
cpe:2.3:a:mysql-shell:mysql-shell:9.7.1-1.el9:*:*:*:*:*:*:*,1,NOT_IN_DICTIONARY,,,20260725T035002Z
cpe:2.3:a:native-architecture:native-architecture:0.2.6:*:*:*:*:*:*:*,1,NOT_IN_DICTIONARY,,,20260725T035002Z
cpe:2.3:a:ncurses-base:ncurses-base:6.4-4:*:*:*:*:*:*:*,1,NOT_IN_DICTIONARY,,,20260725T035002Z
cpe:2.3:a:ncurses-base:ncurses-base:6.5\+20250216-2:*:*:*:*:*:*:*,5,NOT_IN_DICTIONARY,,,20260725T035002Z
cpe:2.3:a:ncurses-base:ncurses-base:6.6\+20251231-1:*:*:*:*:*:*:*,1,NOT_IN_DICTIONARY,,,20260725T035002Z
cpe:2.3:a:ncurses-bin:ncurses-bin:6.4-4:*:*:*:*:*:*:*,1,NOT_IN_DICTIONARY,,,20260725T035002Z
cpe:2.3:a:ncurses-bin:ncurses-bin:6.5\+20250216-2:*:*:*:*:*:*:*,5,NOT_IN_DICTIONARY,,,20260725T035002Z
cpe:2.3:a:ncurses-bin:ncurses-bin:6.6\+20251231-1:*:*:*:*:*:*:*,1,NOT_IN_DICTIONARY,,,20260725T035002Z
cpe:2.3:a:negotiator:negotiator:1.0.0:*:*:*:*:*:*:*,1,NOT_IN_DICTIONARY,,,20260725T035002Z
cpe:2.3:a:netbase:netbase:6.4:*:*:*:*:*:*:*,1,NOT_IN_DICTIONARY,,,20260725T035002Z
cpe:2.3:a:netbase:netbase:6.5:*:*:*:*:*:*:*,2,NOT_IN_DICTIONARY,,,20260725T035002Z
cpe:2.3:a:nettle-dev:nettle-dev:3.10.1-1:*:*:*:*:*:*:*,1,NOT_IN_DICTIONARY,,,20260725T035002Z
cpe:2.3:a:nginx-module-acme:nginx-module-acme:1.30.4\+0.4.1-1\~trixie:*:*:*:*:*:*:*,1,NOT_IN_DICTIONARY,,,20260725T035002Z
cpe:2.3:a:nginx-module-geoip:nginx-module-geoip:1.30.4-1\~trixie:*:*:*:*:*:*:*,1,NOT_IN_DICTIONARY,,,20260725T035002Z
cpe:2.3:a:nginx-module-image-filter:nginx-module-image-filter:1.30.4-1\~trixie:*:*:*:*:*:*:*,1,NOT_IN_DICTIONARY,,,20260725T035002Z
cpe:2.3:a:nginx-module-njs:nginx-module-njs:1.30.4\+1.0.0-1\~trixie:*:*:*:*:*:*:*,1,NOT_IN_DICTIONARY,,,20260725T035002Z
cpe:2.3:a:nginx-module-xslt:nginx-module-xslt:1.30.4-1\~trixie:*:*:*:*:*:*:*,1,NOT_IN_DICTIONARY,,,20260725T035002Z
cpe:2.3:a:nginx:nginx:1.30.4-1\~trixie:*:*:*:*:*:*:*,1,NOT_IN_DICTIONARY,,,20260725T035002Z
cpe:2.3:a:node-gyp:node-gyp:12.3.0:*:*:*:*:*:*:*,1,NOT_IN_DICTIONARY,,,20260725T035002Z
cpe:2.3:a:node_packaged_modules_project:node_packaged_modules:11.16.0:*:*:*:*:node.js:*:*,1,NOT_IN_DICTIONARY,,,20260725T035002Z
cpe:2.3:a:nodejs:node.js:24.18.0:*:*:*:*:*:*:*,1,NOT_IN_DICTIONARY,,,20260725T035002Z
cpe:2.3:a:nodejs:undici:6.26.0:*:*:*:*:node.js:*:*,1,OFFICIAL_ACTIVE,56344e7d-3e1d-45e6-a164-1645b657b184,False,20260725T035002Z
cpe:2.3:a:nopt:nopt:9.0.0:*:*:*:*:*:*:*,1,NOT_IN_DICTIONARY,,,20260725T035002Z
cpe:2.3:a:npm-audit-report:npm-audit-report:7.0.0:*:*:*:*:*:*:*,1,NOT_IN_DICTIONARY,,,20260725T035002Z
cpe:2.3:a:npm-bundled:npm-bundled:5.0.0:*:*:*:*:*:*:*,1,NOT_IN_DICTIONARY,,,20260725T035002Z
cpe:2.3:a:npm-install-checks:npm-install-checks:8.0.0:*:*:*:*:*:*:*,1,NOT_IN_DICTIONARY,,,20260725T035002Z
cpe:2.3:a:npm-normalize-package-bin:npm-normalize-package-bin:5.0.0:*:*:*:*:*:*:*,1,NOT_IN_DICTIONARY,,,20260725T035002Z
cpe:2.3:a:npm-package-arg:npm-package-arg:13.0.2:*:*:*:*:*:*:*,1,NOT_IN_DICTIONARY,,,20260725T035002Z
cpe:2.3:a:npm-packlist:npm-packlist:10.0.4:*:*:*:*:*:*:*,1,NOT_IN_DICTIONARY,,,20260725T035002Z
cpe:2.3:a:npm-pick-manifest:npm-pick-manifest:11.0.3:*:*:*:*:*:*:*,1,NOT_IN_DICTIONARY,,,20260725T035002Z
cpe:2.3:a:npm-profile:npm-profile:12.0.1:*:*:*:*:*:*:*,1,NOT_IN_DICTIONARY,,,20260725T035002Z
cpe:2.3:a:npm-registry-fetch:npm-registry-fetch:19.1.1:*:*:*:*:*:*:*,1,NOT_IN_DICTIONARY,,,20260725T035002Z
cpe:2.3:a:npm-user-validate:npm-user-validate:4.0.0:*:*:*:*:*:*:*,1,NOT_IN_DICTIONARY,,,20260725T035002Z
cpe:2.3:a:npmjs:arborist:9.7.0:*:*:*:*:node.js:*:*,1,NOT_IN_DICTIONARY,,,20260725T035002Z
cpe:2.3:a:npmjs:semver:7.8.1:*:*:*:*:node.js:*:*,1,NOT_IN_DICTIONARY,,,20260725T035002Z
cpe:2.3:a:olivia_mackall_and_many_others_\<mercurial_project:python-mercurial:7.0.1:*:*:*:*:*:*:*,1,NOT_IN_DICTIONARY,,,20260725T035002Z
cpe:2.3:a:olivia_mackall_and_many_others_project:python-mercurial:6.3.2:*:*:*:*:*:*:*,1,NOT_IN_DICTIONARY,,,20260725T035002Z
cpe:2.3:a:openssh-client:openssh-client:1\:10.0p1-7\+deb13u4:*:*:*:*:*:*:*,1,NOT_IN_DICTIONARY,,,20260725T035002Z
cpe:2.3:a:openssh-client:openssh-client:1\:9.2p1-2\+deb12u10:*:*:*:*:*:*:*,1,NOT_IN_DICTIONARY,,,20260725T035002Z
cpe:2.3:a:openssl-fips-provider-so:openssl-fips-provider-so:3.0.7-8.0.1.el9:*:*:*:*:*:*:*,1,NOT_IN_DICTIONARY,,,20260725T035002Z
cpe:2.3:a:openssl-fips-provider:openssl-fips-provider:3.0.7-8.0.1.el9:*:*:*:*:*:*:*,1,NOT_IN_DICTIONARY,,,20260725T035002Z
cpe:2.3:a:openssl-provider-legacy:openssl-provider-legacy:3.5.5-1ubuntu3.2:*:*:*:*:*:*:*,1,NOT_IN_DICTIONARY,,,20260725T035002Z
cpe:2.3:a:openssl-provider-legacy:openssl-provider-legacy:3.5.6-1\~deb13u2:*:*:*:*:*:*:*,5,NOT_IN_DICTIONARY,,,20260725T035002Z
cpe:2.3:a:openssl:openssl:3.0.20-1\~deb12u2:*:*:*:*:*:*:*,1,NOT_IN_DICTIONARY,,,20260725T035002Z
cpe:2.3:a:openssl:openssl:3.5.6-1\~deb13u2:*:*:*:*:*:*:*,3,NOT_IN_DICTIONARY,,,20260725T035002Z
cpe:2.3:a:oracle_\<joe_levy_project:python-oci:2.168.2:*:*:*:*:*:*:*,1,NOT_IN_DICTIONARY,,,20260725T035002Z
cpe:2.3:a:oracleamerica:alternatives:1.24-2.0.1.el9:*:*:*:*:*:*:*,1,NOT_IN_DICTIONARY,,,20260725T035002Z
cpe:2.3:a:oracleamerica:audit-libs:3.1.5-8.0.1.el9:*:*:*:*:*:*:*,1,NOT_IN_DICTIONARY,,,20260725T035002Z
cpe:2.3:a:oracleamerica:basesystem:11-13.el9:*:*:*:*:*:*:*,1,NOT_IN_DICTIONARY,,,20260725T035002Z
cpe:2.3:a:oracleamerica:bash:5.1.8-9.el9:*:*:*:*:*:*:*,1,NOT_IN_DICTIONARY,,,20260725T035002Z
cpe:2.3:a:oracleamerica:bzip2-libs:1.0.8-11.el9:*:*:*:*:*:*:*,1,NOT_IN_DICTIONARY,,,20260725T035002Z
cpe:2.3:a:oracleamerica:bzip2:1.0.8-11.el9:*:*:*:*:*:*:*,1,NOT_IN_DICTIONARY,,,20260725T035002Z
cpe:2.3:a:oracleamerica:curl:7.76.1-40.el9:*:*:*:*:*:*:*,1,NOT_IN_DICTIONARY,,,20260725T035002Z
cpe:2.3:a:oracleamerica:dnf-data:4.14.0-34.0.1.el9_8:*:*:*:*:*:*:*,1,NOT_IN_DICTIONARY,,,20260725T035002Z
cpe:2.3:a:oracleamerica:file-libs:5.39-17.el9:*:*:*:*:*:*:*,1,NOT_IN_DICTIONARY,,,20260725T035002Z
cpe:2.3:a:oracleamerica:filesystem:3.16-5.el9:*:*:*:*:*:*:*,1,NOT_IN_DICTIONARY,,,20260725T035002Z
cpe:2.3:a:oracleamerica:findutils:1\:4.8.0-7.el9:*:*:*:*:*:*:*,1,NOT_IN_DICTIONARY,,,20260725T035002Z
cpe:2.3:a:oracleamerica:gawk:5.1.0-6.el9:*:*:*:*:*:*:*,1,NOT_IN_DICTIONARY,,,20260725T035002Z
cpe:2.3:a:oracleamerica:gdbm-libs:1\:1.23-1.el9:*:*:*:*:*:*:*,1,NOT_IN_DICTIONARY,,,20260725T035002Z
cpe:2.3:a:oracleamerica:glib2:2.68.4-19.el9_8.2:*:*:*:*:*:*:*,1,NOT_IN_DICTIONARY,,,20260725T035002Z
cpe:2.3:a:oracleamerica:glibc-common:2.34-274.0.1.el9_8:*:*:*:*:*:*:*,1,NOT_IN_DICTIONARY,,,20260725T035002Z
cpe:2.3:a:oracleamerica:glibc:2.34-274.0.1.el9_8:*:*:*:*:*:*:*,1,NOT_IN_DICTIONARY,,,20260725T035002Z
cpe:2.3:a:oracleamerica:gmp:1\:6.2.0-13.el9:*:*:*:*:*:*:*,1,NOT_IN_DICTIONARY,,,20260725T035002Z
cpe:2.3:a:oracleamerica:gnupg2:2.3.3-5.el9_7:*:*:*:*:*:*:*,1,NOT_IN_DICTIONARY,,,20260725T035002Z
cpe:2.3:a:oracleamerica:gnutls:3.8.10-4.el9_8:*:*:*:*:*:*:*,1,NOT_IN_DICTIONARY,,,20260725T035002Z
cpe:2.3:a:oracleamerica:gpgme:1.15.1-6.el9:*:*:*:*:*:*:*,1,NOT_IN_DICTIONARY,,,20260725T035002Z
cpe:2.3:a:oracleamerica:grep:3.6-5.el9:*:*:*:*:*:*:*,1,NOT_IN_DICTIONARY,,,20260725T035002Z
cpe:2.3:a:oracleamerica:gzip:1.12-1.el9:*:*:*:*:*:*:*,1,NOT_IN_DICTIONARY,,,20260725T035002Z
cpe:2.3:a:oracleamerica:json-c:0.14-11.el9:*:*:*:*:*:*:*,1,NOT_IN_DICTIONARY,,,20260725T035002Z
cpe:2.3:a:oracleamerica:krb5-libs:1.21.1-10.0.1.el9_8:*:*:*:*:*:*:*,1,NOT_IN_DICTIONARY,,,20260725T035002Z
cpe:2.3:a:oracleamerica:libacl:2.4.0-1.el9_8:*:*:*:*:*:*:*,1,NOT_IN_DICTIONARY,,,20260725T035002Z
cpe:2.3:a:oracleamerica:libaio:0.3.111-13.el9:*:*:*:*:*:*:*,1,NOT_IN_DICTIONARY,,,20260725T035002Z
cpe:2.3:a:oracleamerica:libarchive:3.5.3-9.el9_7:*:*:*:*:*:*:*,1,NOT_IN_DICTIONARY,,,20260725T035002Z
cpe:2.3:a:oracleamerica:libassuan:2.5.5-3.el9:*:*:*:*:*:*:*,1,NOT_IN_DICTIONARY,,,20260725T035002Z
cpe:2.3:a:oracleamerica:libattr:2.5.1-3.el9:*:*:*:*:*:*:*,1,NOT_IN_DICTIONARY,,,20260725T035002Z
cpe:2.3:a:oracleamerica:libblkid:2.37.4-25.0.1.el9:*:*:*:*:*:*:*,1,NOT_IN_DICTIONARY,,,20260725T035002Z
cpe:2.3:a:oracleamerica:libbrotli:1.0.9-9.el9_7:*:*:*:*:*:*:*,1,NOT_IN_DICTIONARY,,,20260725T035002Z
cpe:2.3:a:oracleamerica:libcap-ng:0.8.2-7.el9:*:*:*:*:*:*:*,1,NOT_IN_DICTIONARY,,,20260725T035002Z
cpe:2.3:a:oracleamerica:libcap:2.48-10.el9_8.1:*:*:*:*:*:*:*,1,NOT_IN_DICTIONARY,,,20260725T035002Z
cpe:2.3:a:oracleamerica:libcom-err:1.46.5-8.el9:*:*:*:*:*:*:*,1,NOT_IN_DICTIONARY,,,20260725T035002Z
cpe:2.3:a:oracleamerica:libcurl:7.76.1-40.el9:*:*:*:*:*:*:*,1,NOT_IN_DICTIONARY,,,20260725T035002Z
cpe:2.3:a:oracleamerica:libdnf:0.69.0-18.0.1.el9:*:*:*:*:*:*:*,1,NOT_IN_DICTIONARY,,,20260725T035002Z
cpe:2.3:a:oracleamerica:libevent:2.1.12-8.el9_4:*:*:*:*:*:*:*,1,NOT_IN_DICTIONARY,,,20260725T035002Z
cpe:2.3:a:oracleamerica:libffi:3.4.2-8.el9:*:*:*:*:*:*:*,1,NOT_IN_DICTIONARY,,,20260725T035002Z
cpe:2.3:a:oracleamerica:libgcc:11.5.0-14.0.1.el9:*:*:*:*:*:*:*,1,NOT_IN_DICTIONARY,,,20260725T035002Z
cpe:2.3:a:oracleamerica:libgcrypt:1.10.0-11.el9:*:*:*:*:*:*:*,1,NOT_IN_DICTIONARY,,,20260725T035002Z
cpe:2.3:a:oracleamerica:libgpg-error:1.42-5.el9:*:*:*:*:*:*:*,1,NOT_IN_DICTIONARY,,,20260725T035002Z
cpe:2.3:a:oracleamerica:libidn2:2.3.0-7.el9:*:*:*:*:*:*:*,1,NOT_IN_DICTIONARY,,,20260725T035002Z
cpe:2.3:a:oracleamerica:libksba:1.5.1-7.el9:*:*:*:*:*:*:*,1,NOT_IN_DICTIONARY,,,20260725T035002Z
cpe:2.3:a:oracleamerica:libmodulemd:2.13.0-2.el9:*:*:*:*:*:*:*,1,NOT_IN_DICTIONARY,,,20260725T035002Z
cpe:2.3:a:oracleamerica:libmount:2.37.4-25.0.1.el9:*:*:*:*:*:*:*,1,NOT_IN_DICTIONARY,,,20260725T035002Z
cpe:2.3:a:oracleamerica:libnghttp2:1.43.0-6.el9_8.1:*:*:*:*:*:*:*,1,NOT_IN_DICTIONARY,,,20260725T035002Z
cpe:2.3:a:oracleamerica:libpeas:1.30.0-4.el9:*:*:*:*:*:*:*,1,NOT_IN_DICTIONARY,,,20260725T035002Z
cpe:2.3:a:oracleamerica:libpsl:0.21.1-5.el9:*:*:*:*:*:*:*,1,NOT_IN_DICTIONARY,,,20260725T035002Z
cpe:2.3:a:oracleamerica:librepo:1.19.0-1.el9:*:*:*:*:*:*:*,1,NOT_IN_DICTIONARY,,,20260725T035002Z
cpe:2.3:a:oracleamerica:libselinux:3.6-3.el9:*:*:*:*:*:*:*,1,NOT_IN_DICTIONARY,,,20260725T035002Z
cpe:2.3:a:oracleamerica:libsemanage:3.6-5.el9_6:*:*:*:*:*:*:*,1,NOT_IN_DICTIONARY,,,20260725T035002Z
cpe:2.3:a:oracleamerica:libsepol:3.6-3.el9:*:*:*:*:*:*:*,1,NOT_IN_DICTIONARY,,,20260725T035002Z
cpe:2.3:a:oracleamerica:libsigsegv:2.13-4.el9:*:*:*:*:*:*:*,1,NOT_IN_DICTIONARY,,,20260725T035002Z
cpe:2.3:a:oracleamerica:libsmartcols:2.37.4-25.0.1.el9:*:*:*:*:*:*:*,1,NOT_IN_DICTIONARY,,,20260725T035002Z
cpe:2.3:a:oracleamerica:libsolv:0.7.24-6.el9_8:*:*:*:*:*:*:*,1,NOT_IN_DICTIONARY,,,20260725T035002Z
cpe:2.3:a:oracleamerica:libssh:0.10.4-18.el9:*:*:*:*:*:*:*,1,NOT_IN_DICTIONARY,,,20260725T035002Z
cpe:2.3:a:oracleamerica:libstdc\+\+:11.5.0-14.0.1.el9:*:*:*:*:*:*:*,1,NOT_IN_DICTIONARY,,,20260725T035002Z
cpe:2.3:a:oracleamerica:libtasn1:4.16.0-10.el9_8:*:*:*:*:*:*:*,1,NOT_IN_DICTIONARY,,,20260725T035002Z
cpe:2.3:a:oracleamerica:libtirpc:1.3.3-9.el9:*:*:*:*:*:*:*,1,NOT_IN_DICTIONARY,,,20260725T035002Z
cpe:2.3:a:oracleamerica:libtool-ltdl:2.4.6-46.el9:*:*:*:*:*:*:*,1,NOT_IN_DICTIONARY,,,20260725T035002Z
cpe:2.3:a:oracleamerica:libunistring:0.9.10-15.el9:*:*:*:*:*:*:*,1,NOT_IN_DICTIONARY,,,20260725T035002Z
cpe:2.3:a:oracleamerica:libuuid:2.37.4-25.0.1.el9:*:*:*:*:*:*:*,1,NOT_IN_DICTIONARY,,,20260725T035002Z
cpe:2.3:a:oracleamerica:libverto:0.3.2-3.el9:*:*:*:*:*:*:*,1,NOT_IN_DICTIONARY,,,20260725T035002Z
cpe:2.3:a:oracleamerica:libxcrypt:4.4.18-3.el9:*:*:*:*:*:*:*,1,NOT_IN_DICTIONARY,,,20260725T035002Z
cpe:2.3:a:oracleamerica:libxml2:2.9.13-14.el9_8.2:*:*:*:*:*:*:*,1,NOT_IN_DICTIONARY,,,20260725T035002Z
cpe:2.3:a:oracleamerica:libyaml:0.2.5-7.el9:*:*:*:*:*:*:*,1,NOT_IN_DICTIONARY,,,20260725T035002Z
cpe:2.3:a:oracleamerica:libzstd:1.5.5-1.el9:*:*:*:*:*:*:*,1,NOT_IN_DICTIONARY,,,20260725T035002Z
cpe:2.3:a:oracleamerica:lua-libs:5.4.4-4.el9:*:*:*:*:*:*:*,1,NOT_IN_DICTIONARY,,,20260725T035002Z
cpe:2.3:a:oracleamerica:lz4-libs:1.9.3-5.el9:*:*:*:*:*:*:*,1,NOT_IN_DICTIONARY,,,20260725T035002Z
cpe:2.3:a:oracleamerica:microdnf:3.9.1-3.el9:*:*:*:*:*:*:*,1,NOT_IN_DICTIONARY,,,20260725T035002Z
cpe:2.3:a:oracleamerica:mpfr:4.1.0-10.el9:*:*:*:*:*:*:*,1,NOT_IN_DICTIONARY,,,20260725T035002Z
cpe:2.3:a:oracleamerica:ncurses-base:6.2-12.20210508.el9:*:*:*:*:*:*:*,1,NOT_IN_DICTIONARY,,,20260725T035002Z
cpe:2.3:a:oracleamerica:ncurses-libs:6.2-12.20210508.el9:*:*:*:*:*:*:*,1,NOT_IN_DICTIONARY,,,20260725T035002Z
cpe:2.3:a:oracleamerica:nettle:3.10.1-1.el9:*:*:*:*:*:*:*,1,NOT_IN_DICTIONARY,,,20260725T035002Z
cpe:2.3:a:oracleamerica:npth:1.6-8.el9:*:*:*:*:*:*:*,1,NOT_IN_DICTIONARY,,,20260725T035002Z
cpe:2.3:a:oracleamerica:openldap:2.6.8-4.el9:*:*:*:*:*:*:*,1,NOT_IN_DICTIONARY,,,20260725T035002Z
cpe:2.3:a:oracleamerica:openssl-libs:1\:3.5.5-5.0.1.el9_8:*:*:*:*:*:*:*,1,NOT_IN_DICTIONARY,,,20260725T035002Z
cpe:2.3:a:oracleamerica:openssl:1\:3.5.5-5.0.1.el9_8:*:*:*:*:*:*:*,1,NOT_IN_DICTIONARY,,,20260725T035002Z
cpe:2.3:a:oracleamerica:p11-kit-trust:0.26.2-1.el9:*:*:*:*:*:*:*,1,NOT_IN_DICTIONARY,,,20260725T035002Z
cpe:2.3:a:oracleamerica:p11-kit:0.26.2-1.el9:*:*:*:*:*:*:*,1,NOT_IN_DICTIONARY,,,20260725T035002Z
cpe:2.3:a:oracleamerica:pcre2-syntax:10.40-6.0.1.el9:*:*:*:*:*:*:*,1,NOT_IN_DICTIONARY,,,20260725T035002Z
cpe:2.3:a:oracleamerica:pcre2:10.40-6.0.1.el9:*:*:*:*:*:*:*,1,NOT_IN_DICTIONARY,,,20260725T035002Z
cpe:2.3:a:oracleamerica:pcre:8.44-4.el9:*:*:*:*:*:*:*,1,NOT_IN_DICTIONARY,,,20260725T035002Z
cpe:2.3:a:oracleamerica:popt:1.18-8.el9:*:*:*:*:*:*:*,1,NOT_IN_DICTIONARY,,,20260725T035002Z
cpe:2.3:a:oracleamerica:readline:8.1-4.el9:*:*:*:*:*:*:*,1,NOT_IN_DICTIONARY,,,20260725T035002Z
cpe:2.3:a:oracleamerica:rpm-libs:4.16.1.3-40.el9:*:*:*:*:*:*:*,1,NOT_IN_DICTIONARY,,,20260725T035002Z
cpe:2.3:a:oracleamerica:rpm:4.16.1.3-40.el9:*:*:*:*:*:*:*,1,NOT_IN_DICTIONARY,,,20260725T035002Z
cpe:2.3:a:oracleamerica:sed:4.8-10.el9:*:*:*:*:*:*:*,1,NOT_IN_DICTIONARY,,,20260725T035002Z
cpe:2.3:a:oracleamerica:setup:2.13.7-10.el9:*:*:*:*:*:*:*,1,NOT_IN_DICTIONARY,,,20260725T035002Z
cpe:2.3:a:oracleamerica:shadow-utils:2\:4.9-16.el9:*:*:*:*:*:*:*,1,NOT_IN_DICTIONARY,,,20260725T035002Z
cpe:2.3:a:oracleamerica:sqlite-libs:3.34.1-10.el9_8:*:*:*:*:*:*:*,1,NOT_IN_DICTIONARY,,,20260725T035002Z
cpe:2.3:a:oracleamerica:systemd-libs:252-67.0.1.el9_8.4:*:*:*:*:*:*:*,1,NOT_IN_DICTIONARY,,,20260725T035002Z
cpe:2.3:a:oracleamerica:tar:2\:1.34-11.el9:*:*:*:*:*:*:*,1,NOT_IN_DICTIONARY,,,20260725T035002Z
cpe:2.3:a:oracleamerica:tzdata:2026b-1.el9:*:*:*:*:*:*:*,1,NOT_IN_DICTIONARY,,,20260725T035002Z
cpe:2.3:a:oracleamerica:xz-libs:5.2.5-8.el9_0:*:*:*:*:*:*:*,1,NOT_IN_DICTIONARY,,,20260725T035002Z
cpe:2.3:a:oracleamerica:xz:5.2.5-8.el9_0:*:*:*:*:*:*:*,1,NOT_IN_DICTIONARY,,,20260725T035002Z
cpe:2.3:a:oracleamerica:zlib:1.2.11-40.el9:*:*:*:*:*:*:*,1,NOT_IN_DICTIONARY,,,20260725T035002Z
cpe:2.3:a:oracleamerica:zstd:1.5.5-1.el9:*:*:*:*:*:*:*,1,NOT_IN_DICTIONARY,,,20260725T035002Z
cpe:2.3:a:oraclelinux-release-el9:oraclelinux-release-el9:1.0-29.el9:*:*:*:*:*:*:*,1,NOT_IN_DICTIONARY,,,20260725T035002Z
cpe:2.3:a:oraclelinux-release:oraclelinux-release:9\:9.8-1.0.7.el9:*:*:*:*:*:*:*,1,NOT_IN_DICTIONARY,,,20260725T035002Z
cpe:2.3:a:p-map:p-map:7.0.4:*:*:*:*:*:*:*,1,NOT_IN_DICTIONARY,,,20260725T035002Z
cpe:2.3:a:pacote:pacote:21.5.0:*:*:*:*:*:*:*,1,NOT_IN_DICTIONARY,,,20260725T035002Z
cpe:2.3:a:pango1.0-tools:pango1.0-tools:1.56.3-1:*:*:*:*:*:*:*,1,NOT_IN_DICTIONARY,,,20260725T035002Z
cpe:2.3:a:parse-conflict-json:parse-conflict-json:5.0.1:*:*:*:*:*:*:*,1,NOT_IN_DICTIONARY,,,20260725T035002Z
cpe:2.3:a:passwd:passwd:1\:4.13\+dfsg1-1\+deb12u2:*:*:*:*:*:*:*,1,NOT_IN_DICTIONARY,,,20260725T035002Z
cpe:2.3:a:passwd:passwd:1\:4.17.4-2:*:*:*:*:*:*:*,5,NOT_IN_DICTIONARY,,,20260725T035002Z
cpe:2.3:a:passwd:passwd:1\:4.17.4-2ubuntu3:*:*:*:*:*:*:*,1,NOT_IN_DICTIONARY,,,20260725T035002Z
cpe:2.3:a:patch:patch:2.7.6-7:*:*:*:*:*:*:*,1,NOT_IN_DICTIONARY,,,20260725T035002Z
cpe:2.3:a:patch:patch:2.8-2:*:*:*:*:*:*:*,1,NOT_IN_DICTIONARY,,,20260725T035002Z
cpe:2.3:a:path-scurry:path-scurry:2.0.2:*:*:*:*:*:*:*,1,NOT_IN_DICTIONARY,,,20260725T035002Z
cpe:2.3:a:perl-base:perl-base:5.36.0-7\+deb12u3:*:*:*:*:*:*:*,1,NOT_IN_DICTIONARY,,,20260725T035002Z
cpe:2.3:a:perl-base:perl-base:5.40.1-6:*:*:*:*:*:*:*,5,NOT_IN_DICTIONARY,,,20260725T035002Z
cpe:2.3:a:perl-base:perl-base:5.40.1-7ubuntu0.1:*:*:*:*:*:*:*,1,NOT_IN_DICTIONARY,,,20260725T035002Z
cpe:2.3:a:perl-modules-5.36:perl-modules-5.36:5.36.0-7\+deb12u3:*:*:*:*:*:*:*,1,NOT_IN_DICTIONARY,,,20260725T035002Z
cpe:2.3:a:perl-modules-5.40:perl-modules-5.40:5.40.1-6:*:*:*:*:*:*:*,2,NOT_IN_DICTIONARY,,,20260725T035002Z
cpe:2.3:a:perl:perl:5.36.0-7\+deb12u3:*:*:*:*:*:*:*,1,NOT_IN_DICTIONARY,,,20260725T035002Z
cpe:2.3:a:perl:perl:5.40.1-6:*:*:*:*:*:*:*,2,NOT_IN_DICTIONARY,,,20260725T035002Z
cpe:2.3:a:pinentry-curses:pinentry-curses:1.2.1-1:*:*:*:*:*:*:*,1,NOT_IN_DICTIONARY,,,20260725T035002Z
cpe:2.3:a:pinentry-curses:pinentry-curses:1.3.1-2:*:*:*:*:*:*:*,2,NOT_IN_DICTIONARY,,,20260725T035002Z
cpe:2.3:a:pip_developers_\<distutils_sig_project:python-pip:25.3:*:*:*:*:*:*:*,1,NOT_IN_DICTIONARY,,,20260725T035002Z
cpe:2.3:a:pip_developers_\<distutils_sig_project:python-pip:26.1.2:*:*:*:*:*:*:*,1,NOT_IN_DICTIONARY,,,20260725T035002Z
cpe:2.3:a:pkg-config:pkg-config:1.8.1-1:*:*:*:*:*:*:*,1,NOT_IN_DICTIONARY,,,20260725T035002Z
cpe:2.3:a:pkg:term:v1.1.0:*:*:*:*:*:*:*,1,NOT_IN_DICTIONARY,,,20260725T035002Z
cpe:2.3:a:pkgconf-bin:pkgconf-bin:1.8.1-1:*:*:*:*:*:*:*,1,NOT_IN_DICTIONARY,,,20260725T035002Z
cpe:2.3:a:pkgconf-bin:pkgconf-bin:1.8.1-4:*:*:*:*:*:*:*,1,NOT_IN_DICTIONARY,,,20260725T035002Z
cpe:2.3:a:pkgconf:pkgconf:1.8.1-1:*:*:*:*:*:*:*,1,NOT_IN_DICTIONARY,,,20260725T035002Z
cpe:2.3:a:pkgconf:pkgconf:1.8.1-4:*:*:*:*:*:*:*,1,NOT_IN_DICTIONARY,,,20260725T035002Z
cpe:2.3:a:postcss-selector-parser:postcss-selector-parser:7.1.1:*:*:*:*:*:*:*,1,NOT_IN_DICTIONARY,,,20260725T035002Z
cpe:2.3:a:postgresql-18-jit:postgresql-18-jit:18.4-1.pgdg13\+1:*:*:*:*:*:*:*,1,NOT_IN_DICTIONARY,,,20260725T035002Z
cpe:2.3:a:postgresql-18:postgresql-18:18.4-1.pgdg13\+1:*:*:*:*:*:*:*,1,NOT_IN_DICTIONARY,,,20260725T035002Z
cpe:2.3:a:postgresql-client-18:postgresql-client-18:18.4-1.pgdg13\+1:*:*:*:*:*:*:*,1,NOT_IN_DICTIONARY,,,20260725T035002Z
cpe:2.3:a:postgresql-client-common:postgresql-client-common:293.pgdg13\+1:*:*:*:*:*:*:*,1,NOT_IN_DICTIONARY,,,20260725T035002Z
cpe:2.3:a:postgresql-common:postgresql-common:293.pgdg13\+1:*:*:*:*:*:*:*,1,NOT_IN_DICTIONARY,,,20260725T035002Z
cpe:2.3:a:proc-log:proc-log:6.1.0:*:*:*:*:*:*:*,1,NOT_IN_DICTIONARY,,,20260725T035002Z
cpe:2.3:a:procps:procps:2\:4.0.2-3:*:*:*:*:*:*:*,1,NOT_IN_DICTIONARY,,,20260725T035002Z
cpe:2.3:a:procps:procps:2\:4.0.4-9:*:*:*:*:*:*:*,2,NOT_IN_DICTIONARY,,,20260725T035002Z
cpe:2.3:a:procps:procps:2\:4.0.4-9ubuntu1:*:*:*:*:*:*:*,1,NOT_IN_DICTIONARY,,,20260725T035002Z
cpe:2.3:a:proggy:proggy:4.0.0:*:*:*:*:*:*:*,1,NOT_IN_DICTIONARY,,,20260725T035002Z
cpe:2.3:a:promise-all-reject-late:promise-all-reject-late:1.0.1:*:*:*:*:*:*:*,1,NOT_IN_DICTIONARY,,,20260725T035002Z
cpe:2.3:a:promise-call-limit:promise-call-limit:3.0.2:*:*:*:*:*:*:*,1,NOT_IN_DICTIONARY,,,20260725T035002Z
cpe:2.3:a:promzard:promzard:3.0.1:*:*:*:*:*:*:*,1,NOT_IN_DICTIONARY,,,20260725T035002Z
cpe:2.3:a:publicsuffix-list-dafsa:publicsuffix-list-dafsa:20210518-3.el9:*:*:*:*:*:*:*,1,NOT_IN_DICTIONARY,,,20260725T035002Z
cpe:2.3:a:pynacl_developers_\<cryptography_dev_project:python-pynacl:1.6.2:*:*:*:*:*:*:*,1,NOT_IN_DICTIONARY,,,20260725T035002Z
cpe:2.3:a:pyopenssl_developers_project:python-pyopenssl:25.3.0:*:*:*:*:*:*:*,1,NOT_IN_DICTIONARY,,,20260725T035002Z
cpe:2.3:a:python-svg-py:python-svg-py:1.6.0:*:*:*:*:*:*:*,1,NOT_IN_DICTIONARY,,,20260725T035002Z
cpe:2.3:a:python-typing-extensions:python-typing-extensions:4.15.0:*:*:*:*:*:*:*,1,NOT_IN_DICTIONARY,,,20260725T035002Z
cpe:2.3:a:python3-distutils:python3-distutils:3.11.2-3:*:*:*:*:*:*:*,1,NOT_IN_DICTIONARY,,,20260725T035002Z
cpe:2.3:a:python3-lib2to3:python3-lib2to3:3.11.2-3:*:*:*:*:*:*:*,1,NOT_IN_DICTIONARY,,,20260725T035002Z
cpe:2.3:a:python3-minimal:python3-minimal:3.11.2-1\+b1:*:*:*:*:*:*:*,1,NOT_IN_DICTIONARY,,,20260725T035002Z
cpe:2.3:a:python3-minimal:python3-minimal:3.13.5-1:*:*:*:*:*:*:*,1,NOT_IN_DICTIONARY,,,20260725T035002Z
cpe:2.3:a:python3-packaging:python3-packaging:25.0-1:*:*:*:*:*:*:*,1,NOT_IN_DICTIONARY,,,20260725T035002Z
cpe:2.3:a:python3.11-minimal:python3.11-minimal:3.11.2-6\+deb12u8:*:*:*:*:*:*:*,1,NOT_IN_DICTIONARY,,,20260725T035002Z
cpe:2.3:a:python3.11:python3.11:3.11.2-6\+deb12u8:*:*:*:*:*:*:*,1,NOT_IN_DICTIONARY,,,20260725T035002Z
cpe:2.3:a:python3.13-minimal:python3.13-minimal:3.13.5-2\+deb13u3:*:*:*:*:*:*:*,1,NOT_IN_DICTIONARY,,,20260725T035002Z
cpe:2.3:a:python3.13:python3.13:3.13.5-2\+deb13u3:*:*:*:*:*:*:*,1,NOT_IN_DICTIONARY,,,20260725T035002Z
cpe:2.3:a:python3:python3:3.11.2-1\+b1:*:*:*:*:*:*:*,1,NOT_IN_DICTIONARY,,,20260725T035002Z
cpe:2.3:a:python3:python3:3.13.5-1:*:*:*:*:*:*:*,1,NOT_IN_DICTIONARY,,,20260725T035002Z
cpe:2.3:a:python:urllib3:2.6.3:*:*:*:*:*:*:*,1,NOT_IN_DICTIONARY,,,20260725T035002Z
cpe:2.3:a:python_cryptographic_authority_developers_\<cryptography_dev_project:python-bcrypt:5.0.0:*:*:*:*:*:*:*,1,NOT_IN_DICTIONARY,,,20260725T035002Z
cpe:2.3:a:python_software_foundation:python:3.14.6:*:*:*:*:*:*:*,1,NOT_IN_DICTIONARY,,,20260725T035002Z
cpe:2.3:a:qrcode-terminal:qrcode-terminal:0.12.0:*:*:*:*:*:*:*,1,NOT_IN_DICTIONARY,,,20260725T035002Z
cpe:2.3:a:read-cmd-shim:read-cmd-shim:6.0.0:*:*:*:*:*:*:*,1,NOT_IN_DICTIONARY,,,20260725T035002Z
cpe:2.3:a:read:read:5.0.1:*:*:*:*:*:*:*,1,NOT_IN_DICTIONARY,,,20260725T035002Z
cpe:2.3:a:readline-common:readline-common:8.2-1.3:*:*:*:*:*:*:*,1,NOT_IN_DICTIONARY,,,20260725T035002Z
cpe:2.3:a:readline-common:readline-common:8.2-6:*:*:*:*:*:*:*,2,NOT_IN_DICTIONARY,,,20260725T035002Z
cpe:2.3:a:redhat-release:redhat-release:3\:9.8-0.7.0.1.el9:*:*:*:*:*:*:*,1,NOT_IN_DICTIONARY,,,20260725T035002Z
cpe:2.3:a:redislabs:redis:8.8.0:*:*:*:*:*:*:*,1,NOT_IN_DICTIONARY,,,20260725T035002Z
cpe:2.3:a:rpcsvc-proto:rpcsvc-proto:1.4.3-1:*:*:*:*:*:*:*,2,NOT_IN_DICTIONARY,,,20260725T035002Z
cpe:2.3:a:rust-coreutils:rust-coreutils:0.8.0-0ubuntu3:*:*:*:*:*:*:*,1,NOT_IN_DICTIONARY,,,20260725T035002Z
cpe:2.3:a:safer-buffer:safer-buffer:2.1.2:*:*:*:*:*:*:*,1,NOT_IN_DICTIONARY,,,20260725T035002Z
cpe:2.3:a:scanelf:scanelf:1.3.9-r1:*:*:*:*:*:*:*,1,NOT_IN_DICTIONARY,,,20260725T035002Z
cpe:2.3:a:sed:sed:4.9-1\+deb12u1:*:*:*:*:*:*:*,1,NOT_IN_DICTIONARY,,,20260725T035002Z
cpe:2.3:a:sed:sed:4.9-2\+deb13u1:*:*:*:*:*:*:*,5,NOT_IN_DICTIONARY,,,20260725T035002Z
cpe:2.3:a:sed:sed:4.9-2ubuntu1:*:*:*:*:*:*:*,1,NOT_IN_DICTIONARY,,,20260725T035002Z
cpe:2.3:a:sensible-utils:sensible-utils:0.0.17\+nmu1:*:*:*:*:*:*:*,1,NOT_IN_DICTIONARY,,,20260725T035002Z
cpe:2.3:a:sensible-utils:sensible-utils:0.0.25:*:*:*:*:*:*:*,2,NOT_IN_DICTIONARY,,,20260725T035002Z
cpe:2.3:a:sensible-utils:sensible-utils:0.0.26build1:*:*:*:*:*:*:*,1,NOT_IN_DICTIONARY,,,20260725T035002Z
cpe:2.3:a:shared-mime-info:shared-mime-info:2.2-1:*:*:*:*:*:*:*,1,NOT_IN_DICTIONARY,,,20260725T035002Z
cpe:2.3:a:shared-mime-info:shared-mime-info:2.4-5\+b2:*:*:*:*:*:*:*,1,NOT_IN_DICTIONARY,,,20260725T035002Z
cpe:2.3:a:signal-exit:signal-exit:4.1.0:*:*:*:*:*:*:*,1,NOT_IN_DICTIONARY,,,20260725T035002Z
cpe:2.3:a:sigstore:sigstore:4.1.1:*:*:*:*:*:*:*,1,NOT_IN_DICTIONARY,,,20260725T035002Z
cpe:2.3:a:socks-proxy-agent:socks-proxy-agent:8.0.5:*:*:*:*:*:*:*,1,NOT_IN_DICTIONARY,,,20260725T035002Z
cpe:2.3:a:spdx-exceptions:spdx-exceptions:2.5.0:*:*:*:*:*:*:*,1,NOT_IN_DICTIONARY,,,20260725T035002Z
cpe:2.3:a:spdx-expression-parse:spdx-expression-parse:4.0.0:*:*:*:*:*:*:*,1,NOT_IN_DICTIONARY,,,20260725T035002Z
cpe:2.3:a:spdx-license-ids:spdx-license-ids:3.0.23:*:*:*:*:*:*:*,1,NOT_IN_DICTIONARY,,,20260725T035002Z
cpe:2.3:a:sq:sq:0.27.0-2\+b1:*:*:*:*:*:*:*,1,NOT_IN_DICTIONARY,,,20260725T035002Z
cpe:2.3:a:sq:sq:1.3.1-2\+b2:*:*:*:*:*:*:*,1,NOT_IN_DICTIONARY,,,20260725T035002Z
cpe:2.3:a:sqv:sqv:1.3.0-3\+b2:*:*:*:*:*:*:*,5,NOT_IN_DICTIONARY,,,20260725T035002Z
cpe:2.3:a:ssl-cert:ssl-cert:1.1.3:*:*:*:*:*:*:*,1,NOT_IN_DICTIONARY,,,20260725T035002Z
cpe:2.3:a:ssl-client:ssl-client:1.37.0-r31:*:*:*:*:*:*:*,1,NOT_IN_DICTIONARY,,,20260725T035002Z
cpe:2.3:a:ssri_project:ssri:13.0.1:*:*:*:*:node.js:*:*,1,NOT_IN_DICTIONARY,,,20260725T035002Z
cpe:2.3:a:stuart_bishop_project:python-pytz:2026.1.post1:*:*:*:*:*:*:*,1,NOT_IN_DICTIONARY,,,20260725T035002Z
cpe:2.3:a:substack:archy:1.0.0:*:*:*:*:*:*:*,1,NOT_IN_DICTIONARY,,,20260725T035002Z
cpe:2.3:a:subversion:subversion:1.14.2-4\+deb12u1:*:*:*:*:*:*:*,1,NOT_IN_DICTIONARY,,,20260725T035002Z
cpe:2.3:a:subversion:subversion:1.14.5-3:*:*:*:*:*:*:*,1,NOT_IN_DICTIONARY,,,20260725T035002Z
cpe:2.3:a:supports-color:supports-color:10.2.2:*:*:*:*:*:*:*,1,NOT_IN_DICTIONARY,,,20260725T035002Z
cpe:2.3:a:sysvinit-utils:sysvinit-utils:3.06-4:*:*:*:*:*:*:*,1,NOT_IN_DICTIONARY,,,20260725T035002Z
cpe:2.3:a:sysvinit-utils:sysvinit-utils:3.14-4:*:*:*:*:*:*:*,5,NOT_IN_DICTIONARY,,,20260725T035002Z
cpe:2.3:a:sysvinit-utils:sysvinit-utils:3.15-5ubuntu1:*:*:*:*:*:*:*,1,NOT_IN_DICTIONARY,,,20260725T035002Z
cpe:2.3:a:tar:tar:1.34\+dfsg-1.2\+deb12u1:*:*:*:*:*:*:*,1,NOT_IN_DICTIONARY,,,20260725T035002Z
cpe:2.3:a:tar:tar:1.35\+dfsg-3.1:*:*:*:*:*:*:*,5,NOT_IN_DICTIONARY,,,20260725T035002Z
cpe:2.3:a:tar:tar:1.35\+dfsg-4ubuntu0.2:*:*:*:*:*:*:*,1,NOT_IN_DICTIONARY,,,20260725T035002Z
cpe:2.3:a:tar_project:tar:7.5.15:*:*:*:*:node.js:*:*,1,NOT_IN_DICTIONARY,,,20260725T035002Z
cpe:2.3:a:tcl-dev:tcl-dev:8.6.16:*:*:*:*:*:*:*,1,NOT_IN_DICTIONARY,,,20260725T035002Z
cpe:2.3:a:tcl8.6-dev:tcl8.6-dev:8.6.16\+dfsg-1:*:*:*:*:*:*:*,1,NOT_IN_DICTIONARY,,,20260725T035002Z
cpe:2.3:a:tcl8.6:tcl8.6:8.6.16\+dfsg-1:*:*:*:*:*:*:*,1,NOT_IN_DICTIONARY,,,20260725T035002Z
cpe:2.3:a:tcl:tcl:8.6.16:*:*:*:*:*:*:*,1,NOT_IN_DICTIONARY,,,20260725T035002Z
cpe:2.3:a:text-table:text-table:0.2.0:*:*:*:*:*:*:*,1,NOT_IN_DICTIONARY,,,20260725T035002Z
cpe:2.3:a:thecodrr:fdir:6.5.0:*:*:*:*:*:*:*,1,NOT_IN_DICTIONARY,,,20260725T035002Z
cpe:2.3:a:theupdateframework:\@tufjs\/models:4.1.0:*:*:*:*:*:*:*,1,NOT_IN_DICTIONARY,,,20260725T035002Z
cpe:2.3:a:theupdateframework:tuf-js:4.1.0:*:*:*:*:*:*:*,1,NOT_IN_DICTIONARY,,,20260725T035002Z
cpe:2.3:a:tianon:gosu:v1.19.0:*:*:*:*:*:*:*,2,NOT_IN_DICTIONARY,,,20260725T035002Z
cpe:2.3:a:tiny-relative-date:tiny-relative-date:2.0.2:*:*:*:*:*:*:*,1,NOT_IN_DICTIONARY,,,20260725T035002Z
cpe:2.3:a:tinyglobby:tinyglobby:0.2.16:*:*:*:*:*:*:*,1,NOT_IN_DICTIONARY,,,20260725T035002Z
cpe:2.3:a:tk-dev:tk-dev:8.6.16:*:*:*:*:*:*:*,1,NOT_IN_DICTIONARY,,,20260725T035002Z
cpe:2.3:a:tk8.6-dev:tk8.6-dev:8.6.16-1:*:*:*:*:*:*:*,1,NOT_IN_DICTIONARY,,,20260725T035002Z
cpe:2.3:a:tk8.6:tk8.6:8.6.16-1:*:*:*:*:*:*:*,1,NOT_IN_DICTIONARY,,,20260725T035002Z
cpe:2.3:a:tk:tk:8.6.16:*:*:*:*:*:*:*,1,NOT_IN_DICTIONARY,,,20260725T035002Z
cpe:2.3:a:treeverse:treeverse:3.0.0:*:*:*:*:*:*:*,1,NOT_IN_DICTIONARY,,,20260725T035002Z
cpe:2.3:a:tzdata:tzdata:2026b-0\+deb12u1:*:*:*:*:*:*:*,1,NOT_IN_DICTIONARY,,,20260725T035002Z
cpe:2.3:a:tzdata:tzdata:2026b-0\+deb13u1:*:*:*:*:*:*:*,5,NOT_IN_DICTIONARY,,,20260725T035002Z
cpe:2.3:a:ubuntu-keyring:ubuntu-keyring:2023.11.28.1build1:*:*:*:*:*:*:*,1,NOT_IN_DICTIONARY,,,20260725T035002Z
cpe:2.3:a:ucf:ucf:3.0043\+nmu1\+deb12u1:*:*:*:*:*:*:*,1,NOT_IN_DICTIONARY,,,20260725T035002Z
cpe:2.3:a:ucf:ucf:3.0052:*:*:*:*:*:*:*,2,NOT_IN_DICTIONARY,,,20260725T035002Z
cpe:2.3:a:unzip:unzip:6.0-28:*:*:*:*:*:*:*,1,NOT_IN_DICTIONARY,,,20260725T035002Z
cpe:2.3:a:unzip:unzip:6.0-29:*:*:*:*:*:*:*,1,NOT_IN_DICTIONARY,,,20260725T035002Z
cpe:2.3:a:usr-is-merged:usr-is-merged:37\~deb12u1:*:*:*:*:*:*:*,1,NOT_IN_DICTIONARY,,,20260725T035002Z
cpe:2.3:a:util-deprecate:util-deprecate:1.0.2:*:*:*:*:*:*:*,1,NOT_IN_DICTIONARY,,,20260725T035002Z
cpe:2.3:a:util-linux-extra:util-linux-extra:2.38.1-5\+deb12u3:*:*:*:*:*:*:*,1,NOT_IN_DICTIONARY,,,20260725T035002Z
cpe:2.3:a:util-linux:util-linux:2.38.1-5\+deb12u3:*:*:*:*:*:*:*,1,NOT_IN_DICTIONARY,,,20260725T035002Z
cpe:2.3:a:util-linux:util-linux:2.41-5:*:*:*:*:*:*:*,5,NOT_IN_DICTIONARY,,,20260725T035002Z
cpe:2.3:a:util-linux:util-linux:2.41.3-3ubuntu2:*:*:*:*:*:*:*,1,NOT_IN_DICTIONARY,,,20260725T035002Z
cpe:2.3:a:utils-shell-plugin:utils-shell-plugin:1.0.0:*:*:*:*:*:*:*,1,NOT_IN_DICTIONARY,,,20260725T035002Z
cpe:2.3:a:uuid-dev:uuid-dev:2.38.1-5\+deb12u3:*:*:*:*:*:*:*,1,NOT_IN_DICTIONARY,,,20260725T035002Z
cpe:2.3:a:uuid-dev:uuid-dev:2.41-5:*:*:*:*:*:*:*,1,NOT_IN_DICTIONARY,,,20260725T035002Z
cpe:2.3:a:validate-npm-package-name:validate-npm-package-name:7.0.2:*:*:*:*:*:*:*,1,NOT_IN_DICTIONARY,,,20260725T035002Z
cpe:2.3:a:vercel:ms:2.1.3:*:*:*:*:node.js:*:*,1,OFFICIAL_ACTIVE,81ae3bb7-9917-487b-a561-05a644970814,False,20260725T035002Z
cpe:2.3:a:walk-up-path:walk-up-path:4.0.0:*:*:*:*:*:*:*,1,NOT_IN_DICTIONARY,,,20260725T035002Z
cpe:2.3:a:wget:wget:1.21.3-1\+deb12u1:*:*:*:*:*:*:*,1,NOT_IN_DICTIONARY,,,20260725T035002Z
cpe:2.3:a:wget:wget:1.25.0-2:*:*:*:*:*:*:*,1,NOT_IN_DICTIONARY,,,20260725T035002Z
cpe:2.3:a:which:which:6.0.1:*:*:*:*:*:*:*,1,NOT_IN_DICTIONARY,,,20260725T035002Z
cpe:2.3:a:write-file-atomic:write-file-atomic:7.0.1:*:*:*:*:*:*:*,1,NOT_IN_DICTIONARY,,,20260725T035002Z
cpe:2.3:a:x11-common:x11-common:1\:7.7\+23:*:*:*:*:*:*:*,1,NOT_IN_DICTIONARY,,,20260725T035002Z
cpe:2.3:a:x11-common:x11-common:1\:7.7\+24\+deb13u1:*:*:*:*:*:*:*,1,NOT_IN_DICTIONARY,,,20260725T035002Z
cpe:2.3:a:x11proto-core-dev:x11proto-core-dev:2022.1-1:*:*:*:*:*:*:*,1,NOT_IN_DICTIONARY,,,20260725T035002Z
cpe:2.3:a:x11proto-dev:x11proto-dev:2022.1-1:*:*:*:*:*:*:*,1,NOT_IN_DICTIONARY,,,20260725T035002Z
cpe:2.3:a:x11proto-dev:x11proto-dev:2024.1-1:*:*:*:*:*:*:*,1,NOT_IN_DICTIONARY,,,20260725T035002Z
cpe:2.3:a:xorg-sgml-doctools:xorg-sgml-doctools:1\:1.11-1.1:*:*:*:*:*:*:*,2,NOT_IN_DICTIONARY,,,20260725T035002Z
cpe:2.3:a:xtrans-dev:xtrans-dev:1.4.0-1:*:*:*:*:*:*:*,2,NOT_IN_DICTIONARY,,,20260725T035002Z
cpe:2.3:a:xz-utils:xz-utils:5.4.1-1\+deb12u1:*:*:*:*:*:*:*,1,NOT_IN_DICTIONARY,,,20260725T035002Z
cpe:2.3:a:xz-utils:xz-utils:5.8.1-1\+deb13u1:*:*:*:*:*:*:*,2,NOT_IN_DICTIONARY,,,20260725T035002Z
cpe:2.3:a:yallist:yallist:4.0.0:*:*:*:*:*:*:*,1,NOT_IN_DICTIONARY,,,20260725T035002Z
cpe:2.3:a:yallist:yallist:5.0.0:*:*:*:*:*:*:*,1,NOT_IN_DICTIONARY,,,20260725T035002Z
cpe:2.3:a:yaml_project:yaml:v3.0.1:*:*:*:*:go:*:*,1,NOT_IN_DICTIONARY,,,20260725T035002Z
cpe:2.3:a:yarn:yarn:1.22.22:*:*:*:*:*:*:*,1,NOT_IN_DICTIONARY,,,20260725T035002Z
cpe:2.3:a:zlib1g-dev:zlib1g-dev:1\:1.2.13.dfsg-1:*:*:*:*:*:*:*,1,NOT_IN_DICTIONARY,,,20260725T035002Z
cpe:2.3:a:zlib1g-dev:zlib1g-dev:1\:1.3.dfsg\+really1.3.1-1\+b1:*:*:*:*:*:*:*,1,NOT_IN_DICTIONARY,,,20260725T035002Z
cpe:2.3:a:zlib1g:zlib1g:1\:1.2.13.dfsg-1:*:*:*:*:*:*:*,1,NOT_IN_DICTIONARY,,,20260725T035002Z
cpe:2.3:a:zlib1g:zlib1g:1\:1.3.dfsg\+really1.3.1-1\+b1:*:*:*:*:*:*:*,5,NOT_IN_DICTIONARY,,,20260725T035002Z
cpe:2.3:a:zlib1g:zlib1g:1\:1.3.dfsg\+really1.3.1-1ubuntu3:*:*:*:*:*:*:*,1,NOT_IN_DICTIONARY,,,20260725T035002Z
cpe:2.3:a:zlib:zlib:1.3.2-r0:*:*:*:*:*:*:*,1,NOT_IN_DICTIONARY,,,20260725T035002Z
cpe:2.3:a:zstd:zstd:1.5.7\+dfsg-1:*:*:*:*:*:*:*,1,NOT_IN_DICTIONARY,,,20260725T035002Z
cpe:2.3:o:oracle:linux:9:8:server:*:*:*:*:*,1,NOT_IN_DICTIONARY,,,20260725T035002Z
