component_id,name,observed_version,audited_actual_vendor,audited_actual_product,audited_actual_version,exact_firmware_evidence,official_upstream_evidence,official_product_boundary,current_gt_cpe,current_validation_result,cpe_family_part,cpe_family_vendor,cpe_family_product,cpe_family_entry_count,cpe_family_active_count,cpe_family_deprecated_count,cpe_family_deprecated_by_edge_count,cpe_family_active_exact_version_count,cpe_family_active_exact_compatible_count,cpe_family_template_compatible_count,cpe_family_version_summary,cpe_family_attribute_summary,cpe_title_summary,cpe_reference_summary,nvd_configuration_occurrences,nvd_configuration_cve_count,nvd_distinct_criteria_count,nvd_criteria_examples,nvd_operator_summary,nvd_usage_summary,nvd_representative_case_review,product_boundary_status,version_space_status,direct_actual_product_cpe_found,configuration_only_actual_product_found,risk_flags,circular_evidence_risk,audit_status,recommended_gt_cpe,recommended_validation_result,audit_reason,evidence_strength
199623,busybox,1.34.1-79.7,BusyBox,BusyBox,1.34.1,"{""control"": ""/usr/lib/opkg/info/busybox.control"", ""depends"": ""libc, jsonfilter, libubus20210630, libubox20240329, liblog, liblog, libnetifd, libuci20130104"", ""description"": ""The Swiss Army Knife of embedded Linux.\nIt slices, it dices, it makes Julian Fries."", ""list"": ""/usr/lib/opkg/info/busybox.list"", ""payload"": ""/bin/dmesg | /usr/bin/id | /etc/init.d/cron | /etc/config/ntpserver | /usr/share/acl.d/ntpd.json | /lib/upgrade/keep.d/busybox"", ""source"": ""package/utils/busybox"", ""source_name"": ""busybox""}","[""https://busybox.net/about.html"", ""https://busybox.net/downloads/""]",The installed multi-call binary and applets are the BusyBox product represented by the BusyBox family.,cpe:2.3:a:busybox:busybox:1.34.1:*:*:*:*:*:*:*,OFFICIAL_CPE_MAPPED,a,busybox,busybox,165,163,2,2,1,1,146,149 distinct; samples=0.38; 0.39; 0.40; 0.41; 0.42; 0.43; ...; 1.35.0; 1.36.1; 1.37.0; 1.38.0; -,"{""editions"": [""*""], ""target_hw"": [""*""], ""target_sw"": [""*""], ""updates"": [""*"", ""-"", ""pre"", ""pre1"", ""pre2"", ""pre3"", ""pre4"", ""pre5"", ""pre6"", ""pre7"", ""pre8"", ""pre9"", ""pre10"", ""rc1"", ""rc2"", ""rc3""]}",BusyBox | BusyBox 0.38 | BusyBox 0.39,https://busybox.net/downloads/BusyBox.html | https://git.busybox.net/busybox/ | https://busybox.net/downloads/ | http://busybox.net/,237,46,123,"[{""configuration_operator"": null, ""criteria"": ""cpe:2.3:a:busybox:busybox:1.38.0:*:*:*:*:*:*:*"", ""cve_record__cve_id"": ""CVE-2026-38755"", ""node_operator"": ""OR"", ""version_end_excluding"": null, ""version_end_including"": null, ""version_start_excluding"": null, ""version_start_including"": null, ""vulnerable"": true}, {""configuration_operator"": null, ""criteria"": ""cpe:2.3:a:busybox:busybox:1.38.0:*:*:*:*:*:*:*"", ""cve_record__cve_id"": ""CVE-2026-38754"", ""node_operator"": ""OR"", ""version_end_excluding"": null, ""version_end_including"": null, ""version_start_excluding"": null, ""version_start_including"": null, ""vulnerable"": true}, {""configuration_operator"": null, ""criteria"": ""cpe:2.3:a:busybox:busybox:2024-07-13:*:*:*:*:*:*:*"", ""cve_record__cve_id"": ""CVE-2026-38752"", ""node_operator"": ""OR"", ""version_end_excluding"": null, ""version_end_including"": null, ""version_start_excluding"": null, ""version_start_including"": null, ""vulnerable"": true}]","{""configuration_and"": 1, ""configuration_or"": 0, ""configuration_unset"": 236, ""node_and"": 0, ""node_or"": 237, ""ranged"": 28}",occurrences=237; CVEs=46; distinct criteria=123; configuration AND/OR/unset=1/0/236; node AND/OR=0/237; ranged=28,[],SAME_PRODUCT,ALIGNED,true,false,[],false,KEEP,cpe:2.3:a:busybox:busybox:1.34.1:*:*:*:*:*:*:*,OFFICIAL_CPE_MAPPED,The installed multi-call binary and applets are the BusyBox product represented by the BusyBox family. The official archive contains 1.34.1; 79.7 is downstream package release data.,STRONG
199625,curl,8.11.0-23.2,curl project,curl,8.11.0,"{""control"": ""/usr/lib/opkg/info/curl.control"", ""depends"": ""libc, libcurl4"", ""description"": ""A client-side URL transfer utility"", ""list"": ""/usr/lib/opkg/info/curl.list"", ""payload"": ""/usr/bin/curl"", ""source"": ""package/network/utils/curl"", ""source_name"": ""curl""}","[""https://curl.se/docs/faq.html"", ""https://curl.se/docs/versions.html""]",The curl project explicitly distinguishes the curl command-line product from the libcurl library; /usr/bin/curl maps to the curl family.,cpe:2.3:a:haxx:curl:8.11.0:*:*:*:*:*:*:*,OFFICIAL_CPE_MAPPED,a,haxx,curl,224,224,0,0,1,1,217,218 distinct; samples=4.9; 6.0; 6.1; 6.2; 6.3; 6.3.1; ...; 8.18.0; 8.19.0; 8.20.0; 8.21.0; -,"{""editions"": [""*""], ""target_hw"": [""*"", ""x86""], ""target_sw"": [""*""], ""updates"": [""*"", ""-"", ""beta"", ""rc1"", ""rc2"", ""rc3""]}",Haxx Curl | Haxx Curl 4.9 | Haxx Curl 6.0,http://curl.haxx.se/ | https://github.com/CVEProject/cvelist/blob/master/2022/27xxx/CVE-2022-27774.json | https://hackerone.com/reports/1543773 | https://nvd-admin.nist.gov/admin/consoles/client/index.webadmin.html#/vuln/detail/CVE-2017-2628?tab=REFERENCES,823,161,146,"[{""configuration_operator"": null, ""criteria"": ""cpe:2.3:a:haxx:curl:*:*:*:*:*:*:*:*"", ""cve_record__cve_id"": ""CVE-2026-9547"", ""node_operator"": ""OR"", ""version_end_excluding"": ""8.21.0"", ""version_end_including"": null, ""version_start_excluding"": null, ""version_start_including"": ""7.69.0"", ""vulnerable"": true}, {""configuration_operator"": null, ""criteria"": ""cpe:2.3:a:haxx:curl:*:*:*:*:*:*:*:*"", ""cve_record__cve_id"": ""CVE-2026-9546"", ""node_operator"": ""OR"", ""version_end_excluding"": ""8.21.0"", ""version_end_including"": null, ""version_start_excluding"": null, ""version_start_including"": ""8.18.0"", ""vulnerable"": true}, {""configuration_operator"": null, ""criteria"": ""cpe:2.3:a:haxx:curl:*:*:*:*:*:*:*:*"", ""cve_record__cve_id"": ""CVE-2026-9545"", ""node_operator"": ""OR"", ""version_end_excluding"": ""8.21.0"", ""version_end_including"": null, ""version_start_excluding"": null, ""version_start_including"": ""8.11.0"", ""vulnerable"": true}]","{""configuration_and"": 18, ""configuration_or"": 0, ""configuration_unset"": 805, ""node_and"": 0, ""node_or"": 823, ""ranged"": 137}",occurrences=823; CVEs=161; distinct criteria=146; configuration AND/OR/unset=18/0/805; node AND/OR=0/823; ranged=137; MIXED_NVD_USAGE: representative fixed-Snapshot cases under haxx:curl describe libcurl. This is not used to infer the installed CLI boundary; official curl/libcurl separation and the distinct Dictionary families control the mapping.,"[{""cve_id"": ""CVE-2026-9547"", ""description"": ""When a libcurl-based application performs transfers via `SCP://` or `SFTP://`\nand utilizes the `CURLOPT_SSH_KEYFUNCTION` callback, it may silently accept an\nuntrusted server. This vulnerability occurs when a server presents a host key\ntype that does not match the specific key type already recorded for that host\nin the `known_hosts` file. Instead of rejecting the mismatch, the callback\nmechanism fails to properly enforce the restriction, allowing the connection\nto succeed without warning and risking a potential man-in-the-middle attack."", ""references"": [""https://curl.se/docs/CVE-2026-9547.html"", ""https://curl.se/docs/CVE-2026-9547.json"", ""https://hackerone.com/reports/3751712"", ""https://hackerone.com/reports/3751712""]}, {""cve_id"": ""CVE-2026-9546"", ""description"": ""A vulnerability in libcurl caused the HTTP `Referer:` header to persist even\nwhen explicitly cleared. While the documentation states that passing NULL to\n`CURLOPT_REFERER` suppresses the header, the option failed to clear the\ninternal state. As a result the previous referrer string was erroneously\nreused and sent in subsequent requests, potentially leaking sensitive\ninformation to unintended servers."", ""references"": [""https://curl.se/docs/CVE-2026-9546.html"", ""https://curl.se/docs/CVE-2026-9546.json"", ""https://hackerone.com/reports/3754343"", ""https://hackerone.com/reports/3754343""]}, {""cve_id"": ""CVE-2026-9545"", ""description"": ""In this scenario, libcurl first uses a proper HTTP/3 server for the initial\ntransfers, and when it makes a second transfer to the same site it has been\nreplaced by the attacker's impostor machine - without a valid certificate.\n\nWhen libcurl returns to the hostname the second time with a cached SSL session\n(`CURLOPT_SSL_SESSIONID_CACHE` is not disabled) and early data enabled (the\n`CURLSSLOPT_EARLYDATA` bit is set in `CURLOPT_SSL_OPTIONS`), libcurl might\nsend off the second request's bytes on that new connection *before* enforcing\nthe certificate verification failure. Potentially leaking sensitive\ninformation."", ""references"": [""https://curl.se/docs/CVE-2026-9545.html"", ""https://curl.se/docs/CVE-2026-9545.json"", ""https://hackerone.com/reports/3752888"", ""https://hackerone.com/reports/3752888""]}]",SAME_PRODUCT,ALIGNED,true,false,"[""UMBRELLA_PROJECT_SUBPRODUCT"", ""CLI_VS_LIBRARY"", ""MIXED_NVD_USAGE""]",false,KEEP,cpe:2.3:a:haxx:curl:8.11.0:*:*:*:*:*:*:*,OFFICIAL_CPE_MAPPED,The curl project explicitly distinguishes the curl command-line product from the libcurl library; /usr/bin/curl maps to the curl family. curl and libcurl use the 8.11.0 upstream release; 23.2 is packaging data.,MODERATE
199653,davici,1.4-1,strongSwan,davici,1.4,"{""control"": ""/usr/lib/opkg/info/davici.control"", ""depends"": ""libc"", ""description"": ""The davici library provides a client implementation of the\nstrongSwan VICI protocol for integration into external applications."", ""list"": ""/usr/lib/opkg/info/davici.list"", ""payload"": ""/usr/lib/libdavici.so | /usr/lib/libdavici.so.0.1.0"", ""source"": ""package/libs/davici"", ""source_name"": ""davici""}","[""https://github.com/strongswan/davici""]","davici is the separately released Decoupled Asynchronous VICI client library under the strongSwan organization, and has a direct davici CPE family.",cpe:2.3:a:strongswan:davici:1.4:*:*:*:*:*:*:*,VERSION_NOT_IN_DICTIONARY,a,strongswan,davici,5,5,0,0,0,0,5,5 distinct; samples=0.1; 1.0; 1.1; 1.2; 1.3,"{""editions"": [""*""], ""target_hw"": [""*""], ""target_sw"": [""*""], ""updates"": [""*""]}",strongSwan davici 0.1 | strongSwan davici 1.0 | strongSwan davici 1.1,https://github.com/strongswan/davici | https://www.strongswan.org/,0,0,0,[],"{""configuration_and"": 0, ""configuration_or"": 0, ""configuration_unset"": 0, ""node_and"": 0, ""node_or"": 0, ""ranged"": 0}",occurrences=0; CVEs=0; distinct criteria=0; configuration AND/OR/unset=0/0/0; node AND/OR=0/0; ranged=0,[],SAME_PRODUCT,ALIGNED,true,false,"[""UMBRELLA_PROJECT_SUBPROJECT"", ""LIBRARY_PRODUCT""]",false,KEEP,cpe:2.3:a:strongswan:davici:1.4:*:*:*:*:*:*:*,VERSION_NOT_IN_DICTIONARY,"davici is the separately released Decoupled Asynchronous VICI client library under the strongSwan organization, and has a direct davici CPE family. The package release 1.4-1 identifies upstream davici 1.4 plus package release 1.",STRONG
199659,dnsmasq,2.89-42.4,Thekelleys,dnsmasq,2.89,"{""control"": ""/usr/lib/opkg/info/dnsmasq.control"", ""depends"": ""libc, libubus20210630"", ""description"": ""It is intended to provide coupled DNS and DHCP service to a LAN."", ""list"": ""/usr/lib/opkg/info/dnsmasq.list"", ""payload"": ""/usr/sbin/dhcpinfo.sh | /usr/lib/dnsmasq/dhcp-script.sh | /etc/dnsmasq.conf | /etc/config/dhcp | /usr/share/dnsmasq/rfc6761.conf | /usr/share/acl.d/dnsmasq_acl.json | /lib/upgrade/keep.d/dnsmasq"", ""source"": ""package/network/services/dnsmasq"", ""source_name"": ""dnsmasq""}","[""https://thekelleys.org.uk/dnsmasq/doc.html""]",The installed dnsmasq daemon and the CPE family both identify Simon Kelley's dnsmasq product.,cpe:2.3:a:thekelleys:dnsmasq:2.89:*:*:*:*:*:*:*,OFFICIAL_CPE_MAPPED,a,thekelleys,dnsmasq,132,132,0,0,1,1,117,121 distinct; samples=0.4; 0.5; 0.6; 0.7; 0.95; 0.96; ...; 2.90; 2.91; 2.92; 2.93; -,"{""editions"": [""*""], ""target_hw"": [""*""], ""target_sw"": [""*""], ""updates"": [""*"", ""-"", ""rc1"", ""rc2"", ""rc3"", ""rc4"", ""rc5""]}",thekelleys dnsmasq | thekelleys dnsmasq 0.4 | thekelleys dnsmasq 0.5,http://www.thekelleys.org.uk/dnsmasq/CHANGELOG | http://thekelleys.org.uk/dnsmasq | http://www.thekelleys.org.uk/dnsmasq/doc.html | http://www.thekelleys.org.uk/dnsmasq/,189,39,78,"[{""configuration_operator"": null, ""criteria"": ""cpe:2.3:a:thekelleys:dnsmasq:*:*:*:*:*:*:*:*"", ""cve_record__cve_id"": ""CVE-2026-12969"", ""node_operator"": ""OR"", ""version_end_excluding"": ""2.93"", ""version_end_including"": null, ""version_start_excluding"": null, ""version_start_including"": null, ""vulnerable"": true}, {""configuration_operator"": null, ""criteria"": ""cpe:2.3:a:thekelleys:dnsmasq:*:*:*:*:*:*:*:*"", ""cve_record__cve_id"": ""CVE-2026-12725"", ""node_operator"": ""OR"", ""version_end_excluding"": ""2.93"", ""version_end_including"": null, ""version_start_excluding"": null, ""version_start_including"": null, ""vulnerable"": true}, {""configuration_operator"": null, ""criteria"": ""cpe:2.3:a:thekelleys:dnsmasq:2.9:*:*:*:*:*:*:*"", ""cve_record__cve_id"": ""CVE-2023-49441"", ""node_operator"": ""OR"", ""version_end_excluding"": null, ""version_end_including"": null, ""version_start_excluding"": null, ""version_start_including"": null, ""vulnerable"": true}]","{""configuration_and"": 0, ""configuration_or"": 0, ""configuration_unset"": 189, ""node_and"": 0, ""node_or"": 189, ""ranged"": 30}",occurrences=189; CVEs=39; distinct criteria=78; configuration AND/OR/unset=0/0/189; node AND/OR=0/189; ranged=30,[],SAME_PRODUCT,ALIGNED,true,false,[],false,KEEP,cpe:2.3:a:thekelleys:dnsmasq:2.89:*:*:*:*:*:*:*,OFFICIAL_CPE_MAPPED,The installed dnsmasq daemon and the CPE family both identify Simon Kelley's dnsmasq product. 2.89 is the upstream release; 42.4 is distribution packaging data.,MODERATE
199660,dropbear,2020.81-3,Dropbear SSH project,Dropbear SSH,2020.81,"{""control"": ""/usr/lib/opkg/info/dropbear.control"", ""depends"": ""libc, libubus20210630, libubox20240329, liblog"", ""description"": ""A small SSH2 server/client designed for small memory environments."", ""list"": ""/usr/lib/opkg/info/dropbear.list"", ""payload"": ""/usr/bin/dbclient | /usr/bin/dropbearkey | /etc/dropbear/dropbear_ed25519_host_key | /etc/init.d/dropbear | /lib/preinit/99_10_failsafe_dropbear"", ""source"": ""package/network/services/dropbear"", ""source_name"": ""dropbear""}","[""https://matt.ucc.asn.au/dropbear/dropbear.html"", ""https://matt.ucc.asn.au/dropbear/releases/""]",The installed Dropbear SSH executables and the dropbear_ssh family are the same compact SSH product.,cpe:2.3:a:dropbear_ssh_project:dropbear_ssh:2020.81:*:*:*:*:*:*:*,OFFICIAL_CPE_MAPPED,a,dropbear_ssh_project,dropbear_ssh,62,62,0,0,1,1,57,57 distinct; samples=0.28; 0.29; 0.30; 0.31; 0.32; 0.33; ...; 2019.77; 2019.78; 2020.79; 2020.80; 2020.81,"{""editions"": [""*""], ""target_hw"": [""*""], ""target_sw"": [""*""], ""updates"": [""*"", ""test"", ""test1"", ""test2"", ""test3"", ""test4""]}",Dropbear SSH Project Dropbear SSH 0.28 | Dropbear SSH Project Dropbear SSH 0.29 | Dropbear SSH Project Dropbear SSH 0.30,https://matt.ucc.asn.au/dropbear/CHANGES | https://secure.ucc.asn.au/hg/dropbear/tags | https://secure.ucc.asn.au/hg/dropbear/graph/871698dd3669,20,20,1,"[{""configuration_operator"": null, ""criteria"": ""cpe:2.3:a:dropbear_ssh_project:dropbear_ssh:*:*:*:*:*:*:*:*"", ""cve_record__cve_id"": ""CVE-2023-48795"", ""node_operator"": ""OR"", ""version_end_excluding"": ""2022.83"", ""version_end_including"": null, ""version_start_excluding"": null, ""version_start_including"": null, ""vulnerable"": true}, {""configuration_operator"": null, ""criteria"": ""cpe:2.3:a:dropbear_ssh_project:dropbear_ssh:*:*:*:*:*:*:*:*"", ""cve_record__cve_id"": ""CVE-2021-36369"", ""node_operator"": ""OR"", ""version_end_excluding"": null, ""version_end_including"": ""2020.81"", ""version_start_excluding"": null, ""version_start_including"": null, ""vulnerable"": true}, {""configuration_operator"": null, ""criteria"": ""cpe:2.3:a:dropbear_ssh_project:dropbear_ssh:*:*:*:*:*:*:*:*"", ""cve_record__cve_id"": ""CVE-2020-36254"", ""node_operator"": ""OR"", ""version_end_excluding"": ""2020.79"", ""version_end_including"": null, ""version_start_excluding"": null, ""version_start_including"": null, ""vulnerable"": true}]","{""configuration_and"": 0, ""configuration_or"": 0, ""configuration_unset"": 20, ""node_and"": 0, ""node_or"": 20, ""ranged"": 20}",occurrences=20; CVEs=20; distinct criteria=1; configuration AND/OR/unset=0/0/20; node AND/OR=0/20; ranged=20,[],SAME_PRODUCT,ALIGNED,true,false,[],false,KEEP,cpe:2.3:a:dropbear_ssh_project:dropbear_ssh:2020.81:*:*:*:*:*:*:*,OFFICIAL_CPE_MAPPED,The installed Dropbear SSH executables and the dropbear_ssh family are the same compact SSH product. The official release archive contains 2020.81; 3 is package release data.,STRONG
199661,e2fsprogs,1.47.0-2,e2fsprogs project,e2fsprogs,1.47.0,"{""control"": ""/usr/lib/opkg/info/e2fsprogs.control"", ""depends"": ""libc, libuuid1, libext2fs2"", ""description"": ""This package contains essential ext2 filesystem utilities which consists of\ne2fsck, mke2fs and most of the other core ext2 filesystem utilities."", ""list"": ""/usr/lib/opkg/info/e2fsprogs.list"", ""payload"": ""/usr/sbin/mkfs.ext2 | /usr/sbin/mkfs.ext3 | /usr/lib/libe2p.so.2 | /usr/lib/libe2p.so.2.3"", ""source"": ""package/utils/e2fsprogs"", ""source_name"": ""e2fsprogs""}","[""https://e2fsprogs.sourceforge.net/"", ""https://github.com/tytso/e2fsprogs/tags""]",The installed filesystem utilities originate from and retain the e2fsprogs product boundary.,cpe:2.3:a:e2fsprogs_project:e2fsprogs:1.47.0:*:*:*:*:*:*:*,VERSION_NOT_IN_DICTIONARY,a,e2fsprogs_project,e2fsprogs,109,109,0,0,0,0,108,108 distinct; samples=0.3b; 0.3c; 0.3d; 0.4; 0.4a; 0.5; ...; 1.44.4; 1.44.5; 1.45.3; 1.45.4; 1.46.5,"{""editions"": [""*""], ""target_hw"": [""*""], ""target_sw"": [""*""], ""updates"": [""*"", ""rc2""]}",e2fsprogs project e2fsprogs 0.3b | e2fsprogs project e2fsprogs 0.3c | e2fsprogs project e2fsprogs 0.3d,http://sourceforge.net/projects/e2fsprogs/files/e2fsprogs/ | http://e2fsprogs.sourceforge.net/ | https://cdn.kernel.org/pub/linux/kernel/people/tytso/e2fsprogs/ | http://e2fsprogs.sourceforge.net,5,5,2,"[{""configuration_operator"": null, ""criteria"": ""cpe:2.3:a:e2fsprogs_project:e2fsprogs:1.46.5:*:*:*:*:*:*:*"", ""cve_record__cve_id"": ""CVE-2022-1304"", ""node_operator"": ""OR"", ""version_end_excluding"": null, ""version_end_including"": null, ""version_start_excluding"": null, ""version_start_including"": null, ""vulnerable"": true}, {""configuration_operator"": null, ""criteria"": ""cpe:2.3:a:e2fsprogs_project:e2fsprogs:*:*:*:*:*:*:*:*"", ""cve_record__cve_id"": ""CVE-2019-5188"", ""node_operator"": ""OR"", ""version_end_excluding"": null, ""version_end_including"": ""1.45.4"", ""version_start_excluding"": null, ""version_start_including"": ""1.43.3"", ""vulnerable"": true}, {""configuration_operator"": null, ""criteria"": ""cpe:2.3:a:e2fsprogs_project:e2fsprogs:*:*:*:*:*:*:*:*"", ""cve_record__cve_id"": ""CVE-2019-5094"", ""node_operator"": ""OR"", ""version_end_excluding"": null, ""version_end_including"": ""1.45.3"", ""version_start_excluding"": null, ""version_start_including"": ""1.43.3"", ""vulnerable"": true}]","{""configuration_and"": 0, ""configuration_or"": 0, ""configuration_unset"": 5, ""node_and"": 0, ""node_or"": 5, ""ranged"": 4}",occurrences=5; CVEs=5; distinct criteria=2; configuration AND/OR/unset=0/0/5; node AND/OR=0/5; ranged=4,[],SAME_PRODUCT,ALIGNED,true,false,[],false,KEEP,cpe:2.3:a:e2fsprogs_project:e2fsprogs:1.47.0:*:*:*:*:*:*:*,VERSION_NOT_IN_DICTIONARY,The installed filesystem utilities originate from and retain the e2fsprogs product boundary. 1.47.0 is the upstream release and 2 is the package release.,STRONG
199663,ethtool,5.10-1,Linux kernel networking project,ethtool,5.10,"{""control"": ""/usr/lib/opkg/info/ethtool.control"", ""depends"": ""libc"", ""description"": ""ethtool is a small utility for examining and tuning your ethernet-based\nnetwork interface"", ""list"": ""/usr/lib/opkg/info/ethtool.list"", ""payload"": ""/usr/sbin/ethtool"", ""source"": ""package/network/utils/ethtool"", ""source_name"": ""ethtool""}","[""https://www.kernel.org/pub/software/network/ethtool/""]",ethtool is a separately released userspace networking utility hosted by kernel.org; the kernel:ethtool CPE references that release archive.,cpe:2.3:a:kernel:ethtool:5.10:*:*:*:*:*:*:*,VERSION_NOT_IN_DICTIONARY,a,kernel,ethtool,40,40,0,0,0,0,40,40 distinct; samples=2.6.33; 2.6.34; 2.6.35; 2.6.36; 2.6.37; 2.6.38; ...; 4.15; 4.16; 4.17; 4.18; 4.19,"{""editions"": [""*""], ""target_hw"": [""*""], ""target_sw"": [""*""], ""updates"": [""*""]}",Kernel Ethtool 2.6.33 | Kernel Ethtool 2.6.34 | Kernel Ethtool 2.6.35,https://cdn.kernel.org/pub/software/network/ethtool | https://www.kernel.org/pub/software/network/ethtool/,0,0,0,[],"{""configuration_and"": 0, ""configuration_or"": 0, ""configuration_unset"": 0, ""node_and"": 0, ""node_or"": 0, ""ranged"": 0}",occurrences=0; CVEs=0; distinct criteria=0; configuration AND/OR/unset=0/0/0; node AND/OR=0/0; ranged=0,[],SAME_PRODUCT,ALIGNED,true,false,"[""VENDOR_LABEL_DIFFERS"", ""USERSPACE_TOOL_IN_KERNEL_NAMESPACE""]",false,KEEP,cpe:2.3:a:kernel:ethtool:5.10:*:*:*:*:*:*:*,VERSION_NOT_IN_DICTIONARY,ethtool is a separately released userspace networking utility hosted by kernel.org; the kernel:ethtool CPE references that release archive. The kernel.org archive uses ethtool 5.10; 1 is the package release.,STRONG
199665,exfat-mkfs,1.1.3-4,exfatprogs project,exfatprogs,1.1.3,"{""control"": ""/usr/lib/opkg/info/exfat-mkfs.control"", ""depends"": ""libc"", ""description"": ""Utility for creating an exFAT File System"", ""list"": ""/usr/lib/opkg/info/exfat-mkfs.list"", ""payload"": ""/usr/sbin/mkfs.exfat"", ""source"": ""package/utils/exfatprogs"", ""source_name"": ""exfat-mkfs""}","[""https://github.com/exfatprogs/exfatprogs"", ""https://github.com/exfatprogs/exfatprogs/releases""]",exfat-mkfs is the mkfs utility built by the exfatprogs upstream project and the CPE family directly names exfatprogs.,cpe:2.3:a:namjaejeon:exfatprogs:1.1.3:*:*:*:*:*:*:*,OFFICIAL_CPE_MAPPED,a,namjaejeon,exfatprogs,12,12,0,0,1,1,12,12 distinct; samples=1.0.1; 1.0.2; 1.0.3; 1.0.4; 1.1.0; 1.1.1; 1.1.2; 1.1.3; 1.2.0; 1.2.1; 1.2.2; -,"{""editions"": [""*""], ""target_hw"": [""*""], ""target_sw"": [""*""], ""updates"": [""*""]}",Namjae Jeon exfatprogs for WordPress | Namjae Jeon exfatprogs 1.0.1 for WordPress | Namjae Jeon exfatprogs 1.0.2 for WordPress,https://github.com/exfatprogs/exfatprogs/tags | https://github.com/exfatprogs/exfatprogs/releases,1,1,1,"[{""configuration_operator"": null, ""criteria"": ""cpe:2.3:a:namjaejeon:exfatprogs:*:*:*:*:*:*:*:*"", ""cve_record__cve_id"": ""CVE-2023-45897"", ""node_operator"": ""OR"", ""version_end_excluding"": ""1.2.2"", ""version_end_including"": null, ""version_start_excluding"": null, ""version_start_including"": null, ""vulnerable"": true}]","{""configuration_and"": 0, ""configuration_or"": 0, ""configuration_unset"": 1, ""node_and"": 0, ""node_or"": 1, ""ranged"": 1}",occurrences=1; CVEs=1; distinct criteria=1; configuration AND/OR/unset=0/0/1; node AND/OR=0/1; ranged=1,[],SAME_PRODUCT,ALIGNED,true,false,"[""PACKAGE_NAME_DIFFERS"", ""UTILITY_WITHIN_PRODUCT""]",false,KEEP,cpe:2.3:a:namjaejeon:exfatprogs:1.1.3:*:*:*:*:*:*:*,OFFICIAL_CPE_MAPPED,exfat-mkfs is the mkfs utility built by the exfatprogs upstream project and the CPE family directly names exfatprogs. The project release is 1.1.3 and 4 is package release data.,STRONG
199683,ip-full,5.19.0-8,iproute2 project,iproute2,5.19.0,"{""control"": ""/usr/lib/opkg/info/ip-full.control"", ""depends"": ""libc, libnl-tiny2023-04-02"", ""description"": ""Routing control utility (full)"", ""list"": ""/usr/lib/opkg/info/ip-full.list"", ""payload"": ""/usr/libexec/ip-full"", ""source"": ""package/network/utils/iproute2"", ""source_name"": ""ip-full""}","[""https://git.kernel.org/pub/scm/network/iproute2/iproute2.git/"", ""https://www.kernel.org/pub/linux/utils/net/iproute2/""]",ip-full is OpenWrt's full ip utility package from the iproute2 source product; it is not a separate upstream product.,cpe:2.3:a:iproute2_project:iproute2:5.19.0:*:*:*:*:*:*:*,VERSION_NOT_IN_DICTIONARY,a,iproute2_project,iproute2,49,49,0,0,0,0,49,49 distinct; samples=3.0.0; 3.1.0; 3.2.0; 3.3.0; 3.4.0; 3.5.0; ...; 5.1.0; 5.2.0; 5.3.0; 5.4.0; -,"{""editions"": [""*""], ""target_hw"": [""*""], ""target_sw"": [""*""], ""updates"": [""*""]}",Iproute2 Project Iproute2 - | iproute 2 3.0.0 | iproute 2 3.1.0,https://launchpad.net/ubuntu/+source/iproute2/+changelog | http://git.kernel.org/cgit/linux/kernel/git/shemminger/iproute2.git/ | http://cdn.kernel.org/pub/linux/utils/net/iproute2/ | http://www.linuxfoundation.org/collaborate/workgroups/networking/iproute2,4,2,3,"[{""configuration_operator"": null, ""criteria"": ""cpe:2.3:a:iproute2_project:iproute2:*:*:*:*:*:*:*:*"", ""cve_record__cve_id"": ""CVE-2019-20795"", ""node_operator"": ""OR"", ""version_end_excluding"": ""5.1.0"", ""version_end_including"": null, ""version_start_excluding"": null, ""version_start_including"": null, ""vulnerable"": true}, {""configuration_operator"": null, ""criteria"": ""cpe:2.3:a:iproute2_project:iproute2:*:*:*:*:*:*:*:*"", ""cve_record__cve_id"": ""CVE-2012-1088"", ""node_operator"": ""OR"", ""version_end_excluding"": null, ""version_end_including"": ""3.2.0"", ""version_start_excluding"": null, ""version_start_including"": null, ""vulnerable"": true}]","{""configuration_and"": 0, ""configuration_or"": 0, ""configuration_unset"": 4, ""node_and"": 0, ""node_or"": 4, ""ranged"": 2}",occurrences=4; CVEs=2; distinct criteria=3; configuration AND/OR/unset=0/0/4; node AND/OR=0/4; ranged=2,[],SAME_PRODUCT,ALIGNED,true,false,"[""DISTRIBUTION_PACKAGE_ALIAS"", ""UTILITY_WITHIN_PRODUCT""]",false,KEEP,cpe:2.3:a:iproute2_project:iproute2:5.19.0:*:*:*:*:*:*:*,VERSION_NOT_IN_DICTIONARY,ip-full is OpenWrt's full ip utility package from the iproute2 source product; it is not a separate upstream product. 5.19.0 is the iproute2 upstream release and 8 is the package release.,STRONG
199686,ipset,7.6-1,Netfilter,ipset,7.6,"{""control"": ""/usr/lib/opkg/info/ipset.control"", ""depends"": ""libc, kmod-ipt-ipset, libmnl0, libipset13"", ""description"": ""IPset administration utility"", ""list"": ""/usr/lib/opkg/info/ipset.list"", ""payload"": ""/usr/sbin/ipset"", ""source"": ""package/network/utils/ipset"", ""source_name"": ""ipset""}","[""https://www.netfilter.org/projects/ipset/index.html"", ""https://www.netfilter.org/pub/ipset/""]",The installed ipset userspace utility and the Netfilter ipset family identify the same project.,cpe:2.3:a:netfilter:ipset:7.6:*:*:*:*:*:*:*,VERSION_NOT_IN_DICTIONARY,a,netfilter,ipset,79,79,0,0,0,0,68,68 distinct; samples=2.4.6; 2.4.7; 2.4.8; 2.4.9; 2.5.0; 3.0; ...; 6.36; 6.37; 6.38; 7.0; 7.1,"{""editions"": [""*""], ""target_hw"": [""*""], ""target_sw"": [""*""], ""updates"": [""*"", ""pre0"", ""pre1"", ""pre2"", ""pre3"", ""pre4"", ""pre5"", ""pre6"", ""pre7"", ""pre8"", ""pre9"", ""pre10""]}",netfliter ipset 2.4.6 | netfliter ipset 2.4.7 | netfliter ipset 2.4.8,http://ipset.netfilter.org/ | http://git.netfilter.org/ipset/ | https://www.netfilter.org/,0,0,0,[],"{""configuration_and"": 0, ""configuration_or"": 0, ""configuration_unset"": 0, ""node_and"": 0, ""node_or"": 0, ""ranged"": 0}",occurrences=0; CVEs=0; distinct criteria=0; configuration AND/OR/unset=0/0/0; node AND/OR=0/0; ranged=0,[],SAME_PRODUCT,ALIGNED,true,false,[],false,KEEP,cpe:2.3:a:netfilter:ipset:7.6:*:*:*:*:*:*:*,VERSION_NOT_IN_DICTIONARY,The installed ipset userspace utility and the Netfilter ipset family identify the same project. The official archive contains ipset 7.6 and 1 is package release data.,STRONG
199690,iptables,1.8.7-3,Netfilter,iptables,1.8.7,"{""control"": ""/usr/lib/opkg/info/iptables.control"", ""depends"": ""libc, kmod-ipt-core, libip4tc2, libip6tc2, libxtables12"", ""description"": ""IP firewall administration tool.\n\nMatches:\n- icmp\n- tcp\n- udp\n- comment\n- conntrack\n- limit\n- mac\n- mark\n- multiport\n- set\n- state\n- time\n\nTargets:\n- ACCEPT\n- CT\n- DNAT\n- DROP\n- REJECT\n- FLOWOFFLOAD\n- LOG\n- MARK\n- MASQUERADE\n- REDIRECT\n- SET\n- SNAT\n- TCPMSS\n\nTables:\n- filter\n- mangle\n- nat\n- raw"", ""list"": ""/usr/lib/opkg/info/iptables.list"", ""payload"": ""/usr/sbin/iptables-save | /usr/sbin/xtables-legacy-multi"", ""source"": ""package/network/utils/iptables"", ""source_name"": ""iptables""}","[""https://www.netfilter.org/projects/iptables/index.html"", ""https://www.netfilter.org/projects/iptables/files/""]",The installed iptables command suite and the Netfilter iptables family identify the same product.,cpe:2.3:a:netfilter:iptables:1.8.7:*:*:*:*:*:*:*,VERSION_NOT_IN_DICTIONARY,a,netfilter,iptables,77,77,0,0,0,0,68,68 distinct; samples=1.0.0; 1.1.0; 1.1.1; 1.1.2; 1.2.0; 1.2.1; ...; 1.6.2; 1.8.0; 1.8.1; 1.8.2; 1.8.3,"{""editions"": [""*""], ""target_hw"": [""*""], ""target_sw"": [""*""], ""updates"": [""*"", ""alpha"", ""beta"", ""rc1"", ""rc2"", ""rc3""]}",netfilter iptables 1.0.0 | netfilter iptables 1.0.0 Alpha | netfilter iptables 1.0.0 Beta,https://netfilter.org/projects/iptables/files | http://www.netfilter.org/projects/iptables/index.html | http://www.netfilter.org | https://www.netfilter.org/projects/iptables/index.html,4,4,2,"[{""configuration_operator"": null, ""criteria"": ""cpe:2.3:a:netfilter:iptables:1.8.2:*:*:*:*:*:*:*"", ""cve_record__cve_id"": ""CVE-2019-11360"", ""node_operator"": ""OR"", ""version_end_excluding"": null, ""version_end_including"": null, ""version_start_excluding"": null, ""version_start_including"": null, ""vulnerable"": true}, {""configuration_operator"": null, ""criteria"": ""cpe:2.3:a:netfilter:iptables:*:*:*:*:*:*:*:*"", ""cve_record__cve_id"": ""CVE-2012-2663"", ""node_operator"": ""OR"", ""version_end_excluding"": null, ""version_end_including"": ""1.4.21"", ""version_start_excluding"": null, ""version_start_including"": null, ""vulnerable"": true}, {""configuration_operator"": null, ""criteria"": ""cpe:2.3:a:netfilter:iptables:*:*:*:*:*:*:*:*"", ""cve_record__cve_id"": ""CVE-2001-1387"", ""node_operator"": ""OR"", ""version_end_excluding"": ""1.2.4"", ""version_end_including"": null, ""version_start_excluding"": null, ""version_start_including"": null, ""vulnerable"": true}]","{""configuration_and"": 0, ""configuration_or"": 0, ""configuration_unset"": 4, ""node_and"": 0, ""node_or"": 4, ""ranged"": 3}",occurrences=4; CVEs=4; distinct criteria=2; configuration AND/OR/unset=0/0/4; node AND/OR=0/4; ranged=3,[],SAME_PRODUCT,ALIGNED,true,false,[],false,KEEP,cpe:2.3:a:netfilter:iptables:1.8.7:*:*:*:*:*:*:*,VERSION_NOT_IN_DICTIONARY,The installed iptables command suite and the Netfilter iptables family identify the same product. 1.8.7 is the upstream release and 3 is package release data.,STRONG
199691,iw-515,5.19-1,Linux wireless project,iw,5.19,"{""control"": ""/usr/lib/opkg/info/iw-515.control"", ""depends"": ""libc, libnl-tiny2023-04-02"", ""description"": ""cfg80211 interface configuration utility"", ""list"": ""/usr/lib/opkg/info/iw-515.list"", ""payload"": ""/usr/sbin/iw"", ""source"": ""package/network/utils/iw-515"", ""source_name"": ""iw-515""}","[""https://wireless.docs.kernel.org/en/latest/en/users/documentation/iw.html"", ""https://www.kernel.org/pub/software/network/iw/""]",iw-515 is a distribution package name for the upstream iw userspace wireless utility; the kernel:iw CPE references the same release archive.,cpe:2.3:a:kernel:iw:5.19:*:*:*:*:*:*:*,VERSION_NOT_IN_DICTIONARY,a,kernel,iw,50,50,0,0,0,0,50,50 distinct; samples=0.9; 0.9.1; 0.9.2; 0.9.3; 0.9.4; 0.9.5; ...; 5.0.1; 5.3; 5.4; 5.8; 5.9,"{""editions"": [""*""], ""target_hw"": [""*""], ""target_sw"": [""*""], ""updates"": [""*""]}",Kernel iw 0.9 | Kernel iw 0.9.1 | Kernel iw 0.9.10,http://wireless.kernel.org/en/users/Documentation/iw | https://cdn.kernel.org/pub/software/network/iw,0,0,0,[],"{""configuration_and"": 0, ""configuration_or"": 0, ""configuration_unset"": 0, ""node_and"": 0, ""node_or"": 0, ""ranged"": 0}",occurrences=0; CVEs=0; distinct criteria=0; configuration AND/OR/unset=0/0/0; node AND/OR=0/0; ranged=0,[],SAME_PRODUCT,ALIGNED,true,false,"[""DISTRIBUTION_PACKAGE_ALIAS"", ""USERSPACE_TOOL_IN_KERNEL_NAMESPACE""]",false,KEEP,cpe:2.3:a:kernel:iw:5.19:*:*:*:*:*:*:*,VERSION_NOT_IN_DICTIONARY,iw-515 is a distribution package name for the upstream iw userspace wireless utility; the kernel:iw CPE references the same release archive. The upstream iw release is 5.19 and 1 is package release data.,STRONG
199845,libc,1.2.4-3,musl libc project,musl,1.2.4,"{""control"": ""/usr/lib/opkg/info/libc.control"", ""depends"": ""libgcc"", ""description"": ""C library"", ""list"": ""/usr/lib/opkg/info/libc.list"", ""payload"": ""/usr/bin/ldd | /lib/ld-musl-mipsel-sf.so.1 | /lib/libc.so"", ""source"": ""package/libs/toolchain"", ""source_name"": ""libc""}","[""https://musl.libc.org/"", ""https://musl.libc.org/releases.html""]","The firmware loader/libc payload identifies musl rather than a generic libc product, and the CPE family directly identifies musl.",cpe:2.3:a:musl-libc:musl:1.2.4:*:*:*:*:*:*:*,VERSION_NOT_IN_DICTIONARY,a,musl-libc,musl,93,74,19,19,0,0,31,74 distinct; samples=0.5.0; 0.5.9; 0.6.0; 0.7.0; 0.7.1; 0.7.5; ...; 1.1.23; 1.1.24; 1.2.0; 1.2.1; 1.2.2,"{""editions"": [""*""], ""target_hw"": [""*"", ""x86""], ""target_sw"": [""*""], ""updates"": [""*"", ""alpha"", ""beta""]}",musl-libc musl 0.5.0 Alpha | musl-libc musl 0.5.9 Alpha | musl-libc musl 0.6.0 Alpha,http://www.musl-libc.org/oldversions.html | http://git.musl-libc.org/cgit/musl/refs/tags | https://musl.libc.org/ | https://musl.libc.org/releases.html,20,6,16,"[{""configuration_operator"": null, ""criteria"": ""cpe:2.3:a:musl-libc:musl:*:*:*:*:*:*:*:*"", ""cve_record__cve_id"": ""CVE-2025-26519"", ""node_operator"": ""OR"", ""version_end_excluding"": ""1.2.6"", ""version_end_including"": null, ""version_start_excluding"": null, ""version_start_including"": ""0.9.13"", ""vulnerable"": true}, {""configuration_operator"": null, ""criteria"": ""cpe:2.3:a:musl-libc:musl:*:*:*:*:*:*:*:*"", ""cve_record__cve_id"": ""CVE-2020-28928"", ""node_operator"": ""OR"", ""version_end_excluding"": null, ""version_end_including"": ""1.2.1"", ""version_start_excluding"": null, ""version_start_including"": null, ""vulnerable"": true}, {""configuration_operator"": null, ""criteria"": ""cpe:2.3:a:musl-libc:musl:*:*:*:*:*:*:*:*"", ""cve_record__cve_id"": ""CVE-2014-3484"", ""node_operator"": ""OR"", ""version_end_excluding"": ""1.1.2"", ""version_end_including"": null, ""version_start_excluding"": null, ""version_start_including"": ""1.1.0"", ""vulnerable"": true}]","{""configuration_and"": 0, ""configuration_or"": 0, ""configuration_unset"": 20, ""node_and"": 0, ""node_or"": 20, ""ranged"": 6}",occurrences=20; CVEs=6; distinct criteria=16; configuration AND/OR/unset=0/0/20; node AND/OR=0/20; ranged=6,[],SAME_PRODUCT,ALIGNED,true,false,"[""GENERIC_PACKAGE_NAME"", ""LIBRARY_PRODUCT""]",false,KEEP,cpe:2.3:a:musl-libc:musl:1.2.4:*:*:*:*:*:*:*,VERSION_NOT_IN_DICTIONARY,"The firmware loader/libc payload identifies musl rather than a generic libc product, and the CPE family directly identifies musl. The official release history identifies musl 1.2.4; 3 is package release data.",STRONG
199847,libcap-ng,0.8.1-1,libcap-ng project,libcap-ng,0.8.1,"{""control"": ""/usr/lib/opkg/info/libcap-ng.control"", ""depends"": ""libc"", ""description"": ""POSIX capabilities library library"", ""list"": ""/usr/lib/opkg/info/libcap-ng.list"", ""payload"": ""/usr/lib/libcap-ng.so | /usr/lib/libcap-ng.so.0.0.0"", ""source"": ""feeds/packages/libs/libcap-ng"", ""source_name"": ""libcap-ng""}","[""https://github.com/stevegrubb/libcap-ng"", ""https://github.com/stevegrubb/libcap-ng/releases""]","The installed libcap-ng library is the direct libcap-ng upstream product, distinct from libcap.",cpe:2.3:a:libcap-ng_project:libcap-ng:0.8.1:*:*:*:*:*:*:*,VERSION_NOT_IN_DICTIONARY,a,libcap-ng_project,libcap-ng,11,11,0,0,0,0,11,11 distinct; samples=0.6.5; 0.6.6; 0.7; 0.7.1; 0.7.3; 0.7.4; 0.7.5; 0.7.6; 0.7.7; 0.7.8; 0.7.9,"{""editions"": [""*""], ""target_hw"": [""*""], ""target_sw"": [""*""], ""updates"": [""*""]}",libcap-ng Project libcap-ng 0.6.5 | libcap-ng Project libcap-ng 0.6.6 | libcap-ng Project libcap-ng 0.7,https://github.com/stevegrubb/libcap-ng/releases | http://people.redhat.com/sgrubb/libcap-ng/,0,0,0,[],"{""configuration_and"": 0, ""configuration_or"": 0, ""configuration_unset"": 0, ""node_and"": 0, ""node_or"": 0, ""ranged"": 0}",occurrences=0; CVEs=0; distinct criteria=0; configuration AND/OR/unset=0/0/0; node AND/OR=0/0; ranged=0,[],SAME_PRODUCT,ALIGNED,true,false,"[""SIMILAR_PRODUCT_NAMES"", ""LIBRARY_PRODUCT""]",false,KEEP,cpe:2.3:a:libcap-ng_project:libcap-ng:0.8.1:*:*:*:*:*:*:*,VERSION_NOT_IN_DICTIONARY,"The installed libcap-ng library is the direct libcap-ng upstream product, distinct from libcap. 0.8.1 is the upstream release and 1 is package release data.",MODERATE
199848,libcap,2.69-1,libcap project,libcap,2.69,"{""control"": ""/usr/lib/opkg/info/libcap.control"", ""depends"": ""libc"", ""description"": ""Linux capabilities library library"", ""list"": ""/usr/lib/opkg/info/libcap.list"", ""payload"": ""/usr/lib/libcap.so.2.69 | /usr/lib/libcap.so"", ""source"": ""package/libs/libcap"", ""source_name"": ""libcap""}","[""https://www.kernel.org/pub/linux/libs/security/linux-privs/libcap2/""]",The installed capability library and the libcap family are the same upstream product.,cpe:2.3:a:libcap_project:libcap:2.69:*:*:*:*:*:*:*,OFFICIAL_CPE_MAPPED,a,libcap_project,libcap,69,69,0,0,1,1,69,69 distinct; samples=2.00; 2.01; 2.02; 2.04; 2.05; 2.06; ...; 2.65; 2.66; 2.67; 2.68; 2.69,"{""editions"": [""*""], ""target_hw"": [""*""], ""target_sw"": [""*""], ""updates"": [""*""]}",libcap Project libcap 2.00 | libcap Project libcap 2.01 | libcap Project libcap 2.02,https://www.kernel.org/pub/linux/libs/security/linux-privs/libcap2 | http://sites.google.com/site/fullycapable/ | https://git.kernel.org/pub/scm/libs/libcap/libcap.git/about/ | https://sites.google.com/site/fullycapable/release-notes-for-libcap,3,3,3,"[{""configuration_operator"": null, ""criteria"": ""cpe:2.3:a:libcap_project:libcap:-:*:*:*:*:*:*:*"", ""cve_record__cve_id"": ""CVE-2026-4878"", ""node_operator"": ""OR"", ""version_end_excluding"": null, ""version_end_including"": null, ""version_start_excluding"": null, ""version_start_including"": null, ""vulnerable"": true}, {""configuration_operator"": null, ""criteria"": ""cpe:2.3:a:libcap_project:libcap:*:*:*:*:*:*:*:*"", ""cve_record__cve_id"": ""CVE-2023-2603"", ""node_operator"": ""OR"", ""version_end_excluding"": ""2.69"", ""version_end_including"": null, ""version_start_excluding"": null, ""version_start_including"": null, ""vulnerable"": true}, {""configuration_operator"": null, ""criteria"": ""cpe:2.3:a:libcap_project:libcap:2.66:*:*:*:*:*:*:*"", ""cve_record__cve_id"": ""CVE-2023-2602"", ""node_operator"": ""OR"", ""version_end_excluding"": null, ""version_end_including"": null, ""version_start_excluding"": null, ""version_start_including"": null, ""vulnerable"": true}]","{""configuration_and"": 0, ""configuration_or"": 0, ""configuration_unset"": 3, ""node_and"": 0, ""node_or"": 3, ""ranged"": 1}",occurrences=3; CVEs=3; distinct criteria=3; configuration AND/OR/unset=0/0/3; node AND/OR=0/3; ranged=1,[],SAME_PRODUCT,ALIGNED,true,false,"[""LIBRARY_PRODUCT""]",false,KEEP,cpe:2.3:a:libcap_project:libcap:2.69:*:*:*:*:*:*:*,OFFICIAL_CPE_MAPPED,The installed capability library and the libcap family are the same upstream product. The official archive contains libcap 2.69; 1 is package release data.,STRONG
199849,libcares,1.19.1-2,c-ares project,c-ares,1.19.1,"{""control"": ""/usr/lib/opkg/info/libcares.control"", ""depends"": ""libc"", ""description"": ""c-ares is a C library for asynchronous DNS requests (including name resolves)\n\nC89 compatibility, MIT licensed, builds for and runs on POSIX, Windows,\nNetware, Android and many more operating systems."", ""list"": ""/usr/lib/opkg/info/libcares.list"", ""payload"": ""/usr/lib/libcares.so.2 | /usr/lib/libcares.so.2.6.1"", ""source"": ""package/libs/c-ares"", ""source_name"": ""libcares""}","[""https://c-ares.org/"", ""https://c-ares.org/changelog.html""]",libcares is the distribution package for the c-ares asynchronous DNS library and the CPE directly names c-ares.,cpe:2.3:a:c-ares:c-ares:1.19.1:*:*:*:*:*:*:*,OFFICIAL_CPE_MAPPED,a,c-ares,c-ares,67,66,1,1,1,1,66,67 distinct; samples=1.0.0; 1.1.0; 1.2.0; 1.2.1; 1.3.0; 1.3.1; ...; 1.34.4; 1.34.5; 1.34.6; 1.70.0; -,"{""editions"": [""*""], ""target_hw"": [""*""], ""target_sw"": [""*""], ""updates"": [""*""]}",c-ares  | c-ares 1.0.0 | c-ares 1.1.0,https://c-ares.org/ | https://c-ares.org/changelog.html | https://github.com/c-ares/c-ares/issues/333 | https://github.com/c-ares/c-ares/security/advisories/GHSA-9g78-jv2r-p7vc,33,6,28,"[{""configuration_operator"": null, ""criteria"": ""cpe:2.3:a:c-ares:c-ares:*:*:*:*:*:*:*:*"", ""cve_record__cve_id"": ""CVE-2025-62408"", ""node_operator"": ""OR"", ""version_end_excluding"": ""1.34.6"", ""version_end_including"": null, ""version_start_excluding"": null, ""version_start_including"": ""1.32.3"", ""vulnerable"": true}, {""configuration_operator"": null, ""criteria"": ""cpe:2.3:a:c-ares:c-ares:*:*:*:*:*:*:*:*"", ""cve_record__cve_id"": ""CVE-2024-25629"", ""node_operator"": ""OR"", ""version_end_excluding"": ""1.27.0"", ""version_end_including"": null, ""version_start_excluding"": null, ""version_start_including"": null, ""vulnerable"": true}, {""configuration_operator"": null, ""criteria"": ""cpe:2.3:a:c-ares:c-ares:1.16.1:*:*:*:*:*:*:*"", ""cve_record__cve_id"": ""CVE-2020-22217"", ""node_operator"": ""OR"", ""version_end_excluding"": null, ""version_end_including"": null, ""version_start_excluding"": null, ""version_start_including"": null, ""vulnerable"": true}]","{""configuration_and"": 0, ""configuration_or"": 0, ""configuration_unset"": 33, ""node_and"": 0, ""node_or"": 33, ""ranged"": 2}",occurrences=33; CVEs=6; distinct criteria=28; configuration AND/OR/unset=0/0/33; node AND/OR=0/33; ranged=2,[],SAME_PRODUCT,ALIGNED,true,false,"[""PACKAGE_NAME_DIFFERS"", ""LIBRARY_PRODUCT""]",false,KEEP,cpe:2.3:a:c-ares:c-ares:1.19.1:*:*:*:*:*:*:*,OFFICIAL_CPE_MAPPED,libcares is the distribution package for the c-ares asynchronous DNS library and the CPE directly names c-ares. 1.19.1 is the upstream release and 2 is package release data.,MODERATE
199854,libcurl4,8.11.0-23.2,curl project,libcurl,8.11.0,"{""control"": ""/usr/lib/opkg/info/libcurl4.control"", ""depends"": ""libc, libopenssl3, libnghttp2-14, ca-bundle"", ""description"": ""A client-side URL transfer library"", ""list"": ""/usr/lib/opkg/info/libcurl4.list"", ""payload"": ""/usr/lib/libcurl.so.4 | /usr/lib/libcurl.so.4.8.0"", ""source"": ""package/network/utils/curl"", ""source_name"": ""libcurl""}","[""https://curl.se/docs/faq.html"", ""https://curl.se/libcurl/c/""]","The curl project explicitly defines libcurl as its client-side transfer library, separate from the curl CLI, and the CPE family directly names libcurl.",cpe:2.3:a:haxx:libcurl:8.11.0:*:*:*:*:*:*:*,VERSION_NOT_IN_DICTIONARY,a,haxx,libcurl,205,205,0,0,0,0,202,202 distinct; samples=6.0; 6.1; 6.2; 6.3; 6.3.1; 6.4; ...; 8.8.0; 8.9.0; 8.9.1; 8.12.0; -,"{""editions"": [""*""], ""target_hw"": [""*"", ""x86""], ""target_sw"": [""*""], ""updates"": [""*"", ""beta""]}",Haxx libcurl | Haxx libcurl 6.0 | Haxx libcurl 6.1,https://github.com/CVEProject/cvelist/blob/master/2021/22xxx/CVE-2021-22945.json | https://curl.se/ | https://curl.se/changes.html | http://curl.haxx.se/,956,61,147,"[{""configuration_operator"": ""AND"", ""criteria"": ""cpe:2.3:a:haxx:libcurl:*:*:*:*:*:*:*:*"", ""cve_record__cve_id"": ""CVE-2025-0725"", ""node_operator"": ""OR"", ""version_end_excluding"": ""8.12.0"", ""version_end_including"": null, ""version_start_excluding"": null, ""version_start_including"": ""7.10.5"", ""vulnerable"": true}, {""configuration_operator"": null, ""criteria"": ""cpe:2.3:a:haxx:libcurl:-:*:*:*:*:*:*:*"", ""cve_record__cve_id"": ""CVE-2024-32928"", ""node_operator"": ""OR"", ""version_end_excluding"": null, ""version_end_including"": null, ""version_start_excluding"": null, ""version_start_including"": null, ""vulnerable"": true}, {""configuration_operator"": null, ""criteria"": ""cpe:2.3:a:haxx:libcurl:*:*:*:*:*:*:*:*"", ""cve_record__cve_id"": ""CVE-2024-7264"", ""node_operator"": ""OR"", ""version_end_excluding"": ""8.9.1"", ""version_end_including"": null, ""version_start_excluding"": null, ""version_start_including"": ""7.32.0"", ""vulnerable"": true}]","{""configuration_and"": 12, ""configuration_or"": 0, ""configuration_unset"": 944, ""node_and"": 0, ""node_or"": 956, ""ranged"": 36}",occurrences=956; CVEs=61; distinct criteria=147; configuration AND/OR/unset=12/0/944; node AND/OR=0/956; ranged=36; DIRECT_LIBRARY_USAGE: representative cases explicitly describe libcurl APIs and behavior.,"[{""cve_id"": ""CVE-2025-0725"", ""description"": ""When libcurl is asked to perform automatic gzip decompression of\ncontent-encoded HTTP responses with the `CURLOPT_ACCEPT_ENCODING` option,\n**using zlib 1.2.0.3 or older**, an attacker-controlled integer overflow would\nmake libcurl perform a buffer overflow."", ""references"": [""https://curl.se/docs/CVE-2025-0725.html"", ""https://curl.se/docs/CVE-2025-0725.json"", ""https://hackerone.com/reports/2956023"", ""http://www.openwall.com/lists/oss-security/2025/02/05/3""]}, {""cve_id"": ""CVE-2024-32928"", ""description"": ""The libcurl CURLOPT_SSL_VERIFYPEER option was disabled on a subset of requests made by Nest production devices which enabled a potential man-in-the-middle attack on requests to Google cloud services by any host the traffic was routed through."", ""references"": [""https://support.google.com/product-documentation/answer/14771247?hl=en&ref_topic=12974021&sjid=9111851316942032590-NA#zippy=""]}, {""cve_id"": ""CVE-2024-7264"", ""description"": ""libcurl's ASN1 parser code has the `GTime2str()` function, used for parsing an\nASN.1 Generalized Time field. If given an syntactically incorrect field, the\nparser might end up using -1 for the length of the *time fraction*, leading to\na `strlen()` getting performed on a pointer to a heap buffer area that is not\n(purposely) null terminated.\n\nThis flaw most likely leads to a crash, but can also lead to heap contents\ngetting returned to the application when\n[CURLINFO_CERTINFO](https://curl.se/libcurl/c/CURLINFO_CERTINFO.html) is used."", ""references"": [""http://www.openwall.com/lists/oss-security/2024/07/31/1"", ""https://curl.se/docs/CVE-2024-7264.html"", ""https://curl.se/docs/CVE-2024-7264.json"", ""https://hackerone.com/reports/2629968""]}]",SAME_PRODUCT,ALIGNED,true,false,"[""UMBRELLA_PROJECT_SUBPRODUCT"", ""CLI_VS_LIBRARY""]",false,KEEP,cpe:2.3:a:haxx:libcurl:8.11.0:*:*:*:*:*:*:*,VERSION_NOT_IN_DICTIONARY,"The curl project explicitly defines libcurl as its client-side transfer library, separate from the curl CLI, and the CPE family directly names libcurl. libcurl follows upstream 8.11.0; 23.2 is distribution packaging data.",STRONG
199866,libjson-c5,0.15-2,json-c project,json-c,0.15,"{""control"": ""/usr/lib/opkg/info/libjson-c5.control"", ""depends"": ""libc"", ""description"": ""This package contains a library for javascript object notation backends."", ""list"": ""/usr/lib/opkg/info/libjson-c5.list"", ""payload"": ""/usr/lib/libjson-c.so.5.1.0 | /usr/lib/libjson-c.so.5"", ""source"": ""package/libs/libjson-c"", ""source_name"": ""libjson-c""}","[""https://github.com/json-c/json-c"", ""https://github.com/json-c/json-c/releases""]",The ABI-suffixed distribution package contains the json-c library and maps to the direct json-c family.,cpe:2.3:a:json-c:json-c:0.15:*:*:*:*:*:*:*,OFFICIAL_CPE_MAPPED,a,json-c,json-c,30,20,10,10,1,1,20,30 distinct; samples=0.1; 0.2; 0.3; 0.4; 0.5; 0.6; ...; 0.16; 0.16-20220414; 0.17; 0.17-20230812; -,"{""editions"": [""*""], ""target_hw"": [""*""], ""target_sw"": [""*""], ""updates"": [""*""]}",Json-c Json-c - | Json-c Json-c 0.1 | json-c 0.10,https://github.com/json-c/json-c | https://github.com/json-c/json-c/tags | https://github.com/json-c/json-c/blob/master/ChangeLog | https://json-c.github.io/json-c/,4,4,2,"[{""configuration_operator"": null, ""criteria"": ""cpe:2.3:a:json-c:json-c:0.15-20200726:*:*:*:*:*:*:*"", ""cve_record__cve_id"": ""CVE-2021-32292"", ""node_operator"": ""OR"", ""version_end_excluding"": null, ""version_end_including"": null, ""version_start_excluding"": null, ""version_start_including"": null, ""vulnerable"": true}, {""configuration_operator"": null, ""criteria"": ""cpe:2.3:a:json-c:json-c:*:*:*:*:*:*:*:*"", ""cve_record__cve_id"": ""CVE-2020-12762"", ""node_operator"": ""OR"", ""version_end_excluding"": ""0.15-20200726"", ""version_end_including"": null, ""version_start_excluding"": null, ""version_start_including"": null, ""vulnerable"": true}, {""configuration_operator"": null, ""criteria"": ""cpe:2.3:a:json-c:json-c:*:*:*:*:*:*:*:*"", ""cve_record__cve_id"": ""CVE-2013-6371"", ""node_operator"": ""OR"", ""version_end_excluding"": ""0.12-20140410"", ""version_end_including"": null, ""version_start_excluding"": null, ""version_start_including"": null, ""vulnerable"": true}]","{""configuration_and"": 0, ""configuration_or"": 0, ""configuration_unset"": 4, ""node_and"": 0, ""node_or"": 4, ""ranged"": 3}",occurrences=4; CVEs=4; distinct criteria=2; configuration AND/OR/unset=0/0/4; node AND/OR=0/4; ranged=3,[],SAME_PRODUCT,ALIGNED,true,false,"[""ABI_SUFFIXED_PACKAGE"", ""LIBRARY_PRODUCT""]",false,KEEP,cpe:2.3:a:json-c:json-c:0.15:*:*:*:*:*:*:*,OFFICIAL_CPE_MAPPED,The ABI-suffixed distribution package contains the json-c library and maps to the direct json-c family. 0.15 is the upstream release and 2 is package release data.,MODERATE
199871,liblzo2,2.10-4,LZO project,LZO,2.10,"{""control"": ""/usr/lib/opkg/info/liblzo2.control"", ""depends"": ""libc"", ""description"": ""LZO is a data compression library which is suitable for data de-/compression\nin real-time. This means it favours speed over compression ratio."", ""list"": ""/usr/lib/opkg/info/liblzo2.list"", ""payload"": ""/usr/lib/liblzo2.so.2 | /usr/lib/liblzo2.so.2.0.0"", ""source"": ""package/libs/lzo"", ""source_name"": ""liblzo""}","[""https://www.oberhumer.com/opensource/lzo/""]",The ABI-suffixed package contains the LZO compression library represented by the LZO family.,cpe:2.3:a:lzo_project:lzo:2.10:*:*:*:*:*:*:*,OFFICIAL_CPE_MAPPED,a,lzo_project,lzo,11,11,0,0,1,1,11,11 distinct; samples=2.00; 2.01; 2.02; 2.03; 2.04; 2.05; 2.06; 2.07; 2.08; 2.09; 2.10,"{""editions"": [""*""], ""target_hw"": [""*""], ""target_sw"": [""*""], ""updates"": [""*""]}",LZO Project LZO 2.00 | LZO Project LZO 2.01 | LZO Project LZO 2.02,http://www.oberhumer.com | http://www.oberhumer.com/opensource/lzo/ | http://www.oberhumer.com/opensource/lzo/download/,0,0,0,[],"{""configuration_and"": 0, ""configuration_or"": 0, ""configuration_unset"": 0, ""node_and"": 0, ""node_or"": 0, ""ranged"": 0}",occurrences=0; CVEs=0; distinct criteria=0; configuration AND/OR/unset=0/0/0; node AND/OR=0/0; ranged=0,[],SAME_PRODUCT,ALIGNED,true,false,"[""ABI_SUFFIXED_PACKAGE"", ""LIBRARY_PRODUCT""]",false,KEEP,cpe:2.3:a:lzo_project:lzo:2.10:*:*:*:*:*:*:*,OFFICIAL_CPE_MAPPED,The ABI-suffixed package contains the LZO compression library represented by the LZO family. 2.10 is the upstream release and 4 is package release data.,MODERATE
199875,libmnl0,1.0.4-2,Netfilter,libmnl,1.0.4,"{""control"": ""/usr/lib/opkg/info/libmnl0.control"", ""depends"": ""libc"", ""description"": ""libmnl is a minimalistic user-space library oriented to Netlink developers.\nThere are a lot of common tasks in parsing, validating, constructing of\nboth the Netlink header and TLVs that are repetitive and easy to get wrong.\nThis library aims to provide simple helpers that allows you to re-use code\nand to avoid re-inventing the wheel. The main features of this library are:\n.\n* Small: the shared library requires around 30KB for an x86-based computer.\n.\n* Simple: this library avoids complexity and elaborated abstractions that\ntend to hide Netlink details.\n.\n* Easy to use: the library simplifies the work for Netlink-wise developers.\nIt provides functions to make socket handling, message building, validating,\nparsing and sequence tracking, easier.\n.\n* Easy to re-use: you can use the library to build your own abstraction layer\non top of this library.\n.\n* Decoupling: the interdependency of the main bricks that compose the library\nis reduced, i.e. the library provides many helpers, but the programmer is not\nforced to use them."", ""list"": ""/usr/lib/opkg/info/libmnl0.list"", ""payload"": ""/usr/lib/libmnl.so.0.2.0 | /usr/lib/libmnl.so.0"", ""source"": ""package/libs/libmnl"", ""source_name"": ""libmnl""}","[""https://www.netfilter.org/projects/libmnl/""]",The installed library is Netfilter's separately released libmnl project and has a direct libmnl family.,cpe:2.3:a:netfilter:libmnl:1.0.4:*:*:*:*:*:*:*,OFFICIAL_CPE_MAPPED,a,netfilter,libmnl,5,5,0,0,1,1,5,5 distinct; samples=1.0.0; 1.0.1; 1.0.2; 1.0.3; 1.0.4,"{""editions"": [""*""], ""target_hw"": [""*""], ""target_sw"": [""*""], ""updates"": [""*""]}",netfilter libmnl 1.0.0 | netfilter libmnl 1.0.1 | netfilter libmnl 1.0.2,https://www.netfilter.org/ | https://www.netfilter.org/projects/libmnl/ | https://www.netfilter.org/projects/libmnl/downloads.html,0,0,0,[],"{""configuration_and"": 0, ""configuration_or"": 0, ""configuration_unset"": 0, ""node_and"": 0, ""node_or"": 0, ""ranged"": 0}",occurrences=0; CVEs=0; distinct criteria=0; configuration AND/OR/unset=0/0/0; node AND/OR=0/0; ranged=0,[],SAME_PRODUCT,ALIGNED,true,false,"[""ABI_SUFFIXED_PACKAGE"", ""LIBRARY_PRODUCT""]",false,KEEP,cpe:2.3:a:netfilter:libmnl:1.0.4:*:*:*:*:*:*:*,OFFICIAL_CPE_MAPPED,The installed library is Netfilter's separately released libmnl project and has a direct libmnl family. 1.0.4 is the upstream release and 2 is package release data.,MODERATE
199877,libmosquitto-ssl,2.0.20-1,Eclipse,Eclipse Mosquitto,2.0.20,"{""control"": ""/usr/lib/opkg/info/libmosquitto-ssl.control"", ""depends"": ""libc, libpthread, librt, libcares, libuci20130104, libopenssl3, libuci20130104"", ""description"": ""Library required for mosquitto's command line client tools, also for\nuse by any third party software that wants to communicate with _any_\nMQTT server.\n\nShould be useable for communicating with any MQTT v3.1/3.1.1/5 compatible\nserver, in addition to Mosquitto.\nThis package is built with SSL support"", ""list"": ""/usr/lib/opkg/info/libmosquitto-ssl.list"", ""payload"": ""/usr/lib/libmosquitto.so.1 | /usr/lib/libmosquitto.so"", ""source"": ""package/network/services/mosquitto"", ""source_name"": ""libmosquitto-ssl""}","[""https://mosquitto.org/man/mosquitto-7.html"", ""https://mosquitto.org/api/""]","The official Mosquitto project definition explicitly comprises the broker, clients, and libmosquitto client library; this SSL-enabled library package remains inside the Mosquitto product boundary.",cpe:2.3:a:eclipse:mosquitto:2.0.20:*:*:*:*:*:*:*,OFFICIAL_CPE_MAPPED,a,eclipse,mosquitto,125,125,0,0,1,1,125,125 distinct; samples=0.1; 0.2; 0.3; 0.4; 0.4.1; 0.4.2; ...; 2.0.18; 2.0.19; 2.0.20; 2.1; -,"{""editions"": [""*""], ""target_hw"": [""*""], ""target_sw"": [""*""], ""updates"": [""*""]}",Eclipse Mosquitto | Eclipse Mosquitto 0.1 | Eclipse Mosquitto 0.10,https://projects.eclipse.org/projects/iot.mosquitto | https://www.eclipse.org/ | https://mosquitto.org/files/source/ | https://mosquitto.org/,27,26,2,"[{""configuration_operator"": null, ""criteria"": ""cpe:2.3:a:eclipse:mosquitto:*:*:*:*:*:*:*:*"", ""cve_record__cve_id"": ""CVE-2024-3935"", ""node_operator"": ""OR"", ""version_end_excluding"": ""2.0.19"", ""version_end_including"": null, ""version_start_excluding"": null, ""version_start_including"": ""2.0.0"", ""vulnerable"": true}, {""configuration_operator"": null, ""criteria"": ""cpe:2.3:a:eclipse:mosquitto:*:*:*:*:*:*:*:*"", ""cve_record__cve_id"": ""CVE-2024-10525"", ""node_operator"": ""OR"", ""version_end_excluding"": ""2.0.19"", ""version_end_including"": null, ""version_start_excluding"": null, ""version_start_including"": ""1.3.2"", ""vulnerable"": true}, {""configuration_operator"": null, ""criteria"": ""cpe:2.3:a:eclipse:mosquitto:*:*:*:*:*:*:*:*"", ""cve_record__cve_id"": ""CVE-2024-8376"", ""node_operator"": ""OR"", ""version_end_excluding"": ""2.0.19"", ""version_end_including"": null, ""version_start_excluding"": null, ""version_start_including"": null, ""vulnerable"": true}]","{""configuration_and"": 0, ""configuration_or"": 0, ""configuration_unset"": 27, ""node_and"": 0, ""node_or"": 27, ""ranged"": 26}","occurrences=27; CVEs=26; distinct criteria=2; configuration AND/OR/unset=0/0/27; node AND/OR=0/27; ranged=26; PROJECT_WIDE_USAGE: representative cases include both broker and libmosquitto client-library behavior, matching the official project definition that comprises both.","[{""cve_id"": ""CVE-2024-3935"", ""description"": ""In Eclipse Mosquito, versions from 2.0.0 through 2.0.18, if a Mosquitto broker is configured to create an outgoing bridge connection, and that bridge connection has an incoming topic configured that makes use of topic remapping, then if the remote connection sends a crafted PUBLISH packet to the broker a double free will occur with a subsequent crash of the broker."", ""references"": [""https://github.com/eclipse-mosquitto/mosquitto/commit/ae7a804dadac8f2aaedb24336df8496a9680fda9"", ""https://gitlab.eclipse.org/security/vulnerability-reports/-/issues/197"", ""https://mosquitto.org/blog/2024/10/version-2-0-19-released/"", ""https://lists.debian.org/debian-lts-announce/2025/02/msg00022.html""]}, {""cve_id"": ""CVE-2024-10525"", ""description"": ""In Eclipse Mosquitto, from version 1.3.2 through 2.0.18, if a malicious broker sends a crafted SUBACK packet with no reason codes, a client using libmosquitto may make out of bounds memory access when acting in its on_subscribe callback. This affects the mosquitto_sub and mosquitto_rr clients."", ""references"": [""https://github.com/eclipse-mosquitto/mosquitto/commit/8ab20b4ba4204fdcdec78cb4d9f03c944a6e0e1c"", ""https://gitlab.eclipse.org/security/vulnerability-reports/-/issues/190"", ""https://mosquitto.org/blog/2024/10/version-2-0-19-released/"", ""https://lists.debian.org/debian-lts-announce/2025/02/msg00022.html""]}, {""cve_id"": ""CVE-2024-8376"", ""description"": ""In Eclipse Mosquitto up to version 2.0.18a, an attacker can achieve memory leaking, segmentation fault or heap-use-after-free by sending specific sequences of \""CONNECT\"", \""DISCONNECT\"", \""SUBSCRIBE\"", \""UNSUBSCRIBE\"" and \""PUBLISH\"" packets."", ""references"": [""https://github.com/eclipse-mosquitto/mosquitto/commit/1914b3ee2a18102d0a94cbdbbfeae1afa03edd17"", ""https://github.com/eclipse/mosquitto/releases/tag/v2.0.19"", ""https://gitlab.eclipse.org/security/cve-assignement/-/issues/26"", ""https://gitlab.eclipse.org/security/vulnerability-reports/-/issues/216""]}]",SAME_PRODUCT,ALIGNED,true,false,"[""LIBRARY_VS_APPLICATION"", ""UMBRELLA_PROJECT_COMPONENT"", ""BUILD_FLAVOR""]",false,KEEP,cpe:2.3:a:eclipse:mosquitto:2.0.20:*:*:*:*:*:*:*,OFFICIAL_CPE_MAPPED,"The official Mosquitto project definition explicitly comprises the broker, clients, and libmosquitto client library; this SSL-enabled library package remains inside the Mosquitto product boundary. The library shares Mosquitto release 2.0.20; 1 is package release data.",STRONG
199878,libnetfilter-conntrack3,1.0.8-1,Netfilter,libnetfilter_conntrack,1.0.8,"{""control"": ""/usr/lib/opkg/info/libnetfilter-conntrack3.control"", ""depends"": ""libc, libnfnetlink0, kmod-nf-conntrack-netlink, libmnl0"", ""description"": ""libnetfilter_conntrack is a userspace library providing a programming\ninterface (API) to the in-kernel connection tracking state table. The\nlibrary libnetfilter_conntrack has been previously known as\nlibnfnetlink_conntrack and libctnetlink. This library is currently\nused by conntrack-tools among many other applications."", ""list"": ""/usr/lib/opkg/info/libnetfilter-conntrack3.list"", ""payload"": ""/usr/lib/libnetfilter_conntrack.so.3.7.0 | /usr/lib/libnetfilter_conntrack.so.3"", ""source"": ""package/libs/libnetfilter-conntrack"", ""source_name"": ""libnetfilter-conntrack""}","[""https://www.netfilter.org/projects/libnetfilter_conntrack/""]",The ABI-suffixed package is the direct Netfilter libnetfilter_conntrack library product.,cpe:2.3:a:netfilter:libnetfilter_conntrack:1.0.8:*:*:*:*:*:*:*,VERSION_NOT_IN_DICTIONARY,a,netfilter,libnetfilter_conntrack,30,30,0,0,0,0,30,30 distinct; samples=0.0.20; 0.0.26; 0.0.27; 0.0.28; 0.0.30; 0.0.31; ...; 1.0.3; 1.0.4; 1.0.5; 1.0.6; 1.0.7,"{""editions"": [""*""], ""target_hw"": [""*""], ""target_sw"": [""*""], ""updates"": [""*""]}",Netfilter libnetfilter_conntrack 0.0.100 | Netfilter libnetfilter_conntrack 0.0.101 | Netfilter libnetfilter_conntrack 0.0.102,http://www.netfilter.org/projects/libnetfilter_conntrack/ | http://www.netfilter.org/projects/libnetfilter_conntrack/files,0,0,0,[],"{""configuration_and"": 0, ""configuration_or"": 0, ""configuration_unset"": 0, ""node_and"": 0, ""node_or"": 0, ""ranged"": 0}",occurrences=0; CVEs=0; distinct criteria=0; configuration AND/OR/unset=0/0/0; node AND/OR=0/0; ranged=0,[],SAME_PRODUCT,ALIGNED,true,false,"[""ABI_SUFFIXED_PACKAGE"", ""LIBRARY_PRODUCT""]",false,KEEP,cpe:2.3:a:netfilter:libnetfilter_conntrack:1.0.8:*:*:*:*:*:*:*,VERSION_NOT_IN_DICTIONARY,The ABI-suffixed package is the direct Netfilter libnetfilter_conntrack library product. 1.0.8 is the upstream release and 1 is package release data.,MODERATE
199880,libnfnetlink0,1.0.1-4,Netfilter,libnfnetlink,1.0.1,"{""control"": ""/usr/lib/opkg/info/libnfnetlink0.control"", ""depends"": ""libc"", ""description"": ""libnfnetlink is is the low-level library for netfilter related kernel/userspace communication.\nIt provides a generic messaging infrastructure for in-kernel netfilter subsystems\n(such as nfnetlink_log, nfnetlink_queue, nfnetlink_conntrack) and their respective users\nand/or management tools in userspace."", ""list"": ""/usr/lib/opkg/info/libnfnetlink0.list"", ""payload"": ""/usr/lib/libnfnetlink.so.0 | /usr/lib/libnfnetlink.so.0.2.0"", ""source"": ""package/libs/libnfnetlink"", ""source_name"": ""libnfnetlink""}","[""https://www.netfilter.org/projects/libnfnetlink/""]",The ABI-suffixed package is the direct Netfilter libnfnetlink library product.,cpe:2.3:a:netfilter:libnfnetlink:1.0.1:*:*:*:*:*:*:*,OFFICIAL_CPE_MAPPED,a,netfilter,libnfnetlink,14,14,0,0,1,1,14,14 distinct; samples=0.0.11; 0.0.12; 0.0.13; 0.0.14; 0.0.16; 0.0.25; ...; 0.0.39; 0.0.40; 0.0.41; 1.0.0; 1.0.1,"{""editions"": [""*""], ""target_hw"": [""*""], ""target_sw"": [""*""], ""updates"": [""*""]}",Netfilter libnfnetlink 0.0.11 | Netfilter libnfnetlink 0.0.12 | Netfilter libnfnetlink 0.0.13,http://www.netfilter.org/projects/libnfnetlink/files | http://www.netfilter.org/projects/libnfnetlink/,0,0,0,[],"{""configuration_and"": 0, ""configuration_or"": 0, ""configuration_unset"": 0, ""node_and"": 0, ""node_or"": 0, ""ranged"": 0}",occurrences=0; CVEs=0; distinct criteria=0; configuration AND/OR/unset=0/0/0; node AND/OR=0/0; ranged=0,[],SAME_PRODUCT,ALIGNED,true,false,"[""ABI_SUFFIXED_PACKAGE"", ""LIBRARY_PRODUCT""]",false,KEEP,cpe:2.3:a:netfilter:libnfnetlink:1.0.1:*:*:*:*:*:*:*,OFFICIAL_CPE_MAPPED,The ABI-suffixed package is the direct Netfilter libnfnetlink library product. 1.0.1 is the upstream release and 4 is package release data.,MODERATE
199881,libnftnl11,1.2.5-5,Netfilter,libnftnl,1.2.5,"{""control"": ""/usr/lib/opkg/info/libnftnl11.control"", ""depends"": ""libc, libmnl0"", ""description"": ""libnftnl is a userspace library providing a low-level netlink\nprogramming interface (API) to the in-kernel nf_tables subsystem."", ""list"": ""/usr/lib/opkg/info/libnftnl11.list"", ""payload"": ""/usr/lib/libnftnl.so.11 | /usr/lib/libnftnl.so.11.6.0"", ""source"": ""package/libs/libnftnl"", ""source_name"": ""libnftnl""}","[""https://www.netfilter.org/projects/libnftnl/""]",The ABI-suffixed package is the direct Netfilter libnftnl library product.,cpe:2.3:a:netfilter:libnftnl:1.2.5:*:*:*:*:*:*:*,VERSION_NOT_IN_DICTIONARY,a,netfilter,libnftnl,2,2,0,0,0,0,2,2 distinct; samples=1.1.4; -,"{""editions"": [""*""], ""target_hw"": [""*""], ""target_sw"": [""*""], ""updates"": [""*""]}",netfilter libnftnl | Netfilter libnftnl 1.1.4,https://netfilter.org/projects/libnftnl/ | https://netfilter.org/projects/libnftnl/files | http://www.netfilter.org | https://www.netfilter.org/projects/libnftnl/files/,0,0,0,[],"{""configuration_and"": 0, ""configuration_or"": 0, ""configuration_unset"": 0, ""node_and"": 0, ""node_or"": 0, ""ranged"": 0}",occurrences=0; CVEs=0; distinct criteria=0; configuration AND/OR/unset=0/0/0; node AND/OR=0/0; ranged=0,[],SAME_PRODUCT,ALIGNED,true,false,"[""ABI_SUFFIXED_PACKAGE"", ""LIBRARY_PRODUCT""]",false,KEEP,cpe:2.3:a:netfilter:libnftnl:1.2.5:*:*:*:*:*:*:*,VERSION_NOT_IN_DICTIONARY,The ABI-suffixed package is the direct Netfilter libnftnl library product. 1.2.5 is the upstream release and 5 is package release data.,MODERATE
199882,libnghttp2-14,1.43.0-1,nghttp2 project,nghttp2,1.43.0,"{""control"": ""/usr/lib/opkg/info/libnghttp2-14.control"", ""depends"": ""libc"", ""description"": ""C library implementing the framing layer of the HTTP/2 protocol. It can be used to build a HTTP/2-capable HTTP client or server"", ""list"": ""/usr/lib/opkg/info/libnghttp2-14.list"", ""payload"": ""/usr/lib/libnghttp2.so.14 | /usr/lib/libnghttp2.so.14.20.1"", ""source"": ""package/libs/nghttp2"", ""source_name"": ""libnghttp2""}","[""https://nghttp2.org/documentation/package_README.html"", ""https://github.com/nghttp2/nghttp2/releases""]",The official nghttp2 project defines its reusable C library as the core framing implementation and also ships applications; the installed libnghttp2 remains within the nghttp2 product boundary.,cpe:2.3:a:nghttp2:nghttp2:1.43.0:*:*:*:*:*:*:*,OFFICIAL_CPE_MAPPED,a,nghttp2,nghttp2,134,134,0,0,1,1,134,134 distinct; samples=0.1.0; 0.2.0; 0.3.0; 0.3.1; 0.3.2; 0.4.0; ...; 1.67.0; 1.67.1; 1.68.0; 1.68.1; 1.69.0,"{""editions"": [""*""], ""target_hw"": [""*""], ""target_sw"": [""*""], ""updates"": [""*""]}",nghttp2 0.1.0 | nghttp2 0.2.0 | nghttp2 0.3.0,https://github.com/nghttp2/nghttp2/tags | https://nghttp2.org/ | https://github.com/nghttp2/nghttp2 | https://github.com/tatsuhiro-t/nghttp2/releases,9,9,1,"[{""configuration_operator"": null, ""criteria"": ""cpe:2.3:a:nghttp2:nghttp2:*:*:*:*:*:*:*:*"", ""cve_record__cve_id"": ""CVE-2026-58055"", ""node_operator"": ""OR"", ""version_end_excluding"": null, ""version_end_including"": ""1.69.0"", ""version_start_excluding"": null, ""version_start_including"": null, ""vulnerable"": true}, {""configuration_operator"": null, ""criteria"": ""cpe:2.3:a:nghttp2:nghttp2:*:*:*:*:*:*:*:*"", ""cve_record__cve_id"": ""CVE-2026-27135"", ""node_operator"": ""OR"", ""version_end_excluding"": ""1.68.1"", ""version_end_including"": null, ""version_start_excluding"": null, ""version_start_including"": null, ""vulnerable"": true}, {""configuration_operator"": null, ""criteria"": ""cpe:2.3:a:nghttp2:nghttp2:*:*:*:*:*:*:*:*"", ""cve_record__cve_id"": ""CVE-2024-28182"", ""node_operator"": ""OR"", ""version_end_excluding"": ""1.61.0"", ""version_end_including"": null, ""version_start_excluding"": null, ""version_start_including"": null, ""vulnerable"": true}]","{""configuration_and"": 0, ""configuration_or"": 0, ""configuration_unset"": 9, ""node_and"": 0, ""node_or"": 9, ""ranged"": 9}","occurrences=9; CVEs=9; distinct criteria=1; configuration AND/OR/unset=0/0/9; node AND/OR=0/9; ranged=9; PROJECT_WIDE_USAGE: representative cases cover nghttpx and the nghttp2 library, both shipped by the official nghttp2 project.","[{""cve_id"": ""CVE-2026-58055"", ""description"": ""nghttp2's nghttpx proxy through 1.69.0 forwards an HTTP/1.1 Upgrade request that also carries a Content-Length header and body onto reusable keep-alive backend connections, re-adding the Upgrade and Connection headers while passing Content-Length verbatim. A backend that resolves the resulting ambiguous message in the attacker's favor enables HTTP request/response smuggling and cross-client response-queue poisoning."", ""references"": [""https://github.com/bikini/exploitarium/tree/main/nghttp2-nghttpx-upgrade-queue-poison-poc"", ""https://github.com/nghttp2/nghttp2/commit/ab28105c4a0197da24f8bfc414bc116055249e1e"", ""https://www.vulncheck.com/advisories/nghttp2-nghttpx-http-request-response-smuggling-via-upgrade-request-with-content-length""]}, {""cve_id"": ""CVE-2026-27135"", ""description"": ""nghttp2 is an implementation of the Hypertext Transfer Protocol version 2 in C. Prior to version 1.68.1, the nghttp2 library stops reading the incoming data when user facing public API `nghttp2_session_terminate_session` or `nghttp2_session_terminate_session2` is called by the application. They might be called internally by the library when it detects the situation that is subject to connection error. Due to the missing internal state validation, the library keeps reading the rest of the data after one of those APIs is called. Then receiving a malformed frame that causes FRAME_SIZE_ERROR causes assertion failure. nghttp2 v1.68.1 adds missing state validation to avoid assertion failure. No known workarounds are available."", ""references"": [""https://github.com/nghttp2/nghttp2/commit/5c7df8fa815ac1004d9ecb9d1f7595c4d37f46e1"", ""https://github.com/nghttp2/nghttp2/security/advisories/GHSA-6933-cjhr-5qg6"", ""http://www.openwall.com/lists/oss-security/2026/03/20/3"", ""https://lists.debian.org/debian-lts-announce/2026/05/msg00025.html""]}, {""cve_id"": ""CVE-2024-28182"", ""description"": ""nghttp2 is an implementation of the Hypertext Transfer Protocol version 2 in C. The nghttp2 library prior to version 1.61.0 keeps reading the unbounded number of HTTP/2 CONTINUATION frames even after a stream is reset to keep HPACK context in sync.  This causes excessive CPU usage to decode HPACK stream. nghttp2 v1.61.0 mitigates this vulnerability by limiting the number of CONTINUATION frames it accepts per stream. There is no workaround for this vulnerability."", ""references"": [""http://www.openwall.com/lists/oss-security/2024/04/03/16"", ""https://github.com/nghttp2/nghttp2/commit/00201ecd8f982da3b67d4f6868af72a1b03b14e0"", ""https://github.com/nghttp2/nghttp2/commit/d71a4668c6bead55805d18810d633fbb98315af9"", ""https://github.com/nghttp2/nghttp2/security/advisories/GHSA-x6x3-gv8h-m57q""]}]",SAME_PRODUCT,ALIGNED,true,false,"[""LIBRARY_VS_APPLICATION"", ""UMBRELLA_PROJECT_COMPONENT"", ""ABI_SUFFIXED_PACKAGE""]",false,KEEP,cpe:2.3:a:nghttp2:nghttp2:1.43.0:*:*:*:*:*:*:*,OFFICIAL_CPE_MAPPED,The official nghttp2 project defines its reusable C library as the core framing implementation and also ships applications; the installed libnghttp2 remains within the nghttp2 product boundary. The library uses the nghttp2 1.43.0 release; 1 is package release data.,STRONG
199888,libopenssl3,3.0.14-3,OpenSSL Project,OpenSSL,3.0.14,"{""control"": ""/usr/lib/opkg/info/libopenssl3.control"", ""depends"": ""libc, libatomic1"", ""description"": ""The OpenSSL Project is a collaborative effort to develop a robust,\ncommercial-grade, full-featured, and Open Source toolkit implementing the\nTransport Layer Security (TLS) protocol as well as a full-strength\ngeneral-purpose cryptography library.\nThis package contains the OpenSSL shared libraries, needed by other programs."", ""list"": ""/usr/lib/opkg/info/libopenssl3.list"", ""payload"": ""/usr/lib/libssl.so.3 | /usr/lib/libcrypto.so.3"", ""source"": ""package/libs/openssl"", ""source_name"": ""libopenssl""}","[""https://github.com/openssl/openssl"", ""https://openssl-library.org/source/""]",libssl.so.3 and libcrypto.so.3 are core OpenSSL libraries from the OpenSSL 3.0.14 source product; the family represents the OpenSSL toolkit rather than only its CLI.,cpe:2.3:a:openssl:openssl:3.0.14:*:*:*:*:*:*:*,OFFICIAL_CPE_MAPPED,a,openssl,openssl,354,339,15,15,1,1,235,256 distinct; samples=0.9.1c; 0.9.2b; 0.9.3; 0.9.3a; 0.9.4; 0.9.5; ...; 3.6.2; 3.6.3; 4.0.0; -; a.00.09.07l,"{""editions"": [""*""], ""target_hw"": [""*""], ""target_sw"": [""*""], ""updates"": [""*"", ""-"", ""alpha1"", ""alpha2"", ""alpha3"", ""alpha4"", ""alpha5"", ""alpha6"", ""alpha7"", ""alpha8"", ""alpha9"", ""alpha10"", ""alpha11"", ""alpha12"", ""alpha13"", ""alpha14"", ""alpha15"", ""alpha16"", ""alpha17"", ""beta1"", ""beta2"", ""beta3"", ""beta4"", ""beta5"", ""beta6"", ""pre1"", ""pre2"", ""pre3"", ""pre4"", ""pre5"", ""pre6"", ""pre7"", ""pre8"", ""pre9""]}",OpenSSL Project OpenSSL | OpenSSL Project OpenSSL 0.9.1c | OpenSSL Project OpenSSL 0.9.2b,https://www.openssl.org/ | https://github.com/openssl/openssl/tags | https://www.openssl.org/source/old/ | https://github.com/openssl/openssl,4782,294,305,"[{""configuration_operator"": null, ""criteria"": ""cpe:2.3:a:openssl:openssl:*:*:*:*:*:*:*:*"", ""cve_record__cve_id"": ""CVE-2026-9076"", ""node_operator"": ""OR"", ""version_end_excluding"": ""1.1.1zh"", ""version_end_including"": null, ""version_start_excluding"": null, ""version_start_including"": ""1.1.1"", ""vulnerable"": true}, {""configuration_operator"": null, ""criteria"": ""cpe:2.3:a:openssl:openssl:*:*:*:*:*:*:*:*"", ""cve_record__cve_id"": ""CVE-2026-7383"", ""node_operator"": ""OR"", ""version_end_excluding"": ""1.1.1zh"", ""version_end_including"": null, ""version_start_excluding"": null, ""version_start_including"": ""1.1.1"", ""vulnerable"": true}, {""configuration_operator"": null, ""criteria"": ""cpe:2.3:a:openssl:openssl:*:*:*:*:*:*:*:*"", ""cve_record__cve_id"": ""CVE-2026-45447"", ""node_operator"": ""OR"", ""version_end_excluding"": ""3.5.7"", ""version_end_including"": null, ""version_start_excluding"": null, ""version_start_including"": ""3.5.0"", ""vulnerable"": true}]","{""configuration_and"": 73, ""configuration_or"": 0, ""configuration_unset"": 4709, ""node_and"": 0, ""node_or"": 4782, ""ranged"": 392}",occurrences=4782; CVEs=294; distinct criteria=305; configuration AND/OR/unset=73/0/4709; node AND/OR=0/4782; ranged=392; TOOLKIT_WIDE_USAGE: representative cases describe OpenSSL library APIs and command-line equivalents within the same toolkit.,"[{""cve_id"": ""CVE-2026-9076"", ""description"": ""Issue summary: When CMS password-based decryption (RFC 3211 / PWRI key unwrap)\nprocesses attacker-supplied CMS data, an attacker-chosen stream-mode KEK\ncipher can trigger a heap out-of-bounds read in kek_unwrap_key().\n\nImpact summary: A heap buffer over-read may trigger a crash which leads to\nDenial of Service for an application if the input buffer ends at a memory\npage boundary and the following page is unmapped. There is no information\ndisclosure as the over-read bytes are not revealed to the attacker.\n\nThe key unwrapping function performs a check-byte test as specified in the\nRFC that reads 7 bytes from a heap allocation that is based on the wrapped\nkey length from the message. There is a minimum length check based on the\nblock length of the wrapping cipher. However the cipher is selected from\nan OID carried in the attacker's PWRI keyEncryptionAlgorithm with no\nrequirement that the cipher be a block cipher. When an attacker selects\na stream-mode cipher the guard will be ineffective and the allocated buffer\ncontaining the unwrapped key can be too small to fit the check-bytes\nspecified in the RFC and a buffer over-read can happen.\n\nApplications calling CMS_decrypt() or CMS_decrypt_set1_password()\n(equivalently openssl cms -decrypt -pwri_password ...) on untrusted CMS\ndata are vulnerable to this issue. No password knowledge is required: the\nover-read happens during the unwrap attempt before any authentication\nsucceeds.\n\nThe over-read is limited to a few bytes and is not written to output, so\nthere is no information disclosure. Triggering a crash requires the\nallocation to border unmapped memory, which is unlikely with the normal\nallocator.\n\nThe FIPS modules are not affected by this issue."", ""references"": [""https://github.com/openssl/openssl/commit/05b066366842f930fadd9a6e94df98030af431bb"", ""https://github.com/openssl/openssl/commit/3d8d5bc1056b2f62da9fede23fedbf47e85187b0"", ""https://github.com/openssl/openssl/commit/715349a1d7c6db970e6815dafb90915f07307f98"", ""https://github.com/openssl/openssl/commit/77bf00ab13f6ff5e516535432f0328ed70ec0c26""]}, {""cve_id"": ""CVE-2026-7383"", ""description"": ""Issue summary: A signed integer overflow when sizing the destination\nbuffer for Unicode output in ASN1_mbstring_ncopy() can lead to a heap\nbuffer overflow.\n\nImpact summary: A heap buffer overflow may lead to a crash or possibly\nattacker controlled code execution or other undefined behaviour.\n\nIn ASN1_mbstring_copy() and ASN1_mbstring_ncopy() the destination\nsize for Unicode output is computed in a signed int: by left shift\nof the input character count for BMPSTRING (UTF-16) and\nUNIVERSALSTRING (UTF-32), and by summing per-character byte counts\nfor UTF8STRING. The calculation overflows when the input reaches\naround 2^30 characters. In the worst case (UNIVERSALSTRING at 2^30\ncharacters) the size wraps to zero, OPENSSL_malloc(1) is called, and\nthe subsequent character copy writes several gigabytes past the\none-byte allocation.\n\nX.509 certificate processing routes through ASN1_STRING_set_by_NID(),\nwhose DIRSTRING_TYPE mask excludes UNIVERSALSTRING and whose per-NID\nsize limits cap the input length; no network protocol or\ncertificate-handling path in OpenSSL exercises the overflow.\nTriggering the bug requires an application that calls\nASN1_mbstring_copy() or ASN1_mbstring_ncopy() directly, or registers\na custom string type via ASN1_STRING_TABLE_add(), with\nattacker-controlled input on the order of half a gigabyte or more.\nFor these reasons this issue was assigned Low severity.\n\nThe FIPS modules in 4.0, 3.6, 3.5, 3.4 and 3.0 are not affected by\nthis issue, as the affected code is outside the OpenSSL FIPS module\nboundary."", ""references"": [""https://github.com/openssl/openssl/commit/4f8d2bddaa2c8e06f9c33390ee1717059a6e4be6"", ""https://github.com/openssl/openssl/commit/80c15faaf78042bbb8654a0e234c50c381732f74"", ""https://github.com/openssl/openssl/commit/bd17511070fb39a67bfa19682affb765e706a974"", ""https://github.com/openssl/openssl/commit/c332adaced43bcbb85f97410597e951c11ec3083""]}, {""cve_id"": ""CVE-2026-45447"", ""description"": ""Issue summary: A specially crafted PKCS#7 or S/MIME signed message could\ntrigger a use-after-free during PKCS#7 signature verification.\n\nImpact summary: A use-after-free may result in process crashes, heap\ncorruption, or potentially remote code execution.\n\nWhen processing a PKCS#7 or S/MIME signed message, if the SignedData\ndigestAlgorithms field is present as an empty ASN.1 SET, OpenSSL may\nincorrectly free a caller-owned BIO during PKCS7_verify(). A subsequent\nuse of the BIO by the calling application results in a use-after-free\ncondition.\n\nIn the common case this occurs when the application later calls\nBIO_free() on the BIO originally passed to PKCS7_verify(). Depending\non allocator behavior and application-specific BIO usage patterns, this\nmay result in a crash or other memory corruption. In some application\ncontexts this may potentially be exploitable for remote code execution.\n\nApplications that process PKCS#7 or S/MIME signed messages using OpenSSL\nPKCS#7 APIs may be affected. Applications using the CMS APIs for this\nprocessing are not affected.\n\nThe FIPS modules in 4.0, 3.6, 3.5, 3.4, and 3.0 are not affected by this\nissue, as the affected code is outside the OpenSSL FIPS module boundary."", ""references"": [""https://github.com/openssl/openssl/commit/3aad5eb7af4de4ee0633c30a8541a54d9bbde63c"", ""https://github.com/openssl/openssl/commit/7d4a980c62258c5910cc883936e0c8dbab4d75a8"", ""https://github.com/openssl/openssl/commit/9dfd688ad2290fc5075cacbc9bf0c9a93eefed54"", ""https://github.com/openssl/openssl/commit/a541ae8bfe849a30cc885e8780715c0f488e496c""]}]",SAME_PRODUCT,ALIGNED,true,false,"[""LIBRARY_VS_APPLICATION"", ""SPLIT_UPSTREAM_PRODUCT""]",false,KEEP,cpe:2.3:a:openssl:openssl:3.0.14:*:*:*:*:*:*:*,OFFICIAL_CPE_MAPPED,libssl.so.3 and libcrypto.so.3 are core OpenSSL libraries from the OpenSSL 3.0.14 source product; the family represents the OpenSSL toolkit rather than only its CLI. 3.0.14 is the upstream OpenSSL release and 3 is package release data.,STRONG
199890,libpcap1,1.9.1-3,tcpdump project,libpcap,1.9.1,"{""control"": ""/usr/lib/opkg/info/libpcap1.control"", ""depends"": ""libc"", ""description"": ""This package contains a system-independent library for user-level network packet\ncapture."", ""list"": ""/usr/lib/opkg/info/libpcap1.list"", ""payload"": ""/usr/lib/libpcap.so.1 | /usr/lib/libpcap.so.1.9.1"", ""source"": ""package/libs/libpcap"", ""source_name"": ""libpcap""}","[""https://www.tcpdump.org/"", ""https://www.tcpdump.org/release/""]","The ABI-suffixed package contains the tcpdump project's separately named libpcap library, matching the direct libpcap family.",cpe:2.3:a:tcpdump:libpcap:1.9.1:*:*:*:*:*:*:*,OFFICIAL_CPE_MAPPED,a,tcpdump,libpcap,41,41,0,0,1,1,41,41 distinct; samples=0.5; 0.6.1; 0.6.2; 0.7.1; 0.7.2; 0.8.1; ...; 1.10.2; 1.10.3; 1.10.4; 1.10.5; -,"{""editions"": [""*""], ""target_hw"": [""*""], ""target_sw"": [""*""], ""updates"": [""*""]}",Tcpdump Libpcap | Tcpdump Libpcap 0.5 | Tcpdump Libpcap 0.6.1,https://www.tcpdump.org/index.html#source | http://www.tcpdump.org/release | http://www.tcpdump.org/ | https://github.com/the-tcpdump-group/libpcap,8,8,1,"[{""configuration_operator"": null, ""criteria"": ""cpe:2.3:a:tcpdump:libpcap:*:*:*:*:*:*:*:*"", ""cve_record__cve_id"": ""CVE-2024-8006"", ""node_operator"": ""OR"", ""version_end_excluding"": ""1.10.5"", ""version_end_including"": null, ""version_start_excluding"": null, ""version_start_including"": null, ""vulnerable"": true}, {""configuration_operator"": null, ""criteria"": ""cpe:2.3:a:tcpdump:libpcap:*:*:*:*:*:*:*:*"", ""cve_record__cve_id"": ""CVE-2023-7256"", ""node_operator"": ""OR"", ""version_end_excluding"": ""1.10.5"", ""version_end_including"": null, ""version_start_excluding"": null, ""version_start_including"": null, ""vulnerable"": true}, {""configuration_operator"": null, ""criteria"": ""cpe:2.3:a:tcpdump:libpcap:*:*:*:*:*:*:*:*"", ""cve_record__cve_id"": ""CVE-2019-15165"", ""node_operator"": ""OR"", ""version_end_excluding"": ""1.9.1"", ""version_end_including"": null, ""version_start_excluding"": null, ""version_start_including"": null, ""vulnerable"": true}]","{""configuration_and"": 1, ""configuration_or"": 0, ""configuration_unset"": 7, ""node_and"": 0, ""node_or"": 8, ""ranged"": 8}",occurrences=8; CVEs=8; distinct criteria=1; configuration AND/OR/unset=1/0/7; node AND/OR=0/8; ranged=8,[],SAME_PRODUCT,ALIGNED,true,false,"[""VENDOR_LABEL_DIFFERS"", ""LIBRARY_PRODUCT"", ""ABI_SUFFIXED_PACKAGE""]",false,KEEP,cpe:2.3:a:tcpdump:libpcap:1.9.1:*:*:*:*:*:*:*,OFFICIAL_CPE_MAPPED,"The ABI-suffixed package contains the tcpdump project's separately named libpcap library, matching the direct libpcap family. 1.9.1 is the upstream release and 3 is package release data.",MODERATE
199891,libpcre2,10.37-5,PCRE project,PCRE2,10.37,"{""control"": ""/usr/lib/opkg/info/libpcre2.control"", ""depends"": ""libc"", ""description"": ""A Perl Compatible Regular Expression library"", ""list"": ""/usr/lib/opkg/info/libpcre2.list"", ""payload"": ""/usr/lib/libpcre2-8.so.0.10.2 | /usr/lib/libpcre2-posix.so.3.0.0"", ""source"": ""package/libs/pcre2"", ""source_name"": ""libpcre2""}","[""https://github.com/PCRE2Project/pcre2"", ""https://github.com/PCRE2Project/pcre2/releases""]",The installed PCRE2 library and the pcre:pcre2 family identify the same second-generation PCRE product.,cpe:2.3:a:pcre:pcre2:10.37:*:*:*:*:*:*:*,OFFICIAL_CPE_MAPPED,a,pcre,pcre2,19,19,0,0,1,1,17,18 distinct; samples=10.00; 10.10; 10.20; 10.21; 10.22; 10.23; ...; 10.37; 10.38; 10.39; 10.40; -,"{""editions"": [""*""], ""target_hw"": [""*""], ""target_sw"": [""*""], ""updates"": [""*"", ""-"", ""rc1""]}",Pcre Pcre2 - | PCRE2 10.00 | PCRE2 10.10,https://github.com/PCRE2Project/pcre2/releases | https://bugzilla.redhat.com/show_bug.cgi?id=2077976 | https://sourceforge.net/projects/pcre/files/pcre2/10.21/ | https://www.pcre.org/,11,11,4,"[{""configuration_operator"": null, ""criteria"": ""cpe:2.3:a:pcre:pcre2:10.45:*:*:*:*:*:*:*"", ""cve_record__cve_id"": ""CVE-2025-58050"", ""node_operator"": ""OR"", ""version_end_excluding"": null, ""version_end_including"": null, ""version_start_excluding"": null, ""version_start_including"": null, ""vulnerable"": true}, {""configuration_operator"": null, ""criteria"": ""cpe:2.3:a:pcre:pcre2:*:*:*:*:*:*:*:*"", ""cve_record__cve_id"": ""CVE-2022-41409"", ""node_operator"": ""OR"", ""version_end_excluding"": ""10.41"", ""version_end_including"": null, ""version_start_excluding"": null, ""version_start_including"": null, ""vulnerable"": true}, {""configuration_operator"": null, ""criteria"": ""cpe:2.3:a:pcre:pcre2:*:*:*:*:*:*:*:*"", ""cve_record__cve_id"": ""CVE-2022-1587"", ""node_operator"": ""OR"", ""version_end_excluding"": ""10.40"", ""version_end_including"": null, ""version_start_excluding"": null, ""version_start_including"": null, ""vulnerable"": true}]","{""configuration_and"": 0, ""configuration_or"": 0, ""configuration_unset"": 11, ""node_and"": 0, ""node_or"": 11, ""ranged"": 6}",occurrences=11; CVEs=11; distinct criteria=4; configuration AND/OR/unset=0/0/11; node AND/OR=0/11; ranged=6,[],SAME_PRODUCT,ALIGNED,true,false,"[""LIBRARY_PRODUCT""]",false,KEEP,cpe:2.3:a:pcre:pcre2:10.37:*:*:*:*:*:*:*,OFFICIAL_CPE_MAPPED,The installed PCRE2 library and the pcre:pcre2 family identify the same second-generation PCRE product. 10.37 is the upstream release and 5 is package release data.,MODERATE
199913,libusb-1.0-0,1.0.24-5,libusb project,libusb,1.0.24,"{""control"": ""/usr/lib/opkg/info/libusb-1.0-0.control"", ""depends"": ""libc, libpthread, librt"", ""description"": ""libusb is a C library that gives applications easy access to USB devices on\nmany different operating systems."", ""list"": ""/usr/lib/opkg/info/libusb-1.0-0.list"", ""payload"": ""/usr/lib/libusb-1.0.so.0.3.0 | /usr/lib/libusb-1.0.so.0"", ""source"": ""package/libs/libusb"", ""source_name"": ""libusb-1.0""}","[""https://libusb.info/"", ""https://github.com/libusb/libusb/releases/tag/v1.0.24""]",The ABI-suffixed package contains the direct libusb library product.,cpe:2.3:a:libusb:libusb:1.0.24:-:*:*:*:*:*:*,OFFICIAL_CPE_MAPPED,a,libusb,libusb,78,78,0,0,2,1,7,36 distinct; samples=0.9.0; 0.9.1; 0.9.2; 0.9.3; 0.9.4; 1.0.0; ...; 1.0.26; 1.0.27; 1.0.28; 1.0.29; 1.0.30,"{""editions"": [""*""], ""target_hw"": [""*""], ""target_sw"": [""*""], ""updates"": [""*"", ""-"", ""rc1"", ""rc2"", ""rc3"", ""rc4"", ""rc5"", ""rc6""]}",libusb 0.9.0 | libusb 0.9.1 | libusb 0.9.2,https://github.com/libusb/libusb | https://libusb.info/ | https://github.com/libusb/libusb/tags,2,2,1,"[{""configuration_operator"": null, ""criteria"": ""cpe:2.3:a:libusb:libusb:*:*:*:*:*:*:*:*"", ""cve_record__cve_id"": ""CVE-2026-47104"", ""node_operator"": ""OR"", ""version_end_excluding"": ""1.0.30"", ""version_end_including"": null, ""version_start_excluding"": null, ""version_start_including"": null, ""vulnerable"": true}, {""configuration_operator"": null, ""criteria"": ""cpe:2.3:a:libusb:libusb:*:*:*:*:*:*:*:*"", ""cve_record__cve_id"": ""CVE-2026-23679"", ""node_operator"": ""OR"", ""version_end_excluding"": ""1.0.30"", ""version_end_including"": null, ""version_start_excluding"": null, ""version_start_including"": null, ""vulnerable"": true}]","{""configuration_and"": 0, ""configuration_or"": 0, ""configuration_unset"": 2, ""node_and"": 0, ""node_or"": 2, ""ranged"": 2}",occurrences=2; CVEs=2; distinct criteria=1; configuration AND/OR/unset=0/0/2; node AND/OR=0/2; ranged=2,[],SAME_PRODUCT,ALIGNED,true,false,"[""ABI_SUFFIXED_PACKAGE"", ""LIBRARY_PRODUCT""]",false,KEEP,cpe:2.3:a:libusb:libusb:1.0.24:-:*:*:*:*:*:*,OFFICIAL_CPE_MAPPED,The ABI-suffixed package contains the direct libusb library product. The official project release is 1.0.24 and 5 is package release data.,STRONG
199920,lua,5.1.5-9,Lua project,Lua,5.1.5,"{""control"": ""/usr/lib/opkg/info/lua.control"", ""depends"": ""libc, liblua5.1.5"", ""description"": ""Lua is a powerful light-weight programming language designed for extending \napplications. Lua is also frequently used as a general-purpose, stand-alone\nlanguage. Lua is free software.\nThis package contains the Lua language interpreter."", ""list"": ""/usr/lib/opkg/info/lua.list"", ""payload"": ""/usr/bin/lua | /usr/bin/lua5.1"", ""source"": ""package/utils/lua"", ""source_name"": ""lua""}","[""https://www.lua.org/versions.html""]",The installed Lua interpreter/runtime represents the Lua product and maps directly to the Lua family.,cpe:2.3:a:lua:lua:5.1.5:*:*:*:*:*:*:*,VERSION_NOT_IN_DICTIONARY,a,lua,lua,54,54,0,0,0,0,24,37 distinct; samples=1.2; 2.1; 2.2; 2.3; 2.4; 2.5; ...; 5.4.5; 5.4.6; 5.4.7; 5.4.8; -,"{""editions"": [""*""], ""target_hw"": [""*""], ""target_sw"": [""*""], ""updates"": [""*"", ""-"", ""alpha"", ""beta""]}",Lua | Lua 1.2 | Lua 2.1,https://github.com/lua/lua/releases | http://lua-users.org/lists/lua-l/2020-07/msg00078.html | http://www.lua.org/start.html | http://lua-users.org/lists/lua-l/2021-10/msg00123.html,43,17,27,"[{""configuration_operator"": null, ""criteria"": ""cpe:2.3:a:lua:lua:*:*:*:*:*:*:*:*"", ""cve_record__cve_id"": ""CVE-2021-45985"", ""node_operator"": ""OR"", ""version_end_excluding"": ""5.4.4"", ""version_end_including"": null, ""version_start_excluding"": null, ""version_start_including"": ""5.4.0"", ""vulnerable"": true}, {""configuration_operator"": null, ""criteria"": ""cpe:2.3:a:lua:lua:*:*:*:*:*:*:*:*"", ""cve_record__cve_id"": ""CVE-2022-33099"", ""node_operator"": ""OR"", ""version_end_excluding"": null, ""version_end_including"": ""5.4.4"", ""version_start_excluding"": null, ""version_start_including"": ""5.4.2"", ""vulnerable"": true}, {""configuration_operator"": null, ""criteria"": ""cpe:2.3:a:lua:lua:*:*:*:*:*:*:*:*"", ""cve_record__cve_id"": ""CVE-2022-28805"", ""node_operator"": ""OR"", ""version_end_excluding"": ""5.4.5"", ""version_end_including"": null, ""version_start_excluding"": null, ""version_start_including"": ""5.4.0"", ""vulnerable"": true}]","{""configuration_and"": 3, ""configuration_or"": 0, ""configuration_unset"": 40, ""node_and"": 0, ""node_or"": 43, ""ranged"": 8}",occurrences=43; CVEs=17; distinct criteria=27; configuration AND/OR/unset=3/0/40; node AND/OR=0/43; ranged=8,[],SAME_PRODUCT,ALIGNED,true,false,[],false,KEEP,cpe:2.3:a:lua:lua:5.1.5:*:*:*:*:*:*:*,VERSION_NOT_IN_DICTIONARY,The installed Lua interpreter/runtime represents the Lua product and maps directly to the Lua family. Lua 5.1.5 is the final 5.1 patch release; 9 is package release data.,STRONG
199933,minizip,4.0.7-2,zlib-ng project,minizip-ng,4.0.7,"{""control"": ""/usr/lib/opkg/info/minizip.control"", ""depends"": ""libc, zlib, libopenssl3"", ""description"": ""minizip is a zip manipulation library written in C that is supported on Windows, macOS, and Linux"", ""list"": ""/usr/lib/opkg/info/minizip.list"", ""payload"": ""/usr/bin/minizip"", ""source"": ""package/utils/minizip"", ""source_name"": ""minizip""}","[""https://github.com/zlib-ng/minizip-ng"", ""https://github.com/zlib-ng/minizip-ng/releases/tag/4.0.7""]","The installed minizip payload comes from the independently released minizip-ng repository, not from the zlib or zlib-ng core product; the CPE family directly names minizip-ng.",cpe:2.3:a:zlib-ng:minizip-ng:4.0.7:*:*:*:*:*:*:*,OFFICIAL_CPE_MAPPED,a,zlib-ng,minizip-ng,85,85,0,0,1,1,85,85 distinct; samples=1.1-1; 1.1-2; 1.1-3; 1.1-4; 2.0.0; 2.0.1; ...; 4.0.7; 4.0.8; 4.0.9; 4.0.10; 4.1.0,"{""editions"": [""*""], ""target_hw"": [""*""], ""target_sw"": [""*""], ""updates"": [""*""]}",zlib-ng minizip-ng 1.1-1 | zlib-ng minizip-ng 1.1-2 | zlib-ng minizip-ng 1.1-3,https://github.com/zlib-ng/minizip-ng | https://github.com/zlib-ng/minizip-ng/tags | https://github.com/zlib-ng/minizip-ng/issues/740 | https://github.com/zlib-ng/minizip-ng/releases,3,3,2,"[{""configuration_operator"": null, ""criteria"": ""cpe:2.3:a:zlib-ng:minizip-ng:4.0.2:*:*:*:*:*:*:*"", ""cve_record__cve_id"": ""CVE-2023-48107"", ""node_operator"": ""OR"", ""version_end_excluding"": null, ""version_end_including"": null, ""version_start_excluding"": null, ""version_start_including"": null, ""vulnerable"": true}, {""configuration_operator"": null, ""criteria"": ""cpe:2.3:a:zlib-ng:minizip-ng:4.0.2:*:*:*:*:*:*:*"", ""cve_record__cve_id"": ""CVE-2023-48106"", ""node_operator"": ""OR"", ""version_end_excluding"": null, ""version_end_including"": null, ""version_start_excluding"": null, ""version_start_including"": null, ""vulnerable"": true}, {""configuration_operator"": null, ""criteria"": ""cpe:2.3:a:zlib-ng:minizip-ng:*:*:*:*:*:*:*:*"", ""cve_record__cve_id"": ""CVE-2014-9485"", ""node_operator"": ""OR"", ""version_end_excluding"": null, ""version_end_including"": ""1.1-4"", ""version_start_excluding"": null, ""version_start_including"": null, ""vulnerable"": true}]","{""configuration_and"": 0, ""configuration_or"": 0, ""configuration_unset"": 3, ""node_and"": 0, ""node_or"": 3, ""ranged"": 1}",occurrences=3; CVEs=3; distinct criteria=2; configuration AND/OR/unset=0/0/3; node AND/OR=0/3; ranged=1,[],SAME_PRODUCT,ALIGNED,true,false,"[""UMBRELLA_PROJECT_SUBPROJECT"", ""HISTORICAL_FORK_NAME""]",false,KEEP,cpe:2.3:a:zlib-ng:minizip-ng:4.0.7:*:*:*:*:*:*:*,OFFICIAL_CPE_MAPPED,"The installed minizip payload comes from the independently released minizip-ng repository, not from the zlib or zlib-ng core product; the CPE family directly names minizip-ng. 4.0.7 is the minizip-ng upstream release and 2 is package release data.",STRONG
199956,open62541,v1.4.0-r,open62541 project,open62541,1.4.0,"{""control"": ""/usr/lib/opkg/info/open62541.control"", ""depends"": ""libc, libopenssl3, libatomic1"", ""description"": ""Open source implementation of OPC UA (OPC Unified Architecture) aka IEC 62541 licensed under Mozilla Public License v2.0"", ""list"": ""/usr/lib/opkg/info/open62541.list"", ""payload"": ""/usr/lib/libopen62541.so.0.0.0 | /usr/lib/libopen62541.so"", ""source"": ""package/libs/open62541"", ""source_name"": ""open62541""}","[""https://github.com/open62541/open62541"", ""https://github.com/open62541/open62541/releases/tag/v1.4.0""]",The firmware library identifies the open62541 OPC UA project and the CPE family directly names it.,cpe:2.3:a:open62541:open62541:1.4.0:-:*:*:*:*:*:*,VERSION_NOT_IN_DICTIONARY,a,open62541,open62541,48,48,0,0,0,0,6,28 distinct; samples=0.1; 0.1.0; 0.1.1; 0.2; 0.2.0; 0.2.1; ...; 1.1.6; 1.2; 1.2.1; 1.2.2; 1.3,"{""editions"": [""*""], ""target_hw"": [""*""], ""target_sw"": [""*""], ""updates"": [""*"", ""-"", ""dev"", ""rc1"", ""rc2"", ""rc2-ef"", ""rc2-ef2"", ""rc3"", ""rc3.3"", ""rc4"", ""rc5""]}",open62541 0.1 | open62541 0.1.0 Release Candidate 1 | open62541 0.1.0 Release Candidate 2,https://open62541.org/ | https://github.com/open62541/open62541/tags | https://github.com/open62541/open62541/releases | http://www.open62541.org/,6,2,5,"[{""configuration_operator"": null, ""criteria"": ""cpe:2.3:a:open62541:open62541:*:*:*:*:*:*:*:*"", ""cve_record__cve_id"": ""CVE-2022-25761"", ""node_operator"": ""OR"", ""version_end_excluding"": ""1.2.5"", ""version_end_including"": null, ""version_start_excluding"": null, ""version_start_including"": null, ""vulnerable"": true}, {""configuration_operator"": null, ""criteria"": ""cpe:2.3:a:open62541:open62541:*:*:*:*:*:*:*:*"", ""cve_record__cve_id"": ""CVE-2020-36429"", ""node_operator"": ""OR"", ""version_end_excluding"": ""1.0.4"", ""version_end_including"": null, ""version_start_excluding"": null, ""version_start_including"": ""1.0.0"", ""vulnerable"": true}]","{""configuration_and"": 0, ""configuration_or"": 0, ""configuration_unset"": 6, ""node_and"": 0, ""node_or"": 6, ""ranged"": 2}",occurrences=6; CVEs=2; distinct criteria=5; configuration AND/OR/unset=0/0/6; node AND/OR=0/6; ranged=2,[],SAME_PRODUCT,ALIGNED,true,false,"[""NON_OPKG_VERSION_FORM""]",false,KEEP,cpe:2.3:a:open62541:open62541:1.4.0:-:*:*:*:*:*:*,VERSION_NOT_IN_DICTIONARY,The firmware library identifies the open62541 OPC UA project and the CPE family directly names it. The official final tag is v1.4.0; the firmware's v/r notation is normalized to 1.4.0 without discarding a prerelease qualifier.,STRONG
199959,openvpn-openssl,2.6.9-5,OpenVPN,OpenVPN,2.6.9,"{""control"": ""/usr/lib/opkg/info/openvpn-openssl.control"", ""depends"": ""libc, kmod-tun, libcap-ng, liblzo2, libnl-genl200, kmod-ovpn-dco-v2, libopenssl3, libubus20210630, libubox20240329"", ""description"": ""Open source VPN solution using OpenSSL"", ""list"": ""/usr/lib/opkg/info/openvpn-openssl.list"", ""payload"": ""/usr/sbin/openvpn | /usr/libexec/openvpn-hotplug | /etc/openvpn/express_template.ovpn | /etc/openvpn.user | /lib/functions/openvpn.sh | /usr/share/openvpn/openvpn.options"", ""source"": ""package/network/services/openvpn"", ""source_name"": ""openvpn-openssl""}","[""https://community.openvpn.net/openvpn/wiki/OverviewOfOpenvpn"", ""https://github.com/OpenVPN/openvpn/releases/tag/v2.6.9""]","openvpn-openssl is the OpenSSL-linked build flavor of OpenVPN Community Edition, not a separate upstream product; the CPE's community sw_edition preserves that boundary.",cpe:2.3:a:openvpn:openvpn:2.6.9:*:*:*:community:*:*:*,OFFICIAL_CPE_MAPPED,a,openvpn,openvpn,396,279,117,117,1,1,95,131 distinct; samples=0.90; 0.91; 1.0; 1.0.2; 1.0.3; 1.1.0; ...; 2.8.1; 2.8.3; 3.6; 3.6.1; -,"{""editions"": [""*""], ""target_hw"": [""*""], ""target_sw"": [""*""], ""updates"": [""*"", ""-"", ""alpha1"", ""alpha2"", ""alpha3"", ""beta1"", ""beta2"", ""beta3"", ""beta4"", ""beta5"", ""beta6"", ""beta7"", ""beta8"", ""beta9"", ""beta10"", ""beta11"", ""beta12"", ""beta13"", ""beta14"", ""beta15"", ""beta16"", ""beta17"", ""beta18"", ""beta19"", ""beta20"", ""rc"", ""rc1"", ""rc2"", ""rc3"", ""rc4"", ""rc5"", ""rc6"", ""rc7"", ""rc8"", ""rc9"", ""rc10"", ""rc11"", ""rc12"", ""rc13"", ""rc14"", ""rc15"", ""rc16"", ""rc17"", ""rc18"", ""rc19"", ""rc20"", ""rc21"", ""rc22"", ""test1"", ""test2"", ""test3"", ""test5"", ""test6"", ""test7"", ""test8"", ""test9"", ""test10"", ""test11"", ""test12"", ""test13"", ""test14"", ""test15"", ""test16"", ""test17"", ""test18"", ""test19"", ""test20"", ""test21"", ""test22"", ""test23"", ""test24"", ""test26"", ""test27"", ""test28"", ""test29""]}",OpenVPN | OpenVPN 0.90 Community Edition | OpenVPN 0.91 Community Edition,https://github.com/OpenVPN/openvpn | https://openvpn.net/open-source-or-access-server/ | https://community.openvpn.net/openvpn/wiki/ChangesInOpenvpn1x | https://community.openvpn.net/openvpn/wiki/ChangesInOpenvpn20,730,50,181,"[{""configuration_operator"": null, ""criteria"": ""cpe:2.3:a:openvpn:openvpn:*:*:*:*:*:*:*:*"", ""cve_record__cve_id"": ""CVE-2026-13379"", ""node_operator"": ""OR"", ""version_end_excluding"": ""2.7.5"", ""version_end_including"": null, ""version_start_excluding"": null, ""version_start_including"": ""2.7"", ""vulnerable"": true}, {""configuration_operator"": null, ""criteria"": ""cpe:2.3:a:openvpn:openvpn:*:*:*:*:*:*:*:*"", ""cve_record__cve_id"": ""CVE-2026-13117"", ""node_operator"": ""OR"", ""version_end_excluding"": ""2.7.5"", ""version_end_including"": null, ""version_start_excluding"": null, ""version_start_including"": ""2.7"", ""vulnerable"": true}, {""configuration_operator"": null, ""criteria"": ""cpe:2.3:a:openvpn:openvpn:*:*:*:*:*:*:*:*"", ""cve_record__cve_id"": ""CVE-2026-12996"", ""node_operator"": ""OR"", ""version_end_excluding"": ""2.7.5"", ""version_end_including"": null, ""version_start_excluding"": null, ""version_start_including"": ""2.7"", ""vulnerable"": true}]","{""configuration_and"": 11, ""configuration_or"": 0, ""configuration_unset"": 719, ""node_and"": 0, ""node_or"": 730, ""ranged"": 51}",occurrences=730; CVEs=50; distinct criteria=181; configuration AND/OR/unset=11/0/719; node AND/OR=0/730; ranged=51; PRODUCT_AND_PLATFORM_USAGE: representative cases include general OpenVPN and Windows-service behavior; platform applicability is not inferred for this product-boundary audit.,"[{""cve_id"": ""CVE-2026-13379"", ""description"": ""The Windows interactive service in OpenVPN 2.7_alpha1 through 2.7.4 allows remote attackers to cause persistent DNS state pollution or a service crash via a crafted search domain during the disconnection process"", ""references"": [""https://community.openvpn.net/ReleaseHistory#openvpn-275-released-1-july-2026"", ""https://community.openvpn.net/Security%20Announcements/CVE-2026-13379""]}, {""cve_id"": ""CVE-2026-13117"", ""description"": ""An incomplete guard in OpenVPN 2.6.0 through 2.6.20 and 2.7_alpha1 through 2.7.4 allows remote authenticated peers to trigger a use-after-free during TLS session promotion, potentially leading to a denial of service or memory leakage"", ""references"": [""https://community.openvpn.net/ReleaseHistory#openvpn-2621-released-1-july-2026"", ""https://community.openvpn.net/ReleaseHistory#openvpn-275-released-1-july-2026"", ""https://community.openvpn.net/Security%20Announcements/CVE-2026-13117""]}, {""cve_id"": ""CVE-2026-12996"", ""description"": ""A use-after-free in OpenVPN 2.6.0 through 2.6.20 and 2.7_alpha1 through 2.7.4 allows remote authenticated peers to potentially cause a denial of service or leak memory via crafted packets during TLS session promotion or expiry"", ""references"": [""https://community.openvpn.net/ReleaseHistory#openvpn-2621-released-1-july-2026"", ""https://community.openvpn.net/ReleaseHistory#openvpn-275-released-1-july-2026"", ""https://community.openvpn.net/Security%20Announcements/CVE-2026-12996"", ""https://lists.debian.org/debian-lts-announce/2026/07/msg00013.html""]}]",SAME_PRODUCT,ALIGNED,true,false,"[""BUILD_FLAVOR"", ""EDITION_SPECIFIC_CPE""]",false,KEEP,cpe:2.3:a:openvpn:openvpn:2.6.9:*:*:*:community:*:*:*,OFFICIAL_CPE_MAPPED,"openvpn-openssl is the OpenSSL-linked build flavor of OpenVPN Community Edition, not a separate upstream product; the CPE's community sw_edition preserves that boundary. 2.6.9 is the OpenVPN upstream release and 5 is package release data.",STRONG
200023,strongswan,5.9.14-24,strongSwan,strongSwan,5.9.14,"{""control"": ""/usr/lib/opkg/info/strongswan.control"", ""depends"": ""libc, libpthread, ip, kmod-crypto-aead, kmod-crypto-authenc, kmod-crypto-cbc, kmod-lib-zlib-inflate, kmod-lib-zlib-deflate, kmod-crypto-des, kmod-crypto-echainiv, kmod-crypto-hmac, kmod-crypto-md5, kmod-crypto-sha1, kmod-ipsec, kmod-ipsec4, kmod-ipsec6"", ""description"": ""StrongSwan is an OpenSource IPsec implementation for the Linux operating system.\nThis package contains shared libraries and scripts."", ""list"": ""/usr/lib/opkg/info/strongswan.list"", ""payload"": ""/usr/lib/ipsec/libstrongswan.so.0 | /usr/lib/ipsec/libstrongswan.so.0.0.0 | /etc/strongswan.conf | /etc/config/ipsec | /lib/upgrade/keep.d/strongswan"", ""source"": ""package/network/services/strongswan"", ""source_name"": ""strongswan""}","[""https://www.strongswan.org/"", ""https://github.com/strongswan/strongswan/releases""]",The main package contains core libstrongswan and configuration from the strongSwan IPsec product; separately named subprojects such as davici retain separate families.,cpe:2.3:a:strongswan:strongswan:5.9.14:-:*:*:*:*:*:*,VERSION_NOT_IN_DICTIONARY,a,strongswan,strongswan,214,214,0,0,0,0,14,152 distinct; samples=2.0.0; 2.0.1; 2.0.2; 2.1.0; 2.1.1; 2.1.2; ...; 5.9.9; 5.9.10; 5.9.11; 5.9.12; 6.0,"{""editions"": [""*""], ""target_hw"": [""*""], ""target_sw"": [""*""], ""updates"": [""*"", ""-"", ""a"", ""beta1"", ""dr1"", ""dr2"", ""dr3"", ""dr4"", ""dr5"", ""dr6"", ""dr7"", ""dr8"", ""dr9"", ""dr10"", ""dr11"", ""dr12"", ""dr13"", ""dr14"", ""dr15"", ""dr16"", ""dr17"", ""dr18"", ""rc1"", ""rc2""]}",StrongSwan strongSwan 2.0.0 | StrongSwan strongSwan 2.0.1 | StrongSwan strongSwan 2.0.2,http://strongswan.org/blog/2013/08/01/strongswan-5.1.0-released.html | http://wiki.strongswan.org/projects/strongswan/wiki/Changelog51 | http://download.strongswan.org/ | http://strongswan.org/,667,37,134,"[{""configuration_operator"": null, ""criteria"": ""cpe:2.3:a:strongswan:strongswan:*:*:*:*:*:*:*:*"", ""cve_record__cve_id"": ""CVE-2022-4967"", ""node_operator"": ""OR"", ""version_end_excluding"": ""5.9.6"", ""version_end_including"": null, ""version_start_excluding"": null, ""version_start_including"": ""5.9.2"", ""vulnerable"": true}, {""configuration_operator"": null, ""criteria"": ""cpe:2.3:a:strongswan:strongswan:*:*:*:*:*:*:*:*"", ""cve_record__cve_id"": ""CVE-2023-41913"", ""node_operator"": ""OR"", ""version_end_excluding"": ""5.9.12"", ""version_end_including"": null, ""version_start_excluding"": null, ""version_start_including"": ""5.3.0"", ""vulnerable"": true}, {""configuration_operator"": null, ""criteria"": ""cpe:2.3:a:strongswan:strongswan:5.9.9:-:*:*:*:*:*:*"", ""cve_record__cve_id"": ""CVE-2023-26463"", ""node_operator"": ""OR"", ""version_end_excluding"": null, ""version_end_including"": null, ""version_start_excluding"": null, ""version_start_including"": null, ""vulnerable"": true}]","{""configuration_and"": 0, ""configuration_or"": 0, ""configuration_unset"": 667, ""node_and"": 0, ""node_or"": 667, ""ranged"": 22}",occurrences=667; CVEs=37; distinct criteria=134; configuration AND/OR/unset=0/0/667; node AND/OR=0/667; ranged=22,[],SAME_PRODUCT,ALIGNED,true,false,"[""SPLIT_UPSTREAM_PRODUCT"", ""CLIENT_SERVER_PLUGIN_SUITE""]",false,KEEP,cpe:2.3:a:strongswan:strongswan:5.9.14:-:*:*:*:*:*:*,VERSION_NOT_IN_DICTIONARY,The main package contains core libstrongswan and configuration from the strongSwan IPsec product; separately named subprojects such as davici retain separate families. 5.9.14 is the upstream release and 24 is package release data.,STRONG
200186,wireguard-tools,1.0.20210223-4,WireGuard,wireguard-tools,1.0.20210223,"{""control"": ""/usr/lib/opkg/info/wireguard-tools.control"", ""depends"": ""libc, kmod-wireguard"", ""description"": ""WireGuard is a novel VPN that runs inside the Linux Kernel and utilizes\nstate-of-the-art cryptography. It aims to be faster, simpler, leaner, and\nmore useful than IPSec, while avoiding the massive headache. It intends to\nbe considerably more performant than OpenVPN.  WireGuard is designed as a\ngeneral purpose VPN for running on embedded interfaces and super computers\nalike, fit for many different circumstances. It uses UDP.\n\nThis package provides the userspace control program for WireGuard,\n`wg(8)`, a netifd protocol helper, and a re-resolve watchdog script."", ""list"": ""/usr/lib/opkg/info/wireguard-tools.list"", ""payload"": ""/usr/bin/wg | /lib/netifd/proto/wireguard.sh | /usr/share/wireguard/18-wireguard"", ""source"": ""package/network/utils/wireguard-tools"", ""source_name"": ""wireguard-tools""}","[""https://www.wireguard.com/repositories/"", ""https://git.zx2c4.com/wireguard-tools/tag/?h=v1.0.20210223"", ""https://git.zx2c4.com/wireguard-windows/refs/tags""]",wireguard-tools is the separately released wg/wg-quick userspace-tools project. The wireguard:wireguard 0.5.3 family instead aligns with the separately versioned Windows client.,cpe:2.3:a:wireguard:wireguard:1.0.20210223:*:*:*:*:*:*:*,VERSION_NOT_IN_DICTIONARY,a,wireguard,wireguard,1,1,0,0,0,0,1,1 distinct; samples=0.5.3,"{""editions"": [""*""], ""target_hw"": [""*""], ""target_sw"": [""*""], ""updates"": [""*""]}",Wireguard Wireguard 0.5.3,https://github.com/WireGuard/wireguard-windows/tags | https://lists.zx2c4.com/pipermail/wireguard/2021-August/006916.html | https://www.wireguard.com/,2,2,1,"[{""configuration_operator"": ""AND"", ""criteria"": ""cpe:2.3:a:wireguard:wireguard:0.5.3:*:*:*:*:*:*:*"", ""cve_record__cve_id"": ""CVE-2023-35838"", ""node_operator"": ""OR"", ""version_end_excluding"": null, ""version_end_including"": null, ""version_start_excluding"": null, ""version_start_including"": null, ""vulnerable"": true}, {""configuration_operator"": ""AND"", ""criteria"": ""cpe:2.3:a:wireguard:wireguard:0.5.3:*:*:*:*:*:*:*"", ""cve_record__cve_id"": ""CVE-2021-46873"", ""node_operator"": ""OR"", ""version_end_excluding"": null, ""version_end_including"": null, ""version_start_excluding"": null, ""version_start_including"": null, ""vulnerable"": true}]","{""configuration_and"": 2, ""configuration_or"": 0, ""configuration_unset"": 0, ""node_and"": 0, ""node_or"": 2, ""ranged"": 0}",occurrences=2; CVEs=2; distinct criteria=1; configuration AND/OR/unset=2/0/0; node AND/OR=0/2; ranged=0; WINDOWS_ONLY_FOR_FAMILY: both wireguard:wireguard cases identify WireGuard 0.5.3 on Windows and use Windows-constrained AND nodes.,"[{""cve_id"": ""CVE-2023-35838"", ""description"": ""The WireGuard client 0.5.3 on Windows insecurely configures the operating system and firewall such that traffic to a local network that uses non-RFC1918 IP addresses is blocked. This allows an adversary to trick the victim into blocking IP traffic to selected IP addresses and services even while the VPN is enabled. NOTE: the tunnelcrack.mathyvanhoef.com website uses this CVE ID to refer more generally to \""LocalNet attack resulting in the blocking of traffic\"" rather than to only WireGuard."", ""references"": [""https://psirt.global.sonicwall.com/vuln-detail/SNWLID-2023-0015"", ""https://tunnelcrack.mathyvanhoef.com/details.html"", ""https://wireguard.com"", ""https://psirt.global.sonicwall.com/vuln-detail/SNWLID-2023-0015""]}, {""cve_id"": ""CVE-2021-46873"", ""description"": ""WireGuard, such as WireGuard 0.5.3 on Windows, does not fully account for the possibility that an adversary might be able to set a victim's system time to a future value, e.g., because unauthenticated NTP is used. This can lead to an outcome in which one static private key becomes permanently useless."", ""references"": [""https://lists.zx2c4.com/pipermail/wireguard/2021-August/006916.html"", ""https://lists.zx2c4.com/pipermail/wireguard/2021-August/006916.html""]}]",DIFFERENT_PRODUCT,MISMATCH,false,false,"[""KERNEL_VS_USERSPACE"", ""PLATFORM_SPECIFIC_CPE"", ""UMBRELLA_PROJECT_SUBPROJECT"", ""VERSION_SPACE_MISMATCH""]",false,REMOVE_CPE,,DIRECT_OFFICIAL_CPE_NOT_CONFIRMED,wireguard-tools is the separately released wg/wg-quick userspace-tools project. The wireguard:wireguard 0.5.3 family instead aligns with the separately versioned Windows client. No direct Dictionary family or fixed NVD Configuration expression exists for the actual product.,STRONG
200192,zlib,1.2.11-4,zlib project,zlib,1.2.11,"{""control"": ""/usr/lib/opkg/info/zlib.control"", ""depends"": ""libc"", ""description"": ""zlib is a lossless data-compression library.\nThis package includes the shared library."", ""list"": ""/usr/lib/opkg/info/zlib.list"", ""payload"": ""/usr/lib/libz.so.1.2.11 | /usr/lib/libz.so.1"", ""source"": ""package/libs/zlib"", ""source_name"": ""zlib""}","[""https://zlib.net/"", ""https://zlib.net/fossils/""]",The installed compression library and zlib family identify the same upstream product.,cpe:2.3:a:zlib:zlib:1.2.11:*:*:*:*:*:*:*,OFFICIAL_CPE_MAPPED,a,zlib,zlib,82,82,0,0,1,1,81,82 distinct; samples=0.3; 0.4; 0.5; 0.6; 0.7; 0.8; ...; 1.2.11; 1.2.12; 1.2.13; 1.3; -,"{""editions"": [""*""], ""target_hw"": [""*""], ""target_sw"": [""*""], ""updates"": [""*"", ""prerelease""]}",zlib | zlib 0.3 | zlib 0.4,http://www.zlib.net/ChangeLog.txt | http://www.zlib.net/ | https://github.com/madler/zlib | https://github.com/madler/zlib/tags,17,15,5,"[{""configuration_operator"": null, ""criteria"": ""cpe:2.3:a:zlib:zlib:*:*:*:*:*:*:*:*"", ""cve_record__cve_id"": ""CVE-2026-27171"", ""node_operator"": ""OR"", ""version_end_excluding"": ""1.3.2"", ""version_end_including"": null, ""version_start_excluding"": null, ""version_start_including"": ""1.2.12"", ""vulnerable"": true}, {""configuration_operator"": null, ""criteria"": ""cpe:2.3:a:zlib:zlib:*:*:*:*:*:*:*:*"", ""cve_record__cve_id"": ""CVE-2026-22184"", ""node_operator"": ""OR"", ""version_end_excluding"": null, ""version_end_including"": ""1.3.1.2"", ""version_start_excluding"": null, ""version_start_including"": null, ""vulnerable"": true}, {""configuration_operator"": ""AND"", ""criteria"": ""cpe:2.3:a:zlib:zlib:*:*:*:*:*:*:*:*"", ""cve_record__cve_id"": ""CVE-2025-0725"", ""node_operator"": ""OR"", ""version_end_excluding"": null, ""version_end_including"": ""1.2.0.3"", ""version_start_excluding"": null, ""version_start_including"": null, ""vulnerable"": false}]","{""configuration_and"": 1, ""configuration_or"": 0, ""configuration_unset"": 16, ""node_and"": 0, ""node_or"": 17, ""ranged"": 11}",occurrences=17; CVEs=15; distinct criteria=5; configuration AND/OR/unset=1/0/16; node AND/OR=0/17; ranged=11,[],SAME_PRODUCT,ALIGNED,true,false,"[""LIBRARY_PRODUCT""]",false,KEEP,cpe:2.3:a:zlib:zlib:1.2.11:*:*:*:*:*:*:*,OFFICIAL_CPE_MAPPED,The installed compression library and zlib family identify the same upstream product. 1.2.11 is the upstream release and 4 is package release data.,MODERATE
200193,linux_kernel,5.15.176,Linux,Linux kernel,5.15.176,"{""control"": """", ""depends"": """", ""description"": ""properties source_path -> /logs/firmware/binwalk_extracted/firmware.extracted/0/MIPS_OpenWrt_Linux-5.15.176.bin.extracted/0/decompressed.bin; exact firmware uImage identifies Linux 5.15.176; module paths are present under /lib/modules/5.15.176"", ""list"": """", ""payload"": ""/logs/firmware/binwalk_extracted/firmware.extracted/0/MIPS_OpenWrt_Linux-5.15.176.bin.extracted/0/decompressed.bin | /logs/firmware/binwalk_extracted/firmware.extracted/260000/squashfs-root/lib/modules/5.15.176/compat.ko | /logs/firmware/binwalk_extracted/firmware.extracted/260000/squashfs-root/lib/modules/5.15.176/ovpn-dco-v2.ko | /logs/firmware/binwalk_extracted/firmware.extracted/260000/squashfs-root/lib/modules/5.15.176/cfg80211.ko | /logs/firmware/binwalk_extracted/firmware.extracted/260000/squashfs-root/lib/modules/5.15.176/pulse_counter.ko | /logs/firmware/binwalk_extracted/firmware.extracted/260000/squashfs-root/lib/modules/5.15.176/gpio-button-hotplug.ko | /logs/firmware/binwalk_extracted/firmware.extracted/260000/squashfs-root/lib/modules/5.15.176/mt7603e.ko | /logs/firmware/binwalk_extracted/firmware.extracted/260000/squashfs-root/lib/modules/5.15.176/tlt_gpio.ko | /logs/firmware/binwalk_extracted/firmware.extracted/260000/squashfs-root/lib/modules/5.15.176/mac80211.ko"", ""source"": ""NON_OPKG_DIRECT_ARTIFACT"", ""source_name"": """"}","[""https://www.kernel.org/"", ""https://cdn.kernel.org/pub/linux/kernel/v5.x/""]","The exact kernel banner/module tree identifies the Linux kernel OS product represented by linux:linux_kernel, not a userspace utility.",cpe:2.3:o:linux:linux_kernel:5.15.176:*:*:*:*:*:*:*,CPE_CONFIRMED,o,linux,linux_kernel,6405,6270,135,135,1,1,5082,5245 distinct; samples=1.2.0; 1.3.0; 2.0; 2.0.0; 2.0.1; 2.0.2; ...; 10.2.3; 10.5.0; 10.5.1; 2021-05-18; -,"{""editions"": [""*""], ""target_hw"": [""*"", ""arm32"", ""arm64"", ""x64"", ""x86""], ""target_sw"": [""*"", ""endpoint_security_linux_threat_prevention""], ""updates"": [""*"", ""-"", ""final"", ""git1"", ""git2"", ""git3"", ""git4"", ""git5"", ""git6"", ""git7"", ""pre1"", ""pre2"", ""pre3"", ""pre4"", ""pre5"", ""pre6"", ""pre7"", ""pre8"", ""pre9"", ""pre10"", ""pre14"", ""pre15"", ""pre16"", ""rc"", ""rc1"", ""rc2"", ""rc3"", ""rc4"", ""rc5"", ""rc6"", ""rc7"", ""rc8"", ""rc9"", ""rc10"", ""test1"", ""test2"", ""test3"", ""test4"", ""test5"", ""test6"", ""test7"", ""test8"", ""test9"", ""test10"", ""test11"", ""test12"", ""test14"", ""test79""]}",Linux Kernel | Linux Kernel on ARM32 | Linux Kernel on X64,https://people.kernel.org/linusw/setting-up-the-arm32-architecture-part-1 | https://www.linode.com/docs/platform/disk-images/switch-to-a-64-bit-linux-kernel/ | https://kc.mcafee.com/resources/sites/MCAFEE/content/live/PRODUCT_DOCUMENTATION/26000/PD26513/en_US/ensl_1020_pg_0-00_en-us.pdf | https://kc.mcafee.com/resources/sites/MCAFEE/content/live/PRODUCT_DOCUMENTATION/27000/PD27257/en_US/Release_Notes_Endpoint_Security_For_Linux_10_2_2.pdf,166733,19027,2798,"[{""configuration_operator"": ""AND"", ""criteria"": ""cpe:2.3:o:linux:linux_kernel:-:*:*:*:*:*:*:*"", ""cve_record__cve_id"": ""CVE-2026-19483"", ""node_operator"": ""OR"", ""version_end_excluding"": null, ""version_end_including"": null, ""version_start_excluding"": null, ""version_start_including"": null, ""vulnerable"": false}, {""configuration_operator"": ""AND"", ""criteria"": ""cpe:2.3:o:linux:linux_kernel:-:*:*:*:*:*:*:*"", ""cve_record__cve_id"": ""CVE-2026-14525"", ""node_operator"": ""OR"", ""version_end_excluding"": null, ""version_end_including"": null, ""version_start_excluding"": null, ""version_start_including"": null, ""vulnerable"": false}, {""configuration_operator"": ""AND"", ""criteria"": ""cpe:2.3:o:linux:linux_kernel:-:*:*:*:*:*:*:*"", ""cve_record__cve_id"": ""CVE-2026-13460"", ""node_operator"": ""OR"", ""version_end_excluding"": null, ""version_end_including"": null, ""version_start_excluding"": null, ""version_start_including"": null, ""vulnerable"": false}]","{""configuration_and"": 6165, ""configuration_or"": 0, ""configuration_unset"": 160568, ""node_and"": 1, ""node_or"": 166732, ""ranged"": 51048}",occurrences=166733; CVEs=19027; distinct criteria=2798; configuration AND/OR/unset=6165/0/160568; node AND/OR=1/166732; ranged=51048,[],SAME_PRODUCT,ALIGNED,true,false,"[""OS_PLATFORM_CPE"", ""KERNEL_PRODUCT""]",false,KEEP,cpe:2.3:o:linux:linux_kernel:5.15.176:*:*:*:*:*:*:*,CPE_CONFIRMED,"The exact kernel banner/module tree identifies the Linux kernel OS product represented by linux:linux_kernel, not a userspace utility. The exact firmware kernel release is 5.15.176 with no package suffix.",STRONG
200196,sqlite,3.41.2,SQLite,SQLite,3.41.2,"{""control"": """", ""depends"": """", ""description"": ""properties source_path -> /usr/lib/libsqlite3.so.0.8.6; detector identity/version evidence retained from exact firmware"", ""list"": """", ""payload"": ""/logs/firmware/binwalk_extracted/firmware.extracted/260000/squashfs-root/usr/lib/libsqlite3.so.0.8.6"", ""source"": ""NON_OPKG_DIRECT_ARTIFACT"", ""source_name"": """"}","[""https://www.sqlite.org/releaselog/3_41_2.html""]",The exact embedded SQLite identifier and the sqlite:sqlite family identify the same database engine.,cpe:2.3:a:sqlite:sqlite:3.41.2:*:*:*:*:*:*:*,CPE_CONFIRMED,a,sqlite,sqlite,372,372,0,0,1,1,372,372 distinct; samples=1.0; 1.0.1; 1.0.3; 1.0.4; 1.0.5; 1.0.8; ...; 3.51.3; 3.52.0; 3.53.0; 3.53.1; 3.53.2,"{""editions"": [""*""], ""target_hw"": [""*""], ""target_sw"": [""*""], ""updates"": [""*""]}",SQLite 1.0 | SQLite 1.0.1 | SQLite 1.0.10,http://www.sqlite.org/ | https://www.sqlite.org/chronology.html | http://www.sqlite.org/chronology.html | https://www.sqlite.org/releaselog/3_25_2.html,67,66,15,"[{""configuration_operator"": null, ""criteria"": ""cpe:2.3:a:sqlite:sqlite:*:*:*:*:*:*:*:*"", ""cve_record__cve_id"": ""CVE-2026-11824"", ""node_operator"": ""OR"", ""version_end_excluding"": ""3.53.2"", ""version_end_including"": null, ""version_start_excluding"": null, ""version_start_including"": null, ""vulnerable"": true}, {""configuration_operator"": null, ""criteria"": ""cpe:2.3:a:sqlite:sqlite:*:*:*:*:*:*:*:*"", ""cve_record__cve_id"": ""CVE-2026-11822"", ""node_operator"": ""OR"", ""version_end_excluding"": ""3.53.2"", ""version_end_including"": null, ""version_start_excluding"": null, ""version_start_including"": null, ""vulnerable"": true}, {""configuration_operator"": null, ""criteria"": ""cpe:2.3:a:sqlite:sqlite:*:*:*:*:*:*:*:*"", ""cve_record__cve_id"": ""CVE-2025-70873"", ""node_operator"": ""OR"", ""version_end_excluding"": ""3.51.1"", ""version_end_including"": null, ""version_start_excluding"": null, ""version_start_including"": null, ""vulnerable"": true}]","{""configuration_and"": 3, ""configuration_or"": 0, ""configuration_unset"": 64, ""node_and"": 0, ""node_or"": 67, ""ranged"": 37}",occurrences=67; CVEs=66; distinct criteria=15; configuration AND/OR/unset=3/0/64; node AND/OR=0/67; ranged=37,[],SAME_PRODUCT,ALIGNED,true,false,[],false,KEEP,cpe:2.3:a:sqlite:sqlite:3.41.2:*:*:*:*:*:*:*,CPE_CONFIRMED,The exact embedded SQLite identifier and the sqlite:sqlite family identify the same database engine. The exact identifier and official release log both identify 3.41.2.,STRONG
200198,wpa_supplicant,2.11,w1.fi/hostap,wpa_supplicant,2.11-devel,"{""control"": """", ""depends"": """", ""description"": ""properties source_path -> /usr/sbin/wpad; detector identity/version evidence retained from exact firmware"", ""list"": """", ""payload"": ""/logs/firmware/binwalk_extracted/firmware.extracted/260000/squashfs-root/usr/sbin/wpad"", ""source"": ""NON_OPKG_DIRECT_ARTIFACT"", ""source_name"": """"}","[""https://w1.fi/wpa_supplicant/"", ""https://w1.fi/releases/""]",wpa_supplicant is the client/supplicant program within the hostap project and has its own direct CPE family distinct from hostapd.,cpe:2.3:a:w1.fi:wpa_supplicant:2.11:devel:*:*:*:*:*:*,VERSION_NOT_IN_DICTIONARY,a,w1.fi,wpa_supplicant,77,77,0,0,0,0,2,75 distinct; samples=0.2.0; 0.2.1; 0.2.2; 0.2.3; 0.2.4; 0.2.5; ...; 2.6; 2.7; 2.8; 2.9; 2.10,"{""editions"": [""*""], ""target_hw"": [""*""], ""target_sw"": [""*""], ""updates"": [""*"", ""pre1"", ""pre4""]}",w1.fi WPA Supplicant 0.2.0 | w1.fi WPA Supplicant 0.2.1 | w1.fi WPA Supplicant 0.2.2,http://w1.fi/wpa_supplicant/ | http://w1.fi/releases | http://w1.fi/ | http://w1.fi/releases.html,417,39,41,"[{""configuration_operator"": ""AND"", ""criteria"": ""cpe:2.3:a:w1.fi:wpa_supplicant:-:*:*:*:*:*:*:*"", ""cve_record__cve_id"": ""CVE-2024-5290"", ""node_operator"": ""OR"", ""version_end_excluding"": null, ""version_end_including"": null, ""version_start_excluding"": null, ""version_start_including"": null, ""vulnerable"": true}, {""configuration_operator"": ""AND"", ""criteria"": ""cpe:2.3:a:w1.fi:wpa_supplicant:*:*:*:*:*:*:*:*"", ""cve_record__cve_id"": ""CVE-2023-52160"", ""node_operator"": ""OR"", ""version_end_excluding"": null, ""version_end_including"": ""2.10"", ""version_start_excluding"": null, ""version_start_including"": null, ""vulnerable"": true}, {""configuration_operator"": null, ""criteria"": ""cpe:2.3:a:w1.fi:wpa_supplicant:*:*:*:*:*:*:*:*"", ""cve_record__cve_id"": ""CVE-2022-23304"", ""node_operator"": ""OR"", ""version_end_excluding"": ""2.10"", ""version_end_including"": null, ""version_start_excluding"": null, ""version_start_including"": null, ""vulnerable"": true}]","{""configuration_and"": 2, ""configuration_or"": 0, ""configuration_unset"": 415, ""node_and"": 0, ""node_or"": 417, ""ranged"": 21}","occurrences=417; CVEs=39; distinct criteria=41; configuration AND/OR/unset=2/0/415; node AND/OR=0/417; ranged=21; DIRECT_SUPPLICANT_USAGE: representative cases explicitly identify wpa_supplicant, with one shared hostapd/wpa_supplicant implementation case.","[{""cve_id"": ""CVE-2024-5290"", ""description"": ""An issue was discovered in Ubuntu wpa_supplicant that resulted in loading of arbitrary shared objects, which allows a local unprivileged attacker to escalate privileges to the user that wpa_supplicant runs as (usually root).\n\n\n\n\nMembership in the netdev group or access to the dbus interface of wpa_supplicant allow an unprivileged user to specify an arbitrary path to a module to be loaded by the wpa_supplicant process; other escalation paths might exist."", ""references"": [""https://bugs.launchpad.net/ubuntu/+source/wpa/+bug/2067613"", ""https://snyk.io/blog/abusing-ubuntu-root-privilege-escalation/"", ""https://ubuntu.com/security/notices/USN-6945-1""]}, {""cve_id"": ""CVE-2023-52160"", ""description"": ""The implementation of PEAP in wpa_supplicant through 2.10 allows authentication bypass. For a successful attack, wpa_supplicant must be configured to not verify the network's TLS certificate during Phase 1 authentication, and an eap_peap_decrypt vulnerability can then be abused to skip Phase 2 authentication. The attack vector is sending an EAP-TLV Success packet instead of starting Phase 2. This allows an adversary to impersonate Enterprise Wi-Fi networks."", ""references"": [""https://lists.debian.org/debian-lts-announce/2024/02/msg00013.html"", ""https://lists.fedoraproject.org/archives/list/package-announce%40lists.fedoraproject.org/message/N46C4DTVUWK336OYDA4LGALSC5VVPTCC/"", ""https://lists.fedoraproject.org/archives/list/package-announce%40lists.fedoraproject.org/message/QU6IR4KV3ZXJZLK2BY7HAHGZNCP7FPNI/"", ""https://w1.fi/cgit/hostap/commit/?id=8e6485a1bcb0baffdea9e55255a81270b768439c""]}, {""cve_id"": ""CVE-2022-23304"", ""description"": ""The implementations of EAP-pwd in hostapd before 2.10 and wpa_supplicant before 2.10 are vulnerable to side-channel attacks as a result of cache access patterns. NOTE: this issue exists because of an incomplete fix for CVE-2019-9495."", ""references"": [""https://lists.fedoraproject.org/archives/list/package-announce%40lists.fedoraproject.org/message/YPDHU5MV464CZBPX7N2SNMUYP6DFIBZL/"", ""https://security.gentoo.org/glsa/202309-16"", ""https://w1.fi/security/2022-1/"", ""https://lists.debian.org/debian-lts-announce/2025/04/msg00019.html""]}]",SAME_PRODUCT,ALIGNED,true,false,"[""CLIENT_SERVER_SPLIT"", ""PRERELEASE_VERSION""]",false,KEEP,cpe:2.3:a:w1.fi:wpa_supplicant:2.11:devel:*:*:*:*:*:*,VERSION_NOT_IN_DICTIONARY,"wpa_supplicant is the client/supplicant program within the hostap project and has its own direct CPE family distinct from hostapd. The SBOM reports 2.11, while the exact binary says 2.11-devel; the development qualifier is preserved as CPE version 2.11 and update devel.",STRONG
200199,openwrt,21.02.0:r16279-5cc0535800,OpenWrt,OpenWrt,21.02.0,"{""control"": """", ""depends"": """", ""description"": ""properties source_path -> /etc/openwrt_release; detector identity/version evidence retained from exact firmware"", ""list"": """", ""payload"": ""/logs/firmware/binwalk_extracted/firmware.extracted/260000/squashfs-root/etc/openwrt_release"", ""source"": ""NON_OPKG_DIRECT_ARTIFACT"", ""source_name"": """"}","[""https://downloads.openwrt.org/releases/21.02.0/"", ""https://openwrt.org/about/history""]",The firmware release identifier represents the OpenWrt operating-system distribution and maps to the OpenWrt OS family.,cpe:2.3:o:openwrt:openwrt:21.02.0:-:*:*:*:*:*:*,OFFICIAL_CPE_MAPPED,o,openwrt,openwrt,102,100,2,2,5,1,8,68 distinct; samples=15.05.1; 17.01.0; 17.01.1; 17.01.2; 17.01.3; 17.01.4; ...; 25.12.2; 25.12.3; 25.12.4; 25.12.5; -,"{""editions"": [""*""], ""target_hw"": [""*""], ""target_sw"": [""*""], ""updates"": [""*"", ""-"", ""rc1"", ""rc2"", ""rc3"", ""rc4"", ""rc5"", ""rc6"", ""rc7""]}",OpenWrt | OpenWrt 15.05.1 | OpenWrt 17.01.0,https://openwrt.org/about/history | https://github.com/openwrt/openwrt/tags | https://openwrt.org/,267,136,16,"[{""configuration_operator"": null, ""criteria"": ""cpe:2.3:o:openwrt:openwrt:*:*:*:*:*:*:*:*"", ""cve_record__cve_id"": ""CVE-2026-62947"", ""node_operator"": ""OR"", ""version_end_excluding"": ""25.12.5"", ""version_end_including"": null, ""version_start_excluding"": null, ""version_start_including"": null, ""vulnerable"": true}, {""configuration_operator"": null, ""criteria"": ""cpe:2.3:o:openwrt:openwrt:*:*:*:*:*:*:*:*"", ""cve_record__cve_id"": ""CVE-2026-62948"", ""node_operator"": ""OR"", ""version_end_excluding"": ""25.12.5"", ""version_end_including"": null, ""version_start_excluding"": null, ""version_start_including"": null, ""vulnerable"": true}, {""configuration_operator"": null, ""criteria"": ""cpe:2.3:o:openwrt:openwrt:*:*:*:*:*:*:*:*"", ""cve_record__cve_id"": ""CVE-2026-55490"", ""node_operator"": ""OR"", ""version_end_excluding"": ""25.12.5"", ""version_end_including"": null, ""version_start_excluding"": null, ""version_start_including"": null, ""vulnerable"": true}]","{""configuration_and"": 222, ""configuration_or"": 0, ""configuration_unset"": 45, ""node_and"": 0, ""node_or"": 267, ""ranged"": 24}",occurrences=267; CVEs=136; distinct criteria=16; configuration AND/OR/unset=222/0/45; node AND/OR=0/267; ranged=24,[],SAME_PRODUCT,ALIGNED,true,false,"[""OS_PLATFORM_CPE"", ""REVISION_SUFFIX""]",false,KEEP,cpe:2.3:o:openwrt:openwrt:21.02.0:-:*:*:*:*:*:*,OFFICIAL_CPE_MAPPED,"The firmware release identifier represents the OpenWrt operating-system distribution and maps to the OpenWrt OS family. 21.02.0 is the official release; r16279-5cc0535800 is the source revision, not a different upstream product version.",STRONG
