component_id,name,observed_version,original_cpe,source,source_name,description,payload_summary,actual_product,actual_vendor,actual_product_version,product_classification,product_reason,product_evidence,version_reason,version_evidence,cpe_family,cpe_family_binding_basis,cpe_resolution_path,active_exact_match,deprecated_match,deprecated_resolution,resolved_active_cpe,configuration_gate_passed,configuration_only_match,configuration_criteria,proposed_gt_cpe,proposed_decision,decision_reason,discrepancy_fields,evidence_strength,human_validation_required,human_validation_reason,exact_firmware_evidence
199618,api-core,1,cpe:2.3:a:api-core:api-core:1:*:*:*:*:*:*:*,feeds/vuci/api-core,api-core,Provides core API functionality,files=77; exec=9; lib=0; plugin=66; kmod=0; paths=/sbin/event_server | /sbin/tls_generate_lua | /usr/lib/lua/vuci/usb.lua | /usr/lib/lua/api/post_logic.lua | /etc/init.d/event_server | /etc/config/vuci,api core,Teltonika,1,DIRECT_SUBCOMPONENT_NO_PARENT_INHERITANCE,"VuCI API/UI package is a feature module of the firmware interface, not an independently versioned parent product.",Exact control/list/status: Source=feeds/vuci/api-core; role=PLUGIN_OR_MODULE; Description=Provides core API functionality; paths=/sbin/event_server | /sbin/tls_generate_lua | /usr/lib/lua/vuci/usb.lua | /usr/lib/lua/api/post_logic.lua | /etc/init.d/event_server | /etc/config/vuci,OBSERVED_COMPONENT_VERSION_PRESERVED_NO_PARENT_MAPPING,Exact installed control Version equals the SBOM version; no parent product version is inferred.,,,NO_DIRECT_CPE,,,NOT_ENCOUNTERED,,false,false,,,DIRECT_OFFICIAL_CPE_NOT_CONFIRMED,NON_DIRECT_SUBCOMPONENT,N/A,MODERATE,false,,control=/usr/lib/opkg/info/api-core.control; list=/usr/lib/opkg/info/api-core.list; status_version_matches=True
199619,apn_db,7.13.0.2,cpe:2.3:a:apn_db:apn_db:7.13.0.2:*:*:*:*:*:*:*,package/teltonika/apn_db,apn_db,One APN database for all projects,files=3; exec=2; lib=0; plugin=0; kmod=0; paths=/usr/local/bin/backup_apn_db | /usr/local/share/mobifd/apn.db.gz | /etc/uci-defaults/etc/99_apn_db,apn db,Teltonika,7.13.0.2,PRODUCT_IDENTITY_CONFIRMED,"Exact vendor control, description, and installed payload establish this internal software product/library without inheriting another Source product.",Source=package/teltonika/apn_db; Description=One APN database for all projects; paths=/usr/local/bin/backup_apn_db | /usr/local/share/mobifd/apn.db.gz | /etc/uci-defaults/etc/99_apn_db; siblings=apn_db,VENDOR_PRODUCT_IDENTIFIER_PRESERVED,The complete exact installed vendor Version is preserved; no unproved package-release suffix is removed.,a:teltonika:apn_db,EXACT_VENDOR_AND_PRODUCT_IDENTITY_TUPLE,NO_DIRECT_CPE,,,NOT_ENCOUNTERED,,true,false,,,DIRECT_OFFICIAL_CPE_NOT_CONFIRMED,NO_CPE_REPRESENTATION,N/A,MODERATE,true,PRODUCT_WITHOUT_CONFIRMED_DIRECT_CPE,control=/usr/lib/opkg/info/apn_db.control; list=/usr/lib/opkg/info/apn_db.list; status_version_matches=True
199620,avl,2025-04-29-2,cpe:2.3:a:avl:avl:2025-04-29-2:*:*:*:*:*:*:*,package/teltonika/gps,avl,Daemon for sending data to AVL server.,files=3; exec=1; lib=0; plugin=0; kmod=0; paths=/usr/sbin/avl | /etc/config/avl | /etc/init.d/avl,AVL Sender,Teltonika,2025-04-29-2,PRODUCT_IDENTITY_CONFIRMED,"Exact vendor control, description, and installed payload establish this internal software product/library without inheriting another Source product.",Source=package/teltonika/gps; Description=Daemon for sending data to AVL server.; paths=/usr/sbin/avl | /etc/config/avl | /etc/init.d/avl; siblings=avl | gpsctl | gpsd | libgps | ntp_gps,VENDOR_PRODUCT_IDENTIFIER_PRESERVED,The complete exact installed vendor Version is preserved; no unproved package-release suffix is removed.,a:teltonika:avl_sender,EXACT_VENDOR_AND_PRODUCT_IDENTITY_TUPLE,NO_DIRECT_CPE,,,NOT_ENCOUNTERED,,true,false,,,DIRECT_OFFICIAL_CPE_NOT_CONFIRMED,NO_CPE_REPRESENTATION,N/A,MODERATE,true,PRODUCT_WITHOUT_CONFIRMED_DIRECT_CPE,control=/usr/lib/opkg/info/avl.control; list=/usr/lib/opkg/info/avl.list; status_version_matches=True
199621,base-files,2606-r16279-5cc0535800,cpe:2.3:a:base-files:base-files:2606-r16279-5cc0535800:*:*:*:*:*:*:*,package/base-files,base-files,This package contains a base filesystem and system scripts for OpenWrt.,files=93; exec=14; lib=0; plugin=0; kmod=0; paths=/bin/config_generate | /sbin/user_defaults | /etc/opkg/openwrt/distfeeds.conf | /etc/proprietary_keys/780b53e9434e73a6 | /lib/functions/uci-defaults.sh | /lib/upgrade/fwtool.sh | /var | /lib/preinit/10_indicate_preinit,base files,OpenWrt/upstream source,2606-r16279-5cc0535800,DIRECT_SUBCOMPONENT_NO_PARENT_INHERITANCE,"Package payload is a configuration, split support, suite library, or optional subsystem; no parent CPE is inherited.",Exact control/list/status: Source=package/base-files; role=PRODUCT_OR_MAIN_PACKAGE; Description=This package contains a base filesystem and system scripts for OpenWrt.; paths=/bin/config_generate | /sbin/user_defaults | /etc/opkg/openwrt/distfeeds.conf | /etc/proprietary_keys/780b53e9434e73a6 | /lib/functions/uci-defaults.sh | /lib/upgrade/fwtool.sh | /var | /lib/preinit/10_indicate_preinit,OBSERVED_COMPONENT_VERSION_PRESERVED_NO_PARENT_MAPPING,Exact installed control Version equals the SBOM version; no parent product version is inferred.,,,NO_DIRECT_CPE,,,NOT_ENCOUNTERED,,false,false,,,DIRECT_OFFICIAL_CPE_NOT_CONFIRMED,NON_DIRECT_SUBCOMPONENT,N/A,MODERATE,false,,control=/usr/lib/opkg/info/base-files.control; list=/usr/lib/opkg/info/base-files.list; status_version_matches=True
199622,block-mount,2022-05-03-9e11b372-28,cpe:2.3:a:block-mount:block-mount:2022-05-03-9e11b372-28:*:*:*:*:*:*:*,package/system/fstools,block-mount,Block device mounting and checking,files=9; exec=3; lib=1; plugin=0; kmod=0; paths=/usr/sbin/swapon | /usr/sbin/swapoff | /lib/libblkid-tiny.so | /etc/hotplug.d/block/00-media-change | /etc/uci-defaults/etc/10_fstab-fstools,block mount,OpenWrt/upstream source,2022-05-03-9e11b372-28,DIRECT_SUBCOMPONENT_NO_PARENT_INHERITANCE,"Package payload is a configuration, split support, suite library, or optional subsystem; no parent CPE is inherited.",Exact control/list/status: Source=package/system/fstools; role=SPLIT_RUNTIME_PACKAGE; Description=Block device mounting and checking; paths=/usr/sbin/swapon | /usr/sbin/swapoff | /lib/libblkid-tiny.so | /etc/hotplug.d/block/00-media-change | /etc/uci-defaults/etc/10_fstab-fstools,OBSERVED_COMPONENT_VERSION_PRESERVED_NO_PARENT_MAPPING,Exact installed control Version equals the SBOM version; no parent product version is inferred.,,,NO_DIRECT_CPE,,,NOT_ENCOUNTERED,,false,false,,,DIRECT_OFFICIAL_CPE_NOT_CONFIRMED,NON_DIRECT_SUBCOMPONENT,N/A,MODERATE,false,,control=/usr/lib/opkg/info/block-mount.control; list=/usr/lib/opkg/info/block-mount.list; status_version_matches=True
199623,busybox,1.34.1-79.7,cpe:2.3:a:busybox:busybox:1.34.1-79.7:*:*:*:*:*:*:*,package/utils/busybox,busybox,"The Swiss Army Knife of embedded Linux.
It slices, it dices, it makes Julian Fries.",files=139; exec=131; lib=0; plugin=0; kmod=0; paths=/bin/dmesg | /usr/bin/id | /etc/init.d/cron | /etc/config/ntpserver | /usr/share/acl.d/ntpd.json | /lib/upgrade/keep.d/busybox,BusyBox,BusyBox,1.34.1,PRODUCT_IDENTITY_CONFIRMED,The exact package description and installed core executable/library identify the named upstream product; package role was not used as a hard gate.,"Source=package/utils/busybox; Description=The Swiss Army Knife of embedded Linux.
It slices, it dices, it makes Julian Fries.; paths=/bin/dmesg | /usr/bin/id | /etc/init.d/cron | /etc/config/ntpserver | /usr/share/acl.d/ntpd.json | /lib/upgrade/keep.d/busybox; siblings=busybox",PRODUCT_SPECIFIC_UPSTREAM_VERSION_NORMALIZATION,Observed 1.34.1-79.7 was normalized to 1.34.1 using the exact package/source structure and product-specific official release evidence.,a:busybox:busybox,VERIFIED_UPSTREAM_TO_CPE_FAMILY,ACTIVE_EXACT,cpe:2.3:a:busybox:busybox:1.34.1:*:*:*:*:*:*:*,,NOT_ENCOUNTERED,,false,false,,cpe:2.3:a:busybox:busybox:1.34.1:*:*:*:*:*:*:*,OFFICIAL_CPE_MAPPED,ACTIVE_EXACT,"[""VERSION""]",STRONG,true,PROPOSED_GT_CPE_CONFIRMATION,control=/usr/lib/opkg/info/busybox.control; list=/usr/lib/opkg/info/busybox.list; status_version_matches=True
199624,ca-bundle,20240203-1,cpe:2.3:a:ca-bundle:ca-bundle:20240203-1:*:*:*:*:*:*:*,package/system/ca-certificates,ca-bundle,System CA certificates as a bundle,files=3; exec=0; lib=0; plugin=0; kmod=0; paths=/etc/cacert.pem | /etc/ssl/certs/ca-certificates.crt,ca bundle,OpenWrt/upstream source,20240203-1,DIRECT_SUBCOMPONENT_NO_PARENT_INHERITANCE,Exact metadata identifies a meta/helper/data artifact rather than an independently mapped software product.,Exact control/list/status: Source=package/system/ca-certificates; role=META_OR_HELPER_PACKAGE; Description=System CA certificates as a bundle; paths=/etc/cacert.pem | /etc/ssl/certs/ca-certificates.crt,OBSERVED_COMPONENT_VERSION_PRESERVED_NO_PARENT_MAPPING,Exact installed control Version equals the SBOM version; no parent product version is inferred.,,,NO_DIRECT_CPE,,,NOT_ENCOUNTERED,,false,false,,,DIRECT_OFFICIAL_CPE_NOT_CONFIRMED,NON_DIRECT_SUBCOMPONENT,N/A,MODERATE,false,,control=/usr/lib/opkg/info/ca-bundle.control; list=/usr/lib/opkg/info/ca-bundle.list; status_version_matches=True
199625,curl,8.11.0-23.2,cpe:2.3:a:curl:curl:8.11.0-23.2:*:*:*:*:*:*:*,package/network/utils/curl,curl,A client-side URL transfer utility,files=1; exec=1; lib=0; plugin=0; kmod=0; paths=/usr/bin/curl,curl,curl project,8.11.0,PRODUCT_IDENTITY_CONFIRMED,The exact package description and installed core executable/library identify the named upstream product; package role was not used as a hard gate.,Source=package/network/utils/curl; Description=A client-side URL transfer utility; paths=/usr/bin/curl; siblings=curl | libcurl4,PRODUCT_SPECIFIC_UPSTREAM_VERSION_NORMALIZATION,Observed 8.11.0-23.2 was normalized to 8.11.0 using the exact package/source structure and product-specific official release evidence.,a:haxx:curl,VERIFIED_UPSTREAM_TO_CPE_FAMILY,ACTIVE_EXACT,cpe:2.3:a:haxx:curl:8.11.0:*:*:*:*:*:*:*,,NOT_ENCOUNTERED,,false,false,,cpe:2.3:a:haxx:curl:8.11.0:*:*:*:*:*:*:*,OFFICIAL_CPE_MAPPED,ACTIVE_EXACT,"[""VENDOR"", ""VERSION""]",STRONG,true,PROPOSED_GT_CPE_CONFIRMATION,control=/usr/lib/opkg/info/curl.control; list=/usr/lib/opkg/info/curl.list; status_version_matches=True
199626,data-sender-api-mod-format-custom,1,cpe:2.3:a:data-sender-api-mod-format-custom:data-sender-api-mod-format-custom:1:*:*:*:*:*:*:*,feeds/vuci/applications/vuci-app-data-sender/vuci-app-data-sender-api,data-sender-api-mod-format-custom,Vuci Data Sender API Format Custom module,files=1; exec=0; lib=0; plugin=1; kmod=0; paths=/usr/lib/lua/api/services/ds_formats/ds_format_custom.lua,data sender api mod format custom,Teltonika,1,DIRECT_SUBCOMPONENT_NO_PARENT_INHERITANCE,"VuCI API/UI package is a feature module of the firmware interface, not an independently versioned parent product.",Exact control/list/status: Source=feeds/vuci/applications/vuci-app-data-sender/vuci-app-data-sender-api; role=PLUGIN_OR_MODULE; Description=Vuci Data Sender API Format Custom module; paths=/usr/lib/lua/api/services/ds_formats/ds_format_custom.lua,OBSERVED_COMPONENT_VERSION_PRESERVED_NO_PARENT_MAPPING,Exact installed control Version equals the SBOM version; no parent product version is inferred.,,,NO_DIRECT_CPE,,,NOT_ENCOUNTERED,,false,false,,,DIRECT_OFFICIAL_CPE_NOT_CONFIRMED,NON_DIRECT_SUBCOMPONENT,N/A,MODERATE,false,,control=/usr/lib/opkg/info/data-sender-api-mod-format-custom.control; list=/usr/lib/opkg/info/data-sender-api-mod-format-custom.list; status_version_matches=True
199627,data-sender-api-mod-gsm,1,cpe:2.3:a:data-sender-api-mod-gsm:data-sender-api-mod-gsm:1:*:*:*:*:*:*:*,feeds/vuci/applications/vuci-app-data-sender/vuci-app-data-sender-api,data-sender-api-mod-gsm,Vuci Data Sender API GSM module,files=1; exec=0; lib=0; plugin=1; kmod=0; paths=/usr/lib/lua/api/services/ds_inputs/ds_input_gsm.lua,data sender api mod gsm,Teltonika,1,DIRECT_SUBCOMPONENT_NO_PARENT_INHERITANCE,"VuCI API/UI package is a feature module of the firmware interface, not an independently versioned parent product.",Exact control/list/status: Source=feeds/vuci/applications/vuci-app-data-sender/vuci-app-data-sender-api; role=PLUGIN_OR_MODULE; Description=Vuci Data Sender API GSM module; paths=/usr/lib/lua/api/services/ds_inputs/ds_input_gsm.lua,OBSERVED_COMPONENT_VERSION_PRESERVED_NO_PARENT_MAPPING,Exact installed control Version equals the SBOM version; no parent product version is inferred.,,,NO_DIRECT_CPE,,,NOT_ENCOUNTERED,,false,false,,,DIRECT_OFFICIAL_CPE_NOT_CONFIRMED,NON_DIRECT_SUBCOMPONENT,N/A,MODERATE,false,,control=/usr/lib/opkg/info/data-sender-api-mod-gsm.control; list=/usr/lib/opkg/info/data-sender-api-mod-gsm.list; status_version_matches=True
199628,data-sender-api-mod-http,1,cpe:2.3:a:data-sender-api-mod-http:data-sender-api-mod-http:1:*:*:*:*:*:*:*,feeds/vuci/applications/vuci-app-data-sender/vuci-app-data-sender-api,data-sender-api-mod-http,Vuci Data Sender API HTTP module,files=1; exec=0; lib=0; plugin=1; kmod=0; paths=/usr/lib/lua/api/services/ds_outputs/ds_output_http.lua,data sender api mod http,Teltonika,1,DIRECT_SUBCOMPONENT_NO_PARENT_INHERITANCE,"VuCI API/UI package is a feature module of the firmware interface, not an independently versioned parent product.",Exact control/list/status: Source=feeds/vuci/applications/vuci-app-data-sender/vuci-app-data-sender-api; role=PLUGIN_OR_MODULE; Description=Vuci Data Sender API HTTP module; paths=/usr/lib/lua/api/services/ds_outputs/ds_output_http.lua,OBSERVED_COMPONENT_VERSION_PRESERVED_NO_PARENT_MAPPING,Exact installed control Version equals the SBOM version; no parent product version is inferred.,,,NO_DIRECT_CPE,,,NOT_ENCOUNTERED,,false,false,,,DIRECT_OFFICIAL_CPE_NOT_CONFIRMED,NON_DIRECT_SUBCOMPONENT,N/A,MODERATE,false,,control=/usr/lib/opkg/info/data-sender-api-mod-http.control; list=/usr/lib/opkg/info/data-sender-api-mod-http.list; status_version_matches=True
199629,data-sender-api-mod-lua-in,1,cpe:2.3:a:data-sender-api-mod-lua-in:data-sender-api-mod-lua-in:1:*:*:*:*:*:*:*,feeds/vuci/applications/vuci-app-data-sender/vuci-app-data-sender-api,data-sender-api-mod-lua-in,Vuci Data Sender API Lua module,files=1; exec=0; lib=0; plugin=1; kmod=0; paths=/usr/lib/lua/api/services/ds_inputs/ds_input_lua.lua,data sender api mod lua in,Teltonika,1,DIRECT_SUBCOMPONENT_NO_PARENT_INHERITANCE,"VuCI API/UI package is a feature module of the firmware interface, not an independently versioned parent product.",Exact control/list/status: Source=feeds/vuci/applications/vuci-app-data-sender/vuci-app-data-sender-api; role=PLUGIN_OR_MODULE; Description=Vuci Data Sender API Lua module; paths=/usr/lib/lua/api/services/ds_inputs/ds_input_lua.lua,OBSERVED_COMPONENT_VERSION_PRESERVED_NO_PARENT_MAPPING,Exact installed control Version equals the SBOM version; no parent product version is inferred.,,,NO_DIRECT_CPE,,,NOT_ENCOUNTERED,,false,false,,,DIRECT_OFFICIAL_CPE_NOT_CONFIRMED,NON_DIRECT_SUBCOMPONENT,N/A,MODERATE,false,,control=/usr/lib/opkg/info/data-sender-api-mod-lua-in.control; list=/usr/lib/opkg/info/data-sender-api-mod-lua-in.list; status_version_matches=True
199630,data-sender-api-mod-lua_format,1,cpe:2.3:a:data-sender-api-mod-lua_format:data-sender-api-mod-lua_format:1:*:*:*:*:*:*:*,feeds/vuci/applications/vuci-app-data-sender/vuci-app-data-sender-api,data-sender-api-mod-lua_format,Vuci Data Sender API Lua Format module,files=1; exec=0; lib=0; plugin=1; kmod=0; paths=/usr/lib/lua/api/services/ds_formats/ds_format_lua.lua,data sender api mod lua format,Teltonika,1,DIRECT_SUBCOMPONENT_NO_PARENT_INHERITANCE,"VuCI API/UI package is a feature module of the firmware interface, not an independently versioned parent product.",Exact control/list/status: Source=feeds/vuci/applications/vuci-app-data-sender/vuci-app-data-sender-api; role=PLUGIN_OR_MODULE; Description=Vuci Data Sender API Lua Format module; paths=/usr/lib/lua/api/services/ds_formats/ds_format_lua.lua,OBSERVED_COMPONENT_VERSION_PRESERVED_NO_PARENT_MAPPING,Exact installed control Version equals the SBOM version; no parent product version is inferred.,,,NO_DIRECT_CPE,,,NOT_ENCOUNTERED,,false,false,,,DIRECT_OFFICIAL_CPE_NOT_CONFIRMED,NON_DIRECT_SUBCOMPONENT,N/A,MODERATE,false,,control=/usr/lib/opkg/info/data-sender-api-mod-lua_format.control; list=/usr/lib/opkg/info/data-sender-api-mod-lua_format.list; status_version_matches=True
199631,data-sender-api-mod-mdcollect,1,cpe:2.3:a:data-sender-api-mod-mdcollect:data-sender-api-mod-mdcollect:1:*:*:*:*:*:*:*,feeds/vuci/applications/vuci-app-data-sender/vuci-app-data-sender-api,data-sender-api-mod-mdcollect,Vuci Data Sender API Mobile Usage module,files=1; exec=0; lib=0; plugin=1; kmod=0; paths=/usr/lib/lua/api/services/ds_inputs/ds_input_mdcollect.lua,data sender api mod mdcollect,Teltonika,1,DIRECT_SUBCOMPONENT_NO_PARENT_INHERITANCE,"VuCI API/UI package is a feature module of the firmware interface, not an independently versioned parent product.",Exact control/list/status: Source=feeds/vuci/applications/vuci-app-data-sender/vuci-app-data-sender-api; role=PLUGIN_OR_MODULE; Description=Vuci Data Sender API Mobile Usage module; paths=/usr/lib/lua/api/services/ds_inputs/ds_input_mdcollect.lua,OBSERVED_COMPONENT_VERSION_PRESERVED_NO_PARENT_MAPPING,Exact installed control Version equals the SBOM version; no parent product version is inferred.,,,NO_DIRECT_CPE,,,NOT_ENCOUNTERED,,false,false,,,DIRECT_OFFICIAL_CPE_NOT_CONFIRMED,NON_DIRECT_SUBCOMPONENT,N/A,MODERATE,false,,control=/usr/lib/opkg/info/data-sender-api-mod-mdcollect.control; list=/usr/lib/opkg/info/data-sender-api-mod-mdcollect.list; status_version_matches=True
199632,data-sender-api-mod-modbus-alarm,1,cpe:2.3:a:data-sender-api-mod-modbus-alarm:data-sender-api-mod-modbus-alarm:1:*:*:*:*:*:*:*,feeds/vuci/applications/vuci-app-data-sender/vuci-app-data-sender-api,data-sender-api-mod-modbus-alarm,Vuci Data Sender API Modbus Alarm module,files=1; exec=0; lib=0; plugin=1; kmod=0; paths=/usr/lib/lua/api/services/ds_inputs/ds_input_modbus_alarm.lua,data sender api mod modbus alarm,Teltonika,1,DIRECT_SUBCOMPONENT_NO_PARENT_INHERITANCE,"VuCI API/UI package is a feature module of the firmware interface, not an independently versioned parent product.",Exact control/list/status: Source=feeds/vuci/applications/vuci-app-data-sender/vuci-app-data-sender-api; role=PLUGIN_OR_MODULE; Description=Vuci Data Sender API Modbus Alarm module; paths=/usr/lib/lua/api/services/ds_inputs/ds_input_modbus_alarm.lua,OBSERVED_COMPONENT_VERSION_PRESERVED_NO_PARENT_MAPPING,Exact installed control Version equals the SBOM version; no parent product version is inferred.,,,NO_DIRECT_CPE,,,NOT_ENCOUNTERED,,false,false,,,DIRECT_OFFICIAL_CPE_NOT_CONFIRMED,NON_DIRECT_SUBCOMPONENT,N/A,MODERATE,false,,control=/usr/lib/opkg/info/data-sender-api-mod-modbus-alarm.control; list=/usr/lib/opkg/info/data-sender-api-mod-modbus-alarm.list; status_version_matches=True
199633,data-sender-api-mod-modbus,1,cpe:2.3:a:data-sender-api-mod-modbus:data-sender-api-mod-modbus:1:*:*:*:*:*:*:*,feeds/vuci/applications/vuci-app-data-sender/vuci-app-data-sender-api,data-sender-api-mod-modbus,Vuci Data Sender API Modbus module,files=1; exec=0; lib=0; plugin=1; kmod=0; paths=/usr/lib/lua/api/services/ds_inputs/ds_input_modbus.lua,data sender api mod modbus,Teltonika,1,DIRECT_SUBCOMPONENT_NO_PARENT_INHERITANCE,"VuCI API/UI package is a feature module of the firmware interface, not an independently versioned parent product.",Exact control/list/status: Source=feeds/vuci/applications/vuci-app-data-sender/vuci-app-data-sender-api; role=PLUGIN_OR_MODULE; Description=Vuci Data Sender API Modbus module; paths=/usr/lib/lua/api/services/ds_inputs/ds_input_modbus.lua,OBSERVED_COMPONENT_VERSION_PRESERVED_NO_PARENT_MAPPING,Exact installed control Version equals the SBOM version; no parent product version is inferred.,,,NO_DIRECT_CPE,,,NOT_ENCOUNTERED,,false,false,,,DIRECT_OFFICIAL_CPE_NOT_CONFIRMED,NON_DIRECT_SUBCOMPONENT,N/A,MODERATE,false,,control=/usr/lib/opkg/info/data-sender-api-mod-modbus.control; list=/usr/lib/opkg/info/data-sender-api-mod-modbus.list; status_version_matches=True
199634,data-sender-api-mod-mqtt-in,1,cpe:2.3:a:data-sender-api-mod-mqtt-in:data-sender-api-mod-mqtt-in:1:*:*:*:*:*:*:*,feeds/vuci/applications/vuci-app-data-sender/vuci-app-data-sender-api,data-sender-api-mod-mqtt-in,Vuci Data Sender API MQTT Input module,files=1; exec=0; lib=0; plugin=1; kmod=0; paths=/usr/lib/lua/api/services/ds_inputs/ds_input_mqtt.lua,data sender api mod mqtt in,Teltonika,1,DIRECT_SUBCOMPONENT_NO_PARENT_INHERITANCE,"VuCI API/UI package is a feature module of the firmware interface, not an independently versioned parent product.",Exact control/list/status: Source=feeds/vuci/applications/vuci-app-data-sender/vuci-app-data-sender-api; role=PLUGIN_OR_MODULE; Description=Vuci Data Sender API MQTT Input module; paths=/usr/lib/lua/api/services/ds_inputs/ds_input_mqtt.lua,OBSERVED_COMPONENT_VERSION_PRESERVED_NO_PARENT_MAPPING,Exact installed control Version equals the SBOM version; no parent product version is inferred.,,,NO_DIRECT_CPE,,,NOT_ENCOUNTERED,,false,false,,,DIRECT_OFFICIAL_CPE_NOT_CONFIRMED,NON_DIRECT_SUBCOMPONENT,N/A,MODERATE,false,,control=/usr/lib/opkg/info/data-sender-api-mod-mqtt-in.control; list=/usr/lib/opkg/info/data-sender-api-mod-mqtt-in.list; status_version_matches=True
199635,data-sender-api-mod-mqtt-out,1,cpe:2.3:a:data-sender-api-mod-mqtt-out:data-sender-api-mod-mqtt-out:1:*:*:*:*:*:*:*,feeds/vuci/applications/vuci-app-data-sender/vuci-app-data-sender-api,data-sender-api-mod-mqtt-out,Vuci Data Sender API MQTT Output module,files=1; exec=0; lib=0; plugin=1; kmod=0; paths=/usr/lib/lua/api/services/ds_outputs/ds_output_mqtt.lua,data sender api mod mqtt out,Teltonika,1,DIRECT_SUBCOMPONENT_NO_PARENT_INHERITANCE,"VuCI API/UI package is a feature module of the firmware interface, not an independently versioned parent product.",Exact control/list/status: Source=feeds/vuci/applications/vuci-app-data-sender/vuci-app-data-sender-api; role=PLUGIN_OR_MODULE; Description=Vuci Data Sender API MQTT Output module; paths=/usr/lib/lua/api/services/ds_outputs/ds_output_mqtt.lua,OBSERVED_COMPONENT_VERSION_PRESERVED_NO_PARENT_MAPPING,Exact installed control Version equals the SBOM version; no parent product version is inferred.,,,NO_DIRECT_CPE,,,NOT_ENCOUNTERED,,false,false,,,DIRECT_OFFICIAL_CPE_NOT_CONFIRMED,NON_DIRECT_SUBCOMPONENT,N/A,MODERATE,false,,control=/usr/lib/opkg/info/data-sender-api-mod-mqtt-out.control; list=/usr/lib/opkg/info/data-sender-api-mod-mqtt-out.list; status_version_matches=True
199636,data-sender-api-mod-opcua,1,cpe:2.3:a:data-sender-api-mod-opcua:data-sender-api-mod-opcua:1:*:*:*:*:*:*:*,feeds/vuci/applications/vuci-app-data-sender/vuci-app-data-sender-api,data-sender-api-mod-opcua,Vuci Data Sender API OPCUA module,files=1; exec=0; lib=0; plugin=1; kmod=0; paths=/usr/lib/lua/api/services/ds_inputs/ds_input_opcua.lua,data sender api mod opcua,Teltonika,1,DIRECT_SUBCOMPONENT_NO_PARENT_INHERITANCE,"VuCI API/UI package is a feature module of the firmware interface, not an independently versioned parent product.",Exact control/list/status: Source=feeds/vuci/applications/vuci-app-data-sender/vuci-app-data-sender-api; role=PLUGIN_OR_MODULE; Description=Vuci Data Sender API OPCUA module; paths=/usr/lib/lua/api/services/ds_inputs/ds_input_opcua.lua,OBSERVED_COMPONENT_VERSION_PRESERVED_NO_PARENT_MAPPING,Exact installed control Version equals the SBOM version; no parent product version is inferred.,,,NO_DIRECT_CPE,,,NOT_ENCOUNTERED,,false,false,,,DIRECT_OFFICIAL_CPE_NOT_CONFIRMED,NON_DIRECT_SUBCOMPONENT,N/A,MODERATE,false,,control=/usr/lib/opkg/info/data-sender-api-mod-opcua.control; list=/usr/lib/opkg/info/data-sender-api-mod-opcua.list; status_version_matches=True
199637,data-sender-api-mod-ubus,1,cpe:2.3:a:data-sender-api-mod-ubus:data-sender-api-mod-ubus:1:*:*:*:*:*:*:*,feeds/vuci/applications/vuci-app-data-sender/vuci-app-data-sender-api,data-sender-api-mod-ubus,Vuci Data Sender API UBUS module,files=1; exec=0; lib=0; plugin=1; kmod=0; paths=/usr/lib/lua/api/services/ds_outputs/ds_output_ubus.lua,data sender api mod ubus,Teltonika,1,DIRECT_SUBCOMPONENT_NO_PARENT_INHERITANCE,"VuCI API/UI package is a feature module of the firmware interface, not an independently versioned parent product.",Exact control/list/status: Source=feeds/vuci/applications/vuci-app-data-sender/vuci-app-data-sender-api; role=PLUGIN_OR_MODULE; Description=Vuci Data Sender API UBUS module; paths=/usr/lib/lua/api/services/ds_outputs/ds_output_ubus.lua,OBSERVED_COMPONENT_VERSION_PRESERVED_NO_PARENT_MAPPING,Exact installed control Version equals the SBOM version; no parent product version is inferred.,,,NO_DIRECT_CPE,,,NOT_ENCOUNTERED,,false,false,,,DIRECT_OFFICIAL_CPE_NOT_CONFIRMED,NON_DIRECT_SUBCOMPONENT,N/A,MODERATE,false,,control=/usr/lib/opkg/info/data-sender-api-mod-ubus.control; list=/usr/lib/opkg/info/data-sender-api-mod-ubus.list; status_version_matches=True
199638,data-sender-mod-base,1.15-1,cpe:2.3:a:data-sender-mod-base:data-sender-mod-base:1.15-1:*:*:*:*:*:*:*,package/teltonika/data_sender,data-sender-mod-base,Base input plugin,files=0; exec=0; lib=0; plugin=0; kmod=0; paths=,data sender mod base,Teltonika,1.15-1,DIRECT_SUBCOMPONENT_NO_PARENT_INHERITANCE,"Exact naming, description, and payload identify a plugin/module; its Source parent CPE is not inherited.",Exact control/list/status: Source=package/teltonika/data_sender; role=PLUGIN_OR_MODULE; Description=Base input plugin; paths=,OBSERVED_COMPONENT_VERSION_PRESERVED_NO_PARENT_MAPPING,Exact installed control Version equals the SBOM version; no parent product version is inferred.,,,NO_DIRECT_CPE,,,NOT_ENCOUNTERED,,false,false,,,DIRECT_OFFICIAL_CPE_NOT_CONFIRMED,NON_DIRECT_SUBCOMPONENT,N/A,STRONG,false,,control=/usr/lib/opkg/info/data-sender-mod-base.control; list=/usr/lib/opkg/info/data-sender-mod-base.list; status_version_matches=True
199639,data-sender-mod-format-custom,1.15-1,cpe:2.3:a:data-sender-mod-format-custom:data-sender-mod-format-custom:1.15-1:*:*:*:*:*:*:*,package/teltonika/data_sender,data-sender-mod-format-custom,Format plugin for data concatenation,files=0; exec=0; lib=0; plugin=0; kmod=0; paths=,data sender mod format custom,Teltonika,1.15-1,DIRECT_SUBCOMPONENT_NO_PARENT_INHERITANCE,"Exact naming, description, and payload identify a plugin/module; its Source parent CPE is not inherited.",Exact control/list/status: Source=package/teltonika/data_sender; role=PLUGIN_OR_MODULE; Description=Format plugin for data concatenation; paths=,OBSERVED_COMPONENT_VERSION_PRESERVED_NO_PARENT_MAPPING,Exact installed control Version equals the SBOM version; no parent product version is inferred.,,,NO_DIRECT_CPE,,,NOT_ENCOUNTERED,,false,false,,,DIRECT_OFFICIAL_CPE_NOT_CONFIRMED,NON_DIRECT_SUBCOMPONENT,N/A,STRONG,false,,control=/usr/lib/opkg/info/data-sender-mod-format-custom.control; list=/usr/lib/opkg/info/data-sender-mod-format-custom.list; status_version_matches=True
199640,data-sender-mod-gsm,1.15-1,cpe:2.3:a:data-sender-mod-gsm:data-sender-mod-gsm:1.15-1:*:*:*:*:*:*:*,package/teltonika/data_sender,data-sender-mod-gsm,Input plugin for gsm information,files=1; exec=0; lib=0; plugin=0; kmod=0; paths=/usr/share/acl.d/ds_gsm.json,data sender mod gsm,Teltonika,1.15-1,DIRECT_SUBCOMPONENT_NO_PARENT_INHERITANCE,"Exact naming, description, and payload identify a plugin/module; its Source parent CPE is not inherited.",Exact control/list/status: Source=package/teltonika/data_sender; role=PLUGIN_OR_MODULE; Description=Input plugin for gsm information; paths=/usr/share/acl.d/ds_gsm.json,OBSERVED_COMPONENT_VERSION_PRESERVED_NO_PARENT_MAPPING,Exact installed control Version equals the SBOM version; no parent product version is inferred.,,,NO_DIRECT_CPE,,,NOT_ENCOUNTERED,,false,false,,,DIRECT_OFFICIAL_CPE_NOT_CONFIRMED,NON_DIRECT_SUBCOMPONENT,N/A,STRONG,false,,control=/usr/lib/opkg/info/data-sender-mod-gsm.control; list=/usr/lib/opkg/info/data-sender-mod-gsm.list; status_version_matches=True
199641,data-sender-mod-http,1.15-1,cpe:2.3:a:data-sender-mod-http:data-sender-mod-http:1.15-1:*:*:*:*:*:*:*,package/teltonika/data_sender,data-sender-mod-http,Output plugin for sending data over http,files=0; exec=0; lib=0; plugin=0; kmod=0; paths=,data sender mod http,Teltonika,1.15-1,DIRECT_SUBCOMPONENT_NO_PARENT_INHERITANCE,"Exact naming, description, and payload identify a plugin/module; its Source parent CPE is not inherited.",Exact control/list/status: Source=package/teltonika/data_sender; role=PLUGIN_OR_MODULE; Description=Output plugin for sending data over http; paths=,OBSERVED_COMPONENT_VERSION_PRESERVED_NO_PARENT_MAPPING,Exact installed control Version equals the SBOM version; no parent product version is inferred.,,,NO_DIRECT_CPE,,,NOT_ENCOUNTERED,,false,false,,,DIRECT_OFFICIAL_CPE_NOT_CONFIRMED,NON_DIRECT_SUBCOMPONENT,N/A,STRONG,false,,control=/usr/lib/opkg/info/data-sender-mod-http.control; list=/usr/lib/opkg/info/data-sender-mod-http.list; status_version_matches=True
199642,data-sender-mod-lua-in,1.15-1,cpe:2.3:a:data-sender-mod-lua-in:data-sender-mod-lua-in:1.15-1:*:*:*:*:*:*:*,package/teltonika/data_sender,data-sender-mod-lua-in,Input plugin for custom scripts,files=1; exec=0; lib=0; plugin=0; kmod=0; paths=/etc/data_sender/modules/input/lua/example_input_lua.lua,data sender mod lua in,Teltonika,1.15-1,DIRECT_SUBCOMPONENT_NO_PARENT_INHERITANCE,"Exact naming, description, and payload identify a plugin/module; its Source parent CPE is not inherited.",Exact control/list/status: Source=package/teltonika/data_sender; role=PLUGIN_OR_MODULE; Description=Input plugin for custom scripts; paths=/etc/data_sender/modules/input/lua/example_input_lua.lua,OBSERVED_COMPONENT_VERSION_PRESERVED_NO_PARENT_MAPPING,Exact installed control Version equals the SBOM version; no parent product version is inferred.,,,NO_DIRECT_CPE,,,NOT_ENCOUNTERED,,false,false,,,DIRECT_OFFICIAL_CPE_NOT_CONFIRMED,NON_DIRECT_SUBCOMPONENT,N/A,STRONG,false,,control=/usr/lib/opkg/info/data-sender-mod-lua-in.control; list=/usr/lib/opkg/info/data-sender-mod-lua-in.list; status_version_matches=True
199643,data-sender-mod-lua_format,1.15-1,cpe:2.3:a:data-sender-mod-lua_format:data-sender-mod-lua_format:1.15-1:*:*:*:*:*:*:*,package/teltonika/data_sender,data-sender-mod-lua_format,Output plugin for custom formating,files=1; exec=0; lib=0; plugin=0; kmod=0; paths=/etc/data_sender/modules/format/lua/example_format_lua.lua,data sender mod lua format,Teltonika,1.15-1,DIRECT_SUBCOMPONENT_NO_PARENT_INHERITANCE,"Exact naming, description, and payload identify a plugin/module; its Source parent CPE is not inherited.",Exact control/list/status: Source=package/teltonika/data_sender; role=PLUGIN_OR_MODULE; Description=Output plugin for custom formating; paths=/etc/data_sender/modules/format/lua/example_format_lua.lua,OBSERVED_COMPONENT_VERSION_PRESERVED_NO_PARENT_MAPPING,Exact installed control Version equals the SBOM version; no parent product version is inferred.,,,NO_DIRECT_CPE,,,NOT_ENCOUNTERED,,false,false,,,DIRECT_OFFICIAL_CPE_NOT_CONFIRMED,NON_DIRECT_SUBCOMPONENT,N/A,STRONG,false,,control=/usr/lib/opkg/info/data-sender-mod-lua_format.control; list=/usr/lib/opkg/info/data-sender-mod-lua_format.list; status_version_matches=True
199644,data-sender-mod-mdcollect,1.15-1,cpe:2.3:a:data-sender-mod-mdcollect:data-sender-mod-mdcollect:1.15-1:*:*:*:*:*:*:*,package/teltonika/data_sender,data-sender-mod-mdcollect,Input plugin for data usage information,files=1; exec=0; lib=0; plugin=0; kmod=0; paths=/usr/share/acl.d/ds_mdcollect.json,data sender mod mdcollect,Teltonika,1.15-1,DIRECT_SUBCOMPONENT_NO_PARENT_INHERITANCE,"Exact naming, description, and payload identify a plugin/module; its Source parent CPE is not inherited.",Exact control/list/status: Source=package/teltonika/data_sender; role=PLUGIN_OR_MODULE; Description=Input plugin for data usage information; paths=/usr/share/acl.d/ds_mdcollect.json,OBSERVED_COMPONENT_VERSION_PRESERVED_NO_PARENT_MAPPING,Exact installed control Version equals the SBOM version; no parent product version is inferred.,,,NO_DIRECT_CPE,,,NOT_ENCOUNTERED,,false,false,,,DIRECT_OFFICIAL_CPE_NOT_CONFIRMED,NON_DIRECT_SUBCOMPONENT,N/A,STRONG,false,,control=/usr/lib/opkg/info/data-sender-mod-mdcollect.control; list=/usr/lib/opkg/info/data-sender-mod-mdcollect.list; status_version_matches=True
199645,data-sender-mod-mnfinfo,1.15-1,cpe:2.3:a:data-sender-mod-mnfinfo:data-sender-mod-mnfinfo:1.15-1:*:*:*:*:*:*:*,package/teltonika/data_sender,data-sender-mod-mnfinfo,Input plugin for manufacturer information,files=0; exec=0; lib=0; plugin=0; kmod=0; paths=,data sender mod mnfinfo,Teltonika,1.15-1,DIRECT_SUBCOMPONENT_NO_PARENT_INHERITANCE,"Exact naming, description, and payload identify a plugin/module; its Source parent CPE is not inherited.",Exact control/list/status: Source=package/teltonika/data_sender; role=PLUGIN_OR_MODULE; Description=Input plugin for manufacturer information; paths=,OBSERVED_COMPONENT_VERSION_PRESERVED_NO_PARENT_MAPPING,Exact installed control Version equals the SBOM version; no parent product version is inferred.,,,NO_DIRECT_CPE,,,NOT_ENCOUNTERED,,false,false,,,DIRECT_OFFICIAL_CPE_NOT_CONFIRMED,NON_DIRECT_SUBCOMPONENT,N/A,STRONG,false,,control=/usr/lib/opkg/info/data-sender-mod-mnfinfo.control; list=/usr/lib/opkg/info/data-sender-mod-mnfinfo.list; status_version_matches=True
199646,data-sender-mod-modbus-alarm,1.15-1,cpe:2.3:a:data-sender-mod-modbus-alarm:data-sender-mod-modbus-alarm:1.15-1:*:*:*:*:*:*:*,package/teltonika/data_sender,data-sender-mod-modbus-alarm,Input plugin for modbus alarm gathering,files=0; exec=0; lib=0; plugin=0; kmod=0; paths=,data sender mod modbus alarm,Teltonika,1.15-1,DIRECT_SUBCOMPONENT_NO_PARENT_INHERITANCE,"Exact naming, description, and payload identify a plugin/module; its Source parent CPE is not inherited.",Exact control/list/status: Source=package/teltonika/data_sender; role=PLUGIN_OR_MODULE; Description=Input plugin for modbus alarm gathering; paths=,OBSERVED_COMPONENT_VERSION_PRESERVED_NO_PARENT_MAPPING,Exact installed control Version equals the SBOM version; no parent product version is inferred.,,,NO_DIRECT_CPE,,,NOT_ENCOUNTERED,,false,false,,,DIRECT_OFFICIAL_CPE_NOT_CONFIRMED,NON_DIRECT_SUBCOMPONENT,N/A,STRONG,false,,control=/usr/lib/opkg/info/data-sender-mod-modbus-alarm.control; list=/usr/lib/opkg/info/data-sender-mod-modbus-alarm.list; status_version_matches=True
199647,data-sender-mod-modbus,1.15-1,cpe:2.3:a:data-sender-mod-modbus:data-sender-mod-modbus:1.15-1:*:*:*:*:*:*:*,package/teltonika/data_sender,data-sender-mod-modbus,Input plugin for modbus data gathering,files=0; exec=0; lib=0; plugin=0; kmod=0; paths=,data sender mod modbus,Teltonika,1.15-1,DIRECT_SUBCOMPONENT_NO_PARENT_INHERITANCE,"Exact naming, description, and payload identify a plugin/module; its Source parent CPE is not inherited.",Exact control/list/status: Source=package/teltonika/data_sender; role=PLUGIN_OR_MODULE; Description=Input plugin for modbus data gathering; paths=,OBSERVED_COMPONENT_VERSION_PRESERVED_NO_PARENT_MAPPING,Exact installed control Version equals the SBOM version; no parent product version is inferred.,,,NO_DIRECT_CPE,,,NOT_ENCOUNTERED,,false,false,,,DIRECT_OFFICIAL_CPE_NOT_CONFIRMED,NON_DIRECT_SUBCOMPONENT,N/A,STRONG,false,,control=/usr/lib/opkg/info/data-sender-mod-modbus.control; list=/usr/lib/opkg/info/data-sender-mod-modbus.list; status_version_matches=True
199648,data-sender-mod-mqtt-in,1.15-1,cpe:2.3:a:data-sender-mod-mqtt-in:data-sender-mod-mqtt-in:1.15-1:*:*:*:*:*:*:*,package/teltonika/data_sender,data-sender-mod-mqtt-in,Input plugin for subscribing MQTT data,files=0; exec=0; lib=0; plugin=0; kmod=0; paths=,data sender mod mqtt in,Teltonika,1.15-1,DIRECT_SUBCOMPONENT_NO_PARENT_INHERITANCE,"Exact naming, description, and payload identify a plugin/module; its Source parent CPE is not inherited.",Exact control/list/status: Source=package/teltonika/data_sender; role=PLUGIN_OR_MODULE; Description=Input plugin for subscribing MQTT data; paths=,OBSERVED_COMPONENT_VERSION_PRESERVED_NO_PARENT_MAPPING,Exact installed control Version equals the SBOM version; no parent product version is inferred.,,,NO_DIRECT_CPE,,,NOT_ENCOUNTERED,,false,false,,,DIRECT_OFFICIAL_CPE_NOT_CONFIRMED,NON_DIRECT_SUBCOMPONENT,N/A,STRONG,false,,control=/usr/lib/opkg/info/data-sender-mod-mqtt-in.control; list=/usr/lib/opkg/info/data-sender-mod-mqtt-in.list; status_version_matches=True
199649,data-sender-mod-mqtt-out,1.15-1,cpe:2.3:a:data-sender-mod-mqtt-out:data-sender-mod-mqtt-out:1.15-1:*:*:*:*:*:*:*,package/teltonika/data_sender,data-sender-mod-mqtt-out,Output plugin for sending data over MQTT,files=0; exec=0; lib=0; plugin=0; kmod=0; paths=,data sender mod mqtt out,Teltonika,1.15-1,DIRECT_SUBCOMPONENT_NO_PARENT_INHERITANCE,"Exact naming, description, and payload identify a plugin/module; its Source parent CPE is not inherited.",Exact control/list/status: Source=package/teltonika/data_sender; role=PLUGIN_OR_MODULE; Description=Output plugin for sending data over MQTT; paths=,OBSERVED_COMPONENT_VERSION_PRESERVED_NO_PARENT_MAPPING,Exact installed control Version equals the SBOM version; no parent product version is inferred.,,,NO_DIRECT_CPE,,,NOT_ENCOUNTERED,,false,false,,,DIRECT_OFFICIAL_CPE_NOT_CONFIRMED,NON_DIRECT_SUBCOMPONENT,N/A,STRONG,false,,control=/usr/lib/opkg/info/data-sender-mod-mqtt-out.control; list=/usr/lib/opkg/info/data-sender-mod-mqtt-out.list; status_version_matches=True
199650,data-sender-mod-opcua,1.15-1,cpe:2.3:a:data-sender-mod-opcua:data-sender-mod-opcua:1.15-1:*:*:*:*:*:*:*,package/teltonika/data_sender,data-sender-mod-opcua,Input plugin for OPC UA data gathering,files=0; exec=0; lib=0; plugin=0; kmod=0; paths=,data sender mod opcua,Teltonika,1.15-1,DIRECT_SUBCOMPONENT_NO_PARENT_INHERITANCE,"Exact naming, description, and payload identify a plugin/module; its Source parent CPE is not inherited.",Exact control/list/status: Source=package/teltonika/data_sender; role=PLUGIN_OR_MODULE; Description=Input plugin for OPC UA data gathering; paths=,OBSERVED_COMPONENT_VERSION_PRESERVED_NO_PARENT_MAPPING,Exact installed control Version equals the SBOM version; no parent product version is inferred.,,,NO_DIRECT_CPE,,,NOT_ENCOUNTERED,,false,false,,,DIRECT_OFFICIAL_CPE_NOT_CONFIRMED,NON_DIRECT_SUBCOMPONENT,N/A,STRONG,false,,control=/usr/lib/opkg/info/data-sender-mod-opcua.control; list=/usr/lib/opkg/info/data-sender-mod-opcua.list; status_version_matches=True
199651,data-sender-mod-ubus,1.15-1,cpe:2.3:a:data-sender-mod-ubus:data-sender-mod-ubus:1.15-1:*:*:*:*:*:*:*,package/teltonika/data_sender,data-sender-mod-ubus,Output plugin for sending data over UBUS,files=0; exec=0; lib=0; plugin=0; kmod=0; paths=,data sender mod ubus,Teltonika,1.15-1,DIRECT_SUBCOMPONENT_NO_PARENT_INHERITANCE,"Exact naming, description, and payload identify a plugin/module; its Source parent CPE is not inherited.",Exact control/list/status: Source=package/teltonika/data_sender; role=PLUGIN_OR_MODULE; Description=Output plugin for sending data over UBUS; paths=,OBSERVED_COMPONENT_VERSION_PRESERVED_NO_PARENT_MAPPING,Exact installed control Version equals the SBOM version; no parent product version is inferred.,,,NO_DIRECT_CPE,,,NOT_ENCOUNTERED,,false,false,,,DIRECT_OFFICIAL_CPE_NOT_CONFIRMED,NON_DIRECT_SUBCOMPONENT,N/A,STRONG,false,,control=/usr/lib/opkg/info/data-sender-mod-ubus.control; list=/usr/lib/opkg/info/data-sender-mod-ubus.list; status_version_matches=True
199652,data-sender,1.15-1,cpe:2.3:a:data-sender:data-sender:1.15-1:*:*:*:*:*:*:*,package/teltonika/data_sender,data-sender,Data sender daemon by Teltonika,files=6; exec=2; lib=0; plugin=0; kmod=0; paths=/usr/sbin/datasender | /lib/troubleshoot/data_sender.sh | /etc/init.d/data_sender | /etc/config/data_sender | /usr/share/acl.d/data_sender.json | /lib/data_sender/libdata_sender.sh,Data Sender,Teltonika,1.15-1,PRODUCT_IDENTITY_CONFIRMED,"Exact vendor control, description, and installed payload establish this internal software product/library without inheriting another Source product.",Source=package/teltonika/data_sender; Description=Data sender daemon by Teltonika; paths=/usr/sbin/datasender | /lib/troubleshoot/data_sender.sh | /etc/init.d/data_sender | /etc/config/data_sender | /usr/share/acl.d/data_sender.json | /lib/data_sender/libdata_sender.sh; siblings=data-sender | data-sender-mod-base | data-sender-mod-format-custom | data-sender-mod-gsm | data-sender-mod-http | data-sender-mod-lua-in | data-sender-mod-lua_format | data-sender-mod-mdcollect | data-sender-mod-mnfinfo | data-sender-mod-modbus | data-sender-mod-modbus-alarm | data-sender-mod-mqtt-in | data-sender-mod-mqtt-out | data-sender-mod-opcua | data-sender-mod-ubus,VENDOR_PRODUCT_IDENTIFIER_PRESERVED,The complete exact installed vendor Version is preserved; no unproved package-release suffix is removed.,a:teltonika:data_sender,EXACT_VENDOR_AND_PRODUCT_IDENTITY_TUPLE,NO_DIRECT_CPE,,,NOT_ENCOUNTERED,,true,false,,,DIRECT_OFFICIAL_CPE_NOT_CONFIRMED,NO_CPE_REPRESENTATION,N/A,MODERATE,true,PRODUCT_WITHOUT_CONFIRMED_DIRECT_CPE,control=/usr/lib/opkg/info/data-sender.control; list=/usr/lib/opkg/info/data-sender.list; status_version_matches=True
199653,davici,1.4-1,cpe:2.3:a:davici:davici:1.4-1:*:*:*:*:*:*:*,package/libs/davici,davici,"The davici library provides a client implementation of the
strongSwan VICI protocol for integration into external applications.",files=3; exec=0; lib=3; plugin=0; kmod=0; paths=/usr/lib/libdavici.so | /usr/lib/libdavici.so.0.1.0,davici,strongSwan,1.4,PRODUCT_IDENTITY_CONFIRMED,The exact package description and installed core executable/library identify the named upstream product; package role was not used as a hard gate.,"Source=package/libs/davici; Description=The davici library provides a client implementation of the
strongSwan VICI protocol for integration into external applications.; paths=/usr/lib/libdavici.so | /usr/lib/libdavici.so.0.1.0; siblings=davici",PRODUCT_SPECIFIC_UPSTREAM_VERSION_NORMALIZATION,Observed 1.4-1 was normalized to 1.4 using the exact package/source structure and product-specific official release evidence.,a:strongswan:davici,VERIFIED_UPSTREAM_TO_CPE_FAMILY,VERSION_NOT_IN_DICTIONARY,,,NOT_ENCOUNTERED,,false,false,,cpe:2.3:a:strongswan:davici:1.4:*:*:*:*:*:*:*,VERSION_NOT_IN_DICTIONARY,ACTIVE_FAMILY_EXACT_VERSION_ABSENT,"[""VENDOR"", ""VERSION""]",MODERATE,true,PROPOSED_GT_CPE_CONFIRMATION,control=/usr/lib/opkg/info/davici.control; list=/usr/lib/opkg/info/davici.list; status_version_matches=True
199654,ddns-scripts,2025-02-06-1,cpe:2.3:a:ddns-scripts:ddns-scripts:2025-02-06-1:*:*:*:*:*:*:*,package/teltonika/ddns-scripts,ddns-scripts,Dynamic DNS Client scripts (with IPv6 support) - Info: http://wiki.openwrt.org/doc/howto/ddns.client,files=10; exec=3; lib=0; plugin=0; kmod=0; paths=/usr/lib/ddns/dynamic_dns_updater.sh | /usr/lib/ddns/dynamic_dns_functions.sh | /etc/uci-defaults/ddns.defaults | /etc/ddns/services | /usr/share/acl.d/ddns.json,ddns scripts,Teltonika,2025-02-06-1,PRODUCT_IDENTITY_CONFIRMED,"Exact vendor control, description, and installed payload establish this internal software product/library without inheriting another Source product.",Source=package/teltonika/ddns-scripts; Description=Dynamic DNS Client scripts (with IPv6 support) - Info: http://wiki.openwrt.org/doc/howto/ddns.client; paths=/usr/lib/ddns/dynamic_dns_updater.sh | /usr/lib/ddns/dynamic_dns_functions.sh | /etc/uci-defaults/ddns.defaults | /etc/ddns/services | /usr/share/acl.d/ddns.json; siblings=ddns-scripts | ddns-scripts_cloudflare.com-v4 | ddns-scripts_no-ip_com | ddns-scripts_nsupdate | tlt-ddns,VENDOR_PRODUCT_IDENTIFIER_PRESERVED,The complete exact installed vendor Version is preserved; no unproved package-release suffix is removed.,a:teltonika:ddns_scripts,EXACT_VENDOR_AND_PRODUCT_IDENTITY_TUPLE,NO_DIRECT_CPE,,,NOT_ENCOUNTERED,,true,false,,,DIRECT_OFFICIAL_CPE_NOT_CONFIRMED,NO_CPE_REPRESENTATION,N/A,MODERATE,true,PRODUCT_WITHOUT_CONFIRMED_DIRECT_CPE,control=/usr/lib/opkg/info/ddns-scripts.control; list=/usr/lib/opkg/info/ddns-scripts.list; status_version_matches=True
199655,ddns-scripts_cloudflare.com-v4,2025-02-06-1,cpe:2.3:a:ddns-scripts_cloudflare.com-v4:ddns-scripts_cloudflare.com-v4:2025-02-06-1:*:*:*:*:*:*:*,package/teltonika/ddns-scripts,ddns-scripts_cloudflare.com-v4,Dynamic DNS Client scripts extension for CloudFlare.com API-v4 (require/install cURL),files=1; exec=1; lib=0; plugin=0; kmod=0; paths=/usr/lib/ddns/update_cloudflare_com_v4.sh,ddns scripts cloudflare.com v4,Teltonika,2025-02-06-1,DIRECT_SUBCOMPONENT_NO_PARENT_INHERITANCE,"Package payload is a configuration, split support, suite library, or optional subsystem; no parent CPE is inherited.",Exact control/list/status: Source=package/teltonika/ddns-scripts; role=SPLIT_RUNTIME_PACKAGE; Description=Dynamic DNS Client scripts extension for CloudFlare.com API-v4 (require/install cURL); paths=/usr/lib/ddns/update_cloudflare_com_v4.sh,OBSERVED_COMPONENT_VERSION_PRESERVED_NO_PARENT_MAPPING,Exact installed control Version equals the SBOM version; no parent product version is inferred.,,,NO_DIRECT_CPE,,,NOT_ENCOUNTERED,,false,false,,,DIRECT_OFFICIAL_CPE_NOT_CONFIRMED,NON_DIRECT_SUBCOMPONENT,N/A,MODERATE,false,,control=/usr/lib/opkg/info/ddns-scripts_cloudflare.com-v4.control; list=/usr/lib/opkg/info/ddns-scripts_cloudflare.com-v4.list; status_version_matches=True
199656,ddns-scripts_no-ip_com,2025-02-06-1,cpe:2.3:a:ddns-scripts_no-ip_com:ddns-scripts_no-ip_com:2025-02-06-1:*:*:*:*:*:*:*,package/teltonika/ddns-scripts,ddns-scripts_no-ip_com,Dynamic DNS Client scripts extension for No-IP.com,files=1; exec=1; lib=0; plugin=0; kmod=0; paths=/usr/lib/ddns/update_no-ip_com.sh,ddns scripts no ip com,Teltonika,2025-02-06-1,DIRECT_SUBCOMPONENT_NO_PARENT_INHERITANCE,"Package payload is a configuration, split support, suite library, or optional subsystem; no parent CPE is inherited.",Exact control/list/status: Source=package/teltonika/ddns-scripts; role=SPLIT_RUNTIME_PACKAGE; Description=Dynamic DNS Client scripts extension for No-IP.com; paths=/usr/lib/ddns/update_no-ip_com.sh,OBSERVED_COMPONENT_VERSION_PRESERVED_NO_PARENT_MAPPING,Exact installed control Version equals the SBOM version; no parent product version is inferred.,,,NO_DIRECT_CPE,,,NOT_ENCOUNTERED,,false,false,,,DIRECT_OFFICIAL_CPE_NOT_CONFIRMED,NON_DIRECT_SUBCOMPONENT,N/A,MODERATE,false,,control=/usr/lib/opkg/info/ddns-scripts_no-ip_com.control; list=/usr/lib/opkg/info/ddns-scripts_no-ip_com.list; status_version_matches=True
199657,ddns-scripts_nsupdate,2025-02-06-1,cpe:2.3:a:ddns-scripts_nsupdate:ddns-scripts_nsupdate:2025-02-06-1:*:*:*:*:*:*:*,package/teltonika/ddns-scripts,ddns-scripts_nsupdate,Dynamic DNS Client scripts extension for direct updates using Bind nsupdate,files=1; exec=1; lib=0; plugin=0; kmod=0; paths=/usr/lib/ddns/update_nsupdate.sh,ddns scripts nsupdate,Teltonika,2025-02-06-1,DIRECT_SUBCOMPONENT_NO_PARENT_INHERITANCE,"Package payload is a configuration, split support, suite library, or optional subsystem; no parent CPE is inherited.",Exact control/list/status: Source=package/teltonika/ddns-scripts; role=SPLIT_RUNTIME_PACKAGE; Description=Dynamic DNS Client scripts extension for direct updates using Bind nsupdate; paths=/usr/lib/ddns/update_nsupdate.sh,OBSERVED_COMPONENT_VERSION_PRESERVED_NO_PARENT_MAPPING,Exact installed control Version equals the SBOM version; no parent product version is inferred.,,,NO_DIRECT_CPE,,,NOT_ENCOUNTERED,,false,false,,,DIRECT_OFFICIAL_CPE_NOT_CONFIRMED,NON_DIRECT_SUBCOMPONENT,N/A,MODERATE,false,,control=/usr/lib/opkg/info/ddns-scripts_nsupdate.control; list=/usr/lib/opkg/info/ddns-scripts_nsupdate.list; status_version_matches=True
199658,dfota,2024-08-05-3,cpe:2.3:a:dfota:dfota:2024-08-05-3:*:*:*:*:*:*:*,package/teltonika/quectel/quectel_dfota,dfota,Quectel DFOTA update system,files=3; exec=1; lib=0; plugin=0; kmod=0; paths=/usr/sbin/dfota | /etc/config/dfota | /etc/init.d/dfota,dfota,Teltonika,2024-08-05-3,PRODUCT_IDENTITY_CONFIRMED,"Exact vendor control, description, and installed payload establish this internal software product/library without inheriting another Source product.",Source=package/teltonika/quectel/quectel_dfota; Description=Quectel DFOTA update system; paths=/usr/sbin/dfota | /etc/config/dfota | /etc/init.d/dfota; siblings=dfota,VENDOR_PRODUCT_IDENTIFIER_PRESERVED,The complete exact installed vendor Version is preserved; no unproved package-release suffix is removed.,a:teltonika:dfota,EXACT_VENDOR_AND_PRODUCT_IDENTITY_TUPLE,NO_DIRECT_CPE,,,NOT_ENCOUNTERED,,true,false,,,DIRECT_OFFICIAL_CPE_NOT_CONFIRMED,NO_CPE_REPRESENTATION,N/A,MODERATE,true,PRODUCT_WITHOUT_CONFIRMED_DIRECT_CPE,control=/usr/lib/opkg/info/dfota.control; list=/usr/lib/opkg/info/dfota.list; status_version_matches=True
199659,dnsmasq,2.89-42.4,cpe:2.3:a:dnsmasq:dnsmasq:2.89-42.4:*:*:*:*:*:*:*,package/network/services/dnsmasq,dnsmasq,It is intended to provide coupled DNS and DHCP service to a LAN.,files=12; exec=3; lib=0; plugin=0; kmod=0; paths=/usr/sbin/dhcpinfo.sh | /usr/lib/dnsmasq/dhcp-script.sh | /etc/dnsmasq.conf | /etc/config/dhcp | /usr/share/dnsmasq/rfc6761.conf | /usr/share/acl.d/dnsmasq_acl.json | /lib/upgrade/keep.d/dnsmasq,dnsmasq,Thekelleys,2.89,PRODUCT_IDENTITY_CONFIRMED,The exact package description and installed core executable/library identify the named upstream product; package role was not used as a hard gate.,Source=package/network/services/dnsmasq; Description=It is intended to provide coupled DNS and DHCP service to a LAN.; paths=/usr/sbin/dhcpinfo.sh | /usr/lib/dnsmasq/dhcp-script.sh | /etc/dnsmasq.conf | /etc/config/dhcp | /usr/share/dnsmasq/rfc6761.conf | /usr/share/acl.d/dnsmasq_acl.json | /lib/upgrade/keep.d/dnsmasq; siblings=dnsmasq,PRODUCT_SPECIFIC_UPSTREAM_VERSION_NORMALIZATION,Observed 2.89-42.4 was normalized to 2.89 using the exact package/source structure and product-specific official release evidence.,a:thekelleys:dnsmasq,VERIFIED_UPSTREAM_TO_CPE_FAMILY,ACTIVE_EXACT,cpe:2.3:a:thekelleys:dnsmasq:2.89:*:*:*:*:*:*:*,,NOT_ENCOUNTERED,,false,false,,cpe:2.3:a:thekelleys:dnsmasq:2.89:*:*:*:*:*:*:*,OFFICIAL_CPE_MAPPED,ACTIVE_EXACT,"[""VENDOR"", ""VERSION""]",STRONG,true,PROPOSED_GT_CPE_CONFIRMATION,control=/usr/lib/opkg/info/dnsmasq.control; list=/usr/lib/opkg/info/dnsmasq.list; status_version_matches=True
199660,dropbear,2020.81-3,cpe:2.3:a:dropbear:dropbear:2020.81-3:*:*:*:*:*:*:*,package/network/services/dropbear,dropbear,A small SSH2 server/client designed for small memory environments.,files=7; exec=3; lib=0; plugin=0; kmod=0; paths=/usr/bin/dbclient | /usr/bin/dropbearkey | /etc/dropbear/dropbear_ed25519_host_key | /etc/init.d/dropbear | /lib/preinit/99_10_failsafe_dropbear,Dropbear SSH,Dropbear SSH project,2020.81,PRODUCT_IDENTITY_CONFIRMED,The exact package description and installed core executable/library identify the named upstream product; package role was not used as a hard gate.,Source=package/network/services/dropbear; Description=A small SSH2 server/client designed for small memory environments.; paths=/usr/bin/dbclient | /usr/bin/dropbearkey | /etc/dropbear/dropbear_ed25519_host_key | /etc/init.d/dropbear | /lib/preinit/99_10_failsafe_dropbear; siblings=dropbear,PRODUCT_SPECIFIC_UPSTREAM_VERSION_NORMALIZATION,Observed 2020.81-3 was normalized to 2020.81 using the exact package/source structure and product-specific official release evidence.,a:dropbear_ssh_project:dropbear_ssh,VERIFIED_UPSTREAM_TO_CPE_FAMILY,ACTIVE_EXACT,cpe:2.3:a:dropbear_ssh_project:dropbear_ssh:2020.81:*:*:*:*:*:*:*,,NOT_ENCOUNTERED,,false,false,,cpe:2.3:a:dropbear_ssh_project:dropbear_ssh:2020.81:*:*:*:*:*:*:*,OFFICIAL_CPE_MAPPED,ACTIVE_EXACT,"[""VENDOR"", ""PRODUCT"", ""VERSION""]",STRONG,true,PROPOSED_GT_CPE_CONFIRMATION,control=/usr/lib/opkg/info/dropbear.control; list=/usr/lib/opkg/info/dropbear.list; status_version_matches=True
199661,e2fsprogs,1.47.0-2,cpe:2.3:a:e2fsprogs:e2fsprogs:1.47.0-2:*:*:*:*:*:*:*,package/utils/e2fsprogs,e2fsprogs,"This package contains essential ext2 filesystem utilities which consists of
e2fsck, mke2fs and most of the other core ext2 filesystem utilities.",files=6; exec=4; lib=2; plugin=0; kmod=0; paths=/usr/sbin/mkfs.ext2 | /usr/sbin/mkfs.ext3 | /usr/lib/libe2p.so.2 | /usr/lib/libe2p.so.2.3,e2fsprogs,e2fsprogs project,1.47.0,PRODUCT_IDENTITY_CONFIRMED,The exact package description and installed core executable/library identify the named upstream product; package role was not used as a hard gate.,"Source=package/utils/e2fsprogs; Description=This package contains essential ext2 filesystem utilities which consists of
e2fsck, mke2fs and most of the other core ext2 filesystem utilities.; paths=/usr/sbin/mkfs.ext2 | /usr/sbin/mkfs.ext3 | /usr/lib/libe2p.so.2 | /usr/lib/libe2p.so.2.3; siblings=e2fsprogs | libcomerr0 | libext2fs2 | libss2",PRODUCT_SPECIFIC_UPSTREAM_VERSION_NORMALIZATION,Observed 1.47.0-2 was normalized to 1.47.0 using the exact package/source structure and product-specific official release evidence.,a:e2fsprogs_project:e2fsprogs,VERIFIED_UPSTREAM_TO_CPE_FAMILY,VERSION_NOT_IN_DICTIONARY,,,NOT_ENCOUNTERED,,false,false,,cpe:2.3:a:e2fsprogs_project:e2fsprogs:1.47.0:*:*:*:*:*:*:*,VERSION_NOT_IN_DICTIONARY,ACTIVE_FAMILY_EXACT_VERSION_ABSENT,"[""VENDOR"", ""VERSION""]",STRONG,true,PROPOSED_GT_CPE_CONFIRMATION,control=/usr/lib/opkg/info/e2fsprogs.control; list=/usr/lib/opkg/info/e2fsprogs.list; status_version_matches=True
199662,esim-lpac,1.3.11,cpe:2.3:a:esim-lpac:esim-lpac:1.3.11:*:*:*:*:*:*:*,package/teltonika/esim-lpac,esim-lpac,eSIM Lpac manager,files=3; exec=2; lib=0; plugin=0; kmod=0; paths=/sbin/lpac | /sbin/esim_delete_profiles | /etc/lpac_config.json,LPAC Manager,Teltonika,1.3.11,PRODUCT_IDENTITY_CONFIRMED,"Exact vendor control, description, and installed payload establish this internal software product/library without inheriting another Source product.",Source=package/teltonika/esim-lpac; Description=eSIM Lpac manager; paths=/sbin/lpac | /sbin/esim_delete_profiles | /etc/lpac_config.json; siblings=esim-lpac | liblpac | lua_lpac | rpc_esim,VENDOR_PRODUCT_IDENTIFIER_PRESERVED,The complete exact installed vendor Version is preserved; no unproved package-release suffix is removed.,a:teltonika:lpac_manager,EXACT_VENDOR_AND_PRODUCT_IDENTITY_TUPLE,NO_DIRECT_CPE,,,NOT_ENCOUNTERED,,true,false,,,DIRECT_OFFICIAL_CPE_NOT_CONFIRMED,NO_CPE_REPRESENTATION,N/A,MODERATE,true,PRODUCT_WITHOUT_CONFIRMED_DIRECT_CPE,control=/usr/lib/opkg/info/esim-lpac.control; list=/usr/lib/opkg/info/esim-lpac.list; status_version_matches=True
199663,ethtool,5.10-1,cpe:2.3:a:ethtool:ethtool:5.10-1:*:*:*:*:*:*:*,package/network/utils/ethtool,ethtool,"ethtool is a small utility for examining and tuning your ethernet-based
network interface",files=1; exec=1; lib=0; plugin=0; kmod=0; paths=/usr/sbin/ethtool,ethtool,Linux kernel project,5.10,PRODUCT_IDENTITY_CONFIRMED,The exact package description and installed core executable/library identify the named upstream product; package role was not used as a hard gate.,"Source=package/network/utils/ethtool; Description=ethtool is a small utility for examining and tuning your ethernet-based
network interface; paths=/usr/sbin/ethtool; siblings=ethtool",PRODUCT_SPECIFIC_UPSTREAM_VERSION_NORMALIZATION,Observed 5.10-1 was normalized to 5.10 using the exact package/source structure and product-specific official release evidence.,a:kernel:ethtool,VERIFIED_UPSTREAM_TO_CPE_FAMILY,VERSION_NOT_IN_DICTIONARY,,,NOT_ENCOUNTERED,,false,false,,cpe:2.3:a:kernel:ethtool:5.10:*:*:*:*:*:*:*,VERSION_NOT_IN_DICTIONARY,ACTIVE_FAMILY_EXACT_VERSION_ABSENT,"[""VENDOR"", ""VERSION""]",STRONG,true,PROPOSED_GT_CPE_CONFIRMATION,control=/usr/lib/opkg/info/ethtool.control; list=/usr/lib/opkg/info/ethtool.list; status_version_matches=True
199664,event-juggler,1.0,cpe:2.3:a:event-juggler:event-juggler:1.0:*:*:*:*:*:*:*,package/teltonika/event_juggler,event-juggler,Event juggler package,files=7; exec=2; lib=0; plugin=0; kmod=0; paths=/usr/sbin/event_juggler | /lib/troubleshoot/event_juggler.sh | /etc/init.d/event_juggler | /etc/uci-defaults/7.13/99-event_juggler,event juggler,Teltonika,1.0,PRODUCT_IDENTITY_CONFIRMED,"Exact vendor control, description, and installed payload establish this internal software product/library without inheriting another Source product.",Source=package/teltonika/event_juggler; Description=Event juggler package; paths=/usr/sbin/event_juggler | /lib/troubleshoot/event_juggler.sh | /etc/init.d/event_juggler | /etc/uci-defaults/7.13/99-event_juggler; siblings=event-juggler,VENDOR_PRODUCT_IDENTIFIER_PRESERVED,The complete exact installed vendor Version is preserved; no unproved package-release suffix is removed.,a:teltonika:event_juggler,EXACT_VENDOR_AND_PRODUCT_IDENTITY_TUPLE,NO_DIRECT_CPE,,,NOT_ENCOUNTERED,,true,false,,,DIRECT_OFFICIAL_CPE_NOT_CONFIRMED,NO_CPE_REPRESENTATION,N/A,MODERATE,true,PRODUCT_WITHOUT_CONFIRMED_DIRECT_CPE,control=/usr/lib/opkg/info/event-juggler.control; list=/usr/lib/opkg/info/event-juggler.list; status_version_matches=True
199665,exfat-mkfs,1.1.3-4,cpe:2.3:a:exfat-mkfs:exfat-mkfs:1.1.3-4:*:*:*:*:*:*:*,package/utils/exfatprogs,exfat-mkfs,Utility for creating an exFAT File System,files=1; exec=1; lib=0; plugin=0; kmod=0; paths=/usr/sbin/mkfs.exfat,exfatprogs,exfatprogs project,1.1.3,PRODUCT_IDENTITY_CONFIRMED,The exact package description and installed core executable/library identify the named upstream product; package role was not used as a hard gate.,Source=package/utils/exfatprogs; Description=Utility for creating an exFAT File System; paths=/usr/sbin/mkfs.exfat; siblings=exfat-mkfs,PRODUCT_SPECIFIC_UPSTREAM_VERSION_NORMALIZATION,Observed 1.1.3-4 was normalized to 1.1.3 using the exact package/source structure and product-specific official release evidence.,a:namjaejeon:exfatprogs,VERIFIED_UPSTREAM_TO_CPE_FAMILY,ACTIVE_EXACT,cpe:2.3:a:namjaejeon:exfatprogs:1.1.3:*:*:*:*:*:*:*,,NOT_ENCOUNTERED,,false,false,,cpe:2.3:a:namjaejeon:exfatprogs:1.1.3:*:*:*:*:*:*:*,OFFICIAL_CPE_MAPPED,ACTIVE_EXACT,"[""VENDOR"", ""PRODUCT"", ""VERSION""]",MODERATE,true,PROPOSED_GT_CPE_CONFIRMATION,control=/usr/lib/opkg/info/exfat-mkfs.control; list=/usr/lib/opkg/info/exfat-mkfs.list; status_version_matches=True
199666,ezopcua,2025-05-09-1,cpe:2.3:a:ezopcua:ezopcua:2025-05-09-1:*:*:*:*:*:*:*,package/teltonika/libs/ezopcua,ezopcua,A simple convenience wrapper of open62541 library,files=1; exec=0; lib=1; plugin=0; kmod=0; paths=/usr/lib/libezopcua.so,ezopcua,Teltonika,2025-05-09-1,PRODUCT_IDENTITY_CONFIRMED,"Exact vendor control, description, and installed payload establish this internal software product/library without inheriting another Source product.",Source=package/teltonika/libs/ezopcua; Description=A simple convenience wrapper of open62541 library; paths=/usr/lib/libezopcua.so; siblings=ezopcua,VENDOR_PRODUCT_IDENTIFIER_PRESERVED,The complete exact installed vendor Version is preserved; no unproved package-release suffix is removed.,a:teltonika:ezopcua,EXACT_VENDOR_AND_PRODUCT_IDENTITY_TUPLE,NO_DIRECT_CPE,,,NOT_ENCOUNTERED,,true,false,,,DIRECT_OFFICIAL_CPE_NOT_CONFIRMED,NO_CPE_REPRESENTATION,N/A,MODERATE,true,PRODUCT_WITHOUT_CONFIRMED_DIRECT_CPE,control=/usr/lib/opkg/info/ezopcua.control; list=/usr/lib/opkg/info/ezopcua.list; status_version_matches=True
199667,firewall,2022-02-17-4cd7d4f3-12,cpe:2.3:a:firewall:firewall:2022-02-17-4cd7d4f3-12:*:*:*:*:*:*:*,package/network/config/firewall,firewall,This package provides a config-compatible C implementation of the UCI firewall.,files=7; exec=2; lib=0; plugin=0; kmod=0; paths=/sbin/fw3 | /usr/bin/attack_prevention | /etc/init.d/firewall | /etc/config/firewall | /usr/share/fw3/helpers.conf,firewall,OpenWrt,2022-02-17-4cd7d4f3,PRODUCT_IDENTITY_CONFIRMED,"Exact control Source, description, and core executable/library payload establish the OpenWrt software product independently of CPE metadata.",Source=package/network/config/firewall; Description=This package provides a config-compatible C implementation of the UCI firewall.; paths=/sbin/fw3 | /usr/bin/attack_prevention | /etc/init.d/firewall | /etc/config/firewall | /usr/share/fw3/helpers.conf; siblings=firewall,DATE_OR_GIT_SOURCE_VERSION,"Date/hash structure, SourceDateEpoch, and official OpenWrt PKG_RELEASE policy jointly identify only the final suffix as packaging metadata.",a:openwrt:firewall,EXACT_OPENWRT_PROJECT_AND_PRODUCT_IDENTITY_TUPLE,NO_DIRECT_CPE,,,NOT_ENCOUNTERED,,true,false,,,DIRECT_OFFICIAL_CPE_NOT_CONFIRMED,NO_CPE_REPRESENTATION,N/A,MODERATE,true,PRODUCT_WITHOUT_CONFIRMED_DIRECT_CPE,control=/usr/lib/opkg/info/firewall.control; list=/usr/lib/opkg/info/firewall.list; status_version_matches=True
199668,fmt-usb-msd,2023-01-11,cpe:2.3:a:fmt-usb-msd:fmt-usb-msd:2023-01-11:*:*:*:*:*:*:*,package/teltonika/fmt-usb-msd,fmt-usb-msd,Formats USB Mass Storage Devices to exFat or journal-less EXT4,files=1; exec=1; lib=0; plugin=0; kmod=0; paths=/bin/fmt-usb-msd.sh,fmt usb msd,Teltonika,2023-01-11,PRODUCT_IDENTITY_CONFIRMED,"Exact vendor control, description, and installed payload establish this internal software product/library without inheriting another Source product.",Source=package/teltonika/fmt-usb-msd; Description=Formats USB Mass Storage Devices to exFat or journal-less EXT4; paths=/bin/fmt-usb-msd.sh; siblings=fmt-usb-msd,VENDOR_PRODUCT_IDENTIFIER_PRESERVED,The complete exact installed vendor Version is preserved; no unproved package-release suffix is removed.,a:teltonika:fmt_usb_msd,EXACT_VENDOR_AND_PRODUCT_IDENTITY_TUPLE,NO_DIRECT_CPE,,,NOT_ENCOUNTERED,,true,false,,,DIRECT_OFFICIAL_CPE_NOT_CONFIRMED,NO_CPE_REPRESENTATION,N/A,MODERATE,true,PRODUCT_WITHOUT_CONFIRMED_DIRECT_CPE,control=/usr/lib/opkg/info/fmt-usb-msd.control; list=/usr/lib/opkg/info/fmt-usb-msd.list; status_version_matches=True
199669,fstools,2022-05-03-9e11b372-28,cpe:2.3:a:fstools:fstools:2022-05-03-9e11b372-28:*:*:*:*:*:*:*,package/system/fstools,fstools,OpenWrt filesystem tools,files=4; exec=3; lib=1; plugin=0; kmod=0; paths=/sbin/mount_root | /sbin/jffs2reset | /lib/libfstools.so,fstools,OpenWrt,2022-05-03-9e11b372,PRODUCT_IDENTITY_CONFIRMED,"Exact control Source, description, and core executable/library payload establish the OpenWrt software product independently of CPE metadata.",Source=package/system/fstools; Description=OpenWrt filesystem tools; paths=/sbin/mount_root | /sbin/jffs2reset | /lib/libfstools.so; siblings=block-mount | fstools,DATE_OR_GIT_SOURCE_VERSION,"Date/hash structure, SourceDateEpoch, and official OpenWrt PKG_RELEASE policy jointly identify only the final suffix as packaging metadata.",a:openwrt:fstools,EXACT_OPENWRT_PROJECT_AND_PRODUCT_IDENTITY_TUPLE,NO_DIRECT_CPE,,,NOT_ENCOUNTERED,,true,false,,,DIRECT_OFFICIAL_CPE_NOT_CONFIRMED,NO_CPE_REPRESENTATION,N/A,MODERATE,true,PRODUCT_WITHOUT_CONFIRMED_DIRECT_CPE,control=/usr/lib/opkg/info/fstools.control; list=/usr/lib/opkg/info/fstools.list; status_version_matches=True
199670,fwcert,1.0,cpe:2.3:a:fwcert:fwcert:1.0:*:*:*:*:*:*:*,package/system/fwcert,fwcert,Firmware certificate verification utility,files=1; exec=1; lib=0; plugin=0; kmod=0; paths=/usr/bin/fwcert,fwcert,OpenWrt,1.0,PRODUCT_IDENTITY_CONFIRMED,"Exact control Source, description, and core executable/library payload establish the OpenWrt software product independently of CPE metadata.",Source=package/system/fwcert; Description=Firmware certificate verification utility; paths=/usr/bin/fwcert; siblings=fwcert,EXACT_INSTALLED_PRODUCT_IDENTIFIER,No suffix was removed; the exact installed Version is preserved as the product identifier.,a:openwrt:fwcert,EXACT_OPENWRT_PROJECT_AND_PRODUCT_IDENTITY_TUPLE,NO_DIRECT_CPE,,,NOT_ENCOUNTERED,,true,false,,,DIRECT_OFFICIAL_CPE_NOT_CONFIRMED,NO_CPE_REPRESENTATION,N/A,MODERATE,true,PRODUCT_WITHOUT_CONFIRMED_DIRECT_CPE,control=/usr/lib/opkg/info/fwcert.control; list=/usr/lib/opkg/info/fwcert.list; status_version_matches=True
199671,fwtool,2019-11-12-8f7fe925-1,cpe:2.3:a:fwtool:fwtool:2019-11-12-8f7fe925-1:*:*:*:*:*:*:*,package/system/fwtool,fwtool,Utility for appending and extracting firmware metadata and signatures,files=1; exec=1; lib=0; plugin=0; kmod=0; paths=/usr/bin/fwtool,fwtool,OpenWrt,2019-11-12-8f7fe925,PRODUCT_IDENTITY_CONFIRMED,"Exact control Source, description, and core executable/library payload establish the OpenWrt software product independently of CPE metadata.",Source=package/system/fwtool; Description=Utility for appending and extracting firmware metadata and signatures; paths=/usr/bin/fwtool; siblings=fwtool,DATE_OR_GIT_SOURCE_VERSION,"Date/hash structure, SourceDateEpoch, and official OpenWrt PKG_RELEASE policy jointly identify only the final suffix as packaging metadata.",a:openwrt:fwtool,EXACT_OPENWRT_PROJECT_AND_PRODUCT_IDENTITY_TUPLE,NO_DIRECT_CPE,,,NOT_ENCOUNTERED,,true,false,,,DIRECT_OFFICIAL_CPE_NOT_CONFIRMED,NO_CPE_REPRESENTATION,N/A,MODERATE,true,PRODUCT_WITHOUT_CONFIRMED_DIRECT_CPE,control=/usr/lib/opkg/info/fwtool.control; list=/usr/lib/opkg/info/fwtool.list; status_version_matches=True
199672,getrandom,2020-10-25-9ef88681-10,cpe:2.3:a:getrandom:getrandom:2020-10-25-9ef88681-10:*:*:*:*:*:*:*,package/system/ubox,getrandom,OpenWrt getrandom system helper,files=1; exec=1; lib=0; plugin=0; kmod=0; paths=/usr/bin/getrandom,ubox,OpenWrt,2020-10-25-9ef88681,PRODUCT_IDENTITY_CONFIRMED,"Exact control Source, description, and core executable/library payload establish the OpenWrt software product independently of CPE metadata.",Source=package/system/ubox; Description=OpenWrt getrandom system helper; paths=/usr/bin/getrandom; siblings=getrandom | logd | ubox,DATE_OR_GIT_SOURCE_VERSION,"Date/hash structure, SourceDateEpoch, and official OpenWrt PKG_RELEASE policy jointly identify only the final suffix as packaging metadata.",a:openwrt:ubox,EXACT_OPENWRT_PROJECT_AND_PRODUCT_IDENTITY_TUPLE,NO_DIRECT_CPE,,,NOT_ENCOUNTERED,,true,false,,,DIRECT_OFFICIAL_CPE_NOT_CONFIRMED,NO_CPE_REPRESENTATION,N/A,MODERATE,true,PRODUCT_WITHOUT_CONFIRMED_DIRECT_CPE,control=/usr/lib/opkg/info/getrandom.control; list=/usr/lib/opkg/info/getrandom.list; status_version_matches=True
199673,gkeepalive,2024-06-19-1,cpe:2.3:a:gkeepalive:gkeepalive:2024-06-19-1:*:*:*:*:*:*:*,package/teltonika/gkeepalive,gkeepalive,GRE keepalive packet sender/receiver.,files=4; exec=1; lib=0; plugin=0; kmod=0; paths=/usr/bin/gkeepalive | /etc/init.d/gre_tunnel | /usr/share/gkeepalive/90-gre-keep-alive | /usr/share/acl.d/gkeepalive.json,gkeepalive,Teltonika,2024-06-19-1,PRODUCT_IDENTITY_CONFIRMED,"Exact vendor control, description, and installed payload establish this internal software product/library without inheriting another Source product.",Source=package/teltonika/gkeepalive; Description=GRE keepalive packet sender/receiver.; paths=/usr/bin/gkeepalive | /etc/init.d/gre_tunnel | /usr/share/gkeepalive/90-gre-keep-alive | /usr/share/acl.d/gkeepalive.json; siblings=gkeepalive,VENDOR_PRODUCT_IDENTIFIER_PRESERVED,The complete exact installed vendor Version is preserved; no unproved package-release suffix is removed.,a:teltonika:gkeepalive,EXACT_VENDOR_AND_PRODUCT_IDENTITY_TUPLE,NO_DIRECT_CPE,,,NOT_ENCOUNTERED,,true,false,,,DIRECT_OFFICIAL_CPE_NOT_CONFIRMED,NO_CPE_REPRESENTATION,N/A,MODERATE,true,PRODUCT_WITHOUT_CONFIRMED_DIRECT_CPE,control=/usr/lib/opkg/info/gkeepalive.control; list=/usr/lib/opkg/info/gkeepalive.list; status_version_matches=True
199674,gpiod-tools,1.6.3-1,cpe:2.3:a:gpiod-tools:gpiod-tools:1.6.3-1:*:*:*:*:*:*:*,package/libs/libgpiod,gpiod-tools,"Tools for interacting with the linux GPIO character device
(gpiod stands for GPIO device), minimal required version.",files=3; exec=3; lib=0; plugin=0; kmod=0; paths=/usr/bin/gpiofind | /usr/bin/gpioset,libgpiod,Linux GPIO project,1.6.3,PRODUCT_IDENTITY_CONFIRMED,The exact package description and installed core executable/library identify the named upstream product; package role was not used as a hard gate.,"Source=package/libs/libgpiod; Description=Tools for interacting with the linux GPIO character device
(gpiod stands for GPIO device), minimal required version.; paths=/usr/bin/gpiofind | /usr/bin/gpioset; siblings=gpiod-tools | libgpiod",PRODUCT_SPECIFIC_UPSTREAM_VERSION_NORMALIZATION,Observed 1.6.3-1 was normalized to 1.6.3 using the exact package/source structure and product-specific official release evidence.,a:libgpiod_project:libgpiod,PROJECT_IDENTITY_TUPLE_NO_DICTIONARY_FAMILY,NO_DIRECT_CPE,,,NOT_ENCOUNTERED,,true,false,,,DIRECT_OFFICIAL_CPE_NOT_CONFIRMED,NO_CPE_REPRESENTATION,N/A,STRONG,true,PRODUCT_WITHOUT_CONFIRMED_DIRECT_CPE,control=/usr/lib/opkg/info/gpiod-tools.control; list=/usr/lib/opkg/info/gpiod-tools.list; status_version_matches=True
199675,gpsctl,2025-04-29-2,cpe:2.3:a:gpsctl:gpsctl:2025-04-29-2:*:*:*:*:*:*:*,package/teltonika/gps,gpsctl,Console line interface for gpsd daemon.,files=1; exec=1; lib=0; plugin=0; kmod=0; paths=/usr/sbin/gpsctl,Teltonika GPS Service,Teltonika,2025-04-29-2,PRODUCT_IDENTITY_CONFIRMED,"Exact vendor control, description, and installed payload establish this internal software product/library without inheriting another Source product.",Source=package/teltonika/gps; Description=Console line interface for gpsd daemon.; paths=/usr/sbin/gpsctl; siblings=avl | gpsctl | gpsd | libgps | ntp_gps,VENDOR_PRODUCT_IDENTIFIER_PRESERVED,The complete exact installed vendor Version is preserved; no unproved package-release suffix is removed.,a:teltonika:teltonika_gps_service,EXACT_VENDOR_AND_PRODUCT_IDENTITY_TUPLE,NO_DIRECT_CPE,,,NOT_ENCOUNTERED,,true,false,,,DIRECT_OFFICIAL_CPE_NOT_CONFIRMED,NO_CPE_REPRESENTATION,N/A,MODERATE,true,PRODUCT_WITHOUT_CONFIRMED_DIRECT_CPE,control=/usr/lib/opkg/info/gpsctl.control; list=/usr/lib/opkg/info/gpsctl.list; status_version_matches=True
199676,gpsd,2025-04-29-2,cpe:2.3:a:gpsd:gpsd:2025-04-29-2:*:*:*:*:*:*:*,package/teltonika/gps,gpsd,Deamon providing gps related functionality.,files=6; exec=1; lib=0; plugin=0; kmod=0; paths=/usr/sbin/gpsd | /etc/config/gps | /etc/uci-defaults/7.10/01_gps_add_nmea_rules,Teltonika GPS Service,Teltonika,2025-04-29-2,PRODUCT_IDENTITY_CONFIRMED,"Exact vendor control, description, and installed payload establish this internal software product/library without inheriting another Source product.",Source=package/teltonika/gps; Description=Deamon providing gps related functionality.; paths=/usr/sbin/gpsd | /etc/config/gps | /etc/uci-defaults/7.10/01_gps_add_nmea_rules; siblings=avl | gpsctl | gpsd | libgps | ntp_gps,VENDOR_PRODUCT_IDENTIFIER_PRESERVED,The complete exact installed vendor Version is preserved; no unproved package-release suffix is removed.,a:teltonika:teltonika_gps_service,EXACT_VENDOR_AND_PRODUCT_IDENTITY_TUPLE,NO_DIRECT_CPE,,,NOT_ENCOUNTERED,,true,false,,,DIRECT_OFFICIAL_CPE_NOT_CONFIRMED,NO_CPE_REPRESENTATION,N/A,MODERATE,true,PRODUCT_WITHOUT_CONFIRMED_DIRECT_CPE,control=/usr/lib/opkg/info/gpsd.control; list=/usr/lib/opkg/info/gpsd.list; status_version_matches=True
199677,gre,12,cpe:2.3:a:gre:gre:12:*:*:*:*:*:*:*,package/network/config/gre,gre,Generic Routing Encapsulation config support (IPv4 and IPv6) in /etc/config/network.,files=4; exec=1; lib=0; plugin=0; kmod=0; paths=/lib/netifd/proto/gre.sh | /lib/netifd/proto/gretap.sh | /lib/netifd/proto/grev6tap.sh,gre,OpenWrt/upstream source,12,DIRECT_SUBCOMPONENT_NO_PARENT_INHERITANCE,"Package payload is a configuration, split support, suite library, or optional subsystem; no parent CPE is inherited.",Exact control/list/status: Source=package/network/config/gre; role=PRODUCT_OR_MAIN_PACKAGE; Description=Generic Routing Encapsulation config support (IPv4 and IPv6) in /etc/config/network.; paths=/lib/netifd/proto/gre.sh | /lib/netifd/proto/gretap.sh | /lib/netifd/proto/grev6tap.sh,OBSERVED_COMPONENT_VERSION_PRESERVED_NO_PARENT_MAPPING,Exact installed control Version equals the SBOM version; no parent product version is inferred.,,,NO_DIRECT_CPE,,,NOT_ENCOUNTERED,,false,false,,,DIRECT_OFFICIAL_CPE_NOT_CONFIRMED,NON_DIRECT_SUBCOMPONENT,N/A,MODERATE,false,,control=/usr/lib/opkg/info/gre.control; list=/usr/lib/opkg/info/gre.list; status_version_matches=True
199678,gsmctl,f61d039a,cpe:2.3:a:gsmctl:gsmctl:f61d039a:*:*:*:*:*:*:*,package/teltonika/gsm,gsmctl,Simple executable application to execute and read GSM modem AT commands. Created by Teltonika,files=1; exec=1; lib=0; plugin=0; kmod=0; paths=/usr/sbin/gsmctl,Teltonika GSM Service,Teltonika,f61d039a,PRODUCT_IDENTITY_CONFIRMED,"Exact vendor control, description, and installed payload establish this internal software product/library without inheriting another Source product.",Source=package/teltonika/gsm; Description=Simple executable application to execute and read GSM modem AT commands. Created by Teltonika; paths=/usr/sbin/gsmctl; siblings=gsmctl | gsmd | libgsm1.0 | liburc,VENDOR_PRODUCT_IDENTIFIER_PRESERVED,The complete exact installed vendor Version is preserved; no unproved package-release suffix is removed.,a:teltonika:teltonika_gsm_service,EXACT_VENDOR_AND_PRODUCT_IDENTITY_TUPLE,NO_DIRECT_CPE,,,NOT_ENCOUNTERED,,true,false,,,DIRECT_OFFICIAL_CPE_NOT_CONFIRMED,NO_CPE_REPRESENTATION,N/A,WEAK,true,WEAK_EVIDENCE | OPAQUE_VENDOR_VERSION_IDENTIFIER | PRODUCT_WITHOUT_CONFIRMED_DIRECT_CPE,control=/usr/lib/opkg/info/gsmctl.control; list=/usr/lib/opkg/info/gsmctl.list; status_version_matches=True
199679,gsmd,f61d039a,cpe:2.3:a:gsmd:gsmd:f61d039a:*:*:*:*:*:*:*,package/teltonika/gsm,gsmd,Simple server to route GSM modem AT commands. Created by Teltonika,files=11; exec=3; lib=0; plugin=0; kmod=0; paths=/usr/sbin/gsmd | /bin/board_modem | /etc/init.d/gsmd | /etc/config/simcard | /usr/share/iface/89-gsm-event | /usr/share/gsm/4-notify-send-sms,Teltonika GSM Service,Teltonika,f61d039a,PRODUCT_IDENTITY_CONFIRMED,"Exact vendor control, description, and installed payload establish this internal software product/library without inheriting another Source product.",Source=package/teltonika/gsm; Description=Simple server to route GSM modem AT commands. Created by Teltonika; paths=/usr/sbin/gsmd | /bin/board_modem | /etc/init.d/gsmd | /etc/config/simcard | /usr/share/iface/89-gsm-event | /usr/share/gsm/4-notify-send-sms; siblings=gsmctl | gsmd | libgsm1.0 | liburc,VENDOR_PRODUCT_IDENTIFIER_PRESERVED,The complete exact installed vendor Version is preserved; no unproved package-release suffix is removed.,a:teltonika:teltonika_gsm_service,EXACT_VENDOR_AND_PRODUCT_IDENTITY_TUPLE,NO_DIRECT_CPE,,,NOT_ENCOUNTERED,,true,false,,,DIRECT_OFFICIAL_CPE_NOT_CONFIRMED,NO_CPE_REPRESENTATION,N/A,WEAK,true,WEAK_EVIDENCE | OPAQUE_VENDOR_VERSION_IDENTIFIER | PRODUCT_WITHOUT_CONFIRMED_DIRECT_CPE,control=/usr/lib/opkg/info/gsmd.control; list=/usr/lib/opkg/info/gsmd.list; status_version_matches=True
199680,hostapd-common,2023-09-08-e5ccbfc6-11,cpe:2.3:a:hostapd-common:hostapd-common:2023-09-08-e5ccbfc6-11:*:*:*:*:*:*:*,package/network/services/hostapd,hostapd-common,hostapd/wpa_supplicant common support files,files=6; exec=1; lib=0; plugin=0; kmod=0; paths=/lib/netifd/dhcp-get-server.sh | /etc/capabilities/wpad.json | /etc/init.d/wpad | /usr/share/acl.d/wpad_acl.json | /usr/share/hostap/wdev.uc,hostapd common,OpenWrt/upstream source,2023-09-08-e5ccbfc6-11,DIRECT_SUBCOMPONENT_NO_PARENT_INHERITANCE,"Package payload is a configuration, split support, suite library, or optional subsystem; no parent CPE is inherited.",Exact control/list/status: Source=package/network/services/hostapd; role=SPLIT_RUNTIME_PACKAGE; Description=hostapd/wpa_supplicant common support files; paths=/lib/netifd/dhcp-get-server.sh | /etc/capabilities/wpad.json | /etc/init.d/wpad | /usr/share/acl.d/wpad_acl.json | /usr/share/hostap/wdev.uc,OBSERVED_COMPONENT_VERSION_PRESERVED_NO_PARENT_MAPPING,Exact installed control Version equals the SBOM version; no parent product version is inferred.,,,NO_DIRECT_CPE,,,NOT_ENCOUNTERED,,false,false,,,DIRECT_OFFICIAL_CPE_NOT_CONFIRMED,NON_DIRECT_SUBCOMPONENT,N/A,MODERATE,false,,control=/usr/lib/opkg/info/hostapd-common.control; list=/usr/lib/opkg/info/hostapd-common.list; status_version_matches=True
199681,io_scheduler,1.2,cpe:2.3:a:io_scheduler:io_scheduler:1.2:*:*:*:*:*:*:*,package/teltonika/io_scheduler,io_scheduler,Daemon providing I/O scheduling features,files=5; exec=1; lib=0; plugin=0; kmod=0; paths=/usr/bin/scheduler | /etc/uci-defaults/7.13/00_io_scheduler | /etc/init.d/ioman_scheduler | /usr/share/acl.d/io_scheduler.json,io scheduler,Teltonika,1.2,PRODUCT_IDENTITY_CONFIRMED,"Exact vendor control, description, and installed payload establish this internal software product/library without inheriting another Source product.",Source=package/teltonika/io_scheduler; Description=Daemon providing I/O scheduling features; paths=/usr/bin/scheduler | /etc/uci-defaults/7.13/00_io_scheduler | /etc/init.d/ioman_scheduler | /usr/share/acl.d/io_scheduler.json; siblings=io_scheduler,VENDOR_PRODUCT_IDENTIFIER_PRESERVED,The complete exact installed vendor Version is preserved; no unproved package-release suffix is removed.,a:teltonika:io_scheduler,EXACT_VENDOR_AND_PRODUCT_IDENTITY_TUPLE,NO_DIRECT_CPE,,,NOT_ENCOUNTERED,,true,false,,,DIRECT_OFFICIAL_CPE_NOT_CONFIRMED,NO_CPE_REPRESENTATION,N/A,MODERATE,true,PRODUCT_WITHOUT_CONFIRMED_DIRECT_CPE,control=/usr/lib/opkg/info/io_scheduler.control; list=/usr/lib/opkg/info/io_scheduler.list; status_version_matches=True
199682,iomand1.0,2.23.0,cpe:2.3:a:iomand1.0:iomand1.0:2.23.0:*:*:*:*:*:*:*,package/teltonika/iomand,iomand,Daemon providing I/O related functionality.,files=5; exec=1; lib=1; plugin=0; kmod=0; paths=/usr/bin/iomand | /usr/lib/libioman.so | /etc/init.d/ioman | /etc/uci-defaults/etc/99_sms_utils-iomand | /lib/upgrade/keep.d/iomand,iomand1.0,Teltonika,2.23.0,PRODUCT_IDENTITY_CONFIRMED,"Exact vendor control, description, and installed payload establish this internal software product/library without inheriting another Source product.",Source=package/teltonika/iomand; Description=Daemon providing I/O related functionality.; paths=/usr/bin/iomand | /usr/lib/libioman.so | /etc/init.d/ioman | /etc/uci-defaults/etc/99_sms_utils-iomand | /lib/upgrade/keep.d/iomand; siblings=iomand1.0,VENDOR_PRODUCT_IDENTIFIER_PRESERVED,The complete exact installed vendor Version is preserved; no unproved package-release suffix is removed.,a:teltonika:iomand1.0,EXACT_VENDOR_AND_PRODUCT_IDENTITY_TUPLE,NO_DIRECT_CPE,,,NOT_ENCOUNTERED,,true,false,,,DIRECT_OFFICIAL_CPE_NOT_CONFIRMED,NO_CPE_REPRESENTATION,N/A,MODERATE,true,PRODUCT_WITHOUT_CONFIRMED_DIRECT_CPE,control=/usr/lib/opkg/info/iomand1.0.control; list=/usr/lib/opkg/info/iomand1.0.list; status_version_matches=True
199683,ip-full,5.19.0-8,cpe:2.3:a:ip-full:ip-full:5.19.0-8:*:*:*:*:*:*:*,package/network/utils/iproute2,ip-full,Routing control utility (full),files=1; exec=1; lib=0; plugin=0; kmod=0; paths=/usr/libexec/ip-full,iproute2,iproute2 project,5.19.0,PRODUCT_IDENTITY_CONFIRMED,The exact package description and installed core executable/library identify the named upstream product; package role was not used as a hard gate.,Source=package/network/utils/iproute2; Description=Routing control utility (full); paths=/usr/libexec/ip-full; siblings=ip-full,PRODUCT_SPECIFIC_UPSTREAM_VERSION_NORMALIZATION,Observed 5.19.0-8 was normalized to 5.19.0 using the exact package/source structure and product-specific official release evidence.,a:iproute2_project:iproute2,VERIFIED_UPSTREAM_TO_CPE_FAMILY,VERSION_NOT_IN_DICTIONARY,,,NOT_ENCOUNTERED,,false,false,,cpe:2.3:a:iproute2_project:iproute2:5.19.0:*:*:*:*:*:*:*,VERSION_NOT_IN_DICTIONARY,ACTIVE_FAMILY_EXACT_VERSION_ABSENT,"[""VENDOR"", ""PRODUCT"", ""VERSION""]",MODERATE,true,PROPOSED_GT_CPE_CONFIRMATION,control=/usr/lib/opkg/info/ip-full.control; list=/usr/lib/opkg/info/ip-full.list; status_version_matches=True
199684,ip6tables,1.8.7-3,cpe:2.3:a:ip6tables:ip6tables:1.8.7-3:*:*:*:*:*:*:*,package/network/utils/iptables,ip6tables,IPv6 firewall administration tool,files=3; exec=3; lib=0; plugin=0; kmod=0; paths=/usr/sbin/ip6tables-save | /usr/sbin/ip6tables,iptables,Netfilter,1.8.7,PRODUCT_IDENTITY_CONFIRMED,The exact package description and installed core executable/library identify the named upstream product; package role was not used as a hard gate.,Source=package/network/utils/iptables; Description=IPv6 firewall administration tool; paths=/usr/sbin/ip6tables-save | /usr/sbin/ip6tables; siblings=ip6tables | iptables | iptables-mod-conntrack-extra | iptables-mod-ipopt | iptables-mod-ipsec | libip4tc2 | libip6tc2 | libxtables12,PRODUCT_SPECIFIC_UPSTREAM_VERSION_NORMALIZATION,Observed 1.8.7-3 was normalized to 1.8.7 using the exact package/source structure and product-specific official release evidence.,a:netfilter:iptables,VERIFIED_UPSTREAM_TO_CPE_FAMILY,VERSION_NOT_IN_DICTIONARY,,,NOT_ENCOUNTERED,,false,false,,cpe:2.3:a:netfilter:iptables:1.8.7:*:*:*:*:*:*:*,VERSION_NOT_IN_DICTIONARY,ACTIVE_FAMILY_EXACT_VERSION_ABSENT,"[""VENDOR"", ""PRODUCT"", ""VERSION""]",STRONG,true,PROPOSED_GT_CPE_CONFIRMATION,control=/usr/lib/opkg/info/ip6tables.control; list=/usr/lib/opkg/info/ip6tables.list; status_version_matches=True
199685,ip_blockd,2025-02-19-2,cpe:2.3:a:ip_blockd:ip_blockd:2025-02-19-2:*:*:*:*:*:*:*,package/teltonika/ip_blockd,ip_blockd,IP block daemon,files=5; exec=2; lib=0; plugin=0; kmod=0; paths=/usr/sbin/insertIpTables.sh | /usr/bin/ip_blockd | /etc/init.d/ip_blockd | /etc/config/ip_blockd,ip blockd,Teltonika,2025-02-19-2,PRODUCT_IDENTITY_CONFIRMED,"Exact vendor control, description, and installed payload establish this internal software product/library without inheriting another Source product.",Source=package/teltonika/ip_blockd; Description=IP block daemon; paths=/usr/sbin/insertIpTables.sh | /usr/bin/ip_blockd | /etc/init.d/ip_blockd | /etc/config/ip_blockd; siblings=ip_blockd,VENDOR_PRODUCT_IDENTIFIER_PRESERVED,The complete exact installed vendor Version is preserved; no unproved package-release suffix is removed.,a:teltonika:ip_blockd,EXACT_VENDOR_AND_PRODUCT_IDENTITY_TUPLE,NO_DIRECT_CPE,,,NOT_ENCOUNTERED,,true,false,,,DIRECT_OFFICIAL_CPE_NOT_CONFIRMED,NO_CPE_REPRESENTATION,N/A,MODERATE,true,PRODUCT_WITHOUT_CONFIRMED_DIRECT_CPE,control=/usr/lib/opkg/info/ip_blockd.control; list=/usr/lib/opkg/info/ip_blockd.list; status_version_matches=True
199686,ipset,7.6-1,cpe:2.3:a:ipset:ipset:7.6-1:*:*:*:*:*:*:*,package/network/utils/ipset,ipset,IPset administration utility,files=1; exec=1; lib=0; plugin=0; kmod=0; paths=/usr/sbin/ipset,ipset,Netfilter,7.6,PRODUCT_IDENTITY_CONFIRMED,The exact package description and installed core executable/library identify the named upstream product; package role was not used as a hard gate.,Source=package/network/utils/ipset; Description=IPset administration utility; paths=/usr/sbin/ipset; siblings=ipset | libipset13,PRODUCT_SPECIFIC_UPSTREAM_VERSION_NORMALIZATION,Observed 7.6-1 was normalized to 7.6 using the exact package/source structure and product-specific official release evidence.,a:netfilter:ipset,VERIFIED_UPSTREAM_TO_CPE_FAMILY,VERSION_NOT_IN_DICTIONARY,,,NOT_ENCOUNTERED,,false,false,,cpe:2.3:a:netfilter:ipset:7.6:*:*:*:*:*:*:*,VERSION_NOT_IN_DICTIONARY,ACTIVE_FAMILY_EXACT_VERSION_ABSENT,"[""VENDOR"", ""VERSION""]",STRONG,true,PROPOSED_GT_CPE_CONFIRMATION,control=/usr/lib/opkg/info/ipset.control; list=/usr/lib/opkg/info/ipset.list; status_version_matches=True
199687,iptables-mod-conntrack-extra,1.8.7-3,cpe:2.3:a:iptables-mod-conntrack-extra:iptables-mod-conntrack-extra:1.8.7-3:*:*:*:*:*:*:*,package/network/utils/iptables,iptables-mod-conntrack-extra,"Extra iptables extensions for connection tracking.

Matches:
- connbytes
- connlimit
- connmark
- recent
- helper

Targets:
- CONNMARK",files=0; exec=0; lib=0; plugin=0; kmod=0; paths=,iptables mod conntrack extra,OpenWrt/upstream source,1.8.7-3,DIRECT_SUBCOMPONENT_NO_PARENT_INHERITANCE,"Exact naming, description, and payload identify a plugin/module; its Source parent CPE is not inherited.","Exact control/list/status: Source=package/network/utils/iptables; role=PLUGIN_OR_MODULE; Description=Extra iptables extensions for connection tracking.

Matches:
- connbytes
- connlimit
- connmark
- recent
- helper

Targets:
- CONNMARK; paths=",OBSERVED_COMPONENT_VERSION_PRESERVED_NO_PARENT_MAPPING,Exact installed control Version equals the SBOM version; no parent product version is inferred.,,,NO_DIRECT_CPE,,,NOT_ENCOUNTERED,,false,false,,,DIRECT_OFFICIAL_CPE_NOT_CONFIRMED,NON_DIRECT_SUBCOMPONENT,N/A,STRONG,false,,control=/usr/lib/opkg/info/iptables-mod-conntrack-extra.control; list=/usr/lib/opkg/info/iptables-mod-conntrack-extra.list; status_version_matches=True
199688,iptables-mod-ipopt,1.8.7-3,cpe:2.3:a:iptables-mod-ipopt:iptables-mod-ipopt:1.8.7-3:*:*:*:*:*:*:*,package/network/utils/iptables,iptables-mod-ipopt,"iptables extensions for matching/changing IP packet options.

Matches:
- dscp
- ecn
- length
- statistic
- tcpmss
- unclean
- hl

Targets:
- DSCP
- CLASSIFY
- ECN
- HL",files=0; exec=0; lib=0; plugin=0; kmod=0; paths=,iptables mod ipopt,OpenWrt/upstream source,1.8.7-3,DIRECT_SUBCOMPONENT_NO_PARENT_INHERITANCE,"Exact naming, description, and payload identify a plugin/module; its Source parent CPE is not inherited.","Exact control/list/status: Source=package/network/utils/iptables; role=PLUGIN_OR_MODULE; Description=iptables extensions for matching/changing IP packet options.

Matches:
- dscp
- ecn
- length
- statistic
- tcpmss
- unclean
- hl

Targets:
- DSCP
- CLASSIFY
- ECN
- HL; paths=",OBSERVED_COMPONENT_VERSION_PRESERVED_NO_PARENT_MAPPING,Exact installed control Version equals the SBOM version; no parent product version is inferred.,,,NO_DIRECT_CPE,,,NOT_ENCOUNTERED,,false,false,,,DIRECT_OFFICIAL_CPE_NOT_CONFIRMED,NON_DIRECT_SUBCOMPONENT,N/A,STRONG,false,,control=/usr/lib/opkg/info/iptables-mod-ipopt.control; list=/usr/lib/opkg/info/iptables-mod-ipopt.list; status_version_matches=True
199689,iptables-mod-ipsec,1.8.7-3,cpe:2.3:a:iptables-mod-ipsec:iptables-mod-ipsec:1.8.7-3:*:*:*:*:*:*:*,package/network/utils/iptables,iptables-mod-ipsec,"iptables extensions for matching ipsec traffic.

Matches:
- ah
- esp
- policy",files=0; exec=0; lib=0; plugin=0; kmod=0; paths=,iptables mod ipsec,OpenWrt/upstream source,1.8.7-3,DIRECT_SUBCOMPONENT_NO_PARENT_INHERITANCE,"Exact naming, description, and payload identify a plugin/module; its Source parent CPE is not inherited.","Exact control/list/status: Source=package/network/utils/iptables; role=PLUGIN_OR_MODULE; Description=iptables extensions for matching ipsec traffic.

Matches:
- ah
- esp
- policy; paths=",OBSERVED_COMPONENT_VERSION_PRESERVED_NO_PARENT_MAPPING,Exact installed control Version equals the SBOM version; no parent product version is inferred.,,,NO_DIRECT_CPE,,,NOT_ENCOUNTERED,,false,false,,,DIRECT_OFFICIAL_CPE_NOT_CONFIRMED,NON_DIRECT_SUBCOMPONENT,N/A,STRONG,false,,control=/usr/lib/opkg/info/iptables-mod-ipsec.control; list=/usr/lib/opkg/info/iptables-mod-ipsec.list; status_version_matches=True
199690,iptables,1.8.7-3,cpe:2.3:a:iptables:iptables:1.8.7-3:*:*:*:*:*:*:*,package/network/utils/iptables,iptables,"IP firewall administration tool.

Matches:
- icmp
- tcp
- udp
- comment
- conntrack
- limit
- mac
- mark
- multiport
- set
- state
- time

Targets:
- ACCEPT
- CT
- DNAT
- DROP
- REJECT
- FLOWOFFLOAD
- LOG
- MARK
- MASQUERADE
- REDIRECT
- SET
- SNAT
- TCPMSS

Tables:
- filter
- mangle
- nat
- raw",files=4; exec=4; lib=0; plugin=0; kmod=0; paths=/usr/sbin/iptables-save | /usr/sbin/xtables-legacy-multi,iptables,Netfilter,1.8.7,PRODUCT_IDENTITY_CONFIRMED,The exact package description and installed core executable/library identify the named upstream product; package role was not used as a hard gate.,"Source=package/network/utils/iptables; Description=IP firewall administration tool.

Matches:
- icmp
- tcp
- udp
- comment
- conntrack
- limit
- mac
- mark
- multiport
- set
- state
- time

Targets:
- ACCEPT
- CT
- DNAT
- DROP
- REJECT
- FLOWOFFLOAD
- LOG
- MARK
- MASQUERADE
- REDIRECT
- SET
- SNAT
- TCPMSS

Tables:
- filter
- mangle
- nat
- raw; paths=/usr/sbin/iptables-save | /usr/sbin/xtables-legacy-multi; siblings=ip6tables | iptables | iptables-mod-conntrack-extra | iptables-mod-ipopt | iptables-mod-ipsec | libip4tc2 | libip6tc2 | libxtables12",PRODUCT_SPECIFIC_UPSTREAM_VERSION_NORMALIZATION,Observed 1.8.7-3 was normalized to 1.8.7 using the exact package/source structure and product-specific official release evidence.,a:netfilter:iptables,VERIFIED_UPSTREAM_TO_CPE_FAMILY,VERSION_NOT_IN_DICTIONARY,,,NOT_ENCOUNTERED,,false,false,,cpe:2.3:a:netfilter:iptables:1.8.7:*:*:*:*:*:*:*,VERSION_NOT_IN_DICTIONARY,ACTIVE_FAMILY_EXACT_VERSION_ABSENT,"[""VENDOR"", ""VERSION""]",STRONG,true,PROPOSED_GT_CPE_CONFIRMATION,control=/usr/lib/opkg/info/iptables.control; list=/usr/lib/opkg/info/iptables.list; status_version_matches=True
199691,iw-515,5.19-1,cpe:2.3:a:iw-515:iw-515:5.19-1:*:*:*:*:*:*:*,package/network/utils/iw-515,iw-515,cfg80211 interface configuration utility,files=1; exec=1; lib=0; plugin=0; kmod=0; paths=/usr/sbin/iw,iw,Linux wireless project,5.19,PRODUCT_IDENTITY_CONFIRMED,The exact package description and installed core executable/library identify the named upstream product; package role was not used as a hard gate.,Source=package/network/utils/iw-515; Description=cfg80211 interface configuration utility; paths=/usr/sbin/iw; siblings=iw-515,PRODUCT_SPECIFIC_UPSTREAM_VERSION_NORMALIZATION,Observed 5.19-1 was normalized to 5.19 using the exact package/source structure and product-specific official release evidence.,a:kernel:iw,VERIFIED_UPSTREAM_TO_CPE_FAMILY,VERSION_NOT_IN_DICTIONARY,,,NOT_ENCOUNTERED,,false,false,,cpe:2.3:a:kernel:iw:5.19:*:*:*:*:*:*:*,VERSION_NOT_IN_DICTIONARY,ACTIVE_FAMILY_EXACT_VERSION_ABSENT,"[""VENDOR"", ""PRODUCT"", ""VERSION""]",MODERATE,true,PROPOSED_GT_CPE_CONFIRMATION,control=/usr/lib/opkg/info/iw-515.control; list=/usr/lib/opkg/info/iw-515.list; status_version_matches=True
199692,iwinfo,2023-05-17-c9f5c3f7-1,cpe:2.3:a:iwinfo:iwinfo:2023-05-17-c9f5c3f7-1:*:*:*:*:*:*:*,package/network/utils/iwinfo,iwinfo,Command line frontend for the wireless information library.,files=1; exec=1; lib=0; plugin=0; kmod=0; paths=/usr/bin/iwinfo,iwinfo,OpenWrt,2023-05-17-c9f5c3f7,PRODUCT_IDENTITY_CONFIRMED,"Exact control Source, description, and core executable/library payload establish the OpenWrt software product independently of CPE metadata.",Source=package/network/utils/iwinfo; Description=Command line frontend for the wireless information library.; paths=/usr/bin/iwinfo; siblings=iwinfo | libiwinfo-data | libiwinfo-lua | libiwinfo20230121,DATE_OR_GIT_SOURCE_VERSION,"Date/hash structure, SourceDateEpoch, and official OpenWrt PKG_RELEASE policy jointly identify only the final suffix as packaging metadata.",a:openwrt:iwinfo,EXACT_OPENWRT_PROJECT_AND_PRODUCT_IDENTITY_TUPLE,NO_DIRECT_CPE,,,NOT_ENCOUNTERED,,true,false,,,DIRECT_OFFICIAL_CPE_NOT_CONFIRMED,NO_CPE_REPRESENTATION,N/A,MODERATE,true,PRODUCT_WITHOUT_CONFIRMED_DIRECT_CPE,control=/usr/lib/opkg/info/iwinfo.control; list=/usr/lib/opkg/info/iwinfo.list; status_version_matches=True
199693,jshn,2024-03-29-eb9bcb64-2,cpe:2.3:a:jshn:jshn:2024-03-29-eb9bcb64-2:*:*:*:*:*:*:*,package/libs/libubox,jshn,Library for parsing and generating JSON from shell scripts,files=2; exec=1; lib=0; plugin=0; kmod=0; paths=/usr/bin/jshn | /usr/share/libubox/jshn.sh,libubox,OpenWrt,2024-03-29-eb9bcb64,PRODUCT_IDENTITY_CONFIRMED,"Exact control Source, description, and core executable/library payload establish the OpenWrt software product independently of CPE metadata.",Source=package/libs/libubox; Description=Library for parsing and generating JSON from shell scripts; paths=/usr/bin/jshn | /usr/share/libubox/jshn.sh; siblings=jshn | libblobmsg-json20240329 | libjson-script20240329 | libubox-lua | libubox20240329,DATE_OR_GIT_SOURCE_VERSION,"Date/hash structure, SourceDateEpoch, and official OpenWrt PKG_RELEASE policy jointly identify only the final suffix as packaging metadata.",a:openwrt:libubox,EXACT_OPENWRT_PROJECT_AND_PRODUCT_IDENTITY_TUPLE,NO_DIRECT_CPE,,,NOT_ENCOUNTERED,,true,false,,,DIRECT_OFFICIAL_CPE_NOT_CONFIRMED,NO_CPE_REPRESENTATION,N/A,MODERATE,true,PRODUCT_WITHOUT_CONFIRMED_DIRECT_CPE,control=/usr/lib/opkg/info/jshn.control; list=/usr/lib/opkg/info/jshn.list; status_version_matches=True
199694,jsonfilter,2018-02-04-c7e938d6-1,cpe:2.3:a:jsonfilter:jsonfilter:2018-02-04-c7e938d6-1:*:*:*:*:*:*:*,package/utils/jsonfilter,jsonfilter,OpenWrt JSON filter utility,files=1; exec=1; lib=0; plugin=0; kmod=0; paths=/usr/bin/jsonfilter,jsonfilter,OpenWrt,2018-02-04-c7e938d6,PRODUCT_IDENTITY_CONFIRMED,"Exact control Source, description, and core executable/library payload establish the OpenWrt software product independently of CPE metadata.",Source=package/utils/jsonfilter; Description=OpenWrt JSON filter utility; paths=/usr/bin/jsonfilter; siblings=jsonfilter,DATE_OR_GIT_SOURCE_VERSION,"Date/hash structure, SourceDateEpoch, and official OpenWrt PKG_RELEASE policy jointly identify only the final suffix as packaging metadata.",a:openwrt:jsonfilter,EXACT_OPENWRT_PROJECT_AND_PRODUCT_IDENTITY_TUPLE,NO_DIRECT_CPE,,,NOT_ENCOUNTERED,,true,false,,,DIRECT_OFFICIAL_CPE_NOT_CONFIRMED,NO_CPE_REPRESENTATION,N/A,MODERATE,true,PRODUCT_WITHOUT_CONFIRMED_DIRECT_CPE,control=/usr/lib/opkg/info/jsonfilter.control; list=/usr/lib/opkg/info/jsonfilter.list; status_version_matches=True
199695,kernel,5.15.176-1-c87d2a600c553d5338b2de4b88b39f15,cpe:2.3:a:kernel:kernel:5.15.176-1-c87d2a600c553d5338b2de4b88b39f15:*:*:*:*:*:*:*,package/kernel/linux,kernel,Virtual kernel package,files=0; exec=0; lib=0; plugin=0; kmod=0; paths=,kernel,OpenWrt/upstream source,5.15.176-1-c87d2a600c553d5338b2de4b88b39f15,DIRECT_SUBCOMPONENT_NO_PARENT_INHERITANCE,Kernel package/module is a bounded kernel subcomponent; the Linux parent CPE is not inherited.,Exact control/list/status: Source=package/kernel/linux; role=KERNEL_OR_KMOD; Description=Virtual kernel package; paths=,OBSERVED_COMPONENT_VERSION_PRESERVED_NO_PARENT_MAPPING,Exact installed control Version equals the SBOM version; no parent product version is inferred.,,,NO_DIRECT_CPE,,,NOT_ENCOUNTERED,,false,false,,,DIRECT_OFFICIAL_CPE_NOT_CONFIRMED,NON_DIRECT_SUBCOMPONENT,N/A,STRONG,false,,control=/usr/lib/opkg/info/kernel.control; list=/usr/lib/opkg/info/kernel.list; status_version_matches=True
199696,kmod-asn1-decoder,5.15.176-1,cpe:2.3:a:kmod-asn1-decoder:kmod-asn1-decoder:5.15.176-1:*:*:*:*:*:*:*,package/kernel/linux,kmod-asn1-decoder,Simple ASN1 decoder,files=0; exec=0; lib=0; plugin=0; kmod=0; paths=,kmod asn1 decoder,OpenWrt/upstream source,5.15.176-1,DIRECT_SUBCOMPONENT_NO_PARENT_INHERITANCE,Kernel package/module is a bounded kernel subcomponent; the Linux parent CPE is not inherited.,Exact control/list/status: Source=package/kernel/linux; role=KERNEL_OR_KMOD; Description=Simple ASN1 decoder; paths=,OBSERVED_COMPONENT_VERSION_PRESERVED_NO_PARENT_MAPPING,Exact installed control Version equals the SBOM version; no parent product version is inferred.,,,NO_DIRECT_CPE,,,NOT_ENCOUNTERED,,false,false,,,DIRECT_OFFICIAL_CPE_NOT_CONFIRMED,NON_DIRECT_SUBCOMPONENT,N/A,STRONG,false,,control=/usr/lib/opkg/info/kmod-asn1-decoder.control; list=/usr/lib/opkg/info/kmod-asn1-decoder.list; status_version_matches=True
199697,kmod-cfg80211_515,5.15.176+6.5-1,cpe:2.3:a:kmod-cfg80211_515:kmod-cfg80211_515:5.15.176+6.5-1:*:*:*:*:*:*:*,package/kernel/mac80211_515,kmod-cfg80211_515,cfg80211 is the Linux wireless LAN (802.11) configuration API.,files=2; exec=0; lib=0; plugin=0; kmod=2; paths=/lib/modules/5.15.176/compat.ko | /lib/modules/5.15.176/cfg80211.ko,kmod cfg80211 515,OpenWrt/upstream source,5.15.176+6.5-1,DIRECT_SUBCOMPONENT_NO_PARENT_INHERITANCE,Kernel package/module is a bounded kernel subcomponent; the Linux parent CPE is not inherited.,Exact control/list/status: Source=package/kernel/mac80211_515; role=KERNEL_OR_KMOD; Description=cfg80211 is the Linux wireless LAN (802.11) configuration API.; paths=/lib/modules/5.15.176/compat.ko | /lib/modules/5.15.176/cfg80211.ko,OBSERVED_COMPONENT_VERSION_PRESERVED_NO_PARENT_MAPPING,Exact installed control Version equals the SBOM version; no parent product version is inferred.,,,NO_DIRECT_CPE,,,NOT_ENCOUNTERED,,false,false,,,DIRECT_OFFICIAL_CPE_NOT_CONFIRMED,NON_DIRECT_SUBCOMPONENT,N/A,STRONG,false,,control=/usr/lib/opkg/info/kmod-cfg80211_515.control; list=/usr/lib/opkg/info/kmod-cfg80211_515.list; status_version_matches=True
199698,kmod-crypto-acompress,5.15.176-1,cpe:2.3:a:kmod-crypto-acompress:kmod-crypto-acompress:5.15.176-1:*:*:*:*:*:*:*,package/kernel/linux,kmod-crypto-acompress,Asynchronous Compression operations,files=1; exec=0; lib=0; plugin=0; kmod=0; paths=/etc/modules.d/09-crypto-acompress,kmod crypto acompress,OpenWrt/upstream source,5.15.176-1,DIRECT_SUBCOMPONENT_NO_PARENT_INHERITANCE,Kernel package/module is a bounded kernel subcomponent; the Linux parent CPE is not inherited.,Exact control/list/status: Source=package/kernel/linux; role=KERNEL_OR_KMOD; Description=Asynchronous Compression operations; paths=/etc/modules.d/09-crypto-acompress,OBSERVED_COMPONENT_VERSION_PRESERVED_NO_PARENT_MAPPING,Exact installed control Version equals the SBOM version; no parent product version is inferred.,,,NO_DIRECT_CPE,,,NOT_ENCOUNTERED,,false,false,,,DIRECT_OFFICIAL_CPE_NOT_CONFIRMED,NON_DIRECT_SUBCOMPONENT,N/A,STRONG,false,,control=/usr/lib/opkg/info/kmod-crypto-acompress.control; list=/usr/lib/opkg/info/kmod-crypto-acompress.list; status_version_matches=True
199699,kmod-crypto-aead,5.15.176-1,cpe:2.3:a:kmod-crypto-aead:kmod-crypto-aead:5.15.176-1:*:*:*:*:*:*:*,package/kernel/linux,kmod-crypto-aead,CryptoAPI AEAD support,files=2; exec=0; lib=0; plugin=0; kmod=0; paths=/etc/modules-boot.d/09-crypto-aead | /etc/modules.d/09-crypto-aead,kmod crypto aead,OpenWrt/upstream source,5.15.176-1,DIRECT_SUBCOMPONENT_NO_PARENT_INHERITANCE,Kernel package/module is a bounded kernel subcomponent; the Linux parent CPE is not inherited.,Exact control/list/status: Source=package/kernel/linux; role=KERNEL_OR_KMOD; Description=CryptoAPI AEAD support; paths=/etc/modules-boot.d/09-crypto-aead | /etc/modules.d/09-crypto-aead,OBSERVED_COMPONENT_VERSION_PRESERVED_NO_PARENT_MAPPING,Exact installed control Version equals the SBOM version; no parent product version is inferred.,,,NO_DIRECT_CPE,,,NOT_ENCOUNTERED,,false,false,,,DIRECT_OFFICIAL_CPE_NOT_CONFIRMED,NON_DIRECT_SUBCOMPONENT,N/A,STRONG,false,,control=/usr/lib/opkg/info/kmod-crypto-aead.control; list=/usr/lib/opkg/info/kmod-crypto-aead.list; status_version_matches=True
199700,kmod-crypto-arc4,5.15.176-1,cpe:2.3:a:kmod-crypto-arc4:kmod-crypto-arc4:5.15.176-1:*:*:*:*:*:*:*,package/kernel/linux,kmod-crypto-arc4,ARC4 cipher CryptoAPI module,files=0; exec=0; lib=0; plugin=0; kmod=0; paths=,kmod crypto arc4,OpenWrt/upstream source,5.15.176-1,DIRECT_SUBCOMPONENT_NO_PARENT_INHERITANCE,Kernel package/module is a bounded kernel subcomponent; the Linux parent CPE is not inherited.,Exact control/list/status: Source=package/kernel/linux; role=KERNEL_OR_KMOD; Description=ARC4 cipher CryptoAPI module; paths=,OBSERVED_COMPONENT_VERSION_PRESERVED_NO_PARENT_MAPPING,Exact installed control Version equals the SBOM version; no parent product version is inferred.,,,NO_DIRECT_CPE,,,NOT_ENCOUNTERED,,false,false,,,DIRECT_OFFICIAL_CPE_NOT_CONFIRMED,NON_DIRECT_SUBCOMPONENT,N/A,STRONG,false,,control=/usr/lib/opkg/info/kmod-crypto-arc4.control; list=/usr/lib/opkg/info/kmod-crypto-arc4.list; status_version_matches=True
199701,kmod-crypto-authenc,5.15.176-1,cpe:2.3:a:kmod-crypto-authenc:kmod-crypto-authenc:5.15.176-1:*:*:*:*:*:*:*,package/kernel/linux,kmod-crypto-authenc,Combined mode wrapper for IPsec,files=1; exec=0; lib=0; plugin=0; kmod=0; paths=/etc/modules.d/09-crypto-authenc,kmod crypto authenc,OpenWrt/upstream source,5.15.176-1,DIRECT_SUBCOMPONENT_NO_PARENT_INHERITANCE,Kernel package/module is a bounded kernel subcomponent; the Linux parent CPE is not inherited.,Exact control/list/status: Source=package/kernel/linux; role=KERNEL_OR_KMOD; Description=Combined mode wrapper for IPsec; paths=/etc/modules.d/09-crypto-authenc,OBSERVED_COMPONENT_VERSION_PRESERVED_NO_PARENT_MAPPING,Exact installed control Version equals the SBOM version; no parent product version is inferred.,,,NO_DIRECT_CPE,,,NOT_ENCOUNTERED,,false,false,,,DIRECT_OFFICIAL_CPE_NOT_CONFIRMED,NON_DIRECT_SUBCOMPONENT,N/A,STRONG,false,,control=/usr/lib/opkg/info/kmod-crypto-authenc.control; list=/usr/lib/opkg/info/kmod-crypto-authenc.list; status_version_matches=True
199702,kmod-crypto-cbc,5.15.176-1,cpe:2.3:a:kmod-crypto-cbc:kmod-crypto-cbc:5.15.176-1:*:*:*:*:*:*:*,package/kernel/linux,kmod-crypto-cbc,Cipher Block Chaining CryptoAPI module,files=1; exec=0; lib=0; plugin=0; kmod=0; paths=/etc/modules.d/09-crypto-cbc,kmod crypto cbc,OpenWrt/upstream source,5.15.176-1,DIRECT_SUBCOMPONENT_NO_PARENT_INHERITANCE,Kernel package/module is a bounded kernel subcomponent; the Linux parent CPE is not inherited.,Exact control/list/status: Source=package/kernel/linux; role=KERNEL_OR_KMOD; Description=Cipher Block Chaining CryptoAPI module; paths=/etc/modules.d/09-crypto-cbc,OBSERVED_COMPONENT_VERSION_PRESERVED_NO_PARENT_MAPPING,Exact installed control Version equals the SBOM version; no parent product version is inferred.,,,NO_DIRECT_CPE,,,NOT_ENCOUNTERED,,false,false,,,DIRECT_OFFICIAL_CPE_NOT_CONFIRMED,NON_DIRECT_SUBCOMPONENT,N/A,STRONG,false,,control=/usr/lib/opkg/info/kmod-crypto-cbc.control; list=/usr/lib/opkg/info/kmod-crypto-cbc.list; status_version_matches=True
199703,kmod-crypto-ccm,5.15.176-1,cpe:2.3:a:kmod-crypto-ccm:kmod-crypto-ccm:5.15.176-1:*:*:*:*:*:*:*,package/kernel/linux,kmod-crypto-ccm,Support for Counter with CBC MAC (CCM),files=1; exec=0; lib=0; plugin=0; kmod=0; paths=/etc/modules.d/09-crypto-ccm,kmod crypto ccm,OpenWrt/upstream source,5.15.176-1,DIRECT_SUBCOMPONENT_NO_PARENT_INHERITANCE,Kernel package/module is a bounded kernel subcomponent; the Linux parent CPE is not inherited.,Exact control/list/status: Source=package/kernel/linux; role=KERNEL_OR_KMOD; Description=Support for Counter with CBC MAC (CCM); paths=/etc/modules.d/09-crypto-ccm,OBSERVED_COMPONENT_VERSION_PRESERVED_NO_PARENT_MAPPING,Exact installed control Version equals the SBOM version; no parent product version is inferred.,,,NO_DIRECT_CPE,,,NOT_ENCOUNTERED,,false,false,,,DIRECT_OFFICIAL_CPE_NOT_CONFIRMED,NON_DIRECT_SUBCOMPONENT,N/A,STRONG,false,,control=/usr/lib/opkg/info/kmod-crypto-ccm.control; list=/usr/lib/opkg/info/kmod-crypto-ccm.list; status_version_matches=True
199704,kmod-crypto-cmac,5.15.176-1,cpe:2.3:a:kmod-crypto-cmac:kmod-crypto-cmac:5.15.176-1:*:*:*:*:*:*:*,package/kernel/linux,kmod-crypto-cmac,Support for Cipher-based Message Authentication Code (CMAC),files=1; exec=0; lib=0; plugin=0; kmod=0; paths=/etc/modules.d/09-crypto-cmac,kmod crypto cmac,OpenWrt/upstream source,5.15.176-1,DIRECT_SUBCOMPONENT_NO_PARENT_INHERITANCE,Kernel package/module is a bounded kernel subcomponent; the Linux parent CPE is not inherited.,Exact control/list/status: Source=package/kernel/linux; role=KERNEL_OR_KMOD; Description=Support for Cipher-based Message Authentication Code (CMAC); paths=/etc/modules.d/09-crypto-cmac,OBSERVED_COMPONENT_VERSION_PRESERVED_NO_PARENT_MAPPING,Exact installed control Version equals the SBOM version; no parent product version is inferred.,,,NO_DIRECT_CPE,,,NOT_ENCOUNTERED,,false,false,,,DIRECT_OFFICIAL_CPE_NOT_CONFIRMED,NON_DIRECT_SUBCOMPONENT,N/A,STRONG,false,,control=/usr/lib/opkg/info/kmod-crypto-cmac.control; list=/usr/lib/opkg/info/kmod-crypto-cmac.list; status_version_matches=True
199705,kmod-crypto-crc32c,5.15.176-1,cpe:2.3:a:kmod-crypto-crc32c:kmod-crypto-crc32c:5.15.176-1:*:*:*:*:*:*:*,package/kernel/linux,kmod-crypto-crc32c,CRC32c CRC module,files=2; exec=0; lib=0; plugin=0; kmod=0; paths=/etc/modules.d/04-crypto-crc32c | /etc/modules-boot.d/04-crypto-crc32c,kmod crypto crc32c,OpenWrt/upstream source,5.15.176-1,DIRECT_SUBCOMPONENT_NO_PARENT_INHERITANCE,Kernel package/module is a bounded kernel subcomponent; the Linux parent CPE is not inherited.,Exact control/list/status: Source=package/kernel/linux; role=KERNEL_OR_KMOD; Description=CRC32c CRC module; paths=/etc/modules.d/04-crypto-crc32c | /etc/modules-boot.d/04-crypto-crc32c,OBSERVED_COMPONENT_VERSION_PRESERVED_NO_PARENT_MAPPING,Exact installed control Version equals the SBOM version; no parent product version is inferred.,,,NO_DIRECT_CPE,,,NOT_ENCOUNTERED,,false,false,,,DIRECT_OFFICIAL_CPE_NOT_CONFIRMED,NON_DIRECT_SUBCOMPONENT,N/A,STRONG,false,,control=/usr/lib/opkg/info/kmod-crypto-crc32c.control; list=/usr/lib/opkg/info/kmod-crypto-crc32c.list; status_version_matches=True
199706,kmod-crypto-ctr,5.15.176-1,cpe:2.3:a:kmod-crypto-ctr:kmod-crypto-ctr:5.15.176-1:*:*:*:*:*:*:*,package/kernel/linux,kmod-crypto-ctr,Counter Mode CryptoAPI module,files=1; exec=0; lib=0; plugin=0; kmod=0; paths=/etc/modules.d/09-crypto-ctr,kmod crypto ctr,OpenWrt/upstream source,5.15.176-1,DIRECT_SUBCOMPONENT_NO_PARENT_INHERITANCE,Kernel package/module is a bounded kernel subcomponent; the Linux parent CPE is not inherited.,Exact control/list/status: Source=package/kernel/linux; role=KERNEL_OR_KMOD; Description=Counter Mode CryptoAPI module; paths=/etc/modules.d/09-crypto-ctr,OBSERVED_COMPONENT_VERSION_PRESERVED_NO_PARENT_MAPPING,Exact installed control Version equals the SBOM version; no parent product version is inferred.,,,NO_DIRECT_CPE,,,NOT_ENCOUNTERED,,false,false,,,DIRECT_OFFICIAL_CPE_NOT_CONFIRMED,NON_DIRECT_SUBCOMPONENT,N/A,STRONG,false,,control=/usr/lib/opkg/info/kmod-crypto-ctr.control; list=/usr/lib/opkg/info/kmod-crypto-ctr.list; status_version_matches=True
199707,kmod-crypto-deflate,5.15.176-1,cpe:2.3:a:kmod-crypto-deflate:kmod-crypto-deflate:5.15.176-1:*:*:*:*:*:*:*,package/kernel/linux,kmod-crypto-deflate,Deflate compression CryptoAPI module,files=1; exec=0; lib=0; plugin=0; kmod=0; paths=/etc/modules.d/09-crypto-deflate,kmod crypto deflate,OpenWrt/upstream source,5.15.176-1,DIRECT_SUBCOMPONENT_NO_PARENT_INHERITANCE,Kernel package/module is a bounded kernel subcomponent; the Linux parent CPE is not inherited.,Exact control/list/status: Source=package/kernel/linux; role=KERNEL_OR_KMOD; Description=Deflate compression CryptoAPI module; paths=/etc/modules.d/09-crypto-deflate,OBSERVED_COMPONENT_VERSION_PRESERVED_NO_PARENT_MAPPING,Exact installed control Version equals the SBOM version; no parent product version is inferred.,,,NO_DIRECT_CPE,,,NOT_ENCOUNTERED,,false,false,,,DIRECT_OFFICIAL_CPE_NOT_CONFIRMED,NON_DIRECT_SUBCOMPONENT,N/A,STRONG,false,,control=/usr/lib/opkg/info/kmod-crypto-deflate.control; list=/usr/lib/opkg/info/kmod-crypto-deflate.list; status_version_matches=True
199708,kmod-crypto-des,5.15.176-1,cpe:2.3:a:kmod-crypto-des:kmod-crypto-des:5.15.176-1:*:*:*:*:*:*:*,package/kernel/linux,kmod-crypto-des,DES/3DES cipher CryptoAPI module,files=1; exec=0; lib=0; plugin=0; kmod=0; paths=/etc/modules.d/09-crypto-des,kmod crypto des,OpenWrt/upstream source,5.15.176-1,DIRECT_SUBCOMPONENT_NO_PARENT_INHERITANCE,Kernel package/module is a bounded kernel subcomponent; the Linux parent CPE is not inherited.,Exact control/list/status: Source=package/kernel/linux; role=KERNEL_OR_KMOD; Description=DES/3DES cipher CryptoAPI module; paths=/etc/modules.d/09-crypto-des,OBSERVED_COMPONENT_VERSION_PRESERVED_NO_PARENT_MAPPING,Exact installed control Version equals the SBOM version; no parent product version is inferred.,,,NO_DIRECT_CPE,,,NOT_ENCOUNTERED,,false,false,,,DIRECT_OFFICIAL_CPE_NOT_CONFIRMED,NON_DIRECT_SUBCOMPONENT,N/A,STRONG,false,,control=/usr/lib/opkg/info/kmod-crypto-des.control; list=/usr/lib/opkg/info/kmod-crypto-des.list; status_version_matches=True
199709,kmod-crypto-ecb,5.15.176-1,cpe:2.3:a:kmod-crypto-ecb:kmod-crypto-ecb:5.15.176-1:*:*:*:*:*:*:*,package/kernel/linux,kmod-crypto-ecb,Electronic CodeBook CryptoAPI module,files=1; exec=0; lib=0; plugin=0; kmod=0; paths=/etc/modules.d/09-crypto-ecb,kmod crypto ecb,OpenWrt/upstream source,5.15.176-1,DIRECT_SUBCOMPONENT_NO_PARENT_INHERITANCE,Kernel package/module is a bounded kernel subcomponent; the Linux parent CPE is not inherited.,Exact control/list/status: Source=package/kernel/linux; role=KERNEL_OR_KMOD; Description=Electronic CodeBook CryptoAPI module; paths=/etc/modules.d/09-crypto-ecb,OBSERVED_COMPONENT_VERSION_PRESERVED_NO_PARENT_MAPPING,Exact installed control Version equals the SBOM version; no parent product version is inferred.,,,NO_DIRECT_CPE,,,NOT_ENCOUNTERED,,false,false,,,DIRECT_OFFICIAL_CPE_NOT_CONFIRMED,NON_DIRECT_SUBCOMPONENT,N/A,STRONG,false,,control=/usr/lib/opkg/info/kmod-crypto-ecb.control; list=/usr/lib/opkg/info/kmod-crypto-ecb.list; status_version_matches=True
199710,kmod-crypto-echainiv,5.15.176-1,cpe:2.3:a:kmod-crypto-echainiv:kmod-crypto-echainiv:5.15.176-1:*:*:*:*:*:*:*,package/kernel/linux,kmod-crypto-echainiv,Encrypted Chain IV Generator,files=1; exec=0; lib=0; plugin=0; kmod=0; paths=/etc/modules.d/09-crypto-echainiv,kmod crypto echainiv,OpenWrt/upstream source,5.15.176-1,DIRECT_SUBCOMPONENT_NO_PARENT_INHERITANCE,Kernel package/module is a bounded kernel subcomponent; the Linux parent CPE is not inherited.,Exact control/list/status: Source=package/kernel/linux; role=KERNEL_OR_KMOD; Description=Encrypted Chain IV Generator; paths=/etc/modules.d/09-crypto-echainiv,OBSERVED_COMPONENT_VERSION_PRESERVED_NO_PARENT_MAPPING,Exact installed control Version equals the SBOM version; no parent product version is inferred.,,,NO_DIRECT_CPE,,,NOT_ENCOUNTERED,,false,false,,,DIRECT_OFFICIAL_CPE_NOT_CONFIRMED,NON_DIRECT_SUBCOMPONENT,N/A,STRONG,false,,control=/usr/lib/opkg/info/kmod-crypto-echainiv.control; list=/usr/lib/opkg/info/kmod-crypto-echainiv.list; status_version_matches=True
199711,kmod-crypto-gcm,5.15.176-1,cpe:2.3:a:kmod-crypto-gcm:kmod-crypto-gcm:5.15.176-1:*:*:*:*:*:*:*,package/kernel/linux,kmod-crypto-gcm,GCM/GMAC CryptoAPI module,files=1; exec=0; lib=0; plugin=0; kmod=0; paths=/etc/modules.d/09-crypto-gcm,kmod crypto gcm,OpenWrt/upstream source,5.15.176-1,DIRECT_SUBCOMPONENT_NO_PARENT_INHERITANCE,Kernel package/module is a bounded kernel subcomponent; the Linux parent CPE is not inherited.,Exact control/list/status: Source=package/kernel/linux; role=KERNEL_OR_KMOD; Description=GCM/GMAC CryptoAPI module; paths=/etc/modules.d/09-crypto-gcm,OBSERVED_COMPONENT_VERSION_PRESERVED_NO_PARENT_MAPPING,Exact installed control Version equals the SBOM version; no parent product version is inferred.,,,NO_DIRECT_CPE,,,NOT_ENCOUNTERED,,false,false,,,DIRECT_OFFICIAL_CPE_NOT_CONFIRMED,NON_DIRECT_SUBCOMPONENT,N/A,STRONG,false,,control=/usr/lib/opkg/info/kmod-crypto-gcm.control; list=/usr/lib/opkg/info/kmod-crypto-gcm.list; status_version_matches=True
199712,kmod-crypto-gf128,5.15.176-1,cpe:2.3:a:kmod-crypto-gf128:kmod-crypto-gf128:5.15.176-1:*:*:*:*:*:*:*,package/kernel/linux,kmod-crypto-gf128,GF(2^128) multiplication functions CryptoAPI module,files=1; exec=0; lib=0; plugin=0; kmod=0; paths=/etc/modules.d/09-crypto-gf128,kmod crypto gf128,OpenWrt/upstream source,5.15.176-1,DIRECT_SUBCOMPONENT_NO_PARENT_INHERITANCE,Kernel package/module is a bounded kernel subcomponent; the Linux parent CPE is not inherited.,Exact control/list/status: Source=package/kernel/linux; role=KERNEL_OR_KMOD; Description=GF(2^128) multiplication functions CryptoAPI module; paths=/etc/modules.d/09-crypto-gf128,OBSERVED_COMPONENT_VERSION_PRESERVED_NO_PARENT_MAPPING,Exact installed control Version equals the SBOM version; no parent product version is inferred.,,,NO_DIRECT_CPE,,,NOT_ENCOUNTERED,,false,false,,,DIRECT_OFFICIAL_CPE_NOT_CONFIRMED,NON_DIRECT_SUBCOMPONENT,N/A,STRONG,false,,control=/usr/lib/opkg/info/kmod-crypto-gf128.control; list=/usr/lib/opkg/info/kmod-crypto-gf128.list; status_version_matches=True
199713,kmod-crypto-ghash,5.15.176-1,cpe:2.3:a:kmod-crypto-ghash:kmod-crypto-ghash:5.15.176-1:*:*:*:*:*:*:*,package/kernel/linux,kmod-crypto-ghash,GHASH digest CryptoAPI module,files=1; exec=0; lib=0; plugin=0; kmod=0; paths=/etc/modules.d/09-crypto-ghash,kmod crypto ghash,OpenWrt/upstream source,5.15.176-1,DIRECT_SUBCOMPONENT_NO_PARENT_INHERITANCE,Kernel package/module is a bounded kernel subcomponent; the Linux parent CPE is not inherited.,Exact control/list/status: Source=package/kernel/linux; role=KERNEL_OR_KMOD; Description=GHASH digest CryptoAPI module; paths=/etc/modules.d/09-crypto-ghash,OBSERVED_COMPONENT_VERSION_PRESERVED_NO_PARENT_MAPPING,Exact installed control Version equals the SBOM version; no parent product version is inferred.,,,NO_DIRECT_CPE,,,NOT_ENCOUNTERED,,false,false,,,DIRECT_OFFICIAL_CPE_NOT_CONFIRMED,NON_DIRECT_SUBCOMPONENT,N/A,STRONG,false,,control=/usr/lib/opkg/info/kmod-crypto-ghash.control; list=/usr/lib/opkg/info/kmod-crypto-ghash.list; status_version_matches=True
199714,kmod-crypto-hash,5.15.176-1,cpe:2.3:a:kmod-crypto-hash:kmod-crypto-hash:5.15.176-1:*:*:*:*:*:*:*,package/kernel/linux,kmod-crypto-hash,CryptoAPI hash support,files=2; exec=0; lib=0; plugin=0; kmod=0; paths=/etc/modules.d/02-crypto-hash | /etc/modules-boot.d/02-crypto-hash,kmod crypto hash,OpenWrt/upstream source,5.15.176-1,DIRECT_SUBCOMPONENT_NO_PARENT_INHERITANCE,Kernel package/module is a bounded kernel subcomponent; the Linux parent CPE is not inherited.,Exact control/list/status: Source=package/kernel/linux; role=KERNEL_OR_KMOD; Description=CryptoAPI hash support; paths=/etc/modules.d/02-crypto-hash | /etc/modules-boot.d/02-crypto-hash,OBSERVED_COMPONENT_VERSION_PRESERVED_NO_PARENT_MAPPING,Exact installed control Version equals the SBOM version; no parent product version is inferred.,,,NO_DIRECT_CPE,,,NOT_ENCOUNTERED,,false,false,,,DIRECT_OFFICIAL_CPE_NOT_CONFIRMED,NON_DIRECT_SUBCOMPONENT,N/A,STRONG,false,,control=/usr/lib/opkg/info/kmod-crypto-hash.control; list=/usr/lib/opkg/info/kmod-crypto-hash.list; status_version_matches=True
199715,kmod-crypto-hmac,5.15.176-1,cpe:2.3:a:kmod-crypto-hmac:kmod-crypto-hmac:5.15.176-1:*:*:*:*:*:*:*,package/kernel/linux,kmod-crypto-hmac,HMAC digest CryptoAPI module,files=1; exec=0; lib=0; plugin=0; kmod=0; paths=/etc/modules.d/09-crypto-hmac,kmod crypto hmac,OpenWrt/upstream source,5.15.176-1,DIRECT_SUBCOMPONENT_NO_PARENT_INHERITANCE,Kernel package/module is a bounded kernel subcomponent; the Linux parent CPE is not inherited.,Exact control/list/status: Source=package/kernel/linux; role=KERNEL_OR_KMOD; Description=HMAC digest CryptoAPI module; paths=/etc/modules.d/09-crypto-hmac,OBSERVED_COMPONENT_VERSION_PRESERVED_NO_PARENT_MAPPING,Exact installed control Version equals the SBOM version; no parent product version is inferred.,,,NO_DIRECT_CPE,,,NOT_ENCOUNTERED,,false,false,,,DIRECT_OFFICIAL_CPE_NOT_CONFIRMED,NON_DIRECT_SUBCOMPONENT,N/A,STRONG,false,,control=/usr/lib/opkg/info/kmod-crypto-hmac.control; list=/usr/lib/opkg/info/kmod-crypto-hmac.list; status_version_matches=True
199716,kmod-crypto-kpp,5.15.176-1,cpe:2.3:a:kmod-crypto-kpp:kmod-crypto-kpp:5.15.176-1:*:*:*:*:*:*:*,package/kernel/linux,kmod-crypto-kpp,Key-agreement Protocol Primitives,files=0; exec=0; lib=0; plugin=0; kmod=0; paths=,kmod crypto kpp,OpenWrt/upstream source,5.15.176-1,DIRECT_SUBCOMPONENT_NO_PARENT_INHERITANCE,Kernel package/module is a bounded kernel subcomponent; the Linux parent CPE is not inherited.,Exact control/list/status: Source=package/kernel/linux; role=KERNEL_OR_KMOD; Description=Key-agreement Protocol Primitives; paths=,OBSERVED_COMPONENT_VERSION_PRESERVED_NO_PARENT_MAPPING,Exact installed control Version equals the SBOM version; no parent product version is inferred.,,,NO_DIRECT_CPE,,,NOT_ENCOUNTERED,,false,false,,,DIRECT_OFFICIAL_CPE_NOT_CONFIRMED,NON_DIRECT_SUBCOMPONENT,N/A,STRONG,false,,control=/usr/lib/opkg/info/kmod-crypto-kpp.control; list=/usr/lib/opkg/info/kmod-crypto-kpp.list; status_version_matches=True
199717,kmod-crypto-lib-blake2s,5.15.176-1,cpe:2.3:a:kmod-crypto-lib-blake2s:kmod-crypto-lib-blake2s:5.15.176-1:*:*:*:*:*:*:*,package/kernel/linux,kmod-crypto-lib-blake2s,BLAKE2s hash function library,files=0; exec=0; lib=0; plugin=0; kmod=0; paths=,kmod crypto lib blake2s,OpenWrt/upstream source,5.15.176-1,DIRECT_SUBCOMPONENT_NO_PARENT_INHERITANCE,Kernel package/module is a bounded kernel subcomponent; the Linux parent CPE is not inherited.,Exact control/list/status: Source=package/kernel/linux; role=KERNEL_OR_KMOD; Description=BLAKE2s hash function library; paths=,OBSERVED_COMPONENT_VERSION_PRESERVED_NO_PARENT_MAPPING,Exact installed control Version equals the SBOM version; no parent product version is inferred.,,,NO_DIRECT_CPE,,,NOT_ENCOUNTERED,,false,false,,,DIRECT_OFFICIAL_CPE_NOT_CONFIRMED,NON_DIRECT_SUBCOMPONENT,N/A,STRONG,false,,control=/usr/lib/opkg/info/kmod-crypto-lib-blake2s.control; list=/usr/lib/opkg/info/kmod-crypto-lib-blake2s.list; status_version_matches=True
199718,kmod-crypto-lib-chacha20,5.15.176-1,cpe:2.3:a:kmod-crypto-lib-chacha20:kmod-crypto-lib-chacha20:5.15.176-1:*:*:*:*:*:*:*,package/kernel/linux,kmod-crypto-lib-chacha20,ChaCha library interface,files=0; exec=0; lib=0; plugin=0; kmod=0; paths=,kmod crypto lib chacha20,OpenWrt/upstream source,5.15.176-1,DIRECT_SUBCOMPONENT_NO_PARENT_INHERITANCE,Kernel package/module is a bounded kernel subcomponent; the Linux parent CPE is not inherited.,Exact control/list/status: Source=package/kernel/linux; role=KERNEL_OR_KMOD; Description=ChaCha library interface; paths=,OBSERVED_COMPONENT_VERSION_PRESERVED_NO_PARENT_MAPPING,Exact installed control Version equals the SBOM version; no parent product version is inferred.,,,NO_DIRECT_CPE,,,NOT_ENCOUNTERED,,false,false,,,DIRECT_OFFICIAL_CPE_NOT_CONFIRMED,NON_DIRECT_SUBCOMPONENT,N/A,STRONG,false,,control=/usr/lib/opkg/info/kmod-crypto-lib-chacha20.control; list=/usr/lib/opkg/info/kmod-crypto-lib-chacha20.list; status_version_matches=True
199719,kmod-crypto-lib-chacha20poly1305,5.15.176-1,cpe:2.3:a:kmod-crypto-lib-chacha20poly1305:kmod-crypto-lib-chacha20poly1305:5.15.176-1:*:*:*:*:*:*:*,package/kernel/linux,kmod-crypto-lib-chacha20poly1305,ChaCha20-Poly1305 AEAD support (8-byte nonce library version),files=0; exec=0; lib=0; plugin=0; kmod=0; paths=,kmod crypto lib chacha20poly1305,OpenWrt/upstream source,5.15.176-1,DIRECT_SUBCOMPONENT_NO_PARENT_INHERITANCE,Kernel package/module is a bounded kernel subcomponent; the Linux parent CPE is not inherited.,Exact control/list/status: Source=package/kernel/linux; role=KERNEL_OR_KMOD; Description=ChaCha20-Poly1305 AEAD support (8-byte nonce library version); paths=,OBSERVED_COMPONENT_VERSION_PRESERVED_NO_PARENT_MAPPING,Exact installed control Version equals the SBOM version; no parent product version is inferred.,,,NO_DIRECT_CPE,,,NOT_ENCOUNTERED,,false,false,,,DIRECT_OFFICIAL_CPE_NOT_CONFIRMED,NON_DIRECT_SUBCOMPONENT,N/A,STRONG,false,,control=/usr/lib/opkg/info/kmod-crypto-lib-chacha20poly1305.control; list=/usr/lib/opkg/info/kmod-crypto-lib-chacha20poly1305.list; status_version_matches=True
199720,kmod-crypto-lib-curve25519,5.15.176-1,cpe:2.3:a:kmod-crypto-lib-curve25519:kmod-crypto-lib-curve25519:5.15.176-1:*:*:*:*:*:*:*,package/kernel/linux,kmod-crypto-lib-curve25519,Curve25519 scalar multiplication library,files=0; exec=0; lib=0; plugin=0; kmod=0; paths=,kmod crypto lib curve25519,OpenWrt/upstream source,5.15.176-1,DIRECT_SUBCOMPONENT_NO_PARENT_INHERITANCE,Kernel package/module is a bounded kernel subcomponent; the Linux parent CPE is not inherited.,Exact control/list/status: Source=package/kernel/linux; role=KERNEL_OR_KMOD; Description=Curve25519 scalar multiplication library; paths=,OBSERVED_COMPONENT_VERSION_PRESERVED_NO_PARENT_MAPPING,Exact installed control Version equals the SBOM version; no parent product version is inferred.,,,NO_DIRECT_CPE,,,NOT_ENCOUNTERED,,false,false,,,DIRECT_OFFICIAL_CPE_NOT_CONFIRMED,NON_DIRECT_SUBCOMPONENT,N/A,STRONG,false,,control=/usr/lib/opkg/info/kmod-crypto-lib-curve25519.control; list=/usr/lib/opkg/info/kmod-crypto-lib-curve25519.list; status_version_matches=True
199721,kmod-crypto-lib-poly1305,5.15.176-1,cpe:2.3:a:kmod-crypto-lib-poly1305:kmod-crypto-lib-poly1305:5.15.176-1:*:*:*:*:*:*:*,package/kernel/linux,kmod-crypto-lib-poly1305,Poly1305 library interface,files=0; exec=0; lib=0; plugin=0; kmod=0; paths=,kmod crypto lib poly1305,OpenWrt/upstream source,5.15.176-1,DIRECT_SUBCOMPONENT_NO_PARENT_INHERITANCE,Kernel package/module is a bounded kernel subcomponent; the Linux parent CPE is not inherited.,Exact control/list/status: Source=package/kernel/linux; role=KERNEL_OR_KMOD; Description=Poly1305 library interface; paths=,OBSERVED_COMPONENT_VERSION_PRESERVED_NO_PARENT_MAPPING,Exact installed control Version equals the SBOM version; no parent product version is inferred.,,,NO_DIRECT_CPE,,,NOT_ENCOUNTERED,,false,false,,,DIRECT_OFFICIAL_CPE_NOT_CONFIRMED,NON_DIRECT_SUBCOMPONENT,N/A,STRONG,false,,control=/usr/lib/opkg/info/kmod-crypto-lib-poly1305.control; list=/usr/lib/opkg/info/kmod-crypto-lib-poly1305.list; status_version_matches=True
199722,kmod-crypto-manager,5.15.176-1,cpe:2.3:a:kmod-crypto-manager:kmod-crypto-manager:5.15.176-1:*:*:*:*:*:*:*,package/kernel/linux,kmod-crypto-manager,CryptoAPI algorithm manager,files=2; exec=0; lib=0; plugin=0; kmod=0; paths=/etc/modules.d/09-crypto-manager | /etc/modules-boot.d/09-crypto-manager,kmod crypto manager,OpenWrt/upstream source,5.15.176-1,DIRECT_SUBCOMPONENT_NO_PARENT_INHERITANCE,Kernel package/module is a bounded kernel subcomponent; the Linux parent CPE is not inherited.,Exact control/list/status: Source=package/kernel/linux; role=KERNEL_OR_KMOD; Description=CryptoAPI algorithm manager; paths=/etc/modules.d/09-crypto-manager | /etc/modules-boot.d/09-crypto-manager,OBSERVED_COMPONENT_VERSION_PRESERVED_NO_PARENT_MAPPING,Exact installed control Version equals the SBOM version; no parent product version is inferred.,,,NO_DIRECT_CPE,,,NOT_ENCOUNTERED,,false,false,,,DIRECT_OFFICIAL_CPE_NOT_CONFIRMED,NON_DIRECT_SUBCOMPONENT,N/A,STRONG,false,,control=/usr/lib/opkg/info/kmod-crypto-manager.control; list=/usr/lib/opkg/info/kmod-crypto-manager.list; status_version_matches=True
199723,kmod-crypto-md5,5.15.176-1,cpe:2.3:a:kmod-crypto-md5:kmod-crypto-md5:5.15.176-1:*:*:*:*:*:*:*,package/kernel/linux,kmod-crypto-md5,MD5 digest CryptoAPI module,files=1; exec=0; lib=0; plugin=0; kmod=0; paths=/etc/modules.d/09-crypto-md5,kmod crypto md5,OpenWrt/upstream source,5.15.176-1,DIRECT_SUBCOMPONENT_NO_PARENT_INHERITANCE,Kernel package/module is a bounded kernel subcomponent; the Linux parent CPE is not inherited.,Exact control/list/status: Source=package/kernel/linux; role=KERNEL_OR_KMOD; Description=MD5 digest CryptoAPI module; paths=/etc/modules.d/09-crypto-md5,OBSERVED_COMPONENT_VERSION_PRESERVED_NO_PARENT_MAPPING,Exact installed control Version equals the SBOM version; no parent product version is inferred.,,,NO_DIRECT_CPE,,,NOT_ENCOUNTERED,,false,false,,,DIRECT_OFFICIAL_CPE_NOT_CONFIRMED,NON_DIRECT_SUBCOMPONENT,N/A,STRONG,false,,control=/usr/lib/opkg/info/kmod-crypto-md5.control; list=/usr/lib/opkg/info/kmod-crypto-md5.list; status_version_matches=True
199724,kmod-crypto-null,5.15.176-1,cpe:2.3:a:kmod-crypto-null:kmod-crypto-null:5.15.176-1:*:*:*:*:*:*:*,package/kernel/linux,kmod-crypto-null,Null CryptoAPI module,files=1; exec=0; lib=0; plugin=0; kmod=0; paths=/etc/modules.d/09-crypto-null,kmod crypto null,OpenWrt/upstream source,5.15.176-1,DIRECT_SUBCOMPONENT_NO_PARENT_INHERITANCE,Kernel package/module is a bounded kernel subcomponent; the Linux parent CPE is not inherited.,Exact control/list/status: Source=package/kernel/linux; role=KERNEL_OR_KMOD; Description=Null CryptoAPI module; paths=/etc/modules.d/09-crypto-null,OBSERVED_COMPONENT_VERSION_PRESERVED_NO_PARENT_MAPPING,Exact installed control Version equals the SBOM version; no parent product version is inferred.,,,NO_DIRECT_CPE,,,NOT_ENCOUNTERED,,false,false,,,DIRECT_OFFICIAL_CPE_NOT_CONFIRMED,NON_DIRECT_SUBCOMPONENT,N/A,STRONG,false,,control=/usr/lib/opkg/info/kmod-crypto-null.control; list=/usr/lib/opkg/info/kmod-crypto-null.list; status_version_matches=True
199725,kmod-crypto-pcompress,5.15.176-1,cpe:2.3:a:kmod-crypto-pcompress:kmod-crypto-pcompress:5.15.176-1:*:*:*:*:*:*:*,package/kernel/linux,kmod-crypto-pcompress,CryptoAPI Partial (de)compression operations,files=0; exec=0; lib=0; plugin=0; kmod=0; paths=,kmod crypto pcompress,OpenWrt/upstream source,5.15.176-1,DIRECT_SUBCOMPONENT_NO_PARENT_INHERITANCE,Kernel package/module is a bounded kernel subcomponent; the Linux parent CPE is not inherited.,Exact control/list/status: Source=package/kernel/linux; role=KERNEL_OR_KMOD; Description=CryptoAPI Partial (de)compression operations; paths=,OBSERVED_COMPONENT_VERSION_PRESERVED_NO_PARENT_MAPPING,Exact installed control Version equals the SBOM version; no parent product version is inferred.,,,NO_DIRECT_CPE,,,NOT_ENCOUNTERED,,false,false,,,DIRECT_OFFICIAL_CPE_NOT_CONFIRMED,NON_DIRECT_SUBCOMPONENT,N/A,STRONG,false,,control=/usr/lib/opkg/info/kmod-crypto-pcompress.control; list=/usr/lib/opkg/info/kmod-crypto-pcompress.list; status_version_matches=True
199726,kmod-crypto-rng,5.15.176-1,cpe:2.3:a:kmod-crypto-rng:kmod-crypto-rng:5.15.176-1:*:*:*:*:*:*:*,package/kernel/linux,kmod-crypto-rng,CryptoAPI random number generation,files=1; exec=0; lib=0; plugin=0; kmod=0; paths=/etc/modules.d/09-crypto-rng,kmod crypto rng,OpenWrt/upstream source,5.15.176-1,DIRECT_SUBCOMPONENT_NO_PARENT_INHERITANCE,Kernel package/module is a bounded kernel subcomponent; the Linux parent CPE is not inherited.,Exact control/list/status: Source=package/kernel/linux; role=KERNEL_OR_KMOD; Description=CryptoAPI random number generation; paths=/etc/modules.d/09-crypto-rng,OBSERVED_COMPONENT_VERSION_PRESERVED_NO_PARENT_MAPPING,Exact installed control Version equals the SBOM version; no parent product version is inferred.,,,NO_DIRECT_CPE,,,NOT_ENCOUNTERED,,false,false,,,DIRECT_OFFICIAL_CPE_NOT_CONFIRMED,NON_DIRECT_SUBCOMPONENT,N/A,STRONG,false,,control=/usr/lib/opkg/info/kmod-crypto-rng.control; list=/usr/lib/opkg/info/kmod-crypto-rng.list; status_version_matches=True
199727,kmod-crypto-seqiv,5.15.176-1,cpe:2.3:a:kmod-crypto-seqiv:kmod-crypto-seqiv:5.15.176-1:*:*:*:*:*:*:*,package/kernel/linux,kmod-crypto-seqiv,CryptoAPI Sequence Number IV Generator,files=1; exec=0; lib=0; plugin=0; kmod=0; paths=/etc/modules.d/09-crypto-seqiv,kmod crypto seqiv,OpenWrt/upstream source,5.15.176-1,DIRECT_SUBCOMPONENT_NO_PARENT_INHERITANCE,Kernel package/module is a bounded kernel subcomponent; the Linux parent CPE is not inherited.,Exact control/list/status: Source=package/kernel/linux; role=KERNEL_OR_KMOD; Description=CryptoAPI Sequence Number IV Generator; paths=/etc/modules.d/09-crypto-seqiv,OBSERVED_COMPONENT_VERSION_PRESERVED_NO_PARENT_MAPPING,Exact installed control Version equals the SBOM version; no parent product version is inferred.,,,NO_DIRECT_CPE,,,NOT_ENCOUNTERED,,false,false,,,DIRECT_OFFICIAL_CPE_NOT_CONFIRMED,NON_DIRECT_SUBCOMPONENT,N/A,STRONG,false,,control=/usr/lib/opkg/info/kmod-crypto-seqiv.control; list=/usr/lib/opkg/info/kmod-crypto-seqiv.list; status_version_matches=True
199728,kmod-crypto-sha1,5.15.176-1,cpe:2.3:a:kmod-crypto-sha1:kmod-crypto-sha1:5.15.176-1:*:*:*:*:*:*:*,package/kernel/linux,kmod-crypto-sha1,SHA1 digest CryptoAPI module,files=1; exec=0; lib=0; plugin=0; kmod=0; paths=/etc/modules.d/09-crypto-sha1,kmod crypto sha1,OpenWrt/upstream source,5.15.176-1,DIRECT_SUBCOMPONENT_NO_PARENT_INHERITANCE,Kernel package/module is a bounded kernel subcomponent; the Linux parent CPE is not inherited.,Exact control/list/status: Source=package/kernel/linux; role=KERNEL_OR_KMOD; Description=SHA1 digest CryptoAPI module; paths=/etc/modules.d/09-crypto-sha1,OBSERVED_COMPONENT_VERSION_PRESERVED_NO_PARENT_MAPPING,Exact installed control Version equals the SBOM version; no parent product version is inferred.,,,NO_DIRECT_CPE,,,NOT_ENCOUNTERED,,false,false,,,DIRECT_OFFICIAL_CPE_NOT_CONFIRMED,NON_DIRECT_SUBCOMPONENT,N/A,STRONG,false,,control=/usr/lib/opkg/info/kmod-crypto-sha1.control; list=/usr/lib/opkg/info/kmod-crypto-sha1.list; status_version_matches=True
199729,kmod-crypto-sha256,5.15.176-1,cpe:2.3:a:kmod-crypto-sha256:kmod-crypto-sha256:5.15.176-1:*:*:*:*:*:*:*,package/kernel/linux,kmod-crypto-sha256,SHA224 SHA256 digest CryptoAPI module,files=1; exec=0; lib=0; plugin=0; kmod=0; paths=/etc/modules.d/09-crypto-sha256,kmod crypto sha256,OpenWrt/upstream source,5.15.176-1,DIRECT_SUBCOMPONENT_NO_PARENT_INHERITANCE,Kernel package/module is a bounded kernel subcomponent; the Linux parent CPE is not inherited.,Exact control/list/status: Source=package/kernel/linux; role=KERNEL_OR_KMOD; Description=SHA224 SHA256 digest CryptoAPI module; paths=/etc/modules.d/09-crypto-sha256,OBSERVED_COMPONENT_VERSION_PRESERVED_NO_PARENT_MAPPING,Exact installed control Version equals the SBOM version; no parent product version is inferred.,,,NO_DIRECT_CPE,,,NOT_ENCOUNTERED,,false,false,,,DIRECT_OFFICIAL_CPE_NOT_CONFIRMED,NON_DIRECT_SUBCOMPONENT,N/A,STRONG,false,,control=/usr/lib/opkg/info/kmod-crypto-sha256.control; list=/usr/lib/opkg/info/kmod-crypto-sha256.list; status_version_matches=True
199730,kmod-crypto-sha512,5.15.176-1,cpe:2.3:a:kmod-crypto-sha512:kmod-crypto-sha512:5.15.176-1:*:*:*:*:*:*:*,package/kernel/linux,kmod-crypto-sha512,SHA512 digest CryptoAPI module,files=1; exec=0; lib=0; plugin=0; kmod=0; paths=/etc/modules.d/09-crypto-sha512,kmod crypto sha512,OpenWrt/upstream source,5.15.176-1,DIRECT_SUBCOMPONENT_NO_PARENT_INHERITANCE,Kernel package/module is a bounded kernel subcomponent; the Linux parent CPE is not inherited.,Exact control/list/status: Source=package/kernel/linux; role=KERNEL_OR_KMOD; Description=SHA512 digest CryptoAPI module; paths=/etc/modules.d/09-crypto-sha512,OBSERVED_COMPONENT_VERSION_PRESERVED_NO_PARENT_MAPPING,Exact installed control Version equals the SBOM version; no parent product version is inferred.,,,NO_DIRECT_CPE,,,NOT_ENCOUNTERED,,false,false,,,DIRECT_OFFICIAL_CPE_NOT_CONFIRMED,NON_DIRECT_SUBCOMPONENT,N/A,STRONG,false,,control=/usr/lib/opkg/info/kmod-crypto-sha512.control; list=/usr/lib/opkg/info/kmod-crypto-sha512.list; status_version_matches=True
199731,kmod-cypress-serial,5.15.176+1.1.1-1,cpe:2.3:a:kmod-cypress-serial:kmod-cypress-serial:5.15.176+1.1.1-1:*:*:*:*:*:*:*,package/teltonika/cypress-serial,kmod-cypress-serial,Cypress CY7C65213 USB to Serial chip driver with flow control support,files=2; exec=0; lib=0; plugin=0; kmod=1; paths=/lib/modules/5.15.176/cypress-serial.ko | /etc/modules.d/99-cypress-serial,kmod cypress serial,Teltonika,5.15.176+1.1.1-1,DIRECT_SUBCOMPONENT_NO_PARENT_INHERITANCE,Kernel package/module is a bounded kernel subcomponent; the Linux parent CPE is not inherited.,Exact control/list/status: Source=package/teltonika/cypress-serial; role=KERNEL_OR_KMOD; Description=Cypress CY7C65213 USB to Serial chip driver with flow control support; paths=/lib/modules/5.15.176/cypress-serial.ko | /etc/modules.d/99-cypress-serial,OBSERVED_COMPONENT_VERSION_PRESERVED_NO_PARENT_MAPPING,Exact installed control Version equals the SBOM version; no parent product version is inferred.,,,NO_DIRECT_CPE,,,NOT_ENCOUNTERED,,false,false,,,DIRECT_OFFICIAL_CPE_NOT_CONFIRMED,NON_DIRECT_SUBCOMPONENT,N/A,STRONG,false,,control=/usr/lib/opkg/info/kmod-cypress-serial.control; list=/usr/lib/opkg/info/kmod-cypress-serial.list; status_version_matches=True
199732,kmod-fs-autofs4,5.15.176-1,cpe:2.3:a:kmod-fs-autofs4:kmod-fs-autofs4:5.15.176-1:*:*:*:*:*:*:*,package/kernel/linux,kmod-fs-autofs4,Kernel module for AutoFS4 support,files=1; exec=0; lib=0; plugin=0; kmod=0; paths=/etc/modules.d/30-fs-autofs4,kmod fs autofs4,OpenWrt/upstream source,5.15.176-1,DIRECT_SUBCOMPONENT_NO_PARENT_INHERITANCE,Kernel package/module is a bounded kernel subcomponent; the Linux parent CPE is not inherited.,Exact control/list/status: Source=package/kernel/linux; role=KERNEL_OR_KMOD; Description=Kernel module for AutoFS4 support; paths=/etc/modules.d/30-fs-autofs4,OBSERVED_COMPONENT_VERSION_PRESERVED_NO_PARENT_MAPPING,Exact installed control Version equals the SBOM version; no parent product version is inferred.,,,NO_DIRECT_CPE,,,NOT_ENCOUNTERED,,false,false,,,DIRECT_OFFICIAL_CPE_NOT_CONFIRMED,NON_DIRECT_SUBCOMPONENT,N/A,STRONG,false,,control=/usr/lib/opkg/info/kmod-fs-autofs4.control; list=/usr/lib/opkg/info/kmod-fs-autofs4.list; status_version_matches=True
199733,kmod-fs-exfat,5.15.176+5.19.1-5,cpe:2.3:a:kmod-fs-exfat:kmod-fs-exfat:5.15.176+5.19.1-5:*:*:*:*:*:*:*,package/kernel/exfat,kmod-fs-exfat,exFAT kernel module,files=2; exec=0; lib=0; plugin=0; kmod=1; paths=/lib/modules/5.15.176/exfat.ko | /etc/modules.d/fs-exfat,kmod fs exfat,OpenWrt/upstream source,5.15.176+5.19.1-5,DIRECT_SUBCOMPONENT_NO_PARENT_INHERITANCE,Kernel package/module is a bounded kernel subcomponent; the Linux parent CPE is not inherited.,Exact control/list/status: Source=package/kernel/exfat; role=KERNEL_OR_KMOD; Description=exFAT kernel module; paths=/lib/modules/5.15.176/exfat.ko | /etc/modules.d/fs-exfat,OBSERVED_COMPONENT_VERSION_PRESERVED_NO_PARENT_MAPPING,Exact installed control Version equals the SBOM version; no parent product version is inferred.,,,NO_DIRECT_CPE,,,NOT_ENCOUNTERED,,false,false,,,DIRECT_OFFICIAL_CPE_NOT_CONFIRMED,NON_DIRECT_SUBCOMPONENT,N/A,STRONG,false,,control=/usr/lib/opkg/info/kmod-fs-exfat.control; list=/usr/lib/opkg/info/kmod-fs-exfat.list; status_version_matches=True
199734,kmod-fs-ext4,5.15.176-1,cpe:2.3:a:kmod-fs-ext4:kmod-fs-ext4:5.15.176-1:*:*:*:*:*:*:*,package/kernel/linux,kmod-fs-ext4,Kernel module for EXT4 filesystem support,files=2; exec=0; lib=0; plugin=0; kmod=0; paths=/etc/modules-boot.d/30-fs-ext4 | /etc/modules.d/30-fs-ext4,kmod fs ext4,OpenWrt/upstream source,5.15.176-1,DIRECT_SUBCOMPONENT_NO_PARENT_INHERITANCE,Kernel package/module is a bounded kernel subcomponent; the Linux parent CPE is not inherited.,Exact control/list/status: Source=package/kernel/linux; role=KERNEL_OR_KMOD; Description=Kernel module for EXT4 filesystem support; paths=/etc/modules-boot.d/30-fs-ext4 | /etc/modules.d/30-fs-ext4,OBSERVED_COMPONENT_VERSION_PRESERVED_NO_PARENT_MAPPING,Exact installed control Version equals the SBOM version; no parent product version is inferred.,,,NO_DIRECT_CPE,,,NOT_ENCOUNTERED,,false,false,,,DIRECT_OFFICIAL_CPE_NOT_CONFIRMED,NON_DIRECT_SUBCOMPONENT,N/A,STRONG,false,,control=/usr/lib/opkg/info/kmod-fs-ext4.control; list=/usr/lib/opkg/info/kmod-fs-ext4.list; status_version_matches=True
199735,kmod-fs-msdos,5.15.176-1,cpe:2.3:a:kmod-fs-msdos:kmod-fs-msdos:5.15.176-1:*:*:*:*:*:*:*,package/kernel/linux,kmod-fs-msdos,Kernel module for MSDOS filesystem support,files=1; exec=0; lib=0; plugin=0; kmod=0; paths=/etc/modules.d/40-fs-msdos,kmod fs msdos,OpenWrt/upstream source,5.15.176-1,DIRECT_SUBCOMPONENT_NO_PARENT_INHERITANCE,Kernel package/module is a bounded kernel subcomponent; the Linux parent CPE is not inherited.,Exact control/list/status: Source=package/kernel/linux; role=KERNEL_OR_KMOD; Description=Kernel module for MSDOS filesystem support; paths=/etc/modules.d/40-fs-msdos,OBSERVED_COMPONENT_VERSION_PRESERVED_NO_PARENT_MAPPING,Exact installed control Version equals the SBOM version; no parent product version is inferred.,,,NO_DIRECT_CPE,,,NOT_ENCOUNTERED,,false,false,,,DIRECT_OFFICIAL_CPE_NOT_CONFIRMED,NON_DIRECT_SUBCOMPONENT,N/A,STRONG,false,,control=/usr/lib/opkg/info/kmod-fs-msdos.control; list=/usr/lib/opkg/info/kmod-fs-msdos.list; status_version_matches=True
199736,kmod-fs-ntfs,5.15.176-1,cpe:2.3:a:kmod-fs-ntfs:kmod-fs-ntfs:5.15.176-1:*:*:*:*:*:*:*,package/kernel/linux,kmod-fs-ntfs,Kernel module for NTFS filesystem support,files=1; exec=0; lib=0; plugin=0; kmod=0; paths=/etc/modules.d/30-fs-ntfs,kmod fs ntfs,OpenWrt/upstream source,5.15.176-1,DIRECT_SUBCOMPONENT_NO_PARENT_INHERITANCE,Kernel package/module is a bounded kernel subcomponent; the Linux parent CPE is not inherited.,Exact control/list/status: Source=package/kernel/linux; role=KERNEL_OR_KMOD; Description=Kernel module for NTFS filesystem support; paths=/etc/modules.d/30-fs-ntfs,OBSERVED_COMPONENT_VERSION_PRESERVED_NO_PARENT_MAPPING,Exact installed control Version equals the SBOM version; no parent product version is inferred.,,,NO_DIRECT_CPE,,,NOT_ENCOUNTERED,,false,false,,,DIRECT_OFFICIAL_CPE_NOT_CONFIRMED,NON_DIRECT_SUBCOMPONENT,N/A,STRONG,false,,control=/usr/lib/opkg/info/kmod-fs-ntfs.control; list=/usr/lib/opkg/info/kmod-fs-ntfs.list; status_version_matches=True
199737,kmod-fs-vfat,5.15.176-1,cpe:2.3:a:kmod-fs-vfat:kmod-fs-vfat:5.15.176-1:*:*:*:*:*:*:*,package/kernel/linux,kmod-fs-vfat,Kernel module for VFAT filesystem support,files=1; exec=0; lib=0; plugin=0; kmod=0; paths=/etc/modules.d/30-fs-vfat,kmod fs vfat,OpenWrt/upstream source,5.15.176-1,DIRECT_SUBCOMPONENT_NO_PARENT_INHERITANCE,Kernel package/module is a bounded kernel subcomponent; the Linux parent CPE is not inherited.,Exact control/list/status: Source=package/kernel/linux; role=KERNEL_OR_KMOD; Description=Kernel module for VFAT filesystem support; paths=/etc/modules.d/30-fs-vfat,OBSERVED_COMPONENT_VERSION_PRESERVED_NO_PARENT_MAPPING,Exact installed control Version equals the SBOM version; no parent product version is inferred.,,,NO_DIRECT_CPE,,,NOT_ENCOUNTERED,,false,false,,,DIRECT_OFFICIAL_CPE_NOT_CONFIRMED,NON_DIRECT_SUBCOMPONENT,N/A,STRONG,false,,control=/usr/lib/opkg/info/kmod-fs-vfat.control; list=/usr/lib/opkg/info/kmod-fs-vfat.list; status_version_matches=True
199738,kmod-gpio-button-hotplug,5.15.176-3,cpe:2.3:a:kmod-gpio-button-hotplug:kmod-gpio-button-hotplug:5.15.176-3:*:*:*:*:*:*:*,package/kernel/gpio-button-hotplug,kmod-gpio-button-hotplug,"This is a replacement for the following in-kernel drivers:
1) gpio_keys (KEYBOARD_GPIO)
2) gpio_keys_polled (KEYBOARD_GPIO_POLLED)

Instead of generating input events (like in-kernel drivers do) it generates
uevent-s and broadcasts them. This allows disabling input subsystem which is
an overkill for OpenWrt simple needs.",files=3; exec=0; lib=0; plugin=0; kmod=1; paths=/lib/modules/5.15.176/gpio-button-hotplug.ko | /etc/modules-boot.d/30-gpio-button-hotplug | /etc/modules.d/30-gpio-button-hotplug,kmod gpio button hotplug,OpenWrt/upstream source,5.15.176-3,DIRECT_SUBCOMPONENT_NO_PARENT_INHERITANCE,Kernel package/module is a bounded kernel subcomponent; the Linux parent CPE is not inherited.,"Exact control/list/status: Source=package/kernel/gpio-button-hotplug; role=KERNEL_OR_KMOD; Description=This is a replacement for the following in-kernel drivers:
1) gpio_keys (KEYBOARD_GPIO)
2) gpio_keys_polled (KEYBOARD_GPIO_POLLED)

Instead of generating input events (like in-kernel drivers do) it generates
uevent-s and broadcasts them. This allows disabling input subsystem which is
an overkill for OpenWrt simple needs.; paths=/lib/modules/5.15.176/gpio-button-hotplug.ko | /etc/modules-boot.d/30-gpio-button-hotplug | /etc/modules.d/30-gpio-button-hotplug",OBSERVED_COMPONENT_VERSION_PRESERVED_NO_PARENT_MAPPING,Exact installed control Version equals the SBOM version; no parent product version is inferred.,,,NO_DIRECT_CPE,,,NOT_ENCOUNTERED,,false,false,,,DIRECT_OFFICIAL_CPE_NOT_CONFIRMED,NON_DIRECT_SUBCOMPONENT,N/A,STRONG,false,,control=/usr/lib/opkg/info/kmod-gpio-button-hotplug.control; list=/usr/lib/opkg/info/kmod-gpio-button-hotplug.list; status_version_matches=True
199739,kmod-gpio-nxp-74hc164,5.15.176-1,cpe:2.3:a:kmod-gpio-nxp-74hc164:kmod-gpio-nxp-74hc164:5.15.176-1:*:*:*:*:*:*:*,package/kernel/linux,kmod-gpio-nxp-74hc164,Kernel module for NXP 74HC164 GPIO expander,files=2; exec=0; lib=0; plugin=0; kmod=0; paths=/etc/modules.d/gpio-nxp-74hc164 | /etc/modules-boot.d/gpio-nxp-74hc164,kmod gpio nxp 74hc164,OpenWrt/upstream source,5.15.176-1,DIRECT_SUBCOMPONENT_NO_PARENT_INHERITANCE,Kernel package/module is a bounded kernel subcomponent; the Linux parent CPE is not inherited.,Exact control/list/status: Source=package/kernel/linux; role=KERNEL_OR_KMOD; Description=Kernel module for NXP 74HC164 GPIO expander; paths=/etc/modules.d/gpio-nxp-74hc164 | /etc/modules-boot.d/gpio-nxp-74hc164,OBSERVED_COMPONENT_VERSION_PRESERVED_NO_PARENT_MAPPING,Exact installed control Version equals the SBOM version; no parent product version is inferred.,,,NO_DIRECT_CPE,,,NOT_ENCOUNTERED,,false,false,,,DIRECT_OFFICIAL_CPE_NOT_CONFIRMED,NON_DIRECT_SUBCOMPONENT,N/A,STRONG,false,,control=/usr/lib/opkg/info/kmod-gpio-nxp-74hc164.control; list=/usr/lib/opkg/info/kmod-gpio-nxp-74hc164.list; status_version_matches=True
199740,kmod-gre6,5.15.176-1,cpe:2.3:a:kmod-gre6:kmod-gre6:5.15.176-1:*:*:*:*:*:*:*,package/kernel/linux,kmod-gre6,Generic Routing Encapsulation support over IPv6,files=1; exec=0; lib=0; plugin=0; kmod=0; paths=/etc/modules.d/39-gre6,kmod gre6,OpenWrt/upstream source,5.15.176-1,DIRECT_SUBCOMPONENT_NO_PARENT_INHERITANCE,Kernel package/module is a bounded kernel subcomponent; the Linux parent CPE is not inherited.,Exact control/list/status: Source=package/kernel/linux; role=KERNEL_OR_KMOD; Description=Generic Routing Encapsulation support over IPv6; paths=/etc/modules.d/39-gre6,OBSERVED_COMPONENT_VERSION_PRESERVED_NO_PARENT_MAPPING,Exact installed control Version equals the SBOM version; no parent product version is inferred.,,,NO_DIRECT_CPE,,,NOT_ENCOUNTERED,,false,false,,,DIRECT_OFFICIAL_CPE_NOT_CONFIRMED,NON_DIRECT_SUBCOMPONENT,N/A,STRONG,false,,control=/usr/lib/opkg/info/kmod-gre6.control; list=/usr/lib/opkg/info/kmod-gre6.list; status_version_matches=True
199741,kmod-gre,5.15.176-1,cpe:2.3:a:kmod-gre:kmod-gre:5.15.176-1:*:*:*:*:*:*:*,package/kernel/linux,kmod-gre,Generic Routing Encapsulation support,files=1; exec=0; lib=0; plugin=0; kmod=0; paths=/etc/modules.d/39-gre,kmod gre,OpenWrt/upstream source,5.15.176-1,DIRECT_SUBCOMPONENT_NO_PARENT_INHERITANCE,Kernel package/module is a bounded kernel subcomponent; the Linux parent CPE is not inherited.,Exact control/list/status: Source=package/kernel/linux; role=KERNEL_OR_KMOD; Description=Generic Routing Encapsulation support; paths=/etc/modules.d/39-gre,OBSERVED_COMPONENT_VERSION_PRESERVED_NO_PARENT_MAPPING,Exact installed control Version equals the SBOM version; no parent product version is inferred.,,,NO_DIRECT_CPE,,,NOT_ENCOUNTERED,,false,false,,,DIRECT_OFFICIAL_CPE_NOT_CONFIRMED,NON_DIRECT_SUBCOMPONENT,N/A,STRONG,false,,control=/usr/lib/opkg/info/kmod-gre.control; list=/usr/lib/opkg/info/kmod-gre.list; status_version_matches=True
199742,kmod-hwmon-core,5.15.176-1,cpe:2.3:a:kmod-hwmon-core:kmod-hwmon-core:5.15.176-1:*:*:*:*:*:*:*,package/kernel/linux,kmod-hwmon-core,Kernel modules for hardware monitoring,files=0; exec=0; lib=0; plugin=0; kmod=0; paths=,kmod hwmon core,OpenWrt/upstream source,5.15.176-1,DIRECT_SUBCOMPONENT_NO_PARENT_INHERITANCE,Kernel package/module is a bounded kernel subcomponent; the Linux parent CPE is not inherited.,Exact control/list/status: Source=package/kernel/linux; role=KERNEL_OR_KMOD; Description=Kernel modules for hardware monitoring; paths=,OBSERVED_COMPONENT_VERSION_PRESERVED_NO_PARENT_MAPPING,Exact installed control Version equals the SBOM version; no parent product version is inferred.,,,NO_DIRECT_CPE,,,NOT_ENCOUNTERED,,false,false,,,DIRECT_OFFICIAL_CPE_NOT_CONFIRMED,NON_DIRECT_SUBCOMPONENT,N/A,STRONG,false,,control=/usr/lib/opkg/info/kmod-hwmon-core.control; list=/usr/lib/opkg/info/kmod-hwmon-core.list; status_version_matches=True
199743,kmod-hwmon-mcp3021,5.15.176-1,cpe:2.3:a:kmod-hwmon-mcp3021:kmod-hwmon-mcp3021:5.15.176-1:*:*:*:*:*:*:*,package/kernel/linux,kmod-hwmon-mcp3021,Kernel module for Linear Technology MCP3021/3221 current and voltage monitor chip,files=1; exec=0; lib=0; plugin=0; kmod=0; paths=/etc/modules.d/hwmon-mcp3021,kmod hwmon mcp3021,OpenWrt/upstream source,5.15.176-1,DIRECT_SUBCOMPONENT_NO_PARENT_INHERITANCE,Kernel package/module is a bounded kernel subcomponent; the Linux parent CPE is not inherited.,Exact control/list/status: Source=package/kernel/linux; role=KERNEL_OR_KMOD; Description=Kernel module for Linear Technology MCP3021/3221 current and voltage monitor chip; paths=/etc/modules.d/hwmon-mcp3021,OBSERVED_COMPONENT_VERSION_PRESERVED_NO_PARENT_MAPPING,Exact installed control Version equals the SBOM version; no parent product version is inferred.,,,NO_DIRECT_CPE,,,NOT_ENCOUNTERED,,false,false,,,DIRECT_OFFICIAL_CPE_NOT_CONFIRMED,NON_DIRECT_SUBCOMPONENT,N/A,STRONG,false,,control=/usr/lib/opkg/info/kmod-hwmon-mcp3021.control; list=/usr/lib/opkg/info/kmod-hwmon-mcp3021.list; status_version_matches=True
199744,kmod-hwmon-tla2021,5.15.176-1,cpe:2.3:a:kmod-hwmon-tla2021:kmod-hwmon-tla2021:5.15.176-1:*:*:*:*:*:*:*,package/kernel/linux,kmod-hwmon-tla2021,Kernel module for Linear Technology TLA2021/2024 current and voltage monitor chip,files=1; exec=0; lib=0; plugin=0; kmod=0; paths=/etc/modules.d/hwmon-tla2021,kmod hwmon tla2021,OpenWrt/upstream source,5.15.176-1,DIRECT_SUBCOMPONENT_NO_PARENT_INHERITANCE,Kernel package/module is a bounded kernel subcomponent; the Linux parent CPE is not inherited.,Exact control/list/status: Source=package/kernel/linux; role=KERNEL_OR_KMOD; Description=Kernel module for Linear Technology TLA2021/2024 current and voltage monitor chip; paths=/etc/modules.d/hwmon-tla2021,OBSERVED_COMPONENT_VERSION_PRESERVED_NO_PARENT_MAPPING,Exact installed control Version equals the SBOM version; no parent product version is inferred.,,,NO_DIRECT_CPE,,,NOT_ENCOUNTERED,,false,false,,,DIRECT_OFFICIAL_CPE_NOT_CONFIRMED,NON_DIRECT_SUBCOMPONENT,N/A,STRONG,false,,control=/usr/lib/opkg/info/kmod-hwmon-tla2021.control; list=/usr/lib/opkg/info/kmod-hwmon-tla2021.list; status_version_matches=True
199745,kmod-i2c-core,5.15.176-1,cpe:2.3:a:kmod-i2c-core:kmod-i2c-core:5.15.176-1:*:*:*:*:*:*:*,package/kernel/linux,kmod-i2c-core,Kernel modules for I2C support,files=1; exec=0; lib=0; plugin=0; kmod=0; paths=/etc/modules.d/51-i2c-core,kmod i2c core,OpenWrt/upstream source,5.15.176-1,DIRECT_SUBCOMPONENT_NO_PARENT_INHERITANCE,Kernel package/module is a bounded kernel subcomponent; the Linux parent CPE is not inherited.,Exact control/list/status: Source=package/kernel/linux; role=KERNEL_OR_KMOD; Description=Kernel modules for I2C support; paths=/etc/modules.d/51-i2c-core,OBSERVED_COMPONENT_VERSION_PRESERVED_NO_PARENT_MAPPING,Exact installed control Version equals the SBOM version; no parent product version is inferred.,,,NO_DIRECT_CPE,,,NOT_ENCOUNTERED,,false,false,,,DIRECT_OFFICIAL_CPE_NOT_CONFIRMED,NON_DIRECT_SUBCOMPONENT,N/A,STRONG,false,,control=/usr/lib/opkg/info/kmod-i2c-core.control; list=/usr/lib/opkg/info/kmod-i2c-core.list; status_version_matches=True
199746,kmod-i2c-mt7628,5.15.176-1,cpe:2.3:a:kmod-i2c-mt7628:kmod-i2c-mt7628:5.15.176-1:*:*:*:*:*:*:*,package/kernel/linux,kmod-i2c-mt7628,Kernel modules for enable mt7621 i2c controller.,files=1; exec=0; lib=0; plugin=0; kmod=0; paths=/etc/modules.d/59-i2c-mt7628,kmod i2c mt7628,OpenWrt/upstream source,5.15.176-1,DIRECT_SUBCOMPONENT_NO_PARENT_INHERITANCE,Kernel package/module is a bounded kernel subcomponent; the Linux parent CPE is not inherited.,Exact control/list/status: Source=package/kernel/linux; role=KERNEL_OR_KMOD; Description=Kernel modules for enable mt7621 i2c controller.; paths=/etc/modules.d/59-i2c-mt7628,OBSERVED_COMPONENT_VERSION_PRESERVED_NO_PARENT_MAPPING,Exact installed control Version equals the SBOM version; no parent product version is inferred.,,,NO_DIRECT_CPE,,,NOT_ENCOUNTERED,,false,false,,,DIRECT_OFFICIAL_CPE_NOT_CONFIRMED,NON_DIRECT_SUBCOMPONENT,N/A,STRONG,false,,control=/usr/lib/opkg/info/kmod-i2c-mt7628.control; list=/usr/lib/opkg/info/kmod-i2c-mt7628.list; status_version_matches=True
199747,kmod-ip6-tunnel,5.15.176-1,cpe:2.3:a:kmod-ip6-tunnel:kmod-ip6-tunnel:5.15.176-1:*:*:*:*:*:*:*,package/kernel/linux,kmod-ip6-tunnel,Kernel modules for IPv6-in-IPv6 and IPv4-in-IPv6 tunnelling,files=1; exec=0; lib=0; plugin=0; kmod=0; paths=/etc/modules.d/32-ip6-tunnel,kmod ip6 tunnel,OpenWrt/upstream source,5.15.176-1,DIRECT_SUBCOMPONENT_NO_PARENT_INHERITANCE,Kernel package/module is a bounded kernel subcomponent; the Linux parent CPE is not inherited.,Exact control/list/status: Source=package/kernel/linux; role=KERNEL_OR_KMOD; Description=Kernel modules for IPv6-in-IPv6 and IPv4-in-IPv6 tunnelling; paths=/etc/modules.d/32-ip6-tunnel,OBSERVED_COMPONENT_VERSION_PRESERVED_NO_PARENT_MAPPING,Exact installed control Version equals the SBOM version; no parent product version is inferred.,,,NO_DIRECT_CPE,,,NOT_ENCOUNTERED,,false,false,,,DIRECT_OFFICIAL_CPE_NOT_CONFIRMED,NON_DIRECT_SUBCOMPONENT,N/A,STRONG,false,,control=/usr/lib/opkg/info/kmod-ip6-tunnel.control; list=/usr/lib/opkg/info/kmod-ip6-tunnel.list; status_version_matches=True
199748,kmod-ip6tables,5.15.176-1,cpe:2.3:a:kmod-ip6tables:kmod-ip6tables:5.15.176-1:*:*:*:*:*:*:*,package/kernel/linux,kmod-ip6tables,Netfilter IPv6 firewalling support,files=0; exec=0; lib=0; plugin=0; kmod=0; paths=,kmod ip6tables,OpenWrt/upstream source,5.15.176-1,DIRECT_SUBCOMPONENT_NO_PARENT_INHERITANCE,Kernel package/module is a bounded kernel subcomponent; the Linux parent CPE is not inherited.,Exact control/list/status: Source=package/kernel/linux; role=KERNEL_OR_KMOD; Description=Netfilter IPv6 firewalling support; paths=,OBSERVED_COMPONENT_VERSION_PRESERVED_NO_PARENT_MAPPING,Exact installed control Version equals the SBOM version; no parent product version is inferred.,,,NO_DIRECT_CPE,,,NOT_ENCOUNTERED,,false,false,,,DIRECT_OFFICIAL_CPE_NOT_CONFIRMED,NON_DIRECT_SUBCOMPONENT,N/A,STRONG,false,,control=/usr/lib/opkg/info/kmod-ip6tables.control; list=/usr/lib/opkg/info/kmod-ip6tables.list; status_version_matches=True
199749,kmod-ipsec4,5.15.176-1,cpe:2.3:a:kmod-ipsec4:kmod-ipsec4:5.15.176-1:*:*:*:*:*:*:*,package/kernel/linux,kmod-ipsec4,"Kernel modules for IPsec support in IPv4.
Includes:
- ah4
- esp4
- ipcomp4
- xfrm4_mode_beet
- xfrm4_mode_transport
- xfrm4_mode_tunnel
- xfrm4_tunnel",files=1; exec=0; lib=0; plugin=0; kmod=0; paths=/etc/modules.d/32-ipsec4,kmod ipsec4,OpenWrt/upstream source,5.15.176-1,DIRECT_SUBCOMPONENT_NO_PARENT_INHERITANCE,Kernel package/module is a bounded kernel subcomponent; the Linux parent CPE is not inherited.,"Exact control/list/status: Source=package/kernel/linux; role=KERNEL_OR_KMOD; Description=Kernel modules for IPsec support in IPv4.
Includes:
- ah4
- esp4
- ipcomp4
- xfrm4_mode_beet
- xfrm4_mode_transport
- xfrm4_mode_tunnel
- xfrm4_tunnel; paths=/etc/modules.d/32-ipsec4",OBSERVED_COMPONENT_VERSION_PRESERVED_NO_PARENT_MAPPING,Exact installed control Version equals the SBOM version; no parent product version is inferred.,,,NO_DIRECT_CPE,,,NOT_ENCOUNTERED,,false,false,,,DIRECT_OFFICIAL_CPE_NOT_CONFIRMED,NON_DIRECT_SUBCOMPONENT,N/A,STRONG,false,,control=/usr/lib/opkg/info/kmod-ipsec4.control; list=/usr/lib/opkg/info/kmod-ipsec4.list; status_version_matches=True
199750,kmod-ipsec6,5.15.176-1,cpe:2.3:a:kmod-ipsec6:kmod-ipsec6:5.15.176-1:*:*:*:*:*:*:*,package/kernel/linux,kmod-ipsec6,"Kernel modules for IPsec support in IPv6.
Includes:
- ah6
- esp6
- ipcomp6
- xfrm6_mode_beet
- xfrm6_mode_transport
- xfrm6_mode_tunnel
- xfrm6_tunnel",files=1; exec=0; lib=0; plugin=0; kmod=0; paths=/etc/modules.d/32-ipsec6,kmod ipsec6,OpenWrt/upstream source,5.15.176-1,DIRECT_SUBCOMPONENT_NO_PARENT_INHERITANCE,Kernel package/module is a bounded kernel subcomponent; the Linux parent CPE is not inherited.,"Exact control/list/status: Source=package/kernel/linux; role=KERNEL_OR_KMOD; Description=Kernel modules for IPsec support in IPv6.
Includes:
- ah6
- esp6
- ipcomp6
- xfrm6_mode_beet
- xfrm6_mode_transport
- xfrm6_mode_tunnel
- xfrm6_tunnel; paths=/etc/modules.d/32-ipsec6",OBSERVED_COMPONENT_VERSION_PRESERVED_NO_PARENT_MAPPING,Exact installed control Version equals the SBOM version; no parent product version is inferred.,,,NO_DIRECT_CPE,,,NOT_ENCOUNTERED,,false,false,,,DIRECT_OFFICIAL_CPE_NOT_CONFIRMED,NON_DIRECT_SUBCOMPONENT,N/A,STRONG,false,,control=/usr/lib/opkg/info/kmod-ipsec6.control; list=/usr/lib/opkg/info/kmod-ipsec6.list; status_version_matches=True
199751,kmod-ipsec,5.15.176-1,cpe:2.3:a:kmod-ipsec:kmod-ipsec:5.15.176-1:*:*:*:*:*:*:*,package/kernel/linux,kmod-ipsec,"Kernel modules for IPsec support in both IPv4 and IPv6.
Includes:
- af_key
- xfrm_algo
- xfrm_ipcomp
- xfrm_user",files=1; exec=0; lib=0; plugin=0; kmod=0; paths=/etc/modules.d/30-ipsec,kmod ipsec,OpenWrt/upstream source,5.15.176-1,DIRECT_SUBCOMPONENT_NO_PARENT_INHERITANCE,Kernel package/module is a bounded kernel subcomponent; the Linux parent CPE is not inherited.,"Exact control/list/status: Source=package/kernel/linux; role=KERNEL_OR_KMOD; Description=Kernel modules for IPsec support in both IPv4 and IPv6.
Includes:
- af_key
- xfrm_algo
- xfrm_ipcomp
- xfrm_user; paths=/etc/modules.d/30-ipsec",OBSERVED_COMPONENT_VERSION_PRESERVED_NO_PARENT_MAPPING,Exact installed control Version equals the SBOM version; no parent product version is inferred.,,,NO_DIRECT_CPE,,,NOT_ENCOUNTERED,,false,false,,,DIRECT_OFFICIAL_CPE_NOT_CONFIRMED,NON_DIRECT_SUBCOMPONENT,N/A,STRONG,false,,control=/usr/lib/opkg/info/kmod-ipsec.control; list=/usr/lib/opkg/info/kmod-ipsec.list; status_version_matches=True
199752,kmod-ipt-conntrack-extra,5.15.176-1,cpe:2.3:a:kmod-ipt-conntrack-extra:kmod-ipt-conntrack-extra:5.15.176-1:*:*:*:*:*:*:*,package/kernel/linux,kmod-ipt-conntrack-extra,"Netfilter (IPv4) extra kernel modules for connection tracking
Includes:
- connbytes
- connmark/CONNMARK
- conntrack
- helper
- recent",files=0; exec=0; lib=0; plugin=0; kmod=0; paths=,kmod ipt conntrack extra,OpenWrt/upstream source,5.15.176-1,DIRECT_SUBCOMPONENT_NO_PARENT_INHERITANCE,Kernel package/module is a bounded kernel subcomponent; the Linux parent CPE is not inherited.,"Exact control/list/status: Source=package/kernel/linux; role=KERNEL_OR_KMOD; Description=Netfilter (IPv4) extra kernel modules for connection tracking
Includes:
- connbytes
- connmark/CONNMARK
- conntrack
- helper
- recent; paths=",OBSERVED_COMPONENT_VERSION_PRESERVED_NO_PARENT_MAPPING,Exact installed control Version equals the SBOM version; no parent product version is inferred.,,,NO_DIRECT_CPE,,,NOT_ENCOUNTERED,,false,false,,,DIRECT_OFFICIAL_CPE_NOT_CONFIRMED,NON_DIRECT_SUBCOMPONENT,N/A,STRONG,false,,control=/usr/lib/opkg/info/kmod-ipt-conntrack-extra.control; list=/usr/lib/opkg/info/kmod-ipt-conntrack-extra.list; status_version_matches=True
199753,kmod-ipt-conntrack,5.15.176-1,cpe:2.3:a:kmod-ipt-conntrack:kmod-ipt-conntrack:5.15.176-1:*:*:*:*:*:*:*,package/kernel/linux,kmod-ipt-conntrack,"Netfilter (IPv4) kernel modules for connection tracking
Includes:
- conntrack
- defrag
- iptables_raw
- NOTRACK
- state",files=0; exec=0; lib=0; plugin=0; kmod=0; paths=,kmod ipt conntrack,OpenWrt/upstream source,5.15.176-1,DIRECT_SUBCOMPONENT_NO_PARENT_INHERITANCE,Kernel package/module is a bounded kernel subcomponent; the Linux parent CPE is not inherited.,"Exact control/list/status: Source=package/kernel/linux; role=KERNEL_OR_KMOD; Description=Netfilter (IPv4) kernel modules for connection tracking
Includes:
- conntrack
- defrag
- iptables_raw
- NOTRACK
- state; paths=",OBSERVED_COMPONENT_VERSION_PRESERVED_NO_PARENT_MAPPING,Exact installed control Version equals the SBOM version; no parent product version is inferred.,,,NO_DIRECT_CPE,,,NOT_ENCOUNTERED,,false,false,,,DIRECT_OFFICIAL_CPE_NOT_CONFIRMED,NON_DIRECT_SUBCOMPONENT,N/A,STRONG,false,,control=/usr/lib/opkg/info/kmod-ipt-conntrack.control; list=/usr/lib/opkg/info/kmod-ipt-conntrack.list; status_version_matches=True
199754,kmod-ipt-core,5.15.176-1,cpe:2.3:a:kmod-ipt-core:kmod-ipt-core:5.15.176-1:*:*:*:*:*:*:*,package/kernel/linux,kmod-ipt-core,"Netfilter core kernel modules
Includes:
- comment
- limit
- LOG
- mac
- multiport
- REJECT
- TCPMSS",files=0; exec=0; lib=0; plugin=0; kmod=0; paths=,kmod ipt core,OpenWrt/upstream source,5.15.176-1,DIRECT_SUBCOMPONENT_NO_PARENT_INHERITANCE,Kernel package/module is a bounded kernel subcomponent; the Linux parent CPE is not inherited.,"Exact control/list/status: Source=package/kernel/linux; role=KERNEL_OR_KMOD; Description=Netfilter core kernel modules
Includes:
- comment
- limit
- LOG
- mac
- multiport
- REJECT
- TCPMSS; paths=",OBSERVED_COMPONENT_VERSION_PRESERVED_NO_PARENT_MAPPING,Exact installed control Version equals the SBOM version; no parent product version is inferred.,,,NO_DIRECT_CPE,,,NOT_ENCOUNTERED,,false,false,,,DIRECT_OFFICIAL_CPE_NOT_CONFIRMED,NON_DIRECT_SUBCOMPONENT,N/A,STRONG,false,,control=/usr/lib/opkg/info/kmod-ipt-core.control; list=/usr/lib/opkg/info/kmod-ipt-core.list; status_version_matches=True
199755,kmod-ipt-ipopt,5.15.176-1,cpe:2.3:a:kmod-ipt-ipopt:kmod-ipt-ipopt:5.15.176-1:*:*:*:*:*:*:*,package/kernel/linux,kmod-ipt-ipopt,"Netfilter (IPv4) modules for matching/changing IP packet options
Includes:
- CLASSIFY
- dscp/DSCP
- ecn/ECN
- hl/HL
- length
- mark/MARK
- statistic
- tcpmss
- time
- ttl/TTL
- unclean",files=0; exec=0; lib=0; plugin=0; kmod=0; paths=,kmod ipt ipopt,OpenWrt/upstream source,5.15.176-1,DIRECT_SUBCOMPONENT_NO_PARENT_INHERITANCE,Kernel package/module is a bounded kernel subcomponent; the Linux parent CPE is not inherited.,"Exact control/list/status: Source=package/kernel/linux; role=KERNEL_OR_KMOD; Description=Netfilter (IPv4) modules for matching/changing IP packet options
Includes:
- CLASSIFY
- dscp/DSCP
- ecn/ECN
- hl/HL
- length
- mark/MARK
- statistic
- tcpmss
- time
- ttl/TTL
- unclean; paths=",OBSERVED_COMPONENT_VERSION_PRESERVED_NO_PARENT_MAPPING,Exact installed control Version equals the SBOM version; no parent product version is inferred.,,,NO_DIRECT_CPE,,,NOT_ENCOUNTERED,,false,false,,,DIRECT_OFFICIAL_CPE_NOT_CONFIRMED,NON_DIRECT_SUBCOMPONENT,N/A,STRONG,false,,control=/usr/lib/opkg/info/kmod-ipt-ipopt.control; list=/usr/lib/opkg/info/kmod-ipt-ipopt.list; status_version_matches=True
199756,kmod-ipt-ipsec,5.15.176-1,cpe:2.3:a:kmod-ipt-ipsec:kmod-ipt-ipsec:5.15.176-1:*:*:*:*:*:*:*,package/kernel/linux,kmod-ipt-ipsec,"Netfilter (IPv4) modules for matching IPSec packets
Includes:
- ah
- esp
- policy",files=0; exec=0; lib=0; plugin=0; kmod=0; paths=,kmod ipt ipsec,OpenWrt/upstream source,5.15.176-1,DIRECT_SUBCOMPONENT_NO_PARENT_INHERITANCE,Kernel package/module is a bounded kernel subcomponent; the Linux parent CPE is not inherited.,"Exact control/list/status: Source=package/kernel/linux; role=KERNEL_OR_KMOD; Description=Netfilter (IPv4) modules for matching IPSec packets
Includes:
- ah
- esp
- policy; paths=",OBSERVED_COMPONENT_VERSION_PRESERVED_NO_PARENT_MAPPING,Exact installed control Version equals the SBOM version; no parent product version is inferred.,,,NO_DIRECT_CPE,,,NOT_ENCOUNTERED,,false,false,,,DIRECT_OFFICIAL_CPE_NOT_CONFIRMED,NON_DIRECT_SUBCOMPONENT,N/A,STRONG,false,,control=/usr/lib/opkg/info/kmod-ipt-ipsec.control; list=/usr/lib/opkg/info/kmod-ipt-ipsec.list; status_version_matches=True
199757,kmod-ipt-ipset,5.15.176-1,cpe:2.3:a:kmod-ipt-ipset:kmod-ipt-ipset:5.15.176-1:*:*:*:*:*:*:*,package/kernel/linux,kmod-ipt-ipset,IPset netfilter modules,files=1; exec=0; lib=0; plugin=0; kmod=0; paths=/etc/modules.d/49-ipt-ipset,kmod ipt ipset,OpenWrt/upstream source,5.15.176-1,DIRECT_SUBCOMPONENT_NO_PARENT_INHERITANCE,Kernel package/module is a bounded kernel subcomponent; the Linux parent CPE is not inherited.,Exact control/list/status: Source=package/kernel/linux; role=KERNEL_OR_KMOD; Description=IPset netfilter modules; paths=/etc/modules.d/49-ipt-ipset,OBSERVED_COMPONENT_VERSION_PRESERVED_NO_PARENT_MAPPING,Exact installed control Version equals the SBOM version; no parent product version is inferred.,,,NO_DIRECT_CPE,,,NOT_ENCOUNTERED,,false,false,,,DIRECT_OFFICIAL_CPE_NOT_CONFIRMED,NON_DIRECT_SUBCOMPONENT,N/A,STRONG,false,,control=/usr/lib/opkg/info/kmod-ipt-ipset.control; list=/usr/lib/opkg/info/kmod-ipt-ipset.list; status_version_matches=True
199758,kmod-ipt-nat,5.15.176-1,cpe:2.3:a:kmod-ipt-nat:kmod-ipt-nat:5.15.176-1:*:*:*:*:*:*:*,package/kernel/linux,kmod-ipt-nat,"Netfilter (IPv4) kernel modules for basic NAT targets
Includes:
- MASQUERADE",files=0; exec=0; lib=0; plugin=0; kmod=0; paths=,kmod ipt nat,OpenWrt/upstream source,5.15.176-1,DIRECT_SUBCOMPONENT_NO_PARENT_INHERITANCE,Kernel package/module is a bounded kernel subcomponent; the Linux parent CPE is not inherited.,"Exact control/list/status: Source=package/kernel/linux; role=KERNEL_OR_KMOD; Description=Netfilter (IPv4) kernel modules for basic NAT targets
Includes:
- MASQUERADE; paths=",OBSERVED_COMPONENT_VERSION_PRESERVED_NO_PARENT_MAPPING,Exact installed control Version equals the SBOM version; no parent product version is inferred.,,,NO_DIRECT_CPE,,,NOT_ENCOUNTERED,,false,false,,,DIRECT_OFFICIAL_CPE_NOT_CONFIRMED,NON_DIRECT_SUBCOMPONENT,N/A,STRONG,false,,control=/usr/lib/opkg/info/kmod-ipt-nat.control; list=/usr/lib/opkg/info/kmod-ipt-nat.list; status_version_matches=True
199759,kmod-ipt-offload,5.15.176-1,cpe:2.3:a:kmod-ipt-offload:kmod-ipt-offload:5.15.176-1:*:*:*:*:*:*:*,package/kernel/linux,kmod-ipt-offload,Netfilter routing/NAT offload support,files=0; exec=0; lib=0; plugin=0; kmod=0; paths=,kmod ipt offload,OpenWrt/upstream source,5.15.176-1,DIRECT_SUBCOMPONENT_NO_PARENT_INHERITANCE,Kernel package/module is a bounded kernel subcomponent; the Linux parent CPE is not inherited.,Exact control/list/status: Source=package/kernel/linux; role=KERNEL_OR_KMOD; Description=Netfilter routing/NAT offload support; paths=,OBSERVED_COMPONENT_VERSION_PRESERVED_NO_PARENT_MAPPING,Exact installed control Version equals the SBOM version; no parent product version is inferred.,,,NO_DIRECT_CPE,,,NOT_ENCOUNTERED,,false,false,,,DIRECT_OFFICIAL_CPE_NOT_CONFIRMED,NON_DIRECT_SUBCOMPONENT,N/A,STRONG,false,,control=/usr/lib/opkg/info/kmod-ipt-offload.control; list=/usr/lib/opkg/info/kmod-ipt-offload.list; status_version_matches=True
199760,kmod-ipt-raw6,5.15.176-1,cpe:2.3:a:kmod-ipt-raw6:kmod-ipt-raw6:5.15.176-1:*:*:*:*:*:*:*,package/kernel/linux,kmod-ipt-raw6,Netfilter IPv6 raw table support,files=1; exec=0; lib=0; plugin=0; kmod=0; paths=/etc/modules.d/ipt-raw6,kmod ipt raw6,OpenWrt/upstream source,5.15.176-1,DIRECT_SUBCOMPONENT_NO_PARENT_INHERITANCE,Kernel package/module is a bounded kernel subcomponent; the Linux parent CPE is not inherited.,Exact control/list/status: Source=package/kernel/linux; role=KERNEL_OR_KMOD; Description=Netfilter IPv6 raw table support; paths=/etc/modules.d/ipt-raw6,OBSERVED_COMPONENT_VERSION_PRESERVED_NO_PARENT_MAPPING,Exact installed control Version equals the SBOM version; no parent product version is inferred.,,,NO_DIRECT_CPE,,,NOT_ENCOUNTERED,,false,false,,,DIRECT_OFFICIAL_CPE_NOT_CONFIRMED,NON_DIRECT_SUBCOMPONENT,N/A,STRONG,false,,control=/usr/lib/opkg/info/kmod-ipt-raw6.control; list=/usr/lib/opkg/info/kmod-ipt-raw6.list; status_version_matches=True
199761,kmod-ipt-raw,5.15.176-1,cpe:2.3:a:kmod-ipt-raw:kmod-ipt-raw:5.15.176-1:*:*:*:*:*:*:*,package/kernel/linux,kmod-ipt-raw,Netfilter IPv4 raw table support,files=1; exec=0; lib=0; plugin=0; kmod=0; paths=/etc/modules.d/ipt-raw,kmod ipt raw,OpenWrt/upstream source,5.15.176-1,DIRECT_SUBCOMPONENT_NO_PARENT_INHERITANCE,Kernel package/module is a bounded kernel subcomponent; the Linux parent CPE is not inherited.,Exact control/list/status: Source=package/kernel/linux; role=KERNEL_OR_KMOD; Description=Netfilter IPv4 raw table support; paths=/etc/modules.d/ipt-raw,OBSERVED_COMPONENT_VERSION_PRESERVED_NO_PARENT_MAPPING,Exact installed control Version equals the SBOM version; no parent product version is inferred.,,,NO_DIRECT_CPE,,,NOT_ENCOUNTERED,,false,false,,,DIRECT_OFFICIAL_CPE_NOT_CONFIRMED,NON_DIRECT_SUBCOMPONENT,N/A,STRONG,false,,control=/usr/lib/opkg/info/kmod-ipt-raw.control; list=/usr/lib/opkg/info/kmod-ipt-raw.list; status_version_matches=True
199762,kmod-iptunnel4,5.15.176-1,cpe:2.3:a:kmod-iptunnel4:kmod-iptunnel4:5.15.176-1:*:*:*:*:*:*:*,package/kernel/linux,kmod-iptunnel4,Kernel modules for IPv4 tunneling,files=1; exec=0; lib=0; plugin=0; kmod=0; paths=/etc/modules.d/31-iptunnel4,kmod iptunnel4,OpenWrt/upstream source,5.15.176-1,DIRECT_SUBCOMPONENT_NO_PARENT_INHERITANCE,Kernel package/module is a bounded kernel subcomponent; the Linux parent CPE is not inherited.,Exact control/list/status: Source=package/kernel/linux; role=KERNEL_OR_KMOD; Description=Kernel modules for IPv4 tunneling; paths=/etc/modules.d/31-iptunnel4,OBSERVED_COMPONENT_VERSION_PRESERVED_NO_PARENT_MAPPING,Exact installed control Version equals the SBOM version; no parent product version is inferred.,,,NO_DIRECT_CPE,,,NOT_ENCOUNTERED,,false,false,,,DIRECT_OFFICIAL_CPE_NOT_CONFIRMED,NON_DIRECT_SUBCOMPONENT,N/A,STRONG,false,,control=/usr/lib/opkg/info/kmod-iptunnel4.control; list=/usr/lib/opkg/info/kmod-iptunnel4.list; status_version_matches=True
199763,kmod-iptunnel6,5.15.176-1,cpe:2.3:a:kmod-iptunnel6:kmod-iptunnel6:5.15.176-1:*:*:*:*:*:*:*,package/kernel/linux,kmod-iptunnel6,Kernel modules for IPv6 tunneling,files=1; exec=0; lib=0; plugin=0; kmod=0; paths=/etc/modules.d/31-iptunnel6,kmod iptunnel6,OpenWrt/upstream source,5.15.176-1,DIRECT_SUBCOMPONENT_NO_PARENT_INHERITANCE,Kernel package/module is a bounded kernel subcomponent; the Linux parent CPE is not inherited.,Exact control/list/status: Source=package/kernel/linux; role=KERNEL_OR_KMOD; Description=Kernel modules for IPv6 tunneling; paths=/etc/modules.d/31-iptunnel6,OBSERVED_COMPONENT_VERSION_PRESERVED_NO_PARENT_MAPPING,Exact installed control Version equals the SBOM version; no parent product version is inferred.,,,NO_DIRECT_CPE,,,NOT_ENCOUNTERED,,false,false,,,DIRECT_OFFICIAL_CPE_NOT_CONFIRMED,NON_DIRECT_SUBCOMPONENT,N/A,STRONG,false,,control=/usr/lib/opkg/info/kmod-iptunnel6.control; list=/usr/lib/opkg/info/kmod-iptunnel6.list; status_version_matches=True
199764,kmod-iptunnel,5.15.176-1,cpe:2.3:a:kmod-iptunnel:kmod-iptunnel:5.15.176-1:*:*:*:*:*:*:*,package/kernel/linux,kmod-iptunnel,Kernel module for generic IP tunnel support,files=1; exec=0; lib=0; plugin=0; kmod=0; paths=/etc/modules.d/31-iptunnel,kmod iptunnel,OpenWrt/upstream source,5.15.176-1,DIRECT_SUBCOMPONENT_NO_PARENT_INHERITANCE,Kernel package/module is a bounded kernel subcomponent; the Linux parent CPE is not inherited.,Exact control/list/status: Source=package/kernel/linux; role=KERNEL_OR_KMOD; Description=Kernel module for generic IP tunnel support; paths=/etc/modules.d/31-iptunnel,OBSERVED_COMPONENT_VERSION_PRESERVED_NO_PARENT_MAPPING,Exact installed control Version equals the SBOM version; no parent product version is inferred.,,,NO_DIRECT_CPE,,,NOT_ENCOUNTERED,,false,false,,,DIRECT_OFFICIAL_CPE_NOT_CONFIRMED,NON_DIRECT_SUBCOMPONENT,N/A,STRONG,false,,control=/usr/lib/opkg/info/kmod-iptunnel.control; list=/usr/lib/opkg/info/kmod-iptunnel.list; status_version_matches=True
199765,kmod-l2tp-eth,5.15.176-1,cpe:2.3:a:kmod-l2tp-eth:kmod-l2tp-eth:5.15.176-1:*:*:*:*:*:*:*,package/kernel/linux,kmod-l2tp-eth,Kernel modules for L2TP ethernet pseudowire support for L2TPv3,files=1; exec=0; lib=0; plugin=0; kmod=0; paths=/etc/modules.d/33-l2tp-eth,kmod l2tp eth,OpenWrt/upstream source,5.15.176-1,DIRECT_SUBCOMPONENT_NO_PARENT_INHERITANCE,Kernel package/module is a bounded kernel subcomponent; the Linux parent CPE is not inherited.,Exact control/list/status: Source=package/kernel/linux; role=KERNEL_OR_KMOD; Description=Kernel modules for L2TP ethernet pseudowire support for L2TPv3; paths=/etc/modules.d/33-l2tp-eth,OBSERVED_COMPONENT_VERSION_PRESERVED_NO_PARENT_MAPPING,Exact installed control Version equals the SBOM version; no parent product version is inferred.,,,NO_DIRECT_CPE,,,NOT_ENCOUNTERED,,false,false,,,DIRECT_OFFICIAL_CPE_NOT_CONFIRMED,NON_DIRECT_SUBCOMPONENT,N/A,STRONG,false,,control=/usr/lib/opkg/info/kmod-l2tp-eth.control; list=/usr/lib/opkg/info/kmod-l2tp-eth.list; status_version_matches=True
199766,kmod-l2tp-ip,5.15.176-1,cpe:2.3:a:kmod-l2tp-ip:kmod-l2tp-ip:5.15.176-1:*:*:*:*:*:*:*,package/kernel/linux,kmod-l2tp-ip,Kernel modules for L2TP IP encapsulation for L2TPv3,files=1; exec=0; lib=0; plugin=0; kmod=0; paths=/etc/modules.d/33-l2tp-ip,kmod l2tp ip,OpenWrt/upstream source,5.15.176-1,DIRECT_SUBCOMPONENT_NO_PARENT_INHERITANCE,Kernel package/module is a bounded kernel subcomponent; the Linux parent CPE is not inherited.,Exact control/list/status: Source=package/kernel/linux; role=KERNEL_OR_KMOD; Description=Kernel modules for L2TP IP encapsulation for L2TPv3; paths=/etc/modules.d/33-l2tp-ip,OBSERVED_COMPONENT_VERSION_PRESERVED_NO_PARENT_MAPPING,Exact installed control Version equals the SBOM version; no parent product version is inferred.,,,NO_DIRECT_CPE,,,NOT_ENCOUNTERED,,false,false,,,DIRECT_OFFICIAL_CPE_NOT_CONFIRMED,NON_DIRECT_SUBCOMPONENT,N/A,STRONG,false,,control=/usr/lib/opkg/info/kmod-l2tp-ip.control; list=/usr/lib/opkg/info/kmod-l2tp-ip.list; status_version_matches=True
199767,kmod-l2tp,5.15.176-1,cpe:2.3:a:kmod-l2tp:kmod-l2tp:5.15.176-1:*:*:*:*:*:*:*,package/kernel/linux,kmod-l2tp,Kernel modules for L2TP V3 Support,files=1; exec=0; lib=0; plugin=0; kmod=0; paths=/etc/modules.d/32-l2tp,kmod l2tp,OpenWrt/upstream source,5.15.176-1,DIRECT_SUBCOMPONENT_NO_PARENT_INHERITANCE,Kernel package/module is a bounded kernel subcomponent; the Linux parent CPE is not inherited.,Exact control/list/status: Source=package/kernel/linux; role=KERNEL_OR_KMOD; Description=Kernel modules for L2TP V3 Support; paths=/etc/modules.d/32-l2tp,OBSERVED_COMPONENT_VERSION_PRESERVED_NO_PARENT_MAPPING,Exact installed control Version equals the SBOM version; no parent product version is inferred.,,,NO_DIRECT_CPE,,,NOT_ENCOUNTERED,,false,false,,,DIRECT_OFFICIAL_CPE_NOT_CONFIRMED,NON_DIRECT_SUBCOMPONENT,N/A,STRONG,false,,control=/usr/lib/opkg/info/kmod-l2tp.control; list=/usr/lib/opkg/info/kmod-l2tp.list; status_version_matches=True
199768,kmod-leds-gpio,5.15.176-1,cpe:2.3:a:kmod-leds-gpio:kmod-leds-gpio:5.15.176-1:*:*:*:*:*:*:*,package/kernel/linux,kmod-leds-gpio,Kernel module for LEDs on GPIO lines,files=2; exec=0; lib=0; plugin=0; kmod=0; paths=/etc/modules-boot.d/60-leds-gpio | /etc/modules.d/60-leds-gpio,kmod leds gpio,OpenWrt/upstream source,5.15.176-1,DIRECT_SUBCOMPONENT_NO_PARENT_INHERITANCE,Kernel package/module is a bounded kernel subcomponent; the Linux parent CPE is not inherited.,Exact control/list/status: Source=package/kernel/linux; role=KERNEL_OR_KMOD; Description=Kernel module for LEDs on GPIO lines; paths=/etc/modules-boot.d/60-leds-gpio | /etc/modules.d/60-leds-gpio,OBSERVED_COMPONENT_VERSION_PRESERVED_NO_PARENT_MAPPING,Exact installed control Version equals the SBOM version; no parent product version is inferred.,,,NO_DIRECT_CPE,,,NOT_ENCOUNTERED,,false,false,,,DIRECT_OFFICIAL_CPE_NOT_CONFIRMED,NON_DIRECT_SUBCOMPONENT,N/A,STRONG,false,,control=/usr/lib/opkg/info/kmod-leds-gpio.control; list=/usr/lib/opkg/info/kmod-leds-gpio.list; status_version_matches=True
199769,kmod-lib-crc-ccitt,5.15.176-1,cpe:2.3:a:kmod-lib-crc-ccitt:kmod-lib-crc-ccitt:5.15.176-1:*:*:*:*:*:*:*,package/kernel/linux,kmod-lib-crc-ccitt,Kernel module for CRC-CCITT support,files=1; exec=0; lib=0; plugin=0; kmod=0; paths=/etc/modules.d/lib-crc-ccitt,kmod lib crc ccitt,OpenWrt/upstream source,5.15.176-1,DIRECT_SUBCOMPONENT_NO_PARENT_INHERITANCE,Kernel package/module is a bounded kernel subcomponent; the Linux parent CPE is not inherited.,Exact control/list/status: Source=package/kernel/linux; role=KERNEL_OR_KMOD; Description=Kernel module for CRC-CCITT support; paths=/etc/modules.d/lib-crc-ccitt,OBSERVED_COMPONENT_VERSION_PRESERVED_NO_PARENT_MAPPING,Exact installed control Version equals the SBOM version; no parent product version is inferred.,,,NO_DIRECT_CPE,,,NOT_ENCOUNTERED,,false,false,,,DIRECT_OFFICIAL_CPE_NOT_CONFIRMED,NON_DIRECT_SUBCOMPONENT,N/A,STRONG,false,,control=/usr/lib/opkg/info/kmod-lib-crc-ccitt.control; list=/usr/lib/opkg/info/kmod-lib-crc-ccitt.list; status_version_matches=True
199770,kmod-lib-crc16,5.15.176-1,cpe:2.3:a:kmod-lib-crc16:kmod-lib-crc16:5.15.176-1:*:*:*:*:*:*:*,package/kernel/linux,kmod-lib-crc16,Kernel module for CRC16 support,files=2; exec=0; lib=0; plugin=0; kmod=0; paths=/etc/modules-boot.d/20-lib-crc16 | /etc/modules.d/20-lib-crc16,kmod lib crc16,OpenWrt/upstream source,5.15.176-1,DIRECT_SUBCOMPONENT_NO_PARENT_INHERITANCE,Kernel package/module is a bounded kernel subcomponent; the Linux parent CPE is not inherited.,Exact control/list/status: Source=package/kernel/linux; role=KERNEL_OR_KMOD; Description=Kernel module for CRC16 support; paths=/etc/modules-boot.d/20-lib-crc16 | /etc/modules.d/20-lib-crc16,OBSERVED_COMPONENT_VERSION_PRESERVED_NO_PARENT_MAPPING,Exact installed control Version equals the SBOM version; no parent product version is inferred.,,,NO_DIRECT_CPE,,,NOT_ENCOUNTERED,,false,false,,,DIRECT_OFFICIAL_CPE_NOT_CONFIRMED,NON_DIRECT_SUBCOMPONENT,N/A,STRONG,false,,control=/usr/lib/opkg/info/kmod-lib-crc16.control; list=/usr/lib/opkg/info/kmod-lib-crc16.list; status_version_matches=True
199771,kmod-lib-crc32c,5.15.176-1,cpe:2.3:a:kmod-lib-crc32c:kmod-lib-crc32c:5.15.176-1:*:*:*:*:*:*:*,package/kernel/linux,kmod-lib-crc32c,Kernel module for CRC32 support,files=1; exec=0; lib=0; plugin=0; kmod=0; paths=/etc/modules.d/lib-crc32c,kmod lib crc32c,OpenWrt/upstream source,5.15.176-1,DIRECT_SUBCOMPONENT_NO_PARENT_INHERITANCE,Kernel package/module is a bounded kernel subcomponent; the Linux parent CPE is not inherited.,Exact control/list/status: Source=package/kernel/linux; role=KERNEL_OR_KMOD; Description=Kernel module for CRC32 support; paths=/etc/modules.d/lib-crc32c,OBSERVED_COMPONENT_VERSION_PRESERVED_NO_PARENT_MAPPING,Exact installed control Version equals the SBOM version; no parent product version is inferred.,,,NO_DIRECT_CPE,,,NOT_ENCOUNTERED,,false,false,,,DIRECT_OFFICIAL_CPE_NOT_CONFIRMED,NON_DIRECT_SUBCOMPONENT,N/A,STRONG,false,,control=/usr/lib/opkg/info/kmod-lib-crc32c.control; list=/usr/lib/opkg/info/kmod-lib-crc32c.list; status_version_matches=True
199772,kmod-lib-textsearch,5.15.176-1,cpe:2.3:a:kmod-lib-textsearch:kmod-lib-textsearch:5.15.176-1:*:*:*:*:*:*:*,package/kernel/linux,kmod-lib-textsearch,Textsearch support,files=1; exec=0; lib=0; plugin=0; kmod=0; paths=/etc/modules.d/lib-textsearch,kmod lib textsearch,OpenWrt/upstream source,5.15.176-1,DIRECT_SUBCOMPONENT_NO_PARENT_INHERITANCE,Kernel package/module is a bounded kernel subcomponent; the Linux parent CPE is not inherited.,Exact control/list/status: Source=package/kernel/linux; role=KERNEL_OR_KMOD; Description=Textsearch support; paths=/etc/modules.d/lib-textsearch,OBSERVED_COMPONENT_VERSION_PRESERVED_NO_PARENT_MAPPING,Exact installed control Version equals the SBOM version; no parent product version is inferred.,,,NO_DIRECT_CPE,,,NOT_ENCOUNTERED,,false,false,,,DIRECT_OFFICIAL_CPE_NOT_CONFIRMED,NON_DIRECT_SUBCOMPONENT,N/A,STRONG,false,,control=/usr/lib/opkg/info/kmod-lib-textsearch.control; list=/usr/lib/opkg/info/kmod-lib-textsearch.list; status_version_matches=True
199773,kmod-lib-zlib-deflate,5.15.176-1,cpe:2.3:a:kmod-lib-zlib-deflate:kmod-lib-zlib-deflate:5.15.176-1:*:*:*:*:*:*:*,package/kernel/linux,kmod-lib-zlib-deflate,Zlib support,files=1; exec=0; lib=0; plugin=0; kmod=0; paths=/etc/modules.d/lib-zlib-deflate,kmod lib zlib deflate,OpenWrt/upstream source,5.15.176-1,DIRECT_SUBCOMPONENT_NO_PARENT_INHERITANCE,Kernel package/module is a bounded kernel subcomponent; the Linux parent CPE is not inherited.,Exact control/list/status: Source=package/kernel/linux; role=KERNEL_OR_KMOD; Description=Zlib support; paths=/etc/modules.d/lib-zlib-deflate,OBSERVED_COMPONENT_VERSION_PRESERVED_NO_PARENT_MAPPING,Exact installed control Version equals the SBOM version; no parent product version is inferred.,,,NO_DIRECT_CPE,,,NOT_ENCOUNTERED,,false,false,,,DIRECT_OFFICIAL_CPE_NOT_CONFIRMED,NON_DIRECT_SUBCOMPONENT,N/A,STRONG,false,,control=/usr/lib/opkg/info/kmod-lib-zlib-deflate.control; list=/usr/lib/opkg/info/kmod-lib-zlib-deflate.list; status_version_matches=True
199774,kmod-lib-zlib-inflate,5.15.176-1,cpe:2.3:a:kmod-lib-zlib-inflate:kmod-lib-zlib-inflate:5.15.176-1:*:*:*:*:*:*:*,package/kernel/linux,kmod-lib-zlib-inflate,Zlib support,files=1; exec=0; lib=0; plugin=0; kmod=0; paths=/etc/modules.d/lib-zlib-inflate,kmod lib zlib inflate,OpenWrt/upstream source,5.15.176-1,DIRECT_SUBCOMPONENT_NO_PARENT_INHERITANCE,Kernel package/module is a bounded kernel subcomponent; the Linux parent CPE is not inherited.,Exact control/list/status: Source=package/kernel/linux; role=KERNEL_OR_KMOD; Description=Zlib support; paths=/etc/modules.d/lib-zlib-inflate,OBSERVED_COMPONENT_VERSION_PRESERVED_NO_PARENT_MAPPING,Exact installed control Version equals the SBOM version; no parent product version is inferred.,,,NO_DIRECT_CPE,,,NOT_ENCOUNTERED,,false,false,,,DIRECT_OFFICIAL_CPE_NOT_CONFIRMED,NON_DIRECT_SUBCOMPONENT,N/A,STRONG,false,,control=/usr/lib/opkg/info/kmod-lib-zlib-inflate.control; list=/usr/lib/opkg/info/kmod-lib-zlib-inflate.list; status_version_matches=True
199775,kmod-mac80211_515,5.15.176+6.5-1,cpe:2.3:a:kmod-mac80211_515:kmod-mac80211_515:5.15.176+6.5-1:*:*:*:*:*:*:*,package/kernel/mac80211_515,kmod-mac80211_515,Generic IEEE 802.11 Networking Stack (mac80211),files=1; exec=0; lib=0; plugin=0; kmod=1; paths=/lib/modules/5.15.176/mac80211.ko,kmod mac80211 515,OpenWrt/upstream source,5.15.176+6.5-1,DIRECT_SUBCOMPONENT_NO_PARENT_INHERITANCE,Kernel package/module is a bounded kernel subcomponent; the Linux parent CPE is not inherited.,Exact control/list/status: Source=package/kernel/mac80211_515; role=KERNEL_OR_KMOD; Description=Generic IEEE 802.11 Networking Stack (mac80211); paths=/lib/modules/5.15.176/mac80211.ko,OBSERVED_COMPONENT_VERSION_PRESERVED_NO_PARENT_MAPPING,Exact installed control Version equals the SBOM version; no parent product version is inferred.,,,NO_DIRECT_CPE,,,NOT_ENCOUNTERED,,false,false,,,DIRECT_OFFICIAL_CPE_NOT_CONFIRMED,NON_DIRECT_SUBCOMPONENT,N/A,STRONG,false,,control=/usr/lib/opkg/info/kmod-mac80211_515.control; list=/usr/lib/opkg/info/kmod-mac80211_515.list; status_version_matches=True
199776,kmod-mii,5.15.176-1,cpe:2.3:a:kmod-mii:kmod-mii:5.15.176-1:*:*:*:*:*:*:*,package/kernel/linux,kmod-mii,MII library,files=2; exec=0; lib=0; plugin=0; kmod=0; paths=/etc/modules-boot.d/15-mii | /etc/modules.d/15-mii,kmod mii,OpenWrt/upstream source,5.15.176-1,DIRECT_SUBCOMPONENT_NO_PARENT_INHERITANCE,Kernel package/module is a bounded kernel subcomponent; the Linux parent CPE is not inherited.,Exact control/list/status: Source=package/kernel/linux; role=KERNEL_OR_KMOD; Description=MII library; paths=/etc/modules-boot.d/15-mii | /etc/modules.d/15-mii,OBSERVED_COMPONENT_VERSION_PRESERVED_NO_PARENT_MAPPING,Exact installed control Version equals the SBOM version; no parent product version is inferred.,,,NO_DIRECT_CPE,,,NOT_ENCOUNTERED,,false,false,,,DIRECT_OFFICIAL_CPE_NOT_CONFIRMED,NON_DIRECT_SUBCOMPONENT,N/A,STRONG,false,,control=/usr/lib/opkg/info/kmod-mii.control; list=/usr/lib/opkg/info/kmod-mii.list; status_version_matches=True
199777,kmod-mppe,5.15.176-1,cpe:2.3:a:kmod-mppe:kmod-mppe:5.15.176-1:*:*:*:*:*:*:*,package/kernel/linux,kmod-mppe,Kernel modules for Microsoft PPP compression/encryption,files=1; exec=0; lib=0; plugin=0; kmod=0; paths=/etc/modules.d/mppe,kmod mppe,OpenWrt/upstream source,5.15.176-1,DIRECT_SUBCOMPONENT_NO_PARENT_INHERITANCE,Kernel package/module is a bounded kernel subcomponent; the Linux parent CPE is not inherited.,Exact control/list/status: Source=package/kernel/linux; role=KERNEL_OR_KMOD; Description=Kernel modules for Microsoft PPP compression/encryption; paths=/etc/modules.d/mppe,OBSERVED_COMPONENT_VERSION_PRESERVED_NO_PARENT_MAPPING,Exact installed control Version equals the SBOM version; no parent product version is inferred.,,,NO_DIRECT_CPE,,,NOT_ENCOUNTERED,,false,false,,,DIRECT_OFFICIAL_CPE_NOT_CONFIRMED,NON_DIRECT_SUBCOMPONENT,N/A,STRONG,false,,control=/usr/lib/opkg/info/kmod-mppe.control; list=/usr/lib/opkg/info/kmod-mppe.list; status_version_matches=True
199778,kmod-mt76-core_515,5.15.176+2023-09-18-2afc7285-2,cpe:2.3:a:kmod-mt76-core_515:kmod-mt76-core_515:5.15.176+2023-09-18-2afc7285-2:*:*:*:*:*:*:*,package/kernel/mt76_515,kmod-mt76-core_515,MediaTek MT76xx wireless driver,files=1; exec=0; lib=0; plugin=0; kmod=1; paths=/lib/modules/5.15.176/mt76.ko,kmod mt76 core 515,OpenWrt/upstream source,5.15.176+2023-09-18-2afc7285-2,DIRECT_SUBCOMPONENT_NO_PARENT_INHERITANCE,Kernel package/module is a bounded kernel subcomponent; the Linux parent CPE is not inherited.,Exact control/list/status: Source=package/kernel/mt76_515; role=KERNEL_OR_KMOD; Description=MediaTek MT76xx wireless driver; paths=/lib/modules/5.15.176/mt76.ko,OBSERVED_COMPONENT_VERSION_PRESERVED_NO_PARENT_MAPPING,Exact installed control Version equals the SBOM version; no parent product version is inferred.,,,NO_DIRECT_CPE,,,NOT_ENCOUNTERED,,false,false,,,DIRECT_OFFICIAL_CPE_NOT_CONFIRMED,NON_DIRECT_SUBCOMPONENT,N/A,STRONG,false,,control=/usr/lib/opkg/info/kmod-mt76-core_515.control; list=/usr/lib/opkg/info/kmod-mt76-core_515.list; status_version_matches=True
199779,kmod-mt7603_515,5.15.176+2023-09-18-2afc7285-2,cpe:2.3:a:kmod-mt7603_515:kmod-mt7603_515:5.15.176+2023-09-18-2afc7285-2:*:*:*:*:*:*:*,package/kernel/mt76_515,kmod-mt7603_515,MediaTek MT7603 wireless driver,files=3; exec=0; lib=0; plugin=0; kmod=1; paths=/lib/modules/5.15.176/mt7603e.ko | /lib/firmware/mt7628_e2.bin | /etc/modules.d/mt7603_515,kmod mt7603 515,OpenWrt/upstream source,5.15.176+2023-09-18-2afc7285-2,DIRECT_SUBCOMPONENT_NO_PARENT_INHERITANCE,Kernel package/module is a bounded kernel subcomponent; the Linux parent CPE is not inherited.,Exact control/list/status: Source=package/kernel/mt76_515; role=KERNEL_OR_KMOD; Description=MediaTek MT7603 wireless driver; paths=/lib/modules/5.15.176/mt7603e.ko | /lib/firmware/mt7628_e2.bin | /etc/modules.d/mt7603_515,OBSERVED_COMPONENT_VERSION_PRESERVED_NO_PARENT_MAPPING,Exact installed control Version equals the SBOM version; no parent product version is inferred.,,,NO_DIRECT_CPE,,,NOT_ENCOUNTERED,,false,false,,,DIRECT_OFFICIAL_CPE_NOT_CONFIRMED,NON_DIRECT_SUBCOMPONENT,N/A,STRONG,false,,control=/usr/lib/opkg/info/kmod-mt7603_515.control; list=/usr/lib/opkg/info/kmod-mt7603_515.list; status_version_matches=True
199780,kmod-nf-conntrack-netlink,5.15.176-1,cpe:2.3:a:kmod-nf-conntrack-netlink:kmod-nf-conntrack-netlink:5.15.176-1:*:*:*:*:*:*:*,package/kernel/linux,kmod-nf-conntrack-netlink,"Kernel modules support for a netlink-based connection tracking
userspace interface",files=1; exec=0; lib=0; plugin=0; kmod=0; paths=/etc/modules.d/nf-conntrack-netlink,kmod nf conntrack netlink,OpenWrt/upstream source,5.15.176-1,DIRECT_SUBCOMPONENT_NO_PARENT_INHERITANCE,Kernel package/module is a bounded kernel subcomponent; the Linux parent CPE is not inherited.,"Exact control/list/status: Source=package/kernel/linux; role=KERNEL_OR_KMOD; Description=Kernel modules support for a netlink-based connection tracking
userspace interface; paths=/etc/modules.d/nf-conntrack-netlink",OBSERVED_COMPONENT_VERSION_PRESERVED_NO_PARENT_MAPPING,Exact installed control Version equals the SBOM version; no parent product version is inferred.,,,NO_DIRECT_CPE,,,NOT_ENCOUNTERED,,false,false,,,DIRECT_OFFICIAL_CPE_NOT_CONFIRMED,NON_DIRECT_SUBCOMPONENT,N/A,STRONG,false,,control=/usr/lib/opkg/info/kmod-nf-conntrack-netlink.control; list=/usr/lib/opkg/info/kmod-nf-conntrack-netlink.list; status_version_matches=True
199781,kmod-nf-conntrack6,5.15.176-1,cpe:2.3:a:kmod-nf-conntrack6:kmod-nf-conntrack6:5.15.176-1:*:*:*:*:*:*:*,package/kernel/linux,kmod-nf-conntrack6,Netfilter IPv6 connection tracking,files=0; exec=0; lib=0; plugin=0; kmod=0; paths=,kmod nf conntrack6,OpenWrt/upstream source,5.15.176-1,DIRECT_SUBCOMPONENT_NO_PARENT_INHERITANCE,Kernel package/module is a bounded kernel subcomponent; the Linux parent CPE is not inherited.,Exact control/list/status: Source=package/kernel/linux; role=KERNEL_OR_KMOD; Description=Netfilter IPv6 connection tracking; paths=,OBSERVED_COMPONENT_VERSION_PRESERVED_NO_PARENT_MAPPING,Exact installed control Version equals the SBOM version; no parent product version is inferred.,,,NO_DIRECT_CPE,,,NOT_ENCOUNTERED,,false,false,,,DIRECT_OFFICIAL_CPE_NOT_CONFIRMED,NON_DIRECT_SUBCOMPONENT,N/A,STRONG,false,,control=/usr/lib/opkg/info/kmod-nf-conntrack6.control; list=/usr/lib/opkg/info/kmod-nf-conntrack6.list; status_version_matches=True
199782,kmod-nf-conntrack,5.15.176-1,cpe:2.3:a:kmod-nf-conntrack:kmod-nf-conntrack:5.15.176-1:*:*:*:*:*:*:*,package/kernel/linux,kmod-nf-conntrack,Netfilter connection tracking,files=1; exec=0; lib=0; plugin=0; kmod=0; paths=/etc/sysctl.d/11-nf-conntrack.conf,kmod nf conntrack,OpenWrt/upstream source,5.15.176-1,DIRECT_SUBCOMPONENT_NO_PARENT_INHERITANCE,Kernel package/module is a bounded kernel subcomponent; the Linux parent CPE is not inherited.,Exact control/list/status: Source=package/kernel/linux; role=KERNEL_OR_KMOD; Description=Netfilter connection tracking; paths=/etc/sysctl.d/11-nf-conntrack.conf,OBSERVED_COMPONENT_VERSION_PRESERVED_NO_PARENT_MAPPING,Exact installed control Version equals the SBOM version; no parent product version is inferred.,,,NO_DIRECT_CPE,,,NOT_ENCOUNTERED,,false,false,,,DIRECT_OFFICIAL_CPE_NOT_CONFIRMED,NON_DIRECT_SUBCOMPONENT,N/A,STRONG,false,,control=/usr/lib/opkg/info/kmod-nf-conntrack.control; list=/usr/lib/opkg/info/kmod-nf-conntrack.list; status_version_matches=True
199783,kmod-nf-flow,5.15.176-1,cpe:2.3:a:kmod-nf-flow:kmod-nf-flow:5.15.176-1:*:*:*:*:*:*:*,package/kernel/linux,kmod-nf-flow,Netfilter flowtable support,files=1; exec=0; lib=0; plugin=0; kmod=0; paths=/etc/modules.d/nf-flow,kmod nf flow,OpenWrt/upstream source,5.15.176-1,DIRECT_SUBCOMPONENT_NO_PARENT_INHERITANCE,Kernel package/module is a bounded kernel subcomponent; the Linux parent CPE is not inherited.,Exact control/list/status: Source=package/kernel/linux; role=KERNEL_OR_KMOD; Description=Netfilter flowtable support; paths=/etc/modules.d/nf-flow,OBSERVED_COMPONENT_VERSION_PRESERVED_NO_PARENT_MAPPING,Exact installed control Version equals the SBOM version; no parent product version is inferred.,,,NO_DIRECT_CPE,,,NOT_ENCOUNTERED,,false,false,,,DIRECT_OFFICIAL_CPE_NOT_CONFIRMED,NON_DIRECT_SUBCOMPONENT,N/A,STRONG,false,,control=/usr/lib/opkg/info/kmod-nf-flow.control; list=/usr/lib/opkg/info/kmod-nf-flow.list; status_version_matches=True
199784,kmod-nf-ipt6,5.15.176-1,cpe:2.3:a:kmod-nf-ipt6:kmod-nf-ipt6:5.15.176-1:*:*:*:*:*:*:*,package/kernel/linux,kmod-nf-ipt6,Ip6tables core,files=0; exec=0; lib=0; plugin=0; kmod=0; paths=,kmod nf ipt6,OpenWrt/upstream source,5.15.176-1,DIRECT_SUBCOMPONENT_NO_PARENT_INHERITANCE,Kernel package/module is a bounded kernel subcomponent; the Linux parent CPE is not inherited.,Exact control/list/status: Source=package/kernel/linux; role=KERNEL_OR_KMOD; Description=Ip6tables core; paths=,OBSERVED_COMPONENT_VERSION_PRESERVED_NO_PARENT_MAPPING,Exact installed control Version equals the SBOM version; no parent product version is inferred.,,,NO_DIRECT_CPE,,,NOT_ENCOUNTERED,,false,false,,,DIRECT_OFFICIAL_CPE_NOT_CONFIRMED,NON_DIRECT_SUBCOMPONENT,N/A,STRONG,false,,control=/usr/lib/opkg/info/kmod-nf-ipt6.control; list=/usr/lib/opkg/info/kmod-nf-ipt6.list; status_version_matches=True
199785,kmod-nf-ipt,5.15.176-1,cpe:2.3:a:kmod-nf-ipt:kmod-nf-ipt:5.15.176-1:*:*:*:*:*:*:*,package/kernel/linux,kmod-nf-ipt,Iptables core,files=0; exec=0; lib=0; plugin=0; kmod=0; paths=,kmod nf ipt,OpenWrt/upstream source,5.15.176-1,DIRECT_SUBCOMPONENT_NO_PARENT_INHERITANCE,Kernel package/module is a bounded kernel subcomponent; the Linux parent CPE is not inherited.,Exact control/list/status: Source=package/kernel/linux; role=KERNEL_OR_KMOD; Description=Iptables core; paths=,OBSERVED_COMPONENT_VERSION_PRESERVED_NO_PARENT_MAPPING,Exact installed control Version equals the SBOM version; no parent product version is inferred.,,,NO_DIRECT_CPE,,,NOT_ENCOUNTERED,,false,false,,,DIRECT_OFFICIAL_CPE_NOT_CONFIRMED,NON_DIRECT_SUBCOMPONENT,N/A,STRONG,false,,control=/usr/lib/opkg/info/kmod-nf-ipt.control; list=/usr/lib/opkg/info/kmod-nf-ipt.list; status_version_matches=True
199786,kmod-nf-log6,5.15.176-1,cpe:2.3:a:kmod-nf-log6:kmod-nf-log6:5.15.176-1:*:*:*:*:*:*:*,package/kernel/linux,kmod-nf-log6,Netfilter IPV6 Logging,files=0; exec=0; lib=0; plugin=0; kmod=0; paths=,kmod nf log6,OpenWrt/upstream source,5.15.176-1,DIRECT_SUBCOMPONENT_NO_PARENT_INHERITANCE,Kernel package/module is a bounded kernel subcomponent; the Linux parent CPE is not inherited.,Exact control/list/status: Source=package/kernel/linux; role=KERNEL_OR_KMOD; Description=Netfilter IPV6 Logging; paths=,OBSERVED_COMPONENT_VERSION_PRESERVED_NO_PARENT_MAPPING,Exact installed control Version equals the SBOM version; no parent product version is inferred.,,,NO_DIRECT_CPE,,,NOT_ENCOUNTERED,,false,false,,,DIRECT_OFFICIAL_CPE_NOT_CONFIRMED,NON_DIRECT_SUBCOMPONENT,N/A,STRONG,false,,control=/usr/lib/opkg/info/kmod-nf-log6.control; list=/usr/lib/opkg/info/kmod-nf-log6.list; status_version_matches=True
199787,kmod-nf-log,5.15.176-1,cpe:2.3:a:kmod-nf-log:kmod-nf-log:5.15.176-1:*:*:*:*:*:*:*,package/kernel/linux,kmod-nf-log,Netfilter Logging,files=0; exec=0; lib=0; plugin=0; kmod=0; paths=,kmod nf log,OpenWrt/upstream source,5.15.176-1,DIRECT_SUBCOMPONENT_NO_PARENT_INHERITANCE,Kernel package/module is a bounded kernel subcomponent; the Linux parent CPE is not inherited.,Exact control/list/status: Source=package/kernel/linux; role=KERNEL_OR_KMOD; Description=Netfilter Logging; paths=,OBSERVED_COMPONENT_VERSION_PRESERVED_NO_PARENT_MAPPING,Exact installed control Version equals the SBOM version; no parent product version is inferred.,,,NO_DIRECT_CPE,,,NOT_ENCOUNTERED,,false,false,,,DIRECT_OFFICIAL_CPE_NOT_CONFIRMED,NON_DIRECT_SUBCOMPONENT,N/A,STRONG,false,,control=/usr/lib/opkg/info/kmod-nf-log.control; list=/usr/lib/opkg/info/kmod-nf-log.list; status_version_matches=True
199788,kmod-nf-nat,5.15.176-1,cpe:2.3:a:kmod-nf-nat:kmod-nf-nat:5.15.176-1:*:*:*:*:*:*:*,package/kernel/linux,kmod-nf-nat,Netfilter NAT,files=0; exec=0; lib=0; plugin=0; kmod=0; paths=,kmod nf nat,OpenWrt/upstream source,5.15.176-1,DIRECT_SUBCOMPONENT_NO_PARENT_INHERITANCE,Kernel package/module is a bounded kernel subcomponent; the Linux parent CPE is not inherited.,Exact control/list/status: Source=package/kernel/linux; role=KERNEL_OR_KMOD; Description=Netfilter NAT; paths=,OBSERVED_COMPONENT_VERSION_PRESERVED_NO_PARENT_MAPPING,Exact installed control Version equals the SBOM version; no parent product version is inferred.,,,NO_DIRECT_CPE,,,NOT_ENCOUNTERED,,false,false,,,DIRECT_OFFICIAL_CPE_NOT_CONFIRMED,NON_DIRECT_SUBCOMPONENT,N/A,STRONG,false,,control=/usr/lib/opkg/info/kmod-nf-nat.control; list=/usr/lib/opkg/info/kmod-nf-nat.list; status_version_matches=True
199789,kmod-nf-nathelper-extra,5.15.176-1,cpe:2.3:a:kmod-nf-nathelper-extra:kmod-nf-nathelper-extra:5.15.176-1:*:*:*:*:*:*:*,package/kernel/linux,kmod-nf-nathelper-extra,"Extra Netfilter (IPv4) Conntrack and NAT helpers
Includes:
- amanda
- h323
- irc
- mms
- pptp
- proto_gre
- sip
- snmp_basic
- tftp
- broadcast",files=0; exec=0; lib=0; plugin=0; kmod=0; paths=,kmod nf nathelper extra,OpenWrt/upstream source,5.15.176-1,DIRECT_SUBCOMPONENT_NO_PARENT_INHERITANCE,Kernel package/module is a bounded kernel subcomponent; the Linux parent CPE is not inherited.,"Exact control/list/status: Source=package/kernel/linux; role=KERNEL_OR_KMOD; Description=Extra Netfilter (IPv4) Conntrack and NAT helpers
Includes:
- amanda
- h323
- irc
- mms
- pptp
- proto_gre
- sip
- snmp_basic
- tftp
- broadcast; paths=",OBSERVED_COMPONENT_VERSION_PRESERVED_NO_PARENT_MAPPING,Exact installed control Version equals the SBOM version; no parent product version is inferred.,,,NO_DIRECT_CPE,,,NOT_ENCOUNTERED,,false,false,,,DIRECT_OFFICIAL_CPE_NOT_CONFIRMED,NON_DIRECT_SUBCOMPONENT,N/A,STRONG,false,,control=/usr/lib/opkg/info/kmod-nf-nathelper-extra.control; list=/usr/lib/opkg/info/kmod-nf-nathelper-extra.list; status_version_matches=True
199790,kmod-nf-nathelper,5.15.176-1,cpe:2.3:a:kmod-nf-nathelper:kmod-nf-nathelper:5.15.176-1:*:*:*:*:*:*:*,package/kernel/linux,kmod-nf-nathelper,"Default Netfilter (IPv4) Conntrack and NAT helpers
Includes:
- ftp",files=0; exec=0; lib=0; plugin=0; kmod=0; paths=,kmod nf nathelper,OpenWrt/upstream source,5.15.176-1,DIRECT_SUBCOMPONENT_NO_PARENT_INHERITANCE,Kernel package/module is a bounded kernel subcomponent; the Linux parent CPE is not inherited.,"Exact control/list/status: Source=package/kernel/linux; role=KERNEL_OR_KMOD; Description=Default Netfilter (IPv4) Conntrack and NAT helpers
Includes:
- ftp; paths=",OBSERVED_COMPONENT_VERSION_PRESERVED_NO_PARENT_MAPPING,Exact installed control Version equals the SBOM version; no parent product version is inferred.,,,NO_DIRECT_CPE,,,NOT_ENCOUNTERED,,false,false,,,DIRECT_OFFICIAL_CPE_NOT_CONFIRMED,NON_DIRECT_SUBCOMPONENT,N/A,STRONG,false,,control=/usr/lib/opkg/info/kmod-nf-nathelper.control; list=/usr/lib/opkg/info/kmod-nf-nathelper.list; status_version_matches=True
199791,kmod-nf-reject6,5.15.176-1,cpe:2.3:a:kmod-nf-reject6:kmod-nf-reject6:5.15.176-1:*:*:*:*:*:*:*,package/kernel/linux,kmod-nf-reject6,Netfilter IPv6 reject support,files=0; exec=0; lib=0; plugin=0; kmod=0; paths=,kmod nf reject6,OpenWrt/upstream source,5.15.176-1,DIRECT_SUBCOMPONENT_NO_PARENT_INHERITANCE,Kernel package/module is a bounded kernel subcomponent; the Linux parent CPE is not inherited.,Exact control/list/status: Source=package/kernel/linux; role=KERNEL_OR_KMOD; Description=Netfilter IPv6 reject support; paths=,OBSERVED_COMPONENT_VERSION_PRESERVED_NO_PARENT_MAPPING,Exact installed control Version equals the SBOM version; no parent product version is inferred.,,,NO_DIRECT_CPE,,,NOT_ENCOUNTERED,,false,false,,,DIRECT_OFFICIAL_CPE_NOT_CONFIRMED,NON_DIRECT_SUBCOMPONENT,N/A,STRONG,false,,control=/usr/lib/opkg/info/kmod-nf-reject6.control; list=/usr/lib/opkg/info/kmod-nf-reject6.list; status_version_matches=True
199792,kmod-nf-reject,5.15.176-1,cpe:2.3:a:kmod-nf-reject:kmod-nf-reject:5.15.176-1:*:*:*:*:*:*:*,package/kernel/linux,kmod-nf-reject,Netfilter IPv4 reject support,files=0; exec=0; lib=0; plugin=0; kmod=0; paths=,kmod nf reject,OpenWrt/upstream source,5.15.176-1,DIRECT_SUBCOMPONENT_NO_PARENT_INHERITANCE,Kernel package/module is a bounded kernel subcomponent; the Linux parent CPE is not inherited.,Exact control/list/status: Source=package/kernel/linux; role=KERNEL_OR_KMOD; Description=Netfilter IPv4 reject support; paths=,OBSERVED_COMPONENT_VERSION_PRESERVED_NO_PARENT_MAPPING,Exact installed control Version equals the SBOM version; no parent product version is inferred.,,,NO_DIRECT_CPE,,,NOT_ENCOUNTERED,,false,false,,,DIRECT_OFFICIAL_CPE_NOT_CONFIRMED,NON_DIRECT_SUBCOMPONENT,N/A,STRONG,false,,control=/usr/lib/opkg/info/kmod-nf-reject.control; list=/usr/lib/opkg/info/kmod-nf-reject.list; status_version_matches=True
199793,kmod-nfnetlink,5.15.176-1,cpe:2.3:a:kmod-nfnetlink:kmod-nfnetlink:5.15.176-1:*:*:*:*:*:*:*,package/kernel/linux,kmod-nfnetlink,Kernel modules support for a netlink-based userspace interface,files=0; exec=0; lib=0; plugin=0; kmod=0; paths=,kmod nfnetlink,OpenWrt/upstream source,5.15.176-1,DIRECT_SUBCOMPONENT_NO_PARENT_INHERITANCE,Kernel package/module is a bounded kernel subcomponent; the Linux parent CPE is not inherited.,Exact control/list/status: Source=package/kernel/linux; role=KERNEL_OR_KMOD; Description=Kernel modules support for a netlink-based userspace interface; paths=,OBSERVED_COMPONENT_VERSION_PRESERVED_NO_PARENT_MAPPING,Exact installed control Version equals the SBOM version; no parent product version is inferred.,,,NO_DIRECT_CPE,,,NOT_ENCOUNTERED,,false,false,,,DIRECT_OFFICIAL_CPE_NOT_CONFIRMED,NON_DIRECT_SUBCOMPONENT,N/A,STRONG,false,,control=/usr/lib/opkg/info/kmod-nfnetlink.control; list=/usr/lib/opkg/info/kmod-nfnetlink.list; status_version_matches=True
199794,kmod-nft-core,5.15.176-1,cpe:2.3:a:kmod-nft-core:kmod-nft-core:5.15.176-1:*:*:*:*:*:*:*,package/kernel/linux,kmod-nft-core,Kernel module support for nftables,files=0; exec=0; lib=0; plugin=0; kmod=0; paths=,kmod nft core,OpenWrt/upstream source,5.15.176-1,DIRECT_SUBCOMPONENT_NO_PARENT_INHERITANCE,Kernel package/module is a bounded kernel subcomponent; the Linux parent CPE is not inherited.,Exact control/list/status: Source=package/kernel/linux; role=KERNEL_OR_KMOD; Description=Kernel module support for nftables; paths=,OBSERVED_COMPONENT_VERSION_PRESERVED_NO_PARENT_MAPPING,Exact installed control Version equals the SBOM version; no parent product version is inferred.,,,NO_DIRECT_CPE,,,NOT_ENCOUNTERED,,false,false,,,DIRECT_OFFICIAL_CPE_NOT_CONFIRMED,NON_DIRECT_SUBCOMPONENT,N/A,STRONG,false,,control=/usr/lib/opkg/info/kmod-nft-core.control; list=/usr/lib/opkg/info/kmod-nft-core.list; status_version_matches=True
199795,kmod-nft-netdev,5.15.176-1,cpe:2.3:a:kmod-nft-netdev:kmod-nft-netdev:5.15.176-1:*:*:*:*:*:*:*,package/kernel/linux,kmod-nft-netdev,Netfilter nf_tables netdev support,files=1; exec=0; lib=0; plugin=0; kmod=0; paths=/etc/modules.d/nft-netdev,kmod nft netdev,OpenWrt/upstream source,5.15.176-1,DIRECT_SUBCOMPONENT_NO_PARENT_INHERITANCE,Kernel package/module is a bounded kernel subcomponent; the Linux parent CPE is not inherited.,Exact control/list/status: Source=package/kernel/linux; role=KERNEL_OR_KMOD; Description=Netfilter nf_tables netdev support; paths=/etc/modules.d/nft-netdev,OBSERVED_COMPONENT_VERSION_PRESERVED_NO_PARENT_MAPPING,Exact installed control Version equals the SBOM version; no parent product version is inferred.,,,NO_DIRECT_CPE,,,NOT_ENCOUNTERED,,false,false,,,DIRECT_OFFICIAL_CPE_NOT_CONFIRMED,NON_DIRECT_SUBCOMPONENT,N/A,STRONG,false,,control=/usr/lib/opkg/info/kmod-nft-netdev.control; list=/usr/lib/opkg/info/kmod-nft-netdev.list; status_version_matches=True
199796,kmod-nls-base,5.15.176-1,cpe:2.3:a:kmod-nls-base:kmod-nls-base:5.15.176-1:*:*:*:*:*:*:*,package/kernel/linux,kmod-nls-base,Kernel module for NLS (Native Language Support),files=0; exec=0; lib=0; plugin=0; kmod=0; paths=,kmod nls base,OpenWrt/upstream source,5.15.176-1,DIRECT_SUBCOMPONENT_NO_PARENT_INHERITANCE,Kernel package/module is a bounded kernel subcomponent; the Linux parent CPE is not inherited.,Exact control/list/status: Source=package/kernel/linux; role=KERNEL_OR_KMOD; Description=Kernel module for NLS (Native Language Support); paths=,OBSERVED_COMPONENT_VERSION_PRESERVED_NO_PARENT_MAPPING,Exact installed control Version equals the SBOM version; no parent product version is inferred.,,,NO_DIRECT_CPE,,,NOT_ENCOUNTERED,,false,false,,,DIRECT_OFFICIAL_CPE_NOT_CONFIRMED,NON_DIRECT_SUBCOMPONENT,N/A,STRONG,false,,control=/usr/lib/opkg/info/kmod-nls-base.control; list=/usr/lib/opkg/info/kmod-nls-base.list; status_version_matches=True
199797,kmod-nls-cp437,5.15.176-1,cpe:2.3:a:kmod-nls-cp437:kmod-nls-cp437:5.15.176-1:*:*:*:*:*:*:*,package/kernel/linux,kmod-nls-cp437,"Kernel module for NLS Codepage 437 (United States, Canada)",files=1; exec=0; lib=0; plugin=0; kmod=0; paths=/etc/modules.d/25-nls-cp437,kmod nls cp437,OpenWrt/upstream source,5.15.176-1,DIRECT_SUBCOMPONENT_NO_PARENT_INHERITANCE,Kernel package/module is a bounded kernel subcomponent; the Linux parent CPE is not inherited.,"Exact control/list/status: Source=package/kernel/linux; role=KERNEL_OR_KMOD; Description=Kernel module for NLS Codepage 437 (United States, Canada); paths=/etc/modules.d/25-nls-cp437",OBSERVED_COMPONENT_VERSION_PRESERVED_NO_PARENT_MAPPING,Exact installed control Version equals the SBOM version; no parent product version is inferred.,,,NO_DIRECT_CPE,,,NOT_ENCOUNTERED,,false,false,,,DIRECT_OFFICIAL_CPE_NOT_CONFIRMED,NON_DIRECT_SUBCOMPONENT,N/A,STRONG,false,,control=/usr/lib/opkg/info/kmod-nls-cp437.control; list=/usr/lib/opkg/info/kmod-nls-cp437.list; status_version_matches=True
199798,kmod-nls-iso8859-1,5.15.176-1,cpe:2.3:a:kmod-nls-iso8859-1:kmod-nls-iso8859-1:5.15.176-1:*:*:*:*:*:*:*,package/kernel/linux,kmod-nls-iso8859-1,Kernel module for NLS ISO 8859-1 (Latin 1),files=1; exec=0; lib=0; plugin=0; kmod=0; paths=/etc/modules.d/25-nls-iso8859-1,kmod nls iso8859 1,OpenWrt/upstream source,5.15.176-1,DIRECT_SUBCOMPONENT_NO_PARENT_INHERITANCE,Kernel package/module is a bounded kernel subcomponent; the Linux parent CPE is not inherited.,Exact control/list/status: Source=package/kernel/linux; role=KERNEL_OR_KMOD; Description=Kernel module for NLS ISO 8859-1 (Latin 1); paths=/etc/modules.d/25-nls-iso8859-1,OBSERVED_COMPONENT_VERSION_PRESERVED_NO_PARENT_MAPPING,Exact installed control Version equals the SBOM version; no parent product version is inferred.,,,NO_DIRECT_CPE,,,NOT_ENCOUNTERED,,false,false,,,DIRECT_OFFICIAL_CPE_NOT_CONFIRMED,NON_DIRECT_SUBCOMPONENT,N/A,STRONG,false,,control=/usr/lib/opkg/info/kmod-nls-iso8859-1.control; list=/usr/lib/opkg/info/kmod-nls-iso8859-1.list; status_version_matches=True
199799,kmod-nls-utf8,5.15.176-1,cpe:2.3:a:kmod-nls-utf8:kmod-nls-utf8:5.15.176-1:*:*:*:*:*:*:*,package/kernel/linux,kmod-nls-utf8,Kernel module for NLS UTF-8,files=1; exec=0; lib=0; plugin=0; kmod=0; paths=/etc/modules.d/25-nls-utf8,kmod nls utf8,OpenWrt/upstream source,5.15.176-1,DIRECT_SUBCOMPONENT_NO_PARENT_INHERITANCE,Kernel package/module is a bounded kernel subcomponent; the Linux parent CPE is not inherited.,Exact control/list/status: Source=package/kernel/linux; role=KERNEL_OR_KMOD; Description=Kernel module for NLS UTF-8; paths=/etc/modules.d/25-nls-utf8,OBSERVED_COMPONENT_VERSION_PRESERVED_NO_PARENT_MAPPING,Exact installed control Version equals the SBOM version; no parent product version is inferred.,,,NO_DIRECT_CPE,,,NOT_ENCOUNTERED,,false,false,,,DIRECT_OFFICIAL_CPE_NOT_CONFIRMED,NON_DIRECT_SUBCOMPONENT,N/A,STRONG,false,,control=/usr/lib/opkg/info/kmod-nls-utf8.control; list=/usr/lib/opkg/info/kmod-nls-utf8.list; status_version_matches=True
199800,kmod-ovpn-dco-v2,5.15.176+0.2.20240320-1,cpe:2.3:a:kmod-ovpn-dco-v2:kmod-ovpn-dco-v2:5.15.176+0.2.20240320-1:*:*:*:*:*:*:*,package/kernel/ovpn-dco,kmod-ovpn-dco-v2,"This module enhances the performance of the OpenVPN userspace software
by offloading the data channel processing to kernelspace.",files=2; exec=0; lib=0; plugin=0; kmod=1; paths=/lib/modules/5.15.176/ovpn-dco-v2.ko | /etc/modules.d/30-ovpn-dco-v2,kmod ovpn dco v2,OpenWrt/upstream source,5.15.176+0.2.20240320-1,DIRECT_SUBCOMPONENT_NO_PARENT_INHERITANCE,Kernel package/module is a bounded kernel subcomponent; the Linux parent CPE is not inherited.,"Exact control/list/status: Source=package/kernel/ovpn-dco; role=KERNEL_OR_KMOD; Description=This module enhances the performance of the OpenVPN userspace software
by offloading the data channel processing to kernelspace.; paths=/lib/modules/5.15.176/ovpn-dco-v2.ko | /etc/modules.d/30-ovpn-dco-v2",OBSERVED_COMPONENT_VERSION_PRESERVED_NO_PARENT_MAPPING,Exact installed control Version equals the SBOM version; no parent product version is inferred.,,,NO_DIRECT_CPE,,,NOT_ENCOUNTERED,,false,false,,,DIRECT_OFFICIAL_CPE_NOT_CONFIRMED,NON_DIRECT_SUBCOMPONENT,N/A,STRONG,false,,control=/usr/lib/opkg/info/kmod-ovpn-dco-v2.control; list=/usr/lib/opkg/info/kmod-ovpn-dco-v2.list; status_version_matches=True
199801,kmod-ppp,5.15.176-1,cpe:2.3:a:kmod-ppp:kmod-ppp:5.15.176-1:*:*:*:*:*:*:*,package/kernel/linux,kmod-ppp,Kernel modules for PPP support,files=1; exec=0; lib=0; plugin=0; kmod=0; paths=/etc/modules.d/ppp,kmod ppp,OpenWrt/upstream source,5.15.176-1,DIRECT_SUBCOMPONENT_NO_PARENT_INHERITANCE,Kernel package/module is a bounded kernel subcomponent; the Linux parent CPE is not inherited.,Exact control/list/status: Source=package/kernel/linux; role=KERNEL_OR_KMOD; Description=Kernel modules for PPP support; paths=/etc/modules.d/ppp,OBSERVED_COMPONENT_VERSION_PRESERVED_NO_PARENT_MAPPING,Exact installed control Version equals the SBOM version; no parent product version is inferred.,,,NO_DIRECT_CPE,,,NOT_ENCOUNTERED,,false,false,,,DIRECT_OFFICIAL_CPE_NOT_CONFIRMED,NON_DIRECT_SUBCOMPONENT,N/A,STRONG,false,,control=/usr/lib/opkg/info/kmod-ppp.control; list=/usr/lib/opkg/info/kmod-ppp.list; status_version_matches=True
199802,kmod-pppoe,5.15.176-1,cpe:2.3:a:kmod-pppoe:kmod-pppoe:5.15.176-1:*:*:*:*:*:*:*,package/kernel/linux,kmod-pppoe,Kernel module for PPPoE (PPP over Ethernet) support,files=1; exec=0; lib=0; plugin=0; kmod=0; paths=/etc/modules.d/pppoe,kmod pppoe,OpenWrt/upstream source,5.15.176-1,DIRECT_SUBCOMPONENT_NO_PARENT_INHERITANCE,Kernel package/module is a bounded kernel subcomponent; the Linux parent CPE is not inherited.,Exact control/list/status: Source=package/kernel/linux; role=KERNEL_OR_KMOD; Description=Kernel module for PPPoE (PPP over Ethernet) support; paths=/etc/modules.d/pppoe,OBSERVED_COMPONENT_VERSION_PRESERVED_NO_PARENT_MAPPING,Exact installed control Version equals the SBOM version; no parent product version is inferred.,,,NO_DIRECT_CPE,,,NOT_ENCOUNTERED,,false,false,,,DIRECT_OFFICIAL_CPE_NOT_CONFIRMED,NON_DIRECT_SUBCOMPONENT,N/A,STRONG,false,,control=/usr/lib/opkg/info/kmod-pppoe.control; list=/usr/lib/opkg/info/kmod-pppoe.list; status_version_matches=True
199803,kmod-pppol2tp,5.15.176-1,cpe:2.3:a:kmod-pppol2tp:kmod-pppol2tp:5.15.176-1:*:*:*:*:*:*:*,package/kernel/linux,kmod-pppol2tp,Kernel modules for PPPoL2TP (PPP over L2TP) support,files=1; exec=0; lib=0; plugin=0; kmod=0; paths=/etc/modules.d/pppol2tp,kmod pppol2tp,OpenWrt/upstream source,5.15.176-1,DIRECT_SUBCOMPONENT_NO_PARENT_INHERITANCE,Kernel package/module is a bounded kernel subcomponent; the Linux parent CPE is not inherited.,Exact control/list/status: Source=package/kernel/linux; role=KERNEL_OR_KMOD; Description=Kernel modules for PPPoL2TP (PPP over L2TP) support; paths=/etc/modules.d/pppol2tp,OBSERVED_COMPONENT_VERSION_PRESERVED_NO_PARENT_MAPPING,Exact installed control Version equals the SBOM version; no parent product version is inferred.,,,NO_DIRECT_CPE,,,NOT_ENCOUNTERED,,false,false,,,DIRECT_OFFICIAL_CPE_NOT_CONFIRMED,NON_DIRECT_SUBCOMPONENT,N/A,STRONG,false,,control=/usr/lib/opkg/info/kmod-pppol2tp.control; list=/usr/lib/opkg/info/kmod-pppol2tp.list; status_version_matches=True
199804,kmod-pppox,5.15.176-1,cpe:2.3:a:kmod-pppox:kmod-pppox:5.15.176-1:*:*:*:*:*:*:*,package/kernel/linux,kmod-pppox,Kernel helper module for PPPoE and PPTP support,files=0; exec=0; lib=0; plugin=0; kmod=0; paths=,kmod pppox,OpenWrt/upstream source,5.15.176-1,DIRECT_SUBCOMPONENT_NO_PARENT_INHERITANCE,Kernel package/module is a bounded kernel subcomponent; the Linux parent CPE is not inherited.,Exact control/list/status: Source=package/kernel/linux; role=KERNEL_OR_KMOD; Description=Kernel helper module for PPPoE and PPTP support; paths=,OBSERVED_COMPONENT_VERSION_PRESERVED_NO_PARENT_MAPPING,Exact installed control Version equals the SBOM version; no parent product version is inferred.,,,NO_DIRECT_CPE,,,NOT_ENCOUNTERED,,false,false,,,DIRECT_OFFICIAL_CPE_NOT_CONFIRMED,NON_DIRECT_SUBCOMPONENT,N/A,STRONG,false,,control=/usr/lib/opkg/info/kmod-pppox.control; list=/usr/lib/opkg/info/kmod-pppox.list; status_version_matches=True
199805,kmod-pptp,5.15.176-1,cpe:2.3:a:kmod-pptp:kmod-pptp:5.15.176-1:*:*:*:*:*:*:*,package/kernel/linux,kmod-pptp,PPtP support,files=1; exec=0; lib=0; plugin=0; kmod=0; paths=/etc/modules.d/pptp,kmod pptp,OpenWrt/upstream source,5.15.176-1,DIRECT_SUBCOMPONENT_NO_PARENT_INHERITANCE,Kernel package/module is a bounded kernel subcomponent; the Linux parent CPE is not inherited.,Exact control/list/status: Source=package/kernel/linux; role=KERNEL_OR_KMOD; Description=PPtP support; paths=/etc/modules.d/pptp,OBSERVED_COMPONENT_VERSION_PRESERVED_NO_PARENT_MAPPING,Exact installed control Version equals the SBOM version; no parent product version is inferred.,,,NO_DIRECT_CPE,,,NOT_ENCOUNTERED,,false,false,,,DIRECT_OFFICIAL_CPE_NOT_CONFIRMED,NON_DIRECT_SUBCOMPONENT,N/A,STRONG,false,,control=/usr/lib/opkg/info/kmod-pptp.control; list=/usr/lib/opkg/info/kmod-pptp.list; status_version_matches=True
199806,kmod-scsi-core,5.15.176-1,cpe:2.3:a:kmod-scsi-core:kmod-scsi-core:5.15.176-1:*:*:*:*:*:*:*,package/kernel/linux,kmod-scsi-core,SCSI device support,files=2; exec=0; lib=0; plugin=0; kmod=0; paths=/etc/modules-boot.d/40-scsi-core | /etc/modules.d/40-scsi-core,kmod scsi core,OpenWrt/upstream source,5.15.176-1,DIRECT_SUBCOMPONENT_NO_PARENT_INHERITANCE,Kernel package/module is a bounded kernel subcomponent; the Linux parent CPE is not inherited.,Exact control/list/status: Source=package/kernel/linux; role=KERNEL_OR_KMOD; Description=SCSI device support; paths=/etc/modules-boot.d/40-scsi-core | /etc/modules.d/40-scsi-core,OBSERVED_COMPONENT_VERSION_PRESERVED_NO_PARENT_MAPPING,Exact installed control Version equals the SBOM version; no parent product version is inferred.,,,NO_DIRECT_CPE,,,NOT_ENCOUNTERED,,false,false,,,DIRECT_OFFICIAL_CPE_NOT_CONFIRMED,NON_DIRECT_SUBCOMPONENT,N/A,STRONG,false,,control=/usr/lib/opkg/info/kmod-scsi-core.control; list=/usr/lib/opkg/info/kmod-scsi-core.list; status_version_matches=True
199807,kmod-slhc,5.15.176-1,cpe:2.3:a:kmod-slhc:kmod-slhc:5.15.176-1:*:*:*:*:*:*:*,package/kernel/linux,kmod-slhc,Serial Line Header Compression,files=0; exec=0; lib=0; plugin=0; kmod=0; paths=,kmod slhc,OpenWrt/upstream source,5.15.176-1,DIRECT_SUBCOMPONENT_NO_PARENT_INHERITANCE,Kernel package/module is a bounded kernel subcomponent; the Linux parent CPE is not inherited.,Exact control/list/status: Source=package/kernel/linux; role=KERNEL_OR_KMOD; Description=Serial Line Header Compression; paths=,OBSERVED_COMPONENT_VERSION_PRESERVED_NO_PARENT_MAPPING,Exact installed control Version equals the SBOM version; no parent product version is inferred.,,,NO_DIRECT_CPE,,,NOT_ENCOUNTERED,,false,false,,,DIRECT_OFFICIAL_CPE_NOT_CONFIRMED,NON_DIRECT_SUBCOMPONENT,N/A,STRONG,false,,control=/usr/lib/opkg/info/kmod-slhc.control; list=/usr/lib/opkg/info/kmod-slhc.list; status_version_matches=True
199808,kmod-spi-bitbang,5.15.176-1,cpe:2.3:a:kmod-spi-bitbang:kmod-spi-bitbang:5.15.176-1:*:*:*:*:*:*:*,package/kernel/linux,kmod-spi-bitbang,This package contains the SPI bitbanging library,files=0; exec=0; lib=0; plugin=0; kmod=0; paths=,kmod spi bitbang,OpenWrt/upstream source,5.15.176-1,DIRECT_SUBCOMPONENT_NO_PARENT_INHERITANCE,Kernel package/module is a bounded kernel subcomponent; the Linux parent CPE is not inherited.,Exact control/list/status: Source=package/kernel/linux; role=KERNEL_OR_KMOD; Description=This package contains the SPI bitbanging library; paths=,OBSERVED_COMPONENT_VERSION_PRESERVED_NO_PARENT_MAPPING,Exact installed control Version equals the SBOM version; no parent product version is inferred.,,,NO_DIRECT_CPE,,,NOT_ENCOUNTERED,,false,false,,,DIRECT_OFFICIAL_CPE_NOT_CONFIRMED,NON_DIRECT_SUBCOMPONENT,N/A,STRONG,false,,control=/usr/lib/opkg/info/kmod-spi-bitbang.control; list=/usr/lib/opkg/info/kmod-spi-bitbang.list; status_version_matches=True
199809,kmod-spi-gpio,5.15.176-1,cpe:2.3:a:kmod-spi-gpio:kmod-spi-gpio:5.15.176-1:*:*:*:*:*:*:*,package/kernel/linux,kmod-spi-gpio,This package contains the GPIO-based bitbanging SPI Master,files=2; exec=0; lib=0; plugin=0; kmod=0; paths=/etc/modules-boot.d/spi-gpio | /etc/modules.d/spi-gpio,kmod spi gpio,OpenWrt/upstream source,5.15.176-1,DIRECT_SUBCOMPONENT_NO_PARENT_INHERITANCE,Kernel package/module is a bounded kernel subcomponent; the Linux parent CPE is not inherited.,Exact control/list/status: Source=package/kernel/linux; role=KERNEL_OR_KMOD; Description=This package contains the GPIO-based bitbanging SPI Master; paths=/etc/modules-boot.d/spi-gpio | /etc/modules.d/spi-gpio,OBSERVED_COMPONENT_VERSION_PRESERVED_NO_PARENT_MAPPING,Exact installed control Version equals the SBOM version; no parent product version is inferred.,,,NO_DIRECT_CPE,,,NOT_ENCOUNTERED,,false,false,,,DIRECT_OFFICIAL_CPE_NOT_CONFIRMED,NON_DIRECT_SUBCOMPONENT,N/A,STRONG,false,,control=/usr/lib/opkg/info/kmod-spi-gpio.control; list=/usr/lib/opkg/info/kmod-spi-gpio.list; status_version_matches=True
199810,kmod-tlt-gpio,5.15.176-1,cpe:2.3:a:kmod-tlt-gpio:kmod-tlt-gpio:5.15.176-1:*:*:*:*:*:*:*,package/kernel/tlt-gpio,kmod-tlt-gpio,Teltonika gpiochip parameter modification module,files=2; exec=0; lib=0; plugin=0; kmod=1; paths=/lib/modules/5.15.176/tlt_gpio.ko | /etc/modules.d/50-tlt-gpio,kmod tlt gpio,OpenWrt/upstream source,5.15.176-1,DIRECT_SUBCOMPONENT_NO_PARENT_INHERITANCE,Kernel package/module is a bounded kernel subcomponent; the Linux parent CPE is not inherited.,Exact control/list/status: Source=package/kernel/tlt-gpio; role=KERNEL_OR_KMOD; Description=Teltonika gpiochip parameter modification module; paths=/lib/modules/5.15.176/tlt_gpio.ko | /etc/modules.d/50-tlt-gpio,OBSERVED_COMPONENT_VERSION_PRESERVED_NO_PARENT_MAPPING,Exact installed control Version equals the SBOM version; no parent product version is inferred.,,,NO_DIRECT_CPE,,,NOT_ENCOUNTERED,,false,false,,,DIRECT_OFFICIAL_CPE_NOT_CONFIRMED,NON_DIRECT_SUBCOMPONENT,N/A,STRONG,false,,control=/usr/lib/opkg/info/kmod-tlt-gpio.control; list=/usr/lib/opkg/info/kmod-tlt-gpio.list; status_version_matches=True
199811,kmod-tlt-pulse-counter,5.15.176-2,cpe:2.3:a:kmod-tlt-pulse-counter:kmod-tlt-pulse-counter:5.15.176-2:*:*:*:*:*:*:*,package/kernel/pulse-counter,kmod-tlt-pulse-counter,Teltonika pulse counter module,files=2; exec=0; lib=0; plugin=0; kmod=1; paths=/lib/modules/5.15.176/pulse_counter.ko | /etc/modules.d/99-tlt-pulse-counter,kmod tlt pulse counter,OpenWrt/upstream source,5.15.176-2,DIRECT_SUBCOMPONENT_NO_PARENT_INHERITANCE,Kernel package/module is a bounded kernel subcomponent; the Linux parent CPE is not inherited.,Exact control/list/status: Source=package/kernel/pulse-counter; role=KERNEL_OR_KMOD; Description=Teltonika pulse counter module; paths=/lib/modules/5.15.176/pulse_counter.ko | /etc/modules.d/99-tlt-pulse-counter,OBSERVED_COMPONENT_VERSION_PRESERVED_NO_PARENT_MAPPING,Exact installed control Version equals the SBOM version; no parent product version is inferred.,,,NO_DIRECT_CPE,,,NOT_ENCOUNTERED,,false,false,,,DIRECT_OFFICIAL_CPE_NOT_CONFIRMED,NON_DIRECT_SUBCOMPONENT,N/A,STRONG,false,,control=/usr/lib/opkg/info/kmod-tlt-pulse-counter.control; list=/usr/lib/opkg/info/kmod-tlt-pulse-counter.list; status_version_matches=True
199812,kmod-tun,5.15.176-1,cpe:2.3:a:kmod-tun:kmod-tun:5.15.176-1:*:*:*:*:*:*:*,package/kernel/linux,kmod-tun,Kernel support for the TUN/TAP tunneling device,files=1; exec=0; lib=0; plugin=0; kmod=0; paths=/etc/modules.d/30-tun,kmod tun,OpenWrt/upstream source,5.15.176-1,DIRECT_SUBCOMPONENT_NO_PARENT_INHERITANCE,Kernel package/module is a bounded kernel subcomponent; the Linux parent CPE is not inherited.,Exact control/list/status: Source=package/kernel/linux; role=KERNEL_OR_KMOD; Description=Kernel support for the TUN/TAP tunneling device; paths=/etc/modules.d/30-tun,OBSERVED_COMPONENT_VERSION_PRESERVED_NO_PARENT_MAPPING,Exact installed control Version equals the SBOM version; no parent product version is inferred.,,,NO_DIRECT_CPE,,,NOT_ENCOUNTERED,,false,false,,,DIRECT_OFFICIAL_CPE_NOT_CONFIRMED,NON_DIRECT_SUBCOMPONENT,N/A,STRONG,false,,control=/usr/lib/opkg/info/kmod-tun.control; list=/usr/lib/opkg/info/kmod-tun.list; status_version_matches=True
199813,kmod-udptunnel4,5.15.176-1,cpe:2.3:a:kmod-udptunnel4:kmod-udptunnel4:5.15.176-1:*:*:*:*:*:*:*,package/kernel/linux,kmod-udptunnel4,IPv4 UDP tunneling support,files=1; exec=0; lib=0; plugin=0; kmod=0; paths=/etc/modules.d/32-udptunnel4,kmod udptunnel4,OpenWrt/upstream source,5.15.176-1,DIRECT_SUBCOMPONENT_NO_PARENT_INHERITANCE,Kernel package/module is a bounded kernel subcomponent; the Linux parent CPE is not inherited.,Exact control/list/status: Source=package/kernel/linux; role=KERNEL_OR_KMOD; Description=IPv4 UDP tunneling support; paths=/etc/modules.d/32-udptunnel4,OBSERVED_COMPONENT_VERSION_PRESERVED_NO_PARENT_MAPPING,Exact installed control Version equals the SBOM version; no parent product version is inferred.,,,NO_DIRECT_CPE,,,NOT_ENCOUNTERED,,false,false,,,DIRECT_OFFICIAL_CPE_NOT_CONFIRMED,NON_DIRECT_SUBCOMPONENT,N/A,STRONG,false,,control=/usr/lib/opkg/info/kmod-udptunnel4.control; list=/usr/lib/opkg/info/kmod-udptunnel4.list; status_version_matches=True
199814,kmod-udptunnel6,5.15.176-1,cpe:2.3:a:kmod-udptunnel6:kmod-udptunnel6:5.15.176-1:*:*:*:*:*:*:*,package/kernel/linux,kmod-udptunnel6,IPv6 UDP tunneling support,files=1; exec=0; lib=0; plugin=0; kmod=0; paths=/etc/modules.d/32-udptunnel6,kmod udptunnel6,OpenWrt/upstream source,5.15.176-1,DIRECT_SUBCOMPONENT_NO_PARENT_INHERITANCE,Kernel package/module is a bounded kernel subcomponent; the Linux parent CPE is not inherited.,Exact control/list/status: Source=package/kernel/linux; role=KERNEL_OR_KMOD; Description=IPv6 UDP tunneling support; paths=/etc/modules.d/32-udptunnel6,OBSERVED_COMPONENT_VERSION_PRESERVED_NO_PARENT_MAPPING,Exact installed control Version equals the SBOM version; no parent product version is inferred.,,,NO_DIRECT_CPE,,,NOT_ENCOUNTERED,,false,false,,,DIRECT_OFFICIAL_CPE_NOT_CONFIRMED,NON_DIRECT_SUBCOMPONENT,N/A,STRONG,false,,control=/usr/lib/opkg/info/kmod-udptunnel6.control; list=/usr/lib/opkg/info/kmod-udptunnel6.list; status_version_matches=True
199815,kmod-usb-acm,5.15.176-1,cpe:2.3:a:kmod-usb-acm:kmod-usb-acm:5.15.176-1:*:*:*:*:*:*:*,package/kernel/linux,kmod-usb-acm,Kernel support for USB ACM devices (modems/isdn controllers),files=1; exec=0; lib=0; plugin=0; kmod=0; paths=/etc/modules.d/usb-acm,kmod usb acm,OpenWrt/upstream source,5.15.176-1,DIRECT_SUBCOMPONENT_NO_PARENT_INHERITANCE,Kernel package/module is a bounded kernel subcomponent; the Linux parent CPE is not inherited.,Exact control/list/status: Source=package/kernel/linux; role=KERNEL_OR_KMOD; Description=Kernel support for USB ACM devices (modems/isdn controllers); paths=/etc/modules.d/usb-acm,OBSERVED_COMPONENT_VERSION_PRESERVED_NO_PARENT_MAPPING,Exact installed control Version equals the SBOM version; no parent product version is inferred.,,,NO_DIRECT_CPE,,,NOT_ENCOUNTERED,,false,false,,,DIRECT_OFFICIAL_CPE_NOT_CONFIRMED,NON_DIRECT_SUBCOMPONENT,N/A,STRONG,false,,control=/usr/lib/opkg/info/kmod-usb-acm.control; list=/usr/lib/opkg/info/kmod-usb-acm.list; status_version_matches=True
199816,kmod-usb-core,5.15.176-1,cpe:2.3:a:kmod-usb-core:kmod-usb-core:5.15.176-1:*:*:*:*:*:*:*,package/kernel/linux,kmod-usb-core,Kernel support for USB,files=2; exec=0; lib=0; plugin=0; kmod=0; paths=/etc/modules.d/20-usb-core | /etc/modules-boot.d/20-usb-core,kmod usb core,OpenWrt/upstream source,5.15.176-1,DIRECT_SUBCOMPONENT_NO_PARENT_INHERITANCE,Kernel package/module is a bounded kernel subcomponent; the Linux parent CPE is not inherited.,Exact control/list/status: Source=package/kernel/linux; role=KERNEL_OR_KMOD; Description=Kernel support for USB; paths=/etc/modules.d/20-usb-core | /etc/modules-boot.d/20-usb-core,OBSERVED_COMPONENT_VERSION_PRESERVED_NO_PARENT_MAPPING,Exact installed control Version equals the SBOM version; no parent product version is inferred.,,,NO_DIRECT_CPE,,,NOT_ENCOUNTERED,,false,false,,,DIRECT_OFFICIAL_CPE_NOT_CONFIRMED,NON_DIRECT_SUBCOMPONENT,N/A,STRONG,false,,control=/usr/lib/opkg/info/kmod-usb-core.control; list=/usr/lib/opkg/info/kmod-usb-core.list; status_version_matches=True
199817,kmod-usb-ehci,5.15.176-1,cpe:2.3:a:kmod-usb-ehci:kmod-usb-ehci:5.15.176-1:*:*:*:*:*:*:*,package/kernel/linux,kmod-usb-ehci,EHCI controller support,files=2; exec=0; lib=0; plugin=0; kmod=0; paths=/etc/modules-boot.d/35-usb-ehci | /etc/modules.d/35-usb-ehci,kmod usb ehci,OpenWrt/upstream source,5.15.176-1,DIRECT_SUBCOMPONENT_NO_PARENT_INHERITANCE,Kernel package/module is a bounded kernel subcomponent; the Linux parent CPE is not inherited.,Exact control/list/status: Source=package/kernel/linux; role=KERNEL_OR_KMOD; Description=EHCI controller support; paths=/etc/modules-boot.d/35-usb-ehci | /etc/modules.d/35-usb-ehci,OBSERVED_COMPONENT_VERSION_PRESERVED_NO_PARENT_MAPPING,Exact installed control Version equals the SBOM version; no parent product version is inferred.,,,NO_DIRECT_CPE,,,NOT_ENCOUNTERED,,false,false,,,DIRECT_OFFICIAL_CPE_NOT_CONFIRMED,NON_DIRECT_SUBCOMPONENT,N/A,STRONG,false,,control=/usr/lib/opkg/info/kmod-usb-ehci.control; list=/usr/lib/opkg/info/kmod-usb-ehci.list; status_version_matches=True
199818,kmod-usb-net-cdc-ether,5.15.176-1,cpe:2.3:a:kmod-usb-net-cdc-ether:kmod-usb-net-cdc-ether:5.15.176-1:*:*:*:*:*:*:*,package/kernel/linux,kmod-usb-net-cdc-ether,Kernel support for USB CDC Ethernet devices,files=1; exec=0; lib=0; plugin=0; kmod=0; paths=/etc/modules.d/usb-net-cdc-ether,kmod usb net cdc ether,OpenWrt/upstream source,5.15.176-1,DIRECT_SUBCOMPONENT_NO_PARENT_INHERITANCE,Kernel package/module is a bounded kernel subcomponent; the Linux parent CPE is not inherited.,Exact control/list/status: Source=package/kernel/linux; role=KERNEL_OR_KMOD; Description=Kernel support for USB CDC Ethernet devices; paths=/etc/modules.d/usb-net-cdc-ether,OBSERVED_COMPONENT_VERSION_PRESERVED_NO_PARENT_MAPPING,Exact installed control Version equals the SBOM version; no parent product version is inferred.,,,NO_DIRECT_CPE,,,NOT_ENCOUNTERED,,false,false,,,DIRECT_OFFICIAL_CPE_NOT_CONFIRMED,NON_DIRECT_SUBCOMPONENT,N/A,STRONG,false,,control=/usr/lib/opkg/info/kmod-usb-net-cdc-ether.control; list=/usr/lib/opkg/info/kmod-usb-net-cdc-ether.list; status_version_matches=True
199819,kmod-usb-net-cdc-ncm,5.15.176-1,cpe:2.3:a:kmod-usb-net-cdc-ncm:kmod-usb-net-cdc-ncm:5.15.176-1:*:*:*:*:*:*:*,package/kernel/linux,kmod-usb-net-cdc-ncm,Kernel support for CDC NCM connections,files=1; exec=0; lib=0; plugin=0; kmod=0; paths=/etc/modules.d/usb-net-cdc-ncm,kmod usb net cdc ncm,OpenWrt/upstream source,5.15.176-1,DIRECT_SUBCOMPONENT_NO_PARENT_INHERITANCE,Kernel package/module is a bounded kernel subcomponent; the Linux parent CPE is not inherited.,Exact control/list/status: Source=package/kernel/linux; role=KERNEL_OR_KMOD; Description=Kernel support for CDC NCM connections; paths=/etc/modules.d/usb-net-cdc-ncm,OBSERVED_COMPONENT_VERSION_PRESERVED_NO_PARENT_MAPPING,Exact installed control Version equals the SBOM version; no parent product version is inferred.,,,NO_DIRECT_CPE,,,NOT_ENCOUNTERED,,false,false,,,DIRECT_OFFICIAL_CPE_NOT_CONFIRMED,NON_DIRECT_SUBCOMPONENT,N/A,STRONG,false,,control=/usr/lib/opkg/info/kmod-usb-net-cdc-ncm.control; list=/usr/lib/opkg/info/kmod-usb-net-cdc-ncm.list; status_version_matches=True
199820,kmod-usb-net-qmi-wwan,5.15.176-1,cpe:2.3:a:kmod-usb-net-qmi-wwan:kmod-usb-net-qmi-wwan:5.15.176-1:*:*:*:*:*:*:*,package/kernel/linux,kmod-usb-net-qmi-wwan,QMI WWAN driver for Qualcomm MSM based 3G and LTE modems,files=1; exec=0; lib=0; plugin=0; kmod=0; paths=/etc/modules.d/usb-net-qmi-wwan,kmod usb net qmi wwan,OpenWrt/upstream source,5.15.176-1,DIRECT_SUBCOMPONENT_NO_PARENT_INHERITANCE,Kernel package/module is a bounded kernel subcomponent; the Linux parent CPE is not inherited.,Exact control/list/status: Source=package/kernel/linux; role=KERNEL_OR_KMOD; Description=QMI WWAN driver for Qualcomm MSM based 3G and LTE modems; paths=/etc/modules.d/usb-net-qmi-wwan,OBSERVED_COMPONENT_VERSION_PRESERVED_NO_PARENT_MAPPING,Exact installed control Version equals the SBOM version; no parent product version is inferred.,,,NO_DIRECT_CPE,,,NOT_ENCOUNTERED,,false,false,,,DIRECT_OFFICIAL_CPE_NOT_CONFIRMED,NON_DIRECT_SUBCOMPONENT,N/A,STRONG,false,,control=/usr/lib/opkg/info/kmod-usb-net-qmi-wwan.control; list=/usr/lib/opkg/info/kmod-usb-net-qmi-wwan.list; status_version_matches=True
199821,kmod-usb-net-rndis,5.15.176-1,cpe:2.3:a:kmod-usb-net-rndis:kmod-usb-net-rndis:5.15.176-1:*:*:*:*:*:*:*,package/kernel/linux,kmod-usb-net-rndis,Kernel support for RNDIS connections,files=1; exec=0; lib=0; plugin=0; kmod=0; paths=/etc/modules.d/usb-net-rndis,kmod usb net rndis,OpenWrt/upstream source,5.15.176-1,DIRECT_SUBCOMPONENT_NO_PARENT_INHERITANCE,Kernel package/module is a bounded kernel subcomponent; the Linux parent CPE is not inherited.,Exact control/list/status: Source=package/kernel/linux; role=KERNEL_OR_KMOD; Description=Kernel support for RNDIS connections; paths=/etc/modules.d/usb-net-rndis,OBSERVED_COMPONENT_VERSION_PRESERVED_NO_PARENT_MAPPING,Exact installed control Version equals the SBOM version; no parent product version is inferred.,,,NO_DIRECT_CPE,,,NOT_ENCOUNTERED,,false,false,,,DIRECT_OFFICIAL_CPE_NOT_CONFIRMED,NON_DIRECT_SUBCOMPONENT,N/A,STRONG,false,,control=/usr/lib/opkg/info/kmod-usb-net-rndis.control; list=/usr/lib/opkg/info/kmod-usb-net-rndis.list; status_version_matches=True
199822,kmod-usb-net,5.15.176-1,cpe:2.3:a:kmod-usb-net:kmod-usb-net:5.15.176-1:*:*:*:*:*:*:*,package/kernel/linux,kmod-usb-net,Kernel modules for USB-to-Ethernet convertors,files=1; exec=0; lib=0; plugin=0; kmod=0; paths=/etc/modules.d/usb-net,kmod usb net,OpenWrt/upstream source,5.15.176-1,DIRECT_SUBCOMPONENT_NO_PARENT_INHERITANCE,Kernel package/module is a bounded kernel subcomponent; the Linux parent CPE is not inherited.,Exact control/list/status: Source=package/kernel/linux; role=KERNEL_OR_KMOD; Description=Kernel modules for USB-to-Ethernet convertors; paths=/etc/modules.d/usb-net,OBSERVED_COMPONENT_VERSION_PRESERVED_NO_PARENT_MAPPING,Exact installed control Version equals the SBOM version; no parent product version is inferred.,,,NO_DIRECT_CPE,,,NOT_ENCOUNTERED,,false,false,,,DIRECT_OFFICIAL_CPE_NOT_CONFIRMED,NON_DIRECT_SUBCOMPONENT,N/A,STRONG,false,,control=/usr/lib/opkg/info/kmod-usb-net.control; list=/usr/lib/opkg/info/kmod-usb-net.list; status_version_matches=True
199823,kmod-usb-serial-ark3116,5.15.176-1,cpe:2.3:a:kmod-usb-serial-ark3116:kmod-usb-serial-ark3116:5.15.176-1:*:*:*:*:*:*:*,package/kernel/linux,kmod-usb-serial-ark3116,Kernel support for ArkMicroChips ARK3116 USB-to-Serial converters,files=1; exec=0; lib=0; plugin=0; kmod=0; paths=/etc/modules.d/usb-serial-ark3116,kmod usb serial ark3116,OpenWrt/upstream source,5.15.176-1,DIRECT_SUBCOMPONENT_NO_PARENT_INHERITANCE,Kernel package/module is a bounded kernel subcomponent; the Linux parent CPE is not inherited.,Exact control/list/status: Source=package/kernel/linux; role=KERNEL_OR_KMOD; Description=Kernel support for ArkMicroChips ARK3116 USB-to-Serial converters; paths=/etc/modules.d/usb-serial-ark3116,OBSERVED_COMPONENT_VERSION_PRESERVED_NO_PARENT_MAPPING,Exact installed control Version equals the SBOM version; no parent product version is inferred.,,,NO_DIRECT_CPE,,,NOT_ENCOUNTERED,,false,false,,,DIRECT_OFFICIAL_CPE_NOT_CONFIRMED,NON_DIRECT_SUBCOMPONENT,N/A,STRONG,false,,control=/usr/lib/opkg/info/kmod-usb-serial-ark3116.control; list=/usr/lib/opkg/info/kmod-usb-serial-ark3116.list; status_version_matches=True
199824,kmod-usb-serial-belkin,5.15.176-1,cpe:2.3:a:kmod-usb-serial-belkin:kmod-usb-serial-belkin:5.15.176-1:*:*:*:*:*:*:*,package/kernel/linux,kmod-usb-serial-belkin,Kernel support for Belkin USB-to-Serial converters,files=1; exec=0; lib=0; plugin=0; kmod=0; paths=/etc/modules.d/usb-serial-belkin,kmod usb serial belkin,OpenWrt/upstream source,5.15.176-1,DIRECT_SUBCOMPONENT_NO_PARENT_INHERITANCE,Kernel package/module is a bounded kernel subcomponent; the Linux parent CPE is not inherited.,Exact control/list/status: Source=package/kernel/linux; role=KERNEL_OR_KMOD; Description=Kernel support for Belkin USB-to-Serial converters; paths=/etc/modules.d/usb-serial-belkin,OBSERVED_COMPONENT_VERSION_PRESERVED_NO_PARENT_MAPPING,Exact installed control Version equals the SBOM version; no parent product version is inferred.,,,NO_DIRECT_CPE,,,NOT_ENCOUNTERED,,false,false,,,DIRECT_OFFICIAL_CPE_NOT_CONFIRMED,NON_DIRECT_SUBCOMPONENT,N/A,STRONG,false,,control=/usr/lib/opkg/info/kmod-usb-serial-belkin.control; list=/usr/lib/opkg/info/kmod-usb-serial-belkin.list; status_version_matches=True
199825,kmod-usb-serial-ch341,5.15.176-1,cpe:2.3:a:kmod-usb-serial-ch341:kmod-usb-serial-ch341:5.15.176-1:*:*:*:*:*:*:*,package/kernel/linux,kmod-usb-serial-ch341,Kernel support for Winchiphead CH341 USB-to-Serial converters,files=1; exec=0; lib=0; plugin=0; kmod=0; paths=/etc/modules.d/usb-serial-ch341,kmod usb serial ch341,OpenWrt/upstream source,5.15.176-1,DIRECT_SUBCOMPONENT_NO_PARENT_INHERITANCE,Kernel package/module is a bounded kernel subcomponent; the Linux parent CPE is not inherited.,Exact control/list/status: Source=package/kernel/linux; role=KERNEL_OR_KMOD; Description=Kernel support for Winchiphead CH341 USB-to-Serial converters; paths=/etc/modules.d/usb-serial-ch341,OBSERVED_COMPONENT_VERSION_PRESERVED_NO_PARENT_MAPPING,Exact installed control Version equals the SBOM version; no parent product version is inferred.,,,NO_DIRECT_CPE,,,NOT_ENCOUNTERED,,false,false,,,DIRECT_OFFICIAL_CPE_NOT_CONFIRMED,NON_DIRECT_SUBCOMPONENT,N/A,STRONG,false,,control=/usr/lib/opkg/info/kmod-usb-serial-ch341.control; list=/usr/lib/opkg/info/kmod-usb-serial-ch341.list; status_version_matches=True
199826,kmod-usb-serial-ch343,5.15.176-1,cpe:2.3:a:kmod-usb-serial-ch343:kmod-usb-serial-ch343:5.15.176-1:*:*:*:*:*:*:*,package/kernel/linux,kmod-usb-serial-ch343,Kernel support for Winchiphead CH343 USB-to-Serial converters,files=1; exec=0; lib=0; plugin=0; kmod=0; paths=/etc/modules.d/usb-serial-ch343,kmod usb serial ch343,OpenWrt/upstream source,5.15.176-1,DIRECT_SUBCOMPONENT_NO_PARENT_INHERITANCE,Kernel package/module is a bounded kernel subcomponent; the Linux parent CPE is not inherited.,Exact control/list/status: Source=package/kernel/linux; role=KERNEL_OR_KMOD; Description=Kernel support for Winchiphead CH343 USB-to-Serial converters; paths=/etc/modules.d/usb-serial-ch343,OBSERVED_COMPONENT_VERSION_PRESERVED_NO_PARENT_MAPPING,Exact installed control Version equals the SBOM version; no parent product version is inferred.,,,NO_DIRECT_CPE,,,NOT_ENCOUNTERED,,false,false,,,DIRECT_OFFICIAL_CPE_NOT_CONFIRMED,NON_DIRECT_SUBCOMPONENT,N/A,STRONG,false,,control=/usr/lib/opkg/info/kmod-usb-serial-ch343.control; list=/usr/lib/opkg/info/kmod-usb-serial-ch343.list; status_version_matches=True
199827,kmod-usb-serial-cp210x,5.15.176-1,cpe:2.3:a:kmod-usb-serial-cp210x:kmod-usb-serial-cp210x:5.15.176-1:*:*:*:*:*:*:*,package/kernel/linux,kmod-usb-serial-cp210x,Kernel support for Silicon Labs cp210x USB-to-Serial converters,files=1; exec=0; lib=0; plugin=0; kmod=0; paths=/etc/modules.d/usb-serial-cp210x,kmod usb serial cp210x,OpenWrt/upstream source,5.15.176-1,DIRECT_SUBCOMPONENT_NO_PARENT_INHERITANCE,Kernel package/module is a bounded kernel subcomponent; the Linux parent CPE is not inherited.,Exact control/list/status: Source=package/kernel/linux; role=KERNEL_OR_KMOD; Description=Kernel support for Silicon Labs cp210x USB-to-Serial converters; paths=/etc/modules.d/usb-serial-cp210x,OBSERVED_COMPONENT_VERSION_PRESERVED_NO_PARENT_MAPPING,Exact installed control Version equals the SBOM version; no parent product version is inferred.,,,NO_DIRECT_CPE,,,NOT_ENCOUNTERED,,false,false,,,DIRECT_OFFICIAL_CPE_NOT_CONFIRMED,NON_DIRECT_SUBCOMPONENT,N/A,STRONG,false,,control=/usr/lib/opkg/info/kmod-usb-serial-cp210x.control; list=/usr/lib/opkg/info/kmod-usb-serial-cp210x.list; status_version_matches=True
199828,kmod-usb-serial-cypress-m8,5.15.176-1,cpe:2.3:a:kmod-usb-serial-cypress-m8:kmod-usb-serial-cypress-m8:5.15.176-1:*:*:*:*:*:*:*,package/kernel/linux,kmod-usb-serial-cypress-m8,"Kernel support for devices with Cypress M8 USB to Serial chip
(for example, the Delorme Earthmate LT-20 GPS)
Supported microcontrollers in the CY4601 family are:
CY7C63741 CY7C63742 CY7C63743 CY7C64013",files=1; exec=0; lib=0; plugin=0; kmod=0; paths=/etc/modules.d/usb-serial-cypress-m8,kmod usb serial cypress m8,OpenWrt/upstream source,5.15.176-1,DIRECT_SUBCOMPONENT_NO_PARENT_INHERITANCE,Kernel package/module is a bounded kernel subcomponent; the Linux parent CPE is not inherited.,"Exact control/list/status: Source=package/kernel/linux; role=KERNEL_OR_KMOD; Description=Kernel support for devices with Cypress M8 USB to Serial chip
(for example, the Delorme Earthmate LT-20 GPS)
Supported microcontrollers in the CY4601 family are:
CY7C63741 CY7C63742 CY7C63743 CY7C64013; paths=/etc/modules.d/usb-serial-cypress-m8",OBSERVED_COMPONENT_VERSION_PRESERVED_NO_PARENT_MAPPING,Exact installed control Version equals the SBOM version; no parent product version is inferred.,,,NO_DIRECT_CPE,,,NOT_ENCOUNTERED,,false,false,,,DIRECT_OFFICIAL_CPE_NOT_CONFIRMED,NON_DIRECT_SUBCOMPONENT,N/A,STRONG,false,,control=/usr/lib/opkg/info/kmod-usb-serial-cypress-m8.control; list=/usr/lib/opkg/info/kmod-usb-serial-cypress-m8.list; status_version_matches=True
199829,kmod-usb-serial-ftdi,5.15.176-1,cpe:2.3:a:kmod-usb-serial-ftdi:kmod-usb-serial-ftdi:5.15.176-1:*:*:*:*:*:*:*,package/kernel/linux,kmod-usb-serial-ftdi,Kernel support for FTDI USB-to-Serial converters,files=1; exec=0; lib=0; plugin=0; kmod=0; paths=/etc/modules.d/usb-serial-ftdi,kmod usb serial ftdi,OpenWrt/upstream source,5.15.176-1,DIRECT_SUBCOMPONENT_NO_PARENT_INHERITANCE,Kernel package/module is a bounded kernel subcomponent; the Linux parent CPE is not inherited.,Exact control/list/status: Source=package/kernel/linux; role=KERNEL_OR_KMOD; Description=Kernel support for FTDI USB-to-Serial converters; paths=/etc/modules.d/usb-serial-ftdi,OBSERVED_COMPONENT_VERSION_PRESERVED_NO_PARENT_MAPPING,Exact installed control Version equals the SBOM version; no parent product version is inferred.,,,NO_DIRECT_CPE,,,NOT_ENCOUNTERED,,false,false,,,DIRECT_OFFICIAL_CPE_NOT_CONFIRMED,NON_DIRECT_SUBCOMPONENT,N/A,STRONG,false,,control=/usr/lib/opkg/info/kmod-usb-serial-ftdi.control; list=/usr/lib/opkg/info/kmod-usb-serial-ftdi.list; status_version_matches=True
199830,kmod-usb-serial-option,5.15.176-1,cpe:2.3:a:kmod-usb-serial-option:kmod-usb-serial-option:5.15.176-1:*:*:*:*:*:*:*,package/kernel/linux,kmod-usb-serial-option,Kernel support for Option HSDPA modems,files=1; exec=0; lib=0; plugin=0; kmod=0; paths=/etc/modules.d/usb-serial-option,kmod usb serial option,OpenWrt/upstream source,5.15.176-1,DIRECT_SUBCOMPONENT_NO_PARENT_INHERITANCE,Kernel package/module is a bounded kernel subcomponent; the Linux parent CPE is not inherited.,Exact control/list/status: Source=package/kernel/linux; role=KERNEL_OR_KMOD; Description=Kernel support for Option HSDPA modems; paths=/etc/modules.d/usb-serial-option,OBSERVED_COMPONENT_VERSION_PRESERVED_NO_PARENT_MAPPING,Exact installed control Version equals the SBOM version; no parent product version is inferred.,,,NO_DIRECT_CPE,,,NOT_ENCOUNTERED,,false,false,,,DIRECT_OFFICIAL_CPE_NOT_CONFIRMED,NON_DIRECT_SUBCOMPONENT,N/A,STRONG,false,,control=/usr/lib/opkg/info/kmod-usb-serial-option.control; list=/usr/lib/opkg/info/kmod-usb-serial-option.list; status_version_matches=True
199831,kmod-usb-serial-pl2303,5.15.176-1,cpe:2.3:a:kmod-usb-serial-pl2303:kmod-usb-serial-pl2303:5.15.176-1:*:*:*:*:*:*:*,package/kernel/linux,kmod-usb-serial-pl2303,Kernel support for Prolific PL2303 USB-to-Serial converters,files=1; exec=0; lib=0; plugin=0; kmod=0; paths=/etc/modules.d/usb-serial-pl2303,kmod usb serial pl2303,OpenWrt/upstream source,5.15.176-1,DIRECT_SUBCOMPONENT_NO_PARENT_INHERITANCE,Kernel package/module is a bounded kernel subcomponent; the Linux parent CPE is not inherited.,Exact control/list/status: Source=package/kernel/linux; role=KERNEL_OR_KMOD; Description=Kernel support for Prolific PL2303 USB-to-Serial converters; paths=/etc/modules.d/usb-serial-pl2303,OBSERVED_COMPONENT_VERSION_PRESERVED_NO_PARENT_MAPPING,Exact installed control Version equals the SBOM version; no parent product version is inferred.,,,NO_DIRECT_CPE,,,NOT_ENCOUNTERED,,false,false,,,DIRECT_OFFICIAL_CPE_NOT_CONFIRMED,NON_DIRECT_SUBCOMPONENT,N/A,STRONG,false,,control=/usr/lib/opkg/info/kmod-usb-serial-pl2303.control; list=/usr/lib/opkg/info/kmod-usb-serial-pl2303.list; status_version_matches=True
199832,kmod-usb-serial-wwan,5.15.176-1,cpe:2.3:a:kmod-usb-serial-wwan:kmod-usb-serial-wwan:5.15.176-1:*:*:*:*:*:*:*,package/kernel/linux,kmod-usb-serial-wwan,Kernel support for USB GSM and CDMA modems,files=1; exec=0; lib=0; plugin=0; kmod=0; paths=/etc/modules.d/usb-serial-wwan,kmod usb serial wwan,OpenWrt/upstream source,5.15.176-1,DIRECT_SUBCOMPONENT_NO_PARENT_INHERITANCE,Kernel package/module is a bounded kernel subcomponent; the Linux parent CPE is not inherited.,Exact control/list/status: Source=package/kernel/linux; role=KERNEL_OR_KMOD; Description=Kernel support for USB GSM and CDMA modems; paths=/etc/modules.d/usb-serial-wwan,OBSERVED_COMPONENT_VERSION_PRESERVED_NO_PARENT_MAPPING,Exact installed control Version equals the SBOM version; no parent product version is inferred.,,,NO_DIRECT_CPE,,,NOT_ENCOUNTERED,,false,false,,,DIRECT_OFFICIAL_CPE_NOT_CONFIRMED,NON_DIRECT_SUBCOMPONENT,N/A,STRONG,false,,control=/usr/lib/opkg/info/kmod-usb-serial-wwan.control; list=/usr/lib/opkg/info/kmod-usb-serial-wwan.list; status_version_matches=True
199833,kmod-usb-serial,5.15.176-1,cpe:2.3:a:kmod-usb-serial:kmod-usb-serial:5.15.176-1:*:*:*:*:*:*:*,package/kernel/linux,kmod-usb-serial,Kernel support for USB-to-Serial converters,files=1; exec=0; lib=0; plugin=0; kmod=0; paths=/etc/modules.d/usb-serial,kmod usb serial,OpenWrt/upstream source,5.15.176-1,DIRECT_SUBCOMPONENT_NO_PARENT_INHERITANCE,Kernel package/module is a bounded kernel subcomponent; the Linux parent CPE is not inherited.,Exact control/list/status: Source=package/kernel/linux; role=KERNEL_OR_KMOD; Description=Kernel support for USB-to-Serial converters; paths=/etc/modules.d/usb-serial,OBSERVED_COMPONENT_VERSION_PRESERVED_NO_PARENT_MAPPING,Exact installed control Version equals the SBOM version; no parent product version is inferred.,,,NO_DIRECT_CPE,,,NOT_ENCOUNTERED,,false,false,,,DIRECT_OFFICIAL_CPE_NOT_CONFIRMED,NON_DIRECT_SUBCOMPONENT,N/A,STRONG,false,,control=/usr/lib/opkg/info/kmod-usb-serial.control; list=/usr/lib/opkg/info/kmod-usb-serial.list; status_version_matches=True
199834,kmod-usb-storage,5.15.176-1,cpe:2.3:a:kmod-usb-storage:kmod-usb-storage:5.15.176-1:*:*:*:*:*:*:*,package/kernel/linux,kmod-usb-storage,Kernel support for USB Mass Storage devices,files=2; exec=0; lib=0; plugin=0; kmod=0; paths=/etc/modules-boot.d/usb-storage | /etc/modules.d/usb-storage,kmod usb storage,OpenWrt/upstream source,5.15.176-1,DIRECT_SUBCOMPONENT_NO_PARENT_INHERITANCE,Kernel package/module is a bounded kernel subcomponent; the Linux parent CPE is not inherited.,Exact control/list/status: Source=package/kernel/linux; role=KERNEL_OR_KMOD; Description=Kernel support for USB Mass Storage devices; paths=/etc/modules-boot.d/usb-storage | /etc/modules.d/usb-storage,OBSERVED_COMPONENT_VERSION_PRESERVED_NO_PARENT_MAPPING,Exact installed control Version equals the SBOM version; no parent product version is inferred.,,,NO_DIRECT_CPE,,,NOT_ENCOUNTERED,,false,false,,,DIRECT_OFFICIAL_CPE_NOT_CONFIRMED,NON_DIRECT_SUBCOMPONENT,N/A,STRONG,false,,control=/usr/lib/opkg/info/kmod-usb-storage.control; list=/usr/lib/opkg/info/kmod-usb-storage.list; status_version_matches=True
199835,kmod-usb-wdm,5.15.176-1,cpe:2.3:a:kmod-usb-wdm:kmod-usb-wdm:5.15.176-1:*:*:*:*:*:*:*,package/kernel/linux,kmod-usb-wdm,USB Wireless Device Management support,files=1; exec=0; lib=0; plugin=0; kmod=0; paths=/etc/modules.d/usb-wdm,kmod usb wdm,OpenWrt/upstream source,5.15.176-1,DIRECT_SUBCOMPONENT_NO_PARENT_INHERITANCE,Kernel package/module is a bounded kernel subcomponent; the Linux parent CPE is not inherited.,Exact control/list/status: Source=package/kernel/linux; role=KERNEL_OR_KMOD; Description=USB Wireless Device Management support; paths=/etc/modules.d/usb-wdm,OBSERVED_COMPONENT_VERSION_PRESERVED_NO_PARENT_MAPPING,Exact installed control Version equals the SBOM version; no parent product version is inferred.,,,NO_DIRECT_CPE,,,NOT_ENCOUNTERED,,false,false,,,DIRECT_OFFICIAL_CPE_NOT_CONFIRMED,NON_DIRECT_SUBCOMPONENT,N/A,STRONG,false,,control=/usr/lib/opkg/info/kmod-usb-wdm.control; list=/usr/lib/opkg/info/kmod-usb-wdm.list; status_version_matches=True
199836,kmod-usb2,5.15.176-1,cpe:2.3:a:kmod-usb2:kmod-usb2:5.15.176-1:*:*:*:*:*:*:*,package/kernel/linux,kmod-usb2,Kernel support for USB2 (EHCI) controllers,files=2; exec=0; lib=0; plugin=0; kmod=0; paths=/etc/modules-boot.d/40-usb2 | /etc/modules.d/40-usb2,kmod usb2,OpenWrt/upstream source,5.15.176-1,DIRECT_SUBCOMPONENT_NO_PARENT_INHERITANCE,Kernel package/module is a bounded kernel subcomponent; the Linux parent CPE is not inherited.,Exact control/list/status: Source=package/kernel/linux; role=KERNEL_OR_KMOD; Description=Kernel support for USB2 (EHCI) controllers; paths=/etc/modules-boot.d/40-usb2 | /etc/modules.d/40-usb2,OBSERVED_COMPONENT_VERSION_PRESERVED_NO_PARENT_MAPPING,Exact installed control Version equals the SBOM version; no parent product version is inferred.,,,NO_DIRECT_CPE,,,NOT_ENCOUNTERED,,false,false,,,DIRECT_OFFICIAL_CPE_NOT_CONFIRMED,NON_DIRECT_SUBCOMPONENT,N/A,STRONG,false,,control=/usr/lib/opkg/info/kmod-usb2.control; list=/usr/lib/opkg/info/kmod-usb2.list; status_version_matches=True
199837,kmod-wireguard,5.15.176-1,cpe:2.3:a:kmod-wireguard:kmod-wireguard:5.15.176-1:*:*:*:*:*:*:*,package/kernel/linux,kmod-wireguard,"WireGuard is a novel VPN that runs inside the Linux Kernel and utilizes
state-of-the-art cryptography. It aims to be faster, simpler, leaner, and
more useful than IPSec, while avoiding the massive headache. It intends to
be considerably more performant than OpenVPN.  WireGuard is designed as a
general purpose VPN for running on embedded interfaces and super computers
alike, fit for many different circumstances. It uses UDP.",files=1; exec=0; lib=0; plugin=0; kmod=0; paths=/etc/modules.d/wireguard,kmod wireguard,OpenWrt/upstream source,5.15.176-1,DIRECT_SUBCOMPONENT_NO_PARENT_INHERITANCE,Kernel package/module is a bounded kernel subcomponent; the Linux parent CPE is not inherited.,"Exact control/list/status: Source=package/kernel/linux; role=KERNEL_OR_KMOD; Description=WireGuard is a novel VPN that runs inside the Linux Kernel and utilizes
state-of-the-art cryptography. It aims to be faster, simpler, leaner, and
more useful than IPSec, while avoiding the massive headache. It intends to
be considerably more performant than OpenVPN.  WireGuard is designed as a
general purpose VPN for running on embedded interfaces and super computers
alike, fit for many different circumstances. It uses UDP.; paths=/etc/modules.d/wireguard",OBSERVED_COMPONENT_VERSION_PRESERVED_NO_PARENT_MAPPING,Exact installed control Version equals the SBOM version; no parent product version is inferred.,,,NO_DIRECT_CPE,,,NOT_ENCOUNTERED,,false,false,,,DIRECT_OFFICIAL_CPE_NOT_CONFIRMED,NON_DIRECT_SUBCOMPONENT,N/A,STRONG,false,,control=/usr/lib/opkg/info/kmod-wireguard.control; list=/usr/lib/opkg/info/kmod-wireguard.list; status_version_matches=True
199838,kmod-xfrm-interface,5.15.176-1,cpe:2.3:a:kmod-xfrm-interface:kmod-xfrm-interface:5.15.176-1:*:*:*:*:*:*:*,package/kernel/linux,kmod-xfrm-interface,Kernel module for XFRM interface support,files=1; exec=0; lib=0; plugin=0; kmod=0; paths=/etc/modules.d/xfrm-interface,kmod xfrm interface,OpenWrt/upstream source,5.15.176-1,DIRECT_SUBCOMPONENT_NO_PARENT_INHERITANCE,Kernel package/module is a bounded kernel subcomponent; the Linux parent CPE is not inherited.,Exact control/list/status: Source=package/kernel/linux; role=KERNEL_OR_KMOD; Description=Kernel module for XFRM interface support; paths=/etc/modules.d/xfrm-interface,OBSERVED_COMPONENT_VERSION_PRESERVED_NO_PARENT_MAPPING,Exact installed control Version equals the SBOM version; no parent product version is inferred.,,,NO_DIRECT_CPE,,,NOT_ENCOUNTERED,,false,false,,,DIRECT_OFFICIAL_CPE_NOT_CONFIRMED,NON_DIRECT_SUBCOMPONENT,N/A,STRONG,false,,control=/usr/lib/opkg/info/kmod-xfrm-interface.control; list=/usr/lib/opkg/info/kmod-xfrm-interface.list; status_version_matches=True
199839,ledman-full,2.22.5,cpe:2.3:a:ledman-full:ledman-full:2.22.5:*:*:*:*:*:*:*,package/teltonika/ledman,ledman-full,Daemon for handling and controlling LEDs,files=2; exec=1; lib=0; plugin=0; kmod=0; paths=/usr/bin/ledman | /etc/init.d/ledman,ledman full,Teltonika,2.22.5,PRODUCT_IDENTITY_CONFIRMED,"Exact vendor control, description, and installed payload establish this internal software product/library without inheriting another Source product.",Source=package/teltonika/ledman; Description=Daemon for handling and controlling LEDs; paths=/usr/bin/ledman | /etc/init.d/ledman; siblings=ledman-full,VENDOR_PRODUCT_IDENTIFIER_PRESERVED,The complete exact installed vendor Version is preserved; no unproved package-release suffix is removed.,a:teltonika:ledman_full,EXACT_VENDOR_AND_PRODUCT_IDENTITY_TUPLE,NO_DIRECT_CPE,,,NOT_ENCOUNTERED,,true,false,,,DIRECT_OFFICIAL_CPE_NOT_CONFIRMED,NO_CPE_REPRESENTATION,N/A,MODERATE,true,PRODUCT_WITHOUT_CONFIRMED_DIRECT_CPE,control=/usr/lib/opkg/info/ledman-full.control; list=/usr/lib/opkg/info/ledman-full.list; status_version_matches=True
199840,libapi20241125,2024-11-25-1.2,cpe:2.3:a:libapi20241125:libapi20241125:2024-11-25-1.2:*:*:*:*:*:*:*,package/teltonika/libs/libapi,libapi,"A helper library for RUTOS API communication.
It provides an easy way to interact with the RUTOS API, including access control, data manipulation, and other features.",files=2; exec=0; lib=1; plugin=0; kmod=0; paths=/usr/lib/libapi.so.20241125 | /usr/share/libapi/acl.d/default.json,libapi20241125,Teltonika,2024-11-25-1.2,PRODUCT_IDENTITY_CONFIRMED,"Exact vendor control, description, and installed payload establish this internal software product/library without inheriting another Source product.","Source=package/teltonika/libs/libapi; Description=A helper library for RUTOS API communication.
It provides an easy way to interact with the RUTOS API, including access control, data manipulation, and other features.; paths=/usr/lib/libapi.so.20241125 | /usr/share/libapi/acl.d/default.json; siblings=libapi20241125",VENDOR_PRODUCT_IDENTIFIER_PRESERVED,The complete exact installed vendor Version is preserved; no unproved package-release suffix is removed.,a:teltonika:libapi20241125,EXACT_VENDOR_AND_PRODUCT_IDENTITY_TUPLE,NO_DIRECT_CPE,,,NOT_ENCOUNTERED,,true,false,,,DIRECT_OFFICIAL_CPE_NOT_CONFIRMED,NO_CPE_REPRESENTATION,N/A,MODERATE,true,PRODUCT_WITHOUT_CONFIRMED_DIRECT_CPE,control=/usr/lib/opkg/info/libapi20241125.control; list=/usr/lib/opkg/info/libapi20241125.list; status_version_matches=True
199841,libatomic1,8.4.0-3,cpe:2.3:a:libatomic1:libatomic1:8.4.0-3:*:*:*:*:*:*:*,package/libs/toolchain,libatomic,Atomic support library,files=2; exec=0; lib=2; plugin=0; kmod=0; paths=/lib/libatomic.so.1 | /lib/libatomic.so.1.2.0,libatomic1,OpenWrt/upstream source,8.4.0-3,DIRECT_SUBCOMPONENT_NO_PARENT_INHERITANCE,"Package payload is a configuration, split support, suite library, or optional subsystem; no parent CPE is inherited.",Exact control/list/status: Source=package/libs/toolchain; role=LIBRARY_PACKAGE; Description=Atomic support library; paths=/lib/libatomic.so.1 | /lib/libatomic.so.1.2.0,OBSERVED_COMPONENT_VERSION_PRESERVED_NO_PARENT_MAPPING,Exact installed control Version equals the SBOM version; no parent product version is inferred.,,,NO_DIRECT_CPE,,,NOT_ENCOUNTERED,,false,false,,,DIRECT_OFFICIAL_CPE_NOT_CONFIRMED,NON_DIRECT_SUBCOMPONENT,N/A,MODERATE,false,,control=/usr/lib/opkg/info/libatomic1.control; list=/usr/lib/opkg/info/libatomic1.list; status_version_matches=True
199842,libblkid1,2.36.1-2,cpe:2.3:a:libblkid1:libblkid1:2.36.1-2:*:*:*:*:*:*:*,package/utils/util-linux,libblkid,"The libblkid library is used to identify block devices (disks) as to their
content (e.g. filesystem type, partitions) as well as extracting additional
information such as filesystem labels/volume names, partitions, unique
identifiers/serial numbers...",files=2; exec=0; lib=2; plugin=0; kmod=0; paths=/usr/lib/libblkid.so.1.1.0 | /usr/lib/libblkid.so.1,libblkid1,OpenWrt/upstream source,2.36.1-2,DIRECT_SUBCOMPONENT_NO_PARENT_INHERITANCE,"Package payload is a configuration, split support, suite library, or optional subsystem; no parent CPE is inherited.","Exact control/list/status: Source=package/utils/util-linux; role=LIBRARY_PACKAGE; Description=The libblkid library is used to identify block devices (disks) as to their
content (e.g. filesystem type, partitions) as well as extracting additional
information such as filesystem labels/volume names, partitions, unique
identifiers/serial numbers...; paths=/usr/lib/libblkid.so.1.1.0 | /usr/lib/libblkid.so.1",OBSERVED_COMPONENT_VERSION_PRESERVED_NO_PARENT_MAPPING,Exact installed control Version equals the SBOM version; no parent product version is inferred.,,,NO_DIRECT_CPE,,,NOT_ENCOUNTERED,,false,false,,,DIRECT_OFFICIAL_CPE_NOT_CONFIRMED,NON_DIRECT_SUBCOMPONENT,N/A,MODERATE,false,,control=/usr/lib/opkg/info/libblkid1.control; list=/usr/lib/opkg/info/libblkid1.list; status_version_matches=True
199843,libblobmsg-json20240329,2024-03-29-eb9bcb64-2,cpe:2.3:a:libblobmsg-json20240329:libblobmsg-json20240329:2024-03-29-eb9bcb64-2:*:*:*:*:*:*:*,package/libs/libubox,libblobmsg-json,blobmsg <-> json conversion library,files=1; exec=0; lib=1; plugin=0; kmod=0; paths=/lib/libblobmsg_json.so.20240329,libubox,OpenWrt,2024-03-29-eb9bcb64,PRODUCT_IDENTITY_CONFIRMED,"Exact control Source, description, and core executable/library payload establish the OpenWrt software product independently of CPE metadata.",Source=package/libs/libubox; Description=blobmsg <-> json conversion library; paths=/lib/libblobmsg_json.so.20240329; siblings=jshn | libblobmsg-json20240329 | libjson-script20240329 | libubox-lua | libubox20240329,DATE_OR_GIT_SOURCE_VERSION,"Date/hash structure, SourceDateEpoch, and official OpenWrt PKG_RELEASE policy jointly identify only the final suffix as packaging metadata.",a:openwrt:libubox,EXACT_OPENWRT_PROJECT_AND_PRODUCT_IDENTITY_TUPLE,NO_DIRECT_CPE,,,NOT_ENCOUNTERED,,true,false,,,DIRECT_OFFICIAL_CPE_NOT_CONFIRMED,NO_CPE_REPRESENTATION,N/A,MODERATE,true,PRODUCT_WITHOUT_CONFIRMED_DIRECT_CPE,control=/usr/lib/opkg/info/libblobmsg-json20240329.control; list=/usr/lib/opkg/info/libblobmsg-json20240329.list; status_version_matches=True
199844,libboardjson,7.13,cpe:2.3:a:libboardjson:libboardjson:7.13:*:*:*:*:*:*:*,package/teltonika/libs/libboardjson,libboardjson,A shell utility and a library that provides an easy way to read /etc/board.json. Refer to this package's git repo for further documentation. Created by Teltonika.,files=2; exec=0; lib=2; plugin=0; kmod=0; paths=/usr/lib/rpcd/bjson_rpc.so | /usr/lib/libboardjson.so,libboardjson,Teltonika,7.13,PRODUCT_IDENTITY_CONFIRMED,"Exact vendor control, description, and installed payload establish this internal software product/library without inheriting another Source product.",Source=package/teltonika/libs/libboardjson; Description=A shell utility and a library that provides an easy way to read /etc/board.json. Refer to this package's git repo for further documentation. Created by Teltonika.; paths=/usr/lib/rpcd/bjson_rpc.so | /usr/lib/libboardjson.so; siblings=libboardjson,VENDOR_PRODUCT_IDENTIFIER_PRESERVED,The complete exact installed vendor Version is preserved; no unproved package-release suffix is removed.,a:teltonika:libboardjson,EXACT_VENDOR_AND_PRODUCT_IDENTITY_TUPLE,NO_DIRECT_CPE,,,NOT_ENCOUNTERED,,true,false,,,DIRECT_OFFICIAL_CPE_NOT_CONFIRMED,NO_CPE_REPRESENTATION,N/A,MODERATE,true,PRODUCT_WITHOUT_CONFIRMED_DIRECT_CPE,control=/usr/lib/opkg/info/libboardjson.control; list=/usr/lib/opkg/info/libboardjson.list; status_version_matches=True
199845,libc,1.2.4-3,cpe:2.3:a:libc:libc:1.2.4-3:*:*:*:*:*:*:*,package/libs/toolchain,libc,C library,files=3; exec=1; lib=2; plugin=0; kmod=0; paths=/usr/bin/ldd | /lib/ld-musl-mipsel-sf.so.1 | /lib/libc.so,musl,musl libc project,1.2.4,PRODUCT_IDENTITY_CONFIRMED,The exact package description and installed core executable/library identify the named upstream product; package role was not used as a hard gate.,Source=package/libs/toolchain; Description=C library; paths=/usr/bin/ldd | /lib/ld-musl-mipsel-sf.so.1 | /lib/libc.so; siblings=libatomic1 | libc | libgcc1 | libpthread | librt | libstdcpp6,PRODUCT_SPECIFIC_UPSTREAM_VERSION_NORMALIZATION,Observed 1.2.4-3 was normalized to 1.2.4 using the exact package/source structure and product-specific official release evidence.,a:musl-libc:musl,VERIFIED_UPSTREAM_TO_CPE_FAMILY,VERSION_NOT_IN_DICTIONARY,,,NOT_ENCOUNTERED,,false,false,,cpe:2.3:a:musl-libc:musl:1.2.4:*:*:*:*:*:*:*,VERSION_NOT_IN_DICTIONARY,ACTIVE_FAMILY_EXACT_VERSION_ABSENT,"[""VENDOR"", ""PRODUCT"", ""VERSION""]",MODERATE,true,PROPOSED_GT_CPE_CONFIRMATION,control=/usr/lib/opkg/info/libc.control; list=/usr/lib/opkg/info/libc.list; status_version_matches=True
199846,libcap-bin,2.69-1,cpe:2.3:a:libcap-bin:libcap-bin:2.69-1:*:*:*:*:*:*:*,package/libs/libcap,libcap-bin,"Linux capabilities
.
This package contains the libcap utilities.",files=4; exec=4; lib=0; plugin=0; kmod=0; paths=/usr/sbin/setcap | /usr/sbin/getcap,libcap,libcap project,2.69,PRODUCT_IDENTITY_CONFIRMED,The exact package description and installed core executable/library identify the named upstream product; package role was not used as a hard gate.,"Source=package/libs/libcap; Description=Linux capabilities
.
This package contains the libcap utilities.; paths=/usr/sbin/setcap | /usr/sbin/getcap; siblings=libcap | libcap-bin",PRODUCT_SPECIFIC_UPSTREAM_VERSION_NORMALIZATION,Observed 2.69-1 was normalized to 2.69 using the exact package/source structure and product-specific official release evidence.,a:libcap_project:libcap,VERIFIED_UPSTREAM_TO_CPE_FAMILY,ACTIVE_EXACT,cpe:2.3:a:libcap_project:libcap:2.69:*:*:*:*:*:*:*,,NOT_ENCOUNTERED,,false,false,,cpe:2.3:a:libcap_project:libcap:2.69:*:*:*:*:*:*:*,OFFICIAL_CPE_MAPPED,ACTIVE_EXACT,"[""VENDOR"", ""PRODUCT"", ""VERSION""]",STRONG,true,PROPOSED_GT_CPE_CONFIRMATION,control=/usr/lib/opkg/info/libcap-bin.control; list=/usr/lib/opkg/info/libcap-bin.list; status_version_matches=True
199847,libcap-ng,0.8.1-1,cpe:2.3:a:libcap-ng:libcap-ng:0.8.1-1:*:*:*:*:*:*:*,feeds/packages/libs/libcap-ng,libcap-ng,POSIX capabilities library library,files=3; exec=0; lib=3; plugin=0; kmod=0; paths=/usr/lib/libcap-ng.so | /usr/lib/libcap-ng.so.0.0.0,libcap-ng,libcap-ng project,0.8.1,PRODUCT_IDENTITY_CONFIRMED,The exact package description and installed core executable/library identify the named upstream product; package role was not used as a hard gate.,Source=feeds/packages/libs/libcap-ng; Description=POSIX capabilities library library; paths=/usr/lib/libcap-ng.so | /usr/lib/libcap-ng.so.0.0.0; siblings=libcap-ng,PRODUCT_SPECIFIC_UPSTREAM_VERSION_NORMALIZATION,Observed 0.8.1-1 was normalized to 0.8.1 using the exact package/source structure and product-specific official release evidence.,a:libcap-ng_project:libcap-ng,VERIFIED_UPSTREAM_TO_CPE_FAMILY,VERSION_NOT_IN_DICTIONARY,,,NOT_ENCOUNTERED,,false,false,,cpe:2.3:a:libcap-ng_project:libcap-ng:0.8.1:*:*:*:*:*:*:*,VERSION_NOT_IN_DICTIONARY,ACTIVE_FAMILY_EXACT_VERSION_ABSENT,"[""VENDOR"", ""VERSION""]",MODERATE,true,PROPOSED_GT_CPE_CONFIRMATION,control=/usr/lib/opkg/info/libcap-ng.control; list=/usr/lib/opkg/info/libcap-ng.list; status_version_matches=True
199848,libcap,2.69-1,cpe:2.3:a:libcap:libcap:2.69-1:*:*:*:*:*:*:*,package/libs/libcap,libcap,Linux capabilities library library,files=3; exec=0; lib=3; plugin=0; kmod=0; paths=/usr/lib/libcap.so.2.69 | /usr/lib/libcap.so,libcap,libcap project,2.69,PRODUCT_IDENTITY_CONFIRMED,The exact package description and installed core executable/library identify the named upstream product; package role was not used as a hard gate.,Source=package/libs/libcap; Description=Linux capabilities library library; paths=/usr/lib/libcap.so.2.69 | /usr/lib/libcap.so; siblings=libcap | libcap-bin,PRODUCT_SPECIFIC_UPSTREAM_VERSION_NORMALIZATION,Observed 2.69-1 was normalized to 2.69 using the exact package/source structure and product-specific official release evidence.,a:libcap_project:libcap,VERIFIED_UPSTREAM_TO_CPE_FAMILY,ACTIVE_EXACT,cpe:2.3:a:libcap_project:libcap:2.69:*:*:*:*:*:*:*,,NOT_ENCOUNTERED,,false,false,,cpe:2.3:a:libcap_project:libcap:2.69:*:*:*:*:*:*:*,OFFICIAL_CPE_MAPPED,ACTIVE_EXACT,"[""VENDOR"", ""VERSION""]",STRONG,true,PROPOSED_GT_CPE_CONFIRMATION,control=/usr/lib/opkg/info/libcap.control; list=/usr/lib/opkg/info/libcap.list; status_version_matches=True
199849,libcares,1.19.1-2,cpe:2.3:a:libcares:libcares:1.19.1-2:*:*:*:*:*:*:*,package/libs/c-ares,libcares,"c-ares is a C library for asynchronous DNS requests (including name resolves)

C89 compatibility, MIT licensed, builds for and runs on POSIX, Windows,
Netware, Android and many more operating systems.",files=2; exec=0; lib=2; plugin=0; kmod=0; paths=/usr/lib/libcares.so.2 | /usr/lib/libcares.so.2.6.1,c-ares,c-ares project,1.19.1,PRODUCT_IDENTITY_CONFIRMED,The exact package description and installed core executable/library identify the named upstream product; package role was not used as a hard gate.,"Source=package/libs/c-ares; Description=c-ares is a C library for asynchronous DNS requests (including name resolves)

C89 compatibility, MIT licensed, builds for and runs on POSIX, Windows,
Netware, Android and many more operating systems.; paths=/usr/lib/libcares.so.2 | /usr/lib/libcares.so.2.6.1; siblings=libcares",PRODUCT_SPECIFIC_UPSTREAM_VERSION_NORMALIZATION,Observed 1.19.1-2 was normalized to 1.19.1 using the exact package/source structure and product-specific official release evidence.,a:c-ares:c-ares,VERIFIED_UPSTREAM_TO_CPE_FAMILY,ACTIVE_EXACT,cpe:2.3:a:c-ares:c-ares:1.19.1:*:*:*:*:*:*:*,,NOT_ENCOUNTERED,,false,false,,cpe:2.3:a:c-ares:c-ares:1.19.1:*:*:*:*:*:*:*,OFFICIAL_CPE_MAPPED,ACTIVE_EXACT,"[""VENDOR"", ""PRODUCT"", ""VERSION""]",MODERATE,true,PROPOSED_GT_CPE_CONFIRMATION,control=/usr/lib/opkg/info/libcares.control; list=/usr/lib/opkg/info/libcares.list; status_version_matches=True
199850,libcfg20250129,2025-01-29-1.2,cpe:2.3:a:libcfg20250129:libcfg20250129:2025-01-29-1.2:*:*:*:*:*:*:*,package/teltonika/libs/libcfg,libcfg,A helper library for UCI config parsing,files=1; exec=0; lib=1; plugin=0; kmod=0; paths=/usr/lib/libcfg.so.20250129,libcfg20250129,Teltonika,2025-01-29-1.2,PRODUCT_IDENTITY_CONFIRMED,"Exact vendor control, description, and installed payload establish this internal software product/library without inheriting another Source product.",Source=package/teltonika/libs/libcfg; Description=A helper library for UCI config parsing; paths=/usr/lib/libcfg.so.20250129; siblings=libcfg20250129,VENDOR_PRODUCT_IDENTIFIER_PRESERVED,The complete exact installed vendor Version is preserved; no unproved package-release suffix is removed.,a:teltonika:libcfg20250129,EXACT_VENDOR_AND_PRODUCT_IDENTITY_TUPLE,NO_DIRECT_CPE,,,NOT_ENCOUNTERED,,true,false,,,DIRECT_OFFICIAL_CPE_NOT_CONFIRMED,NO_CPE_REPRESENTATION,N/A,MODERATE,true,PRODUCT_WITHOUT_CONFIRMED_DIRECT_CPE,control=/usr/lib/opkg/info/libcfg20250129.control; list=/usr/lib/opkg/info/libcfg20250129.list; status_version_matches=True
199851,libcfgx,7.12,cpe:2.3:a:libcfgx:libcfgx:7.12:*:*:*:*:*:*:*,package/teltonika/libs/libcfgx,libcfgx,An abstraction over UCI and blobmsg to allow deduplication of configuration parsing logic.,files=1; exec=0; lib=1; plugin=0; kmod=0; paths=/usr/lib/libcfgx.so,libcfgx,Teltonika,7.12,PRODUCT_IDENTITY_CONFIRMED,"Exact vendor control, description, and installed payload establish this internal software product/library without inheriting another Source product.",Source=package/teltonika/libs/libcfgx; Description=An abstraction over UCI and blobmsg to allow deduplication of configuration parsing logic.; paths=/usr/lib/libcfgx.so; siblings=libcfgx,VENDOR_PRODUCT_IDENTIFIER_PRESERVED,The complete exact installed vendor Version is preserved; no unproved package-release suffix is removed.,a:teltonika:libcfgx,EXACT_VENDOR_AND_PRODUCT_IDENTITY_TUPLE,NO_DIRECT_CPE,,,NOT_ENCOUNTERED,,true,false,,,DIRECT_OFFICIAL_CPE_NOT_CONFIRMED,NO_CPE_REPRESENTATION,N/A,MODERATE,true,PRODUCT_WITHOUT_CONFIRMED_DIRECT_CPE,control=/usr/lib/opkg/info/libcfgx.control; list=/usr/lib/opkg/info/libcfgx.list; status_version_matches=True
199852,libcgi,1.3.0-1,cpe:2.3:a:libcgi:libcgi:1.3.0-1:*:*:*:*:*:*:*,package/libs/libcgi,libcgi,LibCGI is a simple to use yet powerful library written from scratch to assist in the making of CGI appliactions in C,files=3; exec=0; lib=3; plugin=0; kmod=0; paths=/usr/lib/libcgi.so.1.3.0 | /usr/lib/libcgi.so,libcgi,libcgi project,1.3.0,PRODUCT_IDENTITY_CONFIRMED,The exact package description and installed core executable/library identify the named upstream product; package role was not used as a hard gate.,Source=package/libs/libcgi; Description=LibCGI is a simple to use yet powerful library written from scratch to assist in the making of CGI appliactions in C; paths=/usr/lib/libcgi.so.1.3.0 | /usr/lib/libcgi.so; siblings=libcgi,PRODUCT_SPECIFIC_UPSTREAM_VERSION_NORMALIZATION,Observed 1.3.0-1 was normalized to 1.3.0 using the exact package/source structure and product-specific official release evidence.,a:libcgi_project:libcgi,PROJECT_IDENTITY_TUPLE_NO_DICTIONARY_FAMILY,NO_DIRECT_CPE,,,NOT_ENCOUNTERED,,true,false,,,DIRECT_OFFICIAL_CPE_NOT_CONFIRMED,NO_CPE_REPRESENTATION,N/A,MODERATE,true,PRODUCT_WITHOUT_CONFIRMED_DIRECT_CPE,control=/usr/lib/opkg/info/libcgi.control; list=/usr/lib/opkg/info/libcgi.list; status_version_matches=True
199853,libcomerr0,1.47.0-2,cpe:2.3:a:libcomerr0:libcomerr0:1.47.0-2:*:*:*:*:*:*:*,package/utils/e2fsprogs,libcomerr,"This package contains libcom_err, the common error description library
bundled with e2fsprogs.",files=2; exec=0; lib=2; plugin=0; kmod=0; paths=/usr/lib/libcom_err.so.0.0 | /usr/lib/libcom_err.so.0,libcomerr0,OpenWrt/upstream source,1.47.0-2,DIRECT_SUBCOMPONENT_NO_PARENT_INHERITANCE,"Package payload is a configuration, split support, suite library, or optional subsystem; no parent CPE is inherited.","Exact control/list/status: Source=package/utils/e2fsprogs; role=LIBRARY_PACKAGE; Description=This package contains libcom_err, the common error description library
bundled with e2fsprogs.; paths=/usr/lib/libcom_err.so.0.0 | /usr/lib/libcom_err.so.0",OBSERVED_COMPONENT_VERSION_PRESERVED_NO_PARENT_MAPPING,Exact installed control Version equals the SBOM version; no parent product version is inferred.,,,NO_DIRECT_CPE,,,NOT_ENCOUNTERED,,false,false,,,DIRECT_OFFICIAL_CPE_NOT_CONFIRMED,NON_DIRECT_SUBCOMPONENT,N/A,MODERATE,false,,control=/usr/lib/opkg/info/libcomerr0.control; list=/usr/lib/opkg/info/libcomerr0.list; status_version_matches=True
199854,libcurl4,8.11.0-23.2,cpe:2.3:a:libcurl4:libcurl4:8.11.0-23.2:*:*:*:*:*:*:*,package/network/utils/curl,libcurl,A client-side URL transfer library,files=2; exec=0; lib=2; plugin=0; kmod=0; paths=/usr/lib/libcurl.so.4 | /usr/lib/libcurl.so.4.8.0,libcurl,curl project,8.11.0,PRODUCT_IDENTITY_CONFIRMED,The exact package description and installed core executable/library identify the named upstream product; package role was not used as a hard gate.,Source=package/network/utils/curl; Description=A client-side URL transfer library; paths=/usr/lib/libcurl.so.4 | /usr/lib/libcurl.so.4.8.0; siblings=curl | libcurl4,PRODUCT_SPECIFIC_UPSTREAM_VERSION_NORMALIZATION,Observed 8.11.0-23.2 was normalized to 8.11.0 using the exact package/source structure and product-specific official release evidence.,a:haxx:libcurl,VERIFIED_UPSTREAM_TO_CPE_FAMILY,VERSION_NOT_IN_DICTIONARY,,,NOT_ENCOUNTERED,,false,false,,cpe:2.3:a:haxx:libcurl:8.11.0:*:*:*:*:*:*:*,VERSION_NOT_IN_DICTIONARY,ACTIVE_FAMILY_EXACT_VERSION_ABSENT,"[""VENDOR"", ""PRODUCT"", ""VERSION""]",STRONG,true,PROPOSED_GT_CPE_CONFIRMATION,control=/usr/lib/opkg/info/libcurl4.control; list=/usr/lib/opkg/info/libcurl4.list; status_version_matches=True
199855,libext2fs2,1.47.0-2,cpe:2.3:a:libext2fs2:libext2fs2:1.47.0-2:*:*:*:*:*:*:*,package/utils/e2fsprogs,libext2fs,"libext2fs is a library which can access ext2, ext3 and ext4 filesystems.",files=2; exec=0; lib=2; plugin=0; kmod=0; paths=/usr/lib/libext2fs.so.2.4 | /usr/lib/libext2fs.so.2,libext2fs2,OpenWrt/upstream source,1.47.0-2,DIRECT_SUBCOMPONENT_NO_PARENT_INHERITANCE,"Package payload is a configuration, split support, suite library, or optional subsystem; no parent CPE is inherited.","Exact control/list/status: Source=package/utils/e2fsprogs; role=LIBRARY_PACKAGE; Description=libext2fs is a library which can access ext2, ext3 and ext4 filesystems.; paths=/usr/lib/libext2fs.so.2.4 | /usr/lib/libext2fs.so.2",OBSERVED_COMPONENT_VERSION_PRESERVED_NO_PARENT_MAPPING,Exact installed control Version equals the SBOM version; no parent product version is inferred.,,,NO_DIRECT_CPE,,,NOT_ENCOUNTERED,,false,false,,,DIRECT_OFFICIAL_CPE_NOT_CONFIRMED,NON_DIRECT_SUBCOMPONENT,N/A,MODERATE,false,,control=/usr/lib/opkg/info/libext2fs2.control; list=/usr/lib/opkg/info/libext2fs2.list; status_version_matches=True
199856,libgcc1,8.4.0-3,cpe:2.3:a:libgcc1:libgcc1:8.4.0-3:*:*:*:*:*:*:*,package/libs/toolchain,libgcc,GCC support library,files=1; exec=0; lib=1; plugin=0; kmod=0; paths=/lib/libgcc_s.so.1,libgcc1,OpenWrt/upstream source,8.4.0-3,DIRECT_SUBCOMPONENT_NO_PARENT_INHERITANCE,"Package payload is a configuration, split support, suite library, or optional subsystem; no parent CPE is inherited.",Exact control/list/status: Source=package/libs/toolchain; role=LIBRARY_PACKAGE; Description=GCC support library; paths=/lib/libgcc_s.so.1,OBSERVED_COMPONENT_VERSION_PRESERVED_NO_PARENT_MAPPING,Exact installed control Version equals the SBOM version; no parent product version is inferred.,,,NO_DIRECT_CPE,,,NOT_ENCOUNTERED,,false,false,,,DIRECT_OFFICIAL_CPE_NOT_CONFIRMED,NON_DIRECT_SUBCOMPONENT,N/A,MODERATE,false,,control=/usr/lib/opkg/info/libgcc1.control; list=/usr/lib/opkg/info/libgcc1.list; status_version_matches=True
199857,libgpiod,1.6.3-1,cpe:2.3:a:libgpiod:libgpiod:1.6.3-1:*:*:*:*:*:*:*,package/libs/libgpiod,libgpiod,"C library for interacting with the linux GPIO character device
(gpiod stands for GPIO device).",files=2; exec=0; lib=2; plugin=0; kmod=0; paths=/usr/lib/libgpiod.so.2.2.2 | /usr/lib/libgpiod.so.2,libgpiod,Linux GPIO project,1.6.3,PRODUCT_IDENTITY_CONFIRMED,The exact package description and installed core executable/library identify the named upstream product; package role was not used as a hard gate.,"Source=package/libs/libgpiod; Description=C library for interacting with the linux GPIO character device
(gpiod stands for GPIO device).; paths=/usr/lib/libgpiod.so.2.2.2 | /usr/lib/libgpiod.so.2; siblings=gpiod-tools | libgpiod",PRODUCT_SPECIFIC_UPSTREAM_VERSION_NORMALIZATION,Observed 1.6.3-1 was normalized to 1.6.3 using the exact package/source structure and product-specific official release evidence.,a:libgpiod_project:libgpiod,PROJECT_IDENTITY_TUPLE_NO_DICTIONARY_FAMILY,NO_DIRECT_CPE,,,NOT_ENCOUNTERED,,true,false,,,DIRECT_OFFICIAL_CPE_NOT_CONFIRMED,NO_CPE_REPRESENTATION,N/A,STRONG,true,PRODUCT_WITHOUT_CONFIRMED_DIRECT_CPE,control=/usr/lib/opkg/info/libgpiod.control; list=/usr/lib/opkg/info/libgpiod.list; status_version_matches=True
199858,libgps,2025-04-29-2,cpe:2.3:a:libgps:libgps:2025-04-29-2:*:*:*:*:*:*:*,package/teltonika/gps,libgps,Library for communication with the gpsd daemon.,files=1; exec=0; lib=1; plugin=0; kmod=0; paths=/usr/lib/libgps.so,Teltonika GPS Service,Teltonika,2025-04-29-2,PRODUCT_IDENTITY_CONFIRMED,"Exact vendor control, description, and installed payload establish this internal software product/library without inheriting another Source product.",Source=package/teltonika/gps; Description=Library for communication with the gpsd daemon.; paths=/usr/lib/libgps.so; siblings=avl | gpsctl | gpsd | libgps | ntp_gps,VENDOR_PRODUCT_IDENTIFIER_PRESERVED,The complete exact installed vendor Version is preserved; no unproved package-release suffix is removed.,a:teltonika:teltonika_gps_service,EXACT_VENDOR_AND_PRODUCT_IDENTITY_TUPLE,NO_DIRECT_CPE,,,NOT_ENCOUNTERED,,true,false,,,DIRECT_OFFICIAL_CPE_NOT_CONFIRMED,NO_CPE_REPRESENTATION,N/A,MODERATE,true,PRODUCT_WITHOUT_CONFIRMED_DIRECT_CPE,control=/usr/lib/opkg/info/libgps.control; list=/usr/lib/opkg/info/libgps.list; status_version_matches=True
199859,libgsm1.0,f61d039a,cpe:2.3:a:libgsm1.0:libgsm1.0:f61d039a:*:*:*:*:*:*:*,package/teltonika/gsm,libgsm,A simple lib with AT commands parser. Created by Teltonika,files=2; exec=0; lib=2; plugin=0; kmod=0; paths=/usr/lib/libgsm.so | /usr/lib/libgsm_utils.so,Teltonika GSM Service,Teltonika,f61d039a,PRODUCT_IDENTITY_CONFIRMED,"Exact vendor control, description, and installed payload establish this internal software product/library without inheriting another Source product.",Source=package/teltonika/gsm; Description=A simple lib with AT commands parser. Created by Teltonika; paths=/usr/lib/libgsm.so | /usr/lib/libgsm_utils.so; siblings=gsmctl | gsmd | libgsm1.0 | liburc,VENDOR_PRODUCT_IDENTIFIER_PRESERVED,The complete exact installed vendor Version is preserved; no unproved package-release suffix is removed.,a:teltonika:teltonika_gsm_service,EXACT_VENDOR_AND_PRODUCT_IDENTITY_TUPLE,NO_DIRECT_CPE,,,NOT_ENCOUNTERED,,true,false,,,DIRECT_OFFICIAL_CPE_NOT_CONFIRMED,NO_CPE_REPRESENTATION,N/A,WEAK,true,WEAK_EVIDENCE | OPAQUE_VENDOR_VERSION_IDENTIFIER | PRODUCT_WITHOUT_CONFIRMED_DIRECT_CPE,control=/usr/lib/opkg/info/libgsm1.0.control; list=/usr/lib/opkg/info/libgsm1.0.list; status_version_matches=True
199860,libip4tc2,1.8.7-3,cpe:2.3:a:libip4tc2:libip4tc2:1.8.7-3:*:*:*:*:*:*:*,package/network/utils/iptables,libip4tc,IPv4 firewall - shared libiptc library,files=3; exec=0; lib=3; plugin=0; kmod=0; paths=/usr/lib/libip4tc.so.2.0.0 | /usr/lib/libip4tc.so.2,libip4tc2,OpenWrt/upstream source,1.8.7-3,DIRECT_SUBCOMPONENT_NO_PARENT_INHERITANCE,"Package payload is a configuration, split support, suite library, or optional subsystem; no parent CPE is inherited.",Exact control/list/status: Source=package/network/utils/iptables; role=LIBRARY_PACKAGE; Description=IPv4 firewall - shared libiptc library; paths=/usr/lib/libip4tc.so.2.0.0 | /usr/lib/libip4tc.so.2,OBSERVED_COMPONENT_VERSION_PRESERVED_NO_PARENT_MAPPING,Exact installed control Version equals the SBOM version; no parent product version is inferred.,,,NO_DIRECT_CPE,,,NOT_ENCOUNTERED,,false,false,,,DIRECT_OFFICIAL_CPE_NOT_CONFIRMED,NON_DIRECT_SUBCOMPONENT,N/A,MODERATE,false,,control=/usr/lib/opkg/info/libip4tc2.control; list=/usr/lib/opkg/info/libip4tc2.list; status_version_matches=True
199861,libip6tc2,1.8.7-3,cpe:2.3:a:libip6tc2:libip6tc2:1.8.7-3:*:*:*:*:*:*:*,package/network/utils/iptables,libip6tc,IPv6 firewall - shared libiptc library,files=3; exec=0; lib=3; plugin=0; kmod=0; paths=/usr/lib/libiptext6.so | /usr/lib/libip6tc.so.2.0.0,libip6tc2,OpenWrt/upstream source,1.8.7-3,DIRECT_SUBCOMPONENT_NO_PARENT_INHERITANCE,"Package payload is a configuration, split support, suite library, or optional subsystem; no parent CPE is inherited.",Exact control/list/status: Source=package/network/utils/iptables; role=LIBRARY_PACKAGE; Description=IPv6 firewall - shared libiptc library; paths=/usr/lib/libiptext6.so | /usr/lib/libip6tc.so.2.0.0,OBSERVED_COMPONENT_VERSION_PRESERVED_NO_PARENT_MAPPING,Exact installed control Version equals the SBOM version; no parent product version is inferred.,,,NO_DIRECT_CPE,,,NOT_ENCOUNTERED,,false,false,,,DIRECT_OFFICIAL_CPE_NOT_CONFIRMED,NON_DIRECT_SUBCOMPONENT,N/A,MODERATE,false,,control=/usr/lib/opkg/info/libip6tc2.control; list=/usr/lib/opkg/info/libip6tc2.list; status_version_matches=True
199862,libipset13,7.6-1,cpe:2.3:a:libipset13:libipset13:7.6-1:*:*:*:*:*:*:*,package/network/utils/ipset,libipset,IPset administration utility,files=2; exec=0; lib=2; plugin=0; kmod=0; paths=/usr/lib/libipset.so.13 | /usr/lib/libipset.so.13.1.0,ipset,Netfilter,7.6,PRODUCT_IDENTITY_CONFIRMED,The exact package description and installed core executable/library identify the named upstream product; package role was not used as a hard gate.,Source=package/network/utils/ipset; Description=IPset administration utility; paths=/usr/lib/libipset.so.13 | /usr/lib/libipset.so.13.1.0; siblings=ipset | libipset13,PRODUCT_SPECIFIC_UPSTREAM_VERSION_NORMALIZATION,Observed 7.6-1 was normalized to 7.6 using the exact package/source structure and product-specific official release evidence.,a:netfilter:ipset,VERIFIED_UPSTREAM_TO_CPE_FAMILY,VERSION_NOT_IN_DICTIONARY,,,NOT_ENCOUNTERED,,false,false,,cpe:2.3:a:netfilter:ipset:7.6:*:*:*:*:*:*:*,VERSION_NOT_IN_DICTIONARY,ACTIVE_FAMILY_EXACT_VERSION_ABSENT,"[""VENDOR"", ""PRODUCT"", ""VERSION""]",STRONG,true,PROPOSED_GT_CPE_CONFIRMATION,control=/usr/lib/opkg/info/libipset13.control; list=/usr/lib/opkg/info/libipset13.list; status_version_matches=True
199863,libiwinfo-data,2023-05-17-c9f5c3f7-1,cpe:2.3:a:libiwinfo-data:libiwinfo-data:2023-05-17-c9f5c3f7-1:*:*:*:*:*:*:*,package/network/utils/iwinfo,libiwinfo-data,libiwinfo Lua binding,files=1; exec=0; lib=0; plugin=0; kmod=0; paths=/usr/share/libiwinfo/devices.txt,libiwinfo data,OpenWrt/upstream source,2023-05-17-c9f5c3f7-1,DIRECT_SUBCOMPONENT_NO_PARENT_INHERITANCE,Exact metadata identifies a meta/helper/data artifact rather than an independently mapped software product.,Exact control/list/status: Source=package/network/utils/iwinfo; role=META_OR_HELPER_PACKAGE; Description=libiwinfo Lua binding; paths=/usr/share/libiwinfo/devices.txt,OBSERVED_COMPONENT_VERSION_PRESERVED_NO_PARENT_MAPPING,Exact installed control Version equals the SBOM version; no parent product version is inferred.,,,NO_DIRECT_CPE,,,NOT_ENCOUNTERED,,false,false,,,DIRECT_OFFICIAL_CPE_NOT_CONFIRMED,NON_DIRECT_SUBCOMPONENT,N/A,MODERATE,false,,control=/usr/lib/opkg/info/libiwinfo-data.control; list=/usr/lib/opkg/info/libiwinfo-data.list; status_version_matches=True
199864,libiwinfo-lua,2023-05-17-c9f5c3f7-1,cpe:2.3:a:libiwinfo-lua:libiwinfo-lua:2023-05-17-c9f5c3f7-1:*:*:*:*:*:*:*,package/network/utils/iwinfo,libiwinfo-lua,"This is the Lua binding for the iwinfo library. It provides access to all enabled
backends.",files=1; exec=0; lib=0; plugin=1; kmod=0; paths=/usr/lib/lua/iwinfo.so,libiwinfo lua,OpenWrt/upstream source,2023-05-17-c9f5c3f7-1,DIRECT_SUBCOMPONENT_NO_PARENT_INHERITANCE,"Exact naming, description, and payload identify a plugin/module; its Source parent CPE is not inherited.","Exact control/list/status: Source=package/network/utils/iwinfo; role=PLUGIN_OR_MODULE; Description=This is the Lua binding for the iwinfo library. It provides access to all enabled
backends.; paths=/usr/lib/lua/iwinfo.so",OBSERVED_COMPONENT_VERSION_PRESERVED_NO_PARENT_MAPPING,Exact installed control Version equals the SBOM version; no parent product version is inferred.,,,NO_DIRECT_CPE,,,NOT_ENCOUNTERED,,false,false,,,DIRECT_OFFICIAL_CPE_NOT_CONFIRMED,NON_DIRECT_SUBCOMPONENT,N/A,STRONG,false,,control=/usr/lib/opkg/info/libiwinfo-lua.control; list=/usr/lib/opkg/info/libiwinfo-lua.list; status_version_matches=True
199865,libiwinfo20230121,2023-05-17-c9f5c3f7-1,cpe:2.3:a:libiwinfo20230121:libiwinfo20230121:2023-05-17-c9f5c3f7-1:*:*:*:*:*:*:*,package/network/utils/iwinfo,libiwinfo,"Wireless information library with simplified API for nl80211
and wext driver interfaces.",files=1; exec=0; lib=1; plugin=0; kmod=0; paths=/usr/lib/libiwinfo.so.20230121,iwinfo,OpenWrt,2023-05-17-c9f5c3f7,PRODUCT_IDENTITY_CONFIRMED,"Exact control Source, description, and core executable/library payload establish the OpenWrt software product independently of CPE metadata.","Source=package/network/utils/iwinfo; Description=Wireless information library with simplified API for nl80211
and wext driver interfaces.; paths=/usr/lib/libiwinfo.so.20230121; siblings=iwinfo | libiwinfo-data | libiwinfo-lua | libiwinfo20230121",DATE_OR_GIT_SOURCE_VERSION,"Date/hash structure, SourceDateEpoch, and official OpenWrt PKG_RELEASE policy jointly identify only the final suffix as packaging metadata.",a:openwrt:iwinfo,EXACT_OPENWRT_PROJECT_AND_PRODUCT_IDENTITY_TUPLE,NO_DIRECT_CPE,,,NOT_ENCOUNTERED,,true,false,,,DIRECT_OFFICIAL_CPE_NOT_CONFIRMED,NO_CPE_REPRESENTATION,N/A,MODERATE,true,PRODUCT_WITHOUT_CONFIRMED_DIRECT_CPE,control=/usr/lib/opkg/info/libiwinfo20230121.control; list=/usr/lib/opkg/info/libiwinfo20230121.list; status_version_matches=True
199866,libjson-c5,0.15-2,cpe:2.3:a:libjson-c5:libjson-c5:0.15-2:*:*:*:*:*:*:*,package/libs/libjson-c,libjson-c,This package contains a library for javascript object notation backends.,files=2; exec=0; lib=2; plugin=0; kmod=0; paths=/usr/lib/libjson-c.so.5.1.0 | /usr/lib/libjson-c.so.5,json-c,json-c project,0.15,PRODUCT_IDENTITY_CONFIRMED,The exact package description and installed core executable/library identify the named upstream product; package role was not used as a hard gate.,Source=package/libs/libjson-c; Description=This package contains a library for javascript object notation backends.; paths=/usr/lib/libjson-c.so.5.1.0 | /usr/lib/libjson-c.so.5; siblings=libjson-c5,PRODUCT_SPECIFIC_UPSTREAM_VERSION_NORMALIZATION,Observed 0.15-2 was normalized to 0.15 using the exact package/source structure and product-specific official release evidence.,a:json-c:json-c,VERIFIED_UPSTREAM_TO_CPE_FAMILY,ACTIVE_EXACT,cpe:2.3:a:json-c:json-c:0.15:*:*:*:*:*:*:*,,NOT_ENCOUNTERED,,false,false,,cpe:2.3:a:json-c:json-c:0.15:*:*:*:*:*:*:*,OFFICIAL_CPE_MAPPED,ACTIVE_EXACT,"[""VENDOR"", ""PRODUCT"", ""VERSION""]",MODERATE,true,PROPOSED_GT_CPE_CONFIRMATION,control=/usr/lib/opkg/info/libjson-c5.control; list=/usr/lib/opkg/info/libjson-c5.list; status_version_matches=True
199867,libjson-script20240329,2024-03-29-eb9bcb64-2,cpe:2.3:a:libjson-script20240329:libjson-script20240329:2024-03-29-eb9bcb64-2:*:*:*:*:*:*:*,package/libs/libubox,libjson-script,Minimalistic JSON based scripting engine,files=1; exec=0; lib=1; plugin=0; kmod=0; paths=/lib/libjson_script.so.20240329,libubox,OpenWrt,2024-03-29-eb9bcb64,PRODUCT_IDENTITY_CONFIRMED,"Exact control Source, description, and core executable/library payload establish the OpenWrt software product independently of CPE metadata.",Source=package/libs/libubox; Description=Minimalistic JSON based scripting engine; paths=/lib/libjson_script.so.20240329; siblings=jshn | libblobmsg-json20240329 | libjson-script20240329 | libubox-lua | libubox20240329,DATE_OR_GIT_SOURCE_VERSION,"Date/hash structure, SourceDateEpoch, and official OpenWrt PKG_RELEASE policy jointly identify only the final suffix as packaging metadata.",a:openwrt:libubox,EXACT_OPENWRT_PROJECT_AND_PRODUCT_IDENTITY_TUPLE,NO_DIRECT_CPE,,,NOT_ENCOUNTERED,,true,false,,,DIRECT_OFFICIAL_CPE_NOT_CONFIRMED,NO_CPE_REPRESENTATION,N/A,MODERATE,true,PRODUCT_WITHOUT_CONFIRMED_DIRECT_CPE,control=/usr/lib/opkg/info/libjson-script20240329.control; list=/usr/lib/opkg/info/libjson-script20240329.list; status_version_matches=True
199868,liblog,2024-09-30,cpe:2.3:a:liblog:liblog:2024-09-30:*:*:*:*:*:*:*,package/teltonika/libs/liblog,liblog,A simple lib with ubus to manage logd.,files=1; exec=0; lib=1; plugin=0; kmod=0; paths=/usr/lib/liblog.so,liblog,Teltonika,2024-09-30,PRODUCT_IDENTITY_CONFIRMED,"Exact vendor control, description, and installed payload establish this internal software product/library without inheriting another Source product.",Source=package/teltonika/libs/liblog; Description=A simple lib with ubus to manage logd.; paths=/usr/lib/liblog.so; siblings=liblog,VENDOR_PRODUCT_IDENTIFIER_PRESERVED,The complete exact installed vendor Version is preserved; no unproved package-release suffix is removed.,a:teltonika:liblog,EXACT_VENDOR_AND_PRODUCT_IDENTITY_TUPLE,NO_DIRECT_CPE,,,NOT_ENCOUNTERED,,true,false,,,DIRECT_OFFICIAL_CPE_NOT_CONFIRMED,NO_CPE_REPRESENTATION,N/A,MODERATE,true,PRODUCT_WITHOUT_CONFIRMED_DIRECT_CPE,control=/usr/lib/opkg/info/liblog.control; list=/usr/lib/opkg/info/liblog.list; status_version_matches=True
199869,liblpac,1.3.11,cpe:2.3:a:liblpac:liblpac:1.3.11:*:*:*:*:*:*:*,package/teltonika/esim-lpac,liblpac,A library for eSIM Lpac manager,files=1; exec=0; lib=1; plugin=0; kmod=0; paths=/usr/lib/liblpac.so,LPAC Manager,Teltonika,1.3.11,PRODUCT_IDENTITY_CONFIRMED,"Exact vendor control, description, and installed payload establish this internal software product/library without inheriting another Source product.",Source=package/teltonika/esim-lpac; Description=A library for eSIM Lpac manager; paths=/usr/lib/liblpac.so; siblings=esim-lpac | liblpac | lua_lpac | rpc_esim,VENDOR_PRODUCT_IDENTIFIER_PRESERVED,The complete exact installed vendor Version is preserved; no unproved package-release suffix is removed.,a:teltonika:lpac_manager,EXACT_VENDOR_AND_PRODUCT_IDENTITY_TUPLE,NO_DIRECT_CPE,,,NOT_ENCOUNTERED,,true,false,,,DIRECT_OFFICIAL_CPE_NOT_CONFIRMED,NO_CPE_REPRESENTATION,N/A,MODERATE,true,PRODUCT_WITHOUT_CONFIRMED_DIRECT_CPE,control=/usr/lib/opkg/info/liblpac.control; list=/usr/lib/opkg/info/liblpac.list; status_version_matches=True
199870,liblua5.1.5,5.1.5-9,cpe:2.3:a:liblua5.1.5:liblua5.1.5:5.1.5-9:*:*:*:*:*:*:*,package/utils/lua,liblua,"Lua is a powerful light-weight programming language designed for extending 
applications. Lua is also frequently used as a general-purpose, stand-alone
language. Lua is free software.
This package contains the Lua shared libraries, needed by other programs.",files=1; exec=0; lib=1; plugin=0; kmod=0; paths=/usr/lib/liblua.so.5.1.5,Lua,Lua project,5.1.5,PRODUCT_IDENTITY_CONFIRMED,The exact package description and installed core executable/library identify the named upstream product; package role was not used as a hard gate.,"Source=package/utils/lua; Description=Lua is a powerful light-weight programming language designed for extending 
applications. Lua is also frequently used as a general-purpose, stand-alone
language. Lua is free software.
This package contains the Lua shared libraries, needed by other programs.; paths=/usr/lib/liblua.so.5.1.5; siblings=liblua5.1.5 | lua",PRODUCT_SPECIFIC_UPSTREAM_VERSION_NORMALIZATION,Observed 5.1.5-9 was normalized to 5.1.5 using the exact package/source structure and product-specific official release evidence.,a:lua:lua,VERIFIED_UPSTREAM_TO_CPE_FAMILY,VERSION_NOT_IN_DICTIONARY,,,NOT_ENCOUNTERED,,false,false,,cpe:2.3:a:lua:lua:5.1.5:*:*:*:*:*:*:*,VERSION_NOT_IN_DICTIONARY,ACTIVE_FAMILY_EXACT_VERSION_ABSENT,"[""VENDOR"", ""PRODUCT"", ""VERSION""]",MODERATE,true,PROPOSED_GT_CPE_CONFIRMATION,control=/usr/lib/opkg/info/liblua5.1.5.control; list=/usr/lib/opkg/info/liblua5.1.5.list; status_version_matches=True
199871,liblzo2,2.10-4,cpe:2.3:a:liblzo2:liblzo2:2.10-4:*:*:*:*:*:*:*,package/libs/lzo,liblzo,"LZO is a data compression library which is suitable for data de-/compression
in real-time. This means it favours speed over compression ratio.",files=2; exec=0; lib=2; plugin=0; kmod=0; paths=/usr/lib/liblzo2.so.2 | /usr/lib/liblzo2.so.2.0.0,LZO,LZO project,2.10,PRODUCT_IDENTITY_CONFIRMED,The exact package description and installed core executable/library identify the named upstream product; package role was not used as a hard gate.,"Source=package/libs/lzo; Description=LZO is a data compression library which is suitable for data de-/compression
in real-time. This means it favours speed over compression ratio.; paths=/usr/lib/liblzo2.so.2 | /usr/lib/liblzo2.so.2.0.0; siblings=liblzo2",PRODUCT_SPECIFIC_UPSTREAM_VERSION_NORMALIZATION,Observed 2.10-4 was normalized to 2.10 using the exact package/source structure and product-specific official release evidence.,a:lzo_project:lzo,VERIFIED_UPSTREAM_TO_CPE_FAMILY,ACTIVE_EXACT,cpe:2.3:a:lzo_project:lzo:2.10:*:*:*:*:*:*:*,,NOT_ENCOUNTERED,,false,false,,cpe:2.3:a:lzo_project:lzo:2.10:*:*:*:*:*:*:*,OFFICIAL_CPE_MAPPED,ACTIVE_EXACT,"[""VENDOR"", ""PRODUCT"", ""VERSION""]",MODERATE,true,PROPOSED_GT_CPE_CONFIRMATION,control=/usr/lib/opkg/info/liblzo2.control; list=/usr/lib/opkg/info/liblzo2.list; status_version_matches=True
199872,libmctl,4.10,cpe:2.3:a:libmctl:libmctl:4.10:*:*:*:*:*:*:*,package/teltonika/mctl,libmctl,A library for manage modem restart. Created by Teltonika,files=1; exec=0; lib=1; plugin=0; kmod=0; paths=/usr/lib/libmctl.so,MCTL,Teltonika,4.10,PRODUCT_IDENTITY_CONFIRMED,"Exact vendor control, description, and installed payload establish this internal software product/library without inheriting another Source product.",Source=package/teltonika/mctl; Description=A library for manage modem restart. Created by Teltonika; paths=/usr/lib/libmctl.so; siblings=libmctl | mctl | modem_trackd,VENDOR_PRODUCT_IDENTIFIER_PRESERVED,The complete exact installed vendor Version is preserved; no unproved package-release suffix is removed.,a:teltonika:mctl,EXACT_VENDOR_AND_PRODUCT_IDENTITY_TUPLE,NO_DIRECT_CPE,,,NOT_ENCOUNTERED,,true,false,,,DIRECT_OFFICIAL_CPE_NOT_CONFIRMED,NO_CPE_REPRESENTATION,N/A,MODERATE,true,PRODUCT_WITHOUT_CONFIRMED_DIRECT_CPE,control=/usr/lib/opkg/info/libmctl.control; list=/usr/lib/opkg/info/libmctl.list; status_version_matches=True
199873,libmdcollect,2024-12-02-2,cpe:2.3:a:libmdcollect:libmdcollect:2024-12-02-2:*:*:*:*:*:*:*,package/teltonika/mdcollect,libmdcollect,A library for mdcollectd,files=1; exec=0; lib=1; plugin=0; kmod=0; paths=/usr/lib/libmdcollect.so,Mobile Data Collector,Teltonika,2024-12-02-2,PRODUCT_IDENTITY_CONFIRMED,"Exact vendor control, description, and installed payload establish this internal software product/library without inheriting another Source product.",Source=package/teltonika/mdcollect; Description=A library for mdcollectd; paths=/usr/lib/libmdcollect.so; siblings=libmdcollect | mdcollectd,VENDOR_PRODUCT_IDENTIFIER_PRESERVED,The complete exact installed vendor Version is preserved; no unproved package-release suffix is removed.,a:teltonika:mobile_data_collector,EXACT_VENDOR_AND_PRODUCT_IDENTITY_TUPLE,NO_DIRECT_CPE,,,NOT_ENCOUNTERED,,true,false,,,DIRECT_OFFICIAL_CPE_NOT_CONFIRMED,NO_CPE_REPRESENTATION,N/A,MODERATE,true,PRODUCT_WITHOUT_CONFIRMED_DIRECT_CPE,control=/usr/lib/opkg/info/libmdcollect.control; list=/usr/lib/opkg/info/libmdcollect.list; status_version_matches=True
199874,libmnfinfo,2.25.1,cpe:2.3:a:libmnfinfo:libmnfinfo:2.25.1:*:*:*:*:*:*:*,package/teltonika/mnfinfo,libmnfinfo,Device mnf-info API library,files=1; exec=0; lib=1; plugin=0; kmod=0; paths=/usr/lib/libmnfinfo.so,Manufacturer Information,Teltonika,2.25.1,PRODUCT_IDENTITY_CONFIRMED,"Exact vendor control, description, and installed payload establish this internal software product/library without inheriting another Source product.",Source=package/teltonika/mnfinfo; Description=Device mnf-info API library; paths=/usr/lib/libmnfinfo.so; siblings=libmnfinfo | mnfinfo | rpcd-mod-mnfinfo,VENDOR_PRODUCT_IDENTIFIER_PRESERVED,The complete exact installed vendor Version is preserved; no unproved package-release suffix is removed.,a:teltonika:manufacturer_information,EXACT_VENDOR_AND_PRODUCT_IDENTITY_TUPLE,NO_DIRECT_CPE,,,NOT_ENCOUNTERED,,true,false,,,DIRECT_OFFICIAL_CPE_NOT_CONFIRMED,NO_CPE_REPRESENTATION,N/A,MODERATE,true,PRODUCT_WITHOUT_CONFIRMED_DIRECT_CPE,control=/usr/lib/opkg/info/libmnfinfo.control; list=/usr/lib/opkg/info/libmnfinfo.list; status_version_matches=True
199875,libmnl0,1.0.4-2,cpe:2.3:a:libmnl0:libmnl0:1.0.4-2:*:*:*:*:*:*:*,package/libs/libmnl,libmnl,"libmnl is a minimalistic user-space library oriented to Netlink developers.
There are a lot of common tasks in parsing, validating, constructing of
both the Netlink header and TLVs that are repetitive and easy to get wrong.
This library aims to provide simple helpers that allows you to re-use code
and to avoid re-inventing the wheel. The main features of this library are:
.
* Small: the shared library requires around 30KB for an x86-based computer.
.
* Simple: this library avoids complexity and elaborated abstractions that
tend to hide Netlink details.
.
* Easy to use: the library simplifies the work for Netlink-wise developers.
It provides functions to make socket handling, message building, validating,
parsing and sequence tracking, easier.
.
* Easy to re-use: you can use the library to build your own abstraction layer
on top of this library.
.
* Decoupling: the interdependency of the main bricks that compose the library
is reduced, i.e. the library provides many helpers, but the programmer is not
forced to use them.",files=2; exec=0; lib=2; plugin=0; kmod=0; paths=/usr/lib/libmnl.so.0.2.0 | /usr/lib/libmnl.so.0,libmnl,Netfilter,1.0.4,PRODUCT_IDENTITY_CONFIRMED,The exact package description and installed core executable/library identify the named upstream product; package role was not used as a hard gate.,"Source=package/libs/libmnl; Description=libmnl is a minimalistic user-space library oriented to Netlink developers.
There are a lot of common tasks in parsing, validating, constructing of
both the Netlink header and TLVs that are repetitive and easy to get wrong.
This library aims to provide simple helpers that allows you to re-use code
and to avoid re-inventing the wheel. The main features of this library are:
.
* Small: the shared library requires around 30KB for an x86-based computer.
.
* Simple: this library avoids complexity and elaborated abstractions that
tend to hide Netlink details.
.
* Easy to use: the library simplifies the work for Netlink-wise developers.
It provides functions to make socket handling, message building, validating,
parsing and sequence tracking, easier.
.
* Easy to re-use: you can use the library to build your own abstraction layer
on top of this library.
.
* Decoupling: the interdependency of the main bricks that compose the library
is reduced, i.e. the library provides many helpers, but the programmer is not
forced to use them.; paths=/usr/lib/libmnl.so.0.2.0 | /usr/lib/libmnl.so.0; siblings=libmnl0",PRODUCT_SPECIFIC_UPSTREAM_VERSION_NORMALIZATION,Observed 1.0.4-2 was normalized to 1.0.4 using the exact package/source structure and product-specific official release evidence.,a:netfilter:libmnl,VERIFIED_UPSTREAM_TO_CPE_FAMILY,ACTIVE_EXACT,cpe:2.3:a:netfilter:libmnl:1.0.4:*:*:*:*:*:*:*,,NOT_ENCOUNTERED,,false,false,,cpe:2.3:a:netfilter:libmnl:1.0.4:*:*:*:*:*:*:*,OFFICIAL_CPE_MAPPED,ACTIVE_EXACT,"[""VENDOR"", ""PRODUCT"", ""VERSION""]",MODERATE,true,PROPOSED_GT_CPE_CONFIRMATION,control=/usr/lib/opkg/info/libmnl0.control; list=/usr/lib/opkg/info/libmnl0.list; status_version_matches=True
199876,libmodbus,7.13,cpe:2.3:a:libmodbus:libmodbus:7.13:*:*:*:*:*:*:*,package/libs/libmodbus,libmodbus,"A Modbus library for Linux, Mac OS X, FreeBSD, QNX and Win32.",files=2; exec=0; lib=2; plugin=0; kmod=0; paths=/usr/lib/libmodbus.so.5.1.0 | /usr/lib/libmodbus.so.5,libmodbus,upstream project,,UNRESOLVED,"Exact payload identifies software, but the upstream product boundary cannot be fixed reproducibly.","Source=package/libs/libmodbus; Description=A Modbus library for Linux, Mac OS X, FreeBSD, QNX and Win32.; paths=/usr/lib/libmodbus.so.5.1.0 | /usr/lib/libmodbus.so.5",PRODUCT_VERSION_BOUNDARY_UNRESOLVED,Observed package identifier 7.13 is retained but not promoted to an upstream product version.,,,UNRESOLVED,,,NOT_ENCOUNTERED,,false,false,,,UNRESOLVED,PRODUCT_BOUNDARY_OR_VERSION_UNRESOLVED,N/A,WEAK,true,UNRESOLVED | WEAK_EVIDENCE | PRODUCT_BOUNDARY_OR_VERSION_UNRESOLVED,control=/usr/lib/opkg/info/libmodbus.control; list=/usr/lib/opkg/info/libmodbus.list; status_version_matches=True
199877,libmosquitto-ssl,2.0.20-1,cpe:2.3:a:libmosquitto-ssl:libmosquitto-ssl:2.0.20-1:*:*:*:*:*:*:*,package/network/services/mosquitto,libmosquitto-ssl,"Library required for mosquitto's command line client tools, also for
use by any third party software that wants to communicate with _any_
MQTT server.

Should be useable for communicating with any MQTT v3.1/3.1.1/5 compatible
server, in addition to Mosquitto.
This package is built with SSL support",files=2; exec=0; lib=2; plugin=0; kmod=0; paths=/usr/lib/libmosquitto.so.1 | /usr/lib/libmosquitto.so,Eclipse Mosquitto,Eclipse,2.0.20,PRODUCT_IDENTITY_CONFIRMED,The exact package description and installed core executable/library identify the named upstream product; package role was not used as a hard gate.,"Source=package/network/services/mosquitto; Description=Library required for mosquitto's command line client tools, also for
use by any third party software that wants to communicate with _any_
MQTT server.

Should be useable for communicating with any MQTT v3.1/3.1.1/5 compatible
server, in addition to Mosquitto.
This package is built with SSL support; paths=/usr/lib/libmosquitto.so.1 | /usr/lib/libmosquitto.so; siblings=libmosquitto-ssl",PRODUCT_SPECIFIC_UPSTREAM_VERSION_NORMALIZATION,Observed 2.0.20-1 was normalized to 2.0.20 using the exact package/source structure and product-specific official release evidence.,a:eclipse:mosquitto,VERIFIED_UPSTREAM_TO_CPE_FAMILY,ACTIVE_EXACT,cpe:2.3:a:eclipse:mosquitto:2.0.20:*:*:*:*:*:*:*,,NOT_ENCOUNTERED,,false,false,,cpe:2.3:a:eclipse:mosquitto:2.0.20:*:*:*:*:*:*:*,OFFICIAL_CPE_MAPPED,ACTIVE_EXACT,"[""VENDOR"", ""PRODUCT"", ""VERSION""]",MODERATE,true,PROPOSED_GT_CPE_CONFIRMATION,control=/usr/lib/opkg/info/libmosquitto-ssl.control; list=/usr/lib/opkg/info/libmosquitto-ssl.list; status_version_matches=True
199878,libnetfilter-conntrack3,1.0.8-1,cpe:2.3:a:libnetfilter-conntrack3:libnetfilter-conntrack3:1.0.8-1:*:*:*:*:*:*:*,package/libs/libnetfilter-conntrack,libnetfilter-conntrack,"libnetfilter_conntrack is a userspace library providing a programming
interface (API) to the in-kernel connection tracking state table. The
library libnetfilter_conntrack has been previously known as
libnfnetlink_conntrack and libctnetlink. This library is currently
used by conntrack-tools among many other applications.",files=2; exec=0; lib=2; plugin=0; kmod=0; paths=/usr/lib/libnetfilter_conntrack.so.3.7.0 | /usr/lib/libnetfilter_conntrack.so.3,libnetfilter_conntrack,Netfilter,1.0.8,PRODUCT_IDENTITY_CONFIRMED,The exact package description and installed core executable/library identify the named upstream product; package role was not used as a hard gate.,"Source=package/libs/libnetfilter-conntrack; Description=libnetfilter_conntrack is a userspace library providing a programming
interface (API) to the in-kernel connection tracking state table. The
library libnetfilter_conntrack has been previously known as
libnfnetlink_conntrack and libctnetlink. This library is currently
used by conntrack-tools among many other applications.; paths=/usr/lib/libnetfilter_conntrack.so.3.7.0 | /usr/lib/libnetfilter_conntrack.so.3; siblings=libnetfilter-conntrack3",PRODUCT_SPECIFIC_UPSTREAM_VERSION_NORMALIZATION,Observed 1.0.8-1 was normalized to 1.0.8 using the exact package/source structure and product-specific official release evidence.,a:netfilter:libnetfilter_conntrack,VERIFIED_UPSTREAM_TO_CPE_FAMILY,VERSION_NOT_IN_DICTIONARY,,,NOT_ENCOUNTERED,,false,false,,cpe:2.3:a:netfilter:libnetfilter_conntrack:1.0.8:*:*:*:*:*:*:*,VERSION_NOT_IN_DICTIONARY,ACTIVE_FAMILY_EXACT_VERSION_ABSENT,"[""VENDOR"", ""PRODUCT"", ""VERSION""]",MODERATE,true,PROPOSED_GT_CPE_CONFIRMATION,control=/usr/lib/opkg/info/libnetfilter-conntrack3.control; list=/usr/lib/opkg/info/libnetfilter-conntrack3.list; status_version_matches=True
199879,libnetifd,2024-06-18-1,cpe:2.3:a:libnetifd:libnetifd:2024-06-18-1:*:*:*:*:*:*:*,package/teltonika/libs/libnetifd,libnetifd,Library meant for handling interface information from netifd ubus object.,files=1; exec=0; lib=1; plugin=0; kmod=0; paths=/usr/lib/libnetifd.so,libnetifd,Teltonika,2024-06-18-1,PRODUCT_IDENTITY_CONFIRMED,"Exact vendor control, description, and installed payload establish this internal software product/library without inheriting another Source product.",Source=package/teltonika/libs/libnetifd; Description=Library meant for handling interface information from netifd ubus object.; paths=/usr/lib/libnetifd.so; siblings=libnetifd,VENDOR_PRODUCT_IDENTIFIER_PRESERVED,The complete exact installed vendor Version is preserved; no unproved package-release suffix is removed.,a:teltonika:libnetifd,EXACT_VENDOR_AND_PRODUCT_IDENTITY_TUPLE,NO_DIRECT_CPE,,,NOT_ENCOUNTERED,,true,false,,,DIRECT_OFFICIAL_CPE_NOT_CONFIRMED,NO_CPE_REPRESENTATION,N/A,MODERATE,true,PRODUCT_WITHOUT_CONFIRMED_DIRECT_CPE,control=/usr/lib/opkg/info/libnetifd.control; list=/usr/lib/opkg/info/libnetifd.list; status_version_matches=True
199880,libnfnetlink0,1.0.1-4,cpe:2.3:a:libnfnetlink0:libnfnetlink0:1.0.1-4:*:*:*:*:*:*:*,package/libs/libnfnetlink,libnfnetlink,"libnfnetlink is is the low-level library for netfilter related kernel/userspace communication.
It provides a generic messaging infrastructure for in-kernel netfilter subsystems
(such as nfnetlink_log, nfnetlink_queue, nfnetlink_conntrack) and their respective users
and/or management tools in userspace.",files=2; exec=0; lib=2; plugin=0; kmod=0; paths=/usr/lib/libnfnetlink.so.0 | /usr/lib/libnfnetlink.so.0.2.0,libnfnetlink,Netfilter,1.0.1,PRODUCT_IDENTITY_CONFIRMED,The exact package description and installed core executable/library identify the named upstream product; package role was not used as a hard gate.,"Source=package/libs/libnfnetlink; Description=libnfnetlink is is the low-level library for netfilter related kernel/userspace communication.
It provides a generic messaging infrastructure for in-kernel netfilter subsystems
(such as nfnetlink_log, nfnetlink_queue, nfnetlink_conntrack) and their respective users
and/or management tools in userspace.; paths=/usr/lib/libnfnetlink.so.0 | /usr/lib/libnfnetlink.so.0.2.0; siblings=libnfnetlink0",PRODUCT_SPECIFIC_UPSTREAM_VERSION_NORMALIZATION,Observed 1.0.1-4 was normalized to 1.0.1 using the exact package/source structure and product-specific official release evidence.,a:netfilter:libnfnetlink,VERIFIED_UPSTREAM_TO_CPE_FAMILY,ACTIVE_EXACT,cpe:2.3:a:netfilter:libnfnetlink:1.0.1:*:*:*:*:*:*:*,,NOT_ENCOUNTERED,,false,false,,cpe:2.3:a:netfilter:libnfnetlink:1.0.1:*:*:*:*:*:*:*,OFFICIAL_CPE_MAPPED,ACTIVE_EXACT,"[""VENDOR"", ""PRODUCT"", ""VERSION""]",MODERATE,true,PROPOSED_GT_CPE_CONFIRMATION,control=/usr/lib/opkg/info/libnfnetlink0.control; list=/usr/lib/opkg/info/libnfnetlink0.list; status_version_matches=True
199881,libnftnl11,1.2.5-5,cpe:2.3:a:libnftnl11:libnftnl11:1.2.5-5:*:*:*:*:*:*:*,package/libs/libnftnl,libnftnl,"libnftnl is a userspace library providing a low-level netlink
programming interface (API) to the in-kernel nf_tables subsystem.",files=2; exec=0; lib=2; plugin=0; kmod=0; paths=/usr/lib/libnftnl.so.11 | /usr/lib/libnftnl.so.11.6.0,libnftnl,Netfilter,1.2.5,PRODUCT_IDENTITY_CONFIRMED,The exact package description and installed core executable/library identify the named upstream product; package role was not used as a hard gate.,"Source=package/libs/libnftnl; Description=libnftnl is a userspace library providing a low-level netlink
programming interface (API) to the in-kernel nf_tables subsystem.; paths=/usr/lib/libnftnl.so.11 | /usr/lib/libnftnl.so.11.6.0; siblings=libnftnl11",PRODUCT_SPECIFIC_UPSTREAM_VERSION_NORMALIZATION,Observed 1.2.5-5 was normalized to 1.2.5 using the exact package/source structure and product-specific official release evidence.,a:netfilter:libnftnl,VERIFIED_UPSTREAM_TO_CPE_FAMILY,VERSION_NOT_IN_DICTIONARY,,,NOT_ENCOUNTERED,,false,false,,cpe:2.3:a:netfilter:libnftnl:1.2.5:*:*:*:*:*:*:*,VERSION_NOT_IN_DICTIONARY,ACTIVE_FAMILY_EXACT_VERSION_ABSENT,"[""VENDOR"", ""PRODUCT"", ""VERSION""]",MODERATE,true,PROPOSED_GT_CPE_CONFIRMATION,control=/usr/lib/opkg/info/libnftnl11.control; list=/usr/lib/opkg/info/libnftnl11.list; status_version_matches=True
199882,libnghttp2-14,1.43.0-1,cpe:2.3:a:libnghttp2-14:libnghttp2-14:1.43.0-1:*:*:*:*:*:*:*,package/libs/nghttp2,libnghttp2,C library implementing the framing layer of the HTTP/2 protocol. It can be used to build a HTTP/2-capable HTTP client or server,files=2; exec=0; lib=2; plugin=0; kmod=0; paths=/usr/lib/libnghttp2.so.14 | /usr/lib/libnghttp2.so.14.20.1,nghttp2,nghttp2 project,1.43.0,PRODUCT_IDENTITY_CONFIRMED,The exact package description and installed core executable/library identify the named upstream product; package role was not used as a hard gate.,Source=package/libs/nghttp2; Description=C library implementing the framing layer of the HTTP/2 protocol. It can be used to build a HTTP/2-capable HTTP client or server; paths=/usr/lib/libnghttp2.so.14 | /usr/lib/libnghttp2.so.14.20.1; siblings=libnghttp2-14,PRODUCT_SPECIFIC_UPSTREAM_VERSION_NORMALIZATION,Observed 1.43.0-1 was normalized to 1.43.0 using the exact package/source structure and product-specific official release evidence.,a:nghttp2:nghttp2,VERIFIED_UPSTREAM_TO_CPE_FAMILY,ACTIVE_EXACT,cpe:2.3:a:nghttp2:nghttp2:1.43.0:*:*:*:*:*:*:*,,NOT_ENCOUNTERED,,false,false,,cpe:2.3:a:nghttp2:nghttp2:1.43.0:*:*:*:*:*:*:*,OFFICIAL_CPE_MAPPED,ACTIVE_EXACT,"[""VENDOR"", ""PRODUCT"", ""VERSION""]",MODERATE,true,PROPOSED_GT_CPE_CONFIRMATION,control=/usr/lib/opkg/info/libnghttp2-14.control; list=/usr/lib/opkg/info/libnghttp2-14.list; status_version_matches=True
199883,libnl-core200,3.9.0-1,cpe:2.3:a:libnl-core200:libnl-core200:3.9.0-1:*:*:*:*:*:*:*,package/libs/libnl,libnl-core,Common code for all netlink libraries,files=2; exec=0; lib=2; plugin=0; kmod=0; paths=/usr/lib/libnl-3.so.200 | /usr/lib/libnl-3.so.200.26.0,libnl,libnl project,3.9.0,PRODUCT_IDENTITY_CONFIRMED,The exact package description and installed core executable/library identify the named upstream product; package role was not used as a hard gate.,Source=package/libs/libnl; Description=Common code for all netlink libraries; paths=/usr/lib/libnl-3.so.200 | /usr/lib/libnl-3.so.200.26.0; siblings=libnl-core200 | libnl-genl200,PRODUCT_SPECIFIC_UPSTREAM_VERSION_NORMALIZATION,Observed 3.9.0-1 was normalized to 3.9.0 using the exact package/source structure and product-specific official release evidence.,a:libnl_project:libnl,VERIFIED_UPSTREAM_TO_CPE_FAMILY,UNRESOLVED,,,NOT_ENCOUNTERED,,false,false,,,UNRESOLVED,STABLE_TEMPLATE_MULTIPLE_COMPATIBLE_TEMPLATES,N/A,MODERATE,true,UNRESOLVED,control=/usr/lib/opkg/info/libnl-core200.control; list=/usr/lib/opkg/info/libnl-core200.list; status_version_matches=True
199884,libnl-genl200,3.9.0-1,cpe:2.3:a:libnl-genl200:libnl-genl200:3.9.0-1:*:*:*:*:*:*:*,package/libs/libnl,libnl-genl,Generic Netlink Library Functions,files=2; exec=0; lib=2; plugin=0; kmod=0; paths=/usr/lib/libnl-genl-3.so.200 | /usr/lib/libnl-genl-3.so.200.26.0,libnl,libnl project,3.9.0,PRODUCT_IDENTITY_CONFIRMED,The exact package description and installed core executable/library identify the named upstream product; package role was not used as a hard gate.,Source=package/libs/libnl; Description=Generic Netlink Library Functions; paths=/usr/lib/libnl-genl-3.so.200 | /usr/lib/libnl-genl-3.so.200.26.0; siblings=libnl-core200 | libnl-genl200,PRODUCT_SPECIFIC_UPSTREAM_VERSION_NORMALIZATION,Observed 3.9.0-1 was normalized to 3.9.0 using the exact package/source structure and product-specific official release evidence.,a:libnl_project:libnl,VERIFIED_UPSTREAM_TO_CPE_FAMILY,UNRESOLVED,,,NOT_ENCOUNTERED,,false,false,,,UNRESOLVED,STABLE_TEMPLATE_MULTIPLE_COMPATIBLE_TEMPLATES,N/A,MODERATE,true,UNRESOLVED,control=/usr/lib/opkg/info/libnl-genl200.control; list=/usr/lib/opkg/info/libnl-genl200.list; status_version_matches=True
199885,libnl-tiny2023-04-02,2023-04-02-11b7c5f0-1,cpe:2.3:a:libnl-tiny2023-04-02:libnl-tiny2023-04-02:2023-04-02-11b7c5f0-1:*:*:*:*:*:*:*,package/libs/libnl-tiny,libnl-tiny,This package contains a stripped down version of libnl,files=1; exec=0; lib=1; plugin=0; kmod=0; paths=/usr/lib/libnl-tiny.so,libnl tiny2023 04 02,OpenWrt,2023-04-02-11b7c5f0,PRODUCT_IDENTITY_CONFIRMED,"Exact control Source, description, and core executable/library payload establish the OpenWrt software product independently of CPE metadata.",Source=package/libs/libnl-tiny; Description=This package contains a stripped down version of libnl; paths=/usr/lib/libnl-tiny.so; siblings=libnl-tiny2023-04-02,DATE_OR_GIT_SOURCE_VERSION,"Date/hash structure, SourceDateEpoch, and official OpenWrt PKG_RELEASE policy jointly identify only the final suffix as packaging metadata.",a:openwrt:libnl_tiny2023_04_02,EXACT_OPENWRT_PROJECT_AND_PRODUCT_IDENTITY_TUPLE,NO_DIRECT_CPE,,,NOT_ENCOUNTERED,,true,false,,,DIRECT_OFFICIAL_CPE_NOT_CONFIRMED,NO_CPE_REPRESENTATION,N/A,MODERATE,true,PRODUCT_WITHOUT_CONFIRMED_DIRECT_CPE,control=/usr/lib/opkg/info/libnl-tiny2023-04-02.control; list=/usr/lib/opkg/info/libnl-tiny2023-04-02.list; status_version_matches=True
199886,libopenssl-conf,3.0.14-3,cpe:2.3:a:libopenssl-conf:libopenssl-conf:3.0.14-3:*:*:*:*:*:*:*,package/libs/openssl,libopenssl-conf,"The OpenSSL Project is a collaborative effort to develop a robust,
commercial-grade, full-featured, and Open Source toolkit implementing the
Transport Layer Security (TLS) protocol as well as a full-strength
general-purpose cryptography library.
This package installs the OpenSSL configuration file /etc/ssl/openssl.cnf.",files=3; exec=0; lib=0; plugin=0; kmod=0; paths=/etc/config/openssl | /etc/ssl/openssl.cnf,libopenssl conf,OpenWrt/upstream source,3.0.14-3,DIRECT_SUBCOMPONENT_NO_PARENT_INHERITANCE,Exact metadata identifies a meta/helper/data artifact rather than an independently mapped software product.,"Exact control/list/status: Source=package/libs/openssl; role=META_OR_HELPER_PACKAGE; Description=The OpenSSL Project is a collaborative effort to develop a robust,
commercial-grade, full-featured, and Open Source toolkit implementing the
Transport Layer Security (TLS) protocol as well as a full-strength
general-purpose cryptography library.
This package installs the OpenSSL configuration file /etc/ssl/openssl.cnf.; paths=/etc/config/openssl | /etc/ssl/openssl.cnf",OBSERVED_COMPONENT_VERSION_PRESERVED_NO_PARENT_MAPPING,Exact installed control Version equals the SBOM version; no parent product version is inferred.,,,NO_DIRECT_CPE,,,NOT_ENCOUNTERED,,false,false,,,DIRECT_OFFICIAL_CPE_NOT_CONFIRMED,NON_DIRECT_SUBCOMPONENT,N/A,MODERATE,false,,control=/usr/lib/opkg/info/libopenssl-conf.control; list=/usr/lib/opkg/info/libopenssl-conf.list; status_version_matches=True
199887,libopenssl-legacy,3.0.14-3,cpe:2.3:a:libopenssl-legacy:libopenssl-legacy:3.0.14-3:*:*:*:*:*:*:*,package/libs/openssl,libopenssl-legacy,"The OpenSSL legacy provider supplies OpenSSL implementations of algorithms that
have been deemed legacy. Such algorithms have commonly fallen out of use, have
been deemed insecure by the cryptography community, or something similar.  See
https://www.openssl.org/docs/man3.0/man7/OSSL_PROVIDER-legacy.html",files=2; exec=0; lib=0; plugin=1; kmod=0; paths=/usr/lib/ossl-modules/legacy.so | /etc/ssl/modules.cnf.d/legacy.cnf,libopenssl legacy,OpenWrt/upstream source,3.0.14-3,DIRECT_SUBCOMPONENT_NO_PARENT_INHERITANCE,"Exact naming, description, and payload identify a plugin/module; its Source parent CPE is not inherited.","Exact control/list/status: Source=package/libs/openssl; role=PLUGIN_OR_MODULE; Description=The OpenSSL legacy provider supplies OpenSSL implementations of algorithms that
have been deemed legacy. Such algorithms have commonly fallen out of use, have
been deemed insecure by the cryptography community, or something similar.  See
https://www.openssl.org/docs/man3.0/man7/OSSL_PROVIDER-legacy.html; paths=/usr/lib/ossl-modules/legacy.so | /etc/ssl/modules.cnf.d/legacy.cnf",OBSERVED_COMPONENT_VERSION_PRESERVED_NO_PARENT_MAPPING,Exact installed control Version equals the SBOM version; no parent product version is inferred.,,,NO_DIRECT_CPE,,,NOT_ENCOUNTERED,,false,false,,,DIRECT_OFFICIAL_CPE_NOT_CONFIRMED,NON_DIRECT_SUBCOMPONENT,N/A,STRONG,false,,control=/usr/lib/opkg/info/libopenssl-legacy.control; list=/usr/lib/opkg/info/libopenssl-legacy.list; status_version_matches=True
199888,libopenssl3,3.0.14-3,cpe:2.3:a:libopenssl3:libopenssl3:3.0.14-3:*:*:*:*:*:*:*,package/libs/openssl,libopenssl,"The OpenSSL Project is a collaborative effort to develop a robust,
commercial-grade, full-featured, and Open Source toolkit implementing the
Transport Layer Security (TLS) protocol as well as a full-strength
general-purpose cryptography library.
This package contains the OpenSSL shared libraries, needed by other programs.",files=2; exec=0; lib=2; plugin=0; kmod=0; paths=/usr/lib/libssl.so.3 | /usr/lib/libcrypto.so.3,OpenSSL,OpenSSL,3.0.14,PRODUCT_IDENTITY_CONFIRMED,The exact package description and installed core executable/library identify the named upstream product; package role was not used as a hard gate.,"Source=package/libs/openssl; Description=The OpenSSL Project is a collaborative effort to develop a robust,
commercial-grade, full-featured, and Open Source toolkit implementing the
Transport Layer Security (TLS) protocol as well as a full-strength
general-purpose cryptography library.
This package contains the OpenSSL shared libraries, needed by other programs.; paths=/usr/lib/libssl.so.3 | /usr/lib/libcrypto.so.3; siblings=libopenssl-conf | libopenssl-legacy | libopenssl3 | openssl-util",PRODUCT_SPECIFIC_UPSTREAM_VERSION_NORMALIZATION,Observed 3.0.14-3 was normalized to 3.0.14 using the exact package/source structure and product-specific official release evidence.,a:openssl:openssl,VERIFIED_UPSTREAM_TO_CPE_FAMILY,ACTIVE_EXACT,cpe:2.3:a:openssl:openssl:3.0.14:*:*:*:*:*:*:*,,NOT_ENCOUNTERED,,false,false,,cpe:2.3:a:openssl:openssl:3.0.14:*:*:*:*:*:*:*,OFFICIAL_CPE_MAPPED,ACTIVE_EXACT,"[""VENDOR"", ""PRODUCT"", ""VERSION""]",STRONG,true,PROPOSED_GT_CPE_CONFIRMATION,control=/usr/lib/opkg/info/libopenssl3.control; list=/usr/lib/opkg/info/libopenssl3.list; status_version_matches=True
199889,libparam,2025-02-14,cpe:2.3:a:libparam:libparam:2025-02-14:*:*:*:*:*:*:*,package/teltonika/libs/libparam,libparam,A library for decoding and replacing params in string.,files=1; exec=0; lib=1; plugin=0; kmod=0; paths=/usr/lib/libparam.so,libparam,Teltonika,2025-02-14,PRODUCT_IDENTITY_CONFIRMED,"Exact vendor control, description, and installed payload establish this internal software product/library without inheriting another Source product.",Source=package/teltonika/libs/libparam; Description=A library for decoding and replacing params in string.; paths=/usr/lib/libparam.so; siblings=libparam,VENDOR_PRODUCT_IDENTIFIER_PRESERVED,The complete exact installed vendor Version is preserved; no unproved package-release suffix is removed.,a:teltonika:libparam,EXACT_VENDOR_AND_PRODUCT_IDENTITY_TUPLE,NO_DIRECT_CPE,,,NOT_ENCOUNTERED,,true,false,,,DIRECT_OFFICIAL_CPE_NOT_CONFIRMED,NO_CPE_REPRESENTATION,N/A,MODERATE,true,PRODUCT_WITHOUT_CONFIRMED_DIRECT_CPE,control=/usr/lib/opkg/info/libparam.control; list=/usr/lib/opkg/info/libparam.list; status_version_matches=True
199890,libpcap1,1.9.1-3,cpe:2.3:a:libpcap1:libpcap1:1.9.1-3:*:*:*:*:*:*:*,package/libs/libpcap,libpcap,"This package contains a system-independent library for user-level network packet
capture.",files=2; exec=0; lib=2; plugin=0; kmod=0; paths=/usr/lib/libpcap.so.1 | /usr/lib/libpcap.so.1.9.1,libpcap,tcpdump project,1.9.1,PRODUCT_IDENTITY_CONFIRMED,The exact package description and installed core executable/library identify the named upstream product; package role was not used as a hard gate.,"Source=package/libs/libpcap; Description=This package contains a system-independent library for user-level network packet
capture.; paths=/usr/lib/libpcap.so.1 | /usr/lib/libpcap.so.1.9.1; siblings=libpcap1",PRODUCT_SPECIFIC_UPSTREAM_VERSION_NORMALIZATION,Observed 1.9.1-3 was normalized to 1.9.1 using the exact package/source structure and product-specific official release evidence.,a:tcpdump:libpcap,VERIFIED_UPSTREAM_TO_CPE_FAMILY,ACTIVE_EXACT,cpe:2.3:a:tcpdump:libpcap:1.9.1:*:*:*:*:*:*:*,,NOT_ENCOUNTERED,,false,false,,cpe:2.3:a:tcpdump:libpcap:1.9.1:*:*:*:*:*:*:*,OFFICIAL_CPE_MAPPED,ACTIVE_EXACT,"[""VENDOR"", ""PRODUCT"", ""VERSION""]",MODERATE,true,PROPOSED_GT_CPE_CONFIRMATION,control=/usr/lib/opkg/info/libpcap1.control; list=/usr/lib/opkg/info/libpcap1.list; status_version_matches=True
199891,libpcre2,10.37-5,cpe:2.3:a:libpcre2:libpcre2:10.37-5:*:*:*:*:*:*:*,package/libs/pcre2,libpcre2,A Perl Compatible Regular Expression library,files=6; exec=0; lib=6; plugin=0; kmod=0; paths=/usr/lib/libpcre2-8.so.0.10.2 | /usr/lib/libpcre2-posix.so.3.0.0,PCRE2,PCRE project,10.37,PRODUCT_IDENTITY_CONFIRMED,The exact package description and installed core executable/library identify the named upstream product; package role was not used as a hard gate.,Source=package/libs/pcre2; Description=A Perl Compatible Regular Expression library; paths=/usr/lib/libpcre2-8.so.0.10.2 | /usr/lib/libpcre2-posix.so.3.0.0; siblings=libpcre2,PRODUCT_SPECIFIC_UPSTREAM_VERSION_NORMALIZATION,Observed 10.37-5 was normalized to 10.37 using the exact package/source structure and product-specific official release evidence.,a:pcre:pcre2,VERIFIED_UPSTREAM_TO_CPE_FAMILY,ACTIVE_EXACT,cpe:2.3:a:pcre:pcre2:10.37:*:*:*:*:*:*:*,,NOT_ENCOUNTERED,,false,false,,cpe:2.3:a:pcre:pcre2:10.37:*:*:*:*:*:*:*,OFFICIAL_CPE_MAPPED,ACTIVE_EXACT,"[""VENDOR"", ""PRODUCT"", ""VERSION""]",MODERATE,true,PROPOSED_GT_CPE_CONFIRMATION,control=/usr/lib/opkg/info/libpcre2.control; list=/usr/lib/opkg/info/libpcre2.list; status_version_matches=True
199892,libpthread,1.2.4-3,cpe:2.3:a:libpthread:libpthread:1.2.4-3:*:*:*:*:*:*:*,package/libs/toolchain,libpthread,POSIX thread library,files=0; exec=0; lib=0; plugin=0; kmod=0; paths=,libpthread,OpenWrt/upstream source,1.2.4-3,DIRECT_SUBCOMPONENT_NO_PARENT_INHERITANCE,Exact metadata identifies a meta/helper/data artifact rather than an independently mapped software product.,Exact control/list/status: Source=package/libs/toolchain; role=META_OR_HELPER_PACKAGE; Description=POSIX thread library; paths=,OBSERVED_COMPONENT_VERSION_PRESERVED_NO_PARENT_MAPPING,Exact installed control Version equals the SBOM version; no parent product version is inferred.,,,NO_DIRECT_CPE,,,NOT_ENCOUNTERED,,false,false,,,DIRECT_OFFICIAL_CPE_NOT_CONFIRMED,NON_DIRECT_SUBCOMPONENT,N/A,MODERATE,false,,control=/usr/lib/opkg/info/libpthread.control; list=/usr/lib/opkg/info/libpthread.list; status_version_matches=True
199893,librms,2025-03-20-1,cpe:2.3:a:librms:librms:2025-03-20-1:*:*:*:*:*:*:*,package/teltonika/rms-packages,librms,Library for handling rms information,files=1; exec=0; lib=1; plugin=0; kmod=0; paths=/usr/lib/librms.so,librms,Teltonika,2025-03-20-1,PRODUCT_IDENTITY_CONFIRMED,"Exact vendor control, description, and installed payload establish this internal software product/library without inheriting another Source product.",Source=package/teltonika/rms-packages; Description=Library for handling rms information; paths=/usr/lib/librms.so; siblings=librms,VENDOR_PRODUCT_IDENTIFIER_PRESERVED,The complete exact installed vendor Version is preserved; no unproved package-release suffix is removed.,a:teltonika:librms,EXACT_VENDOR_AND_PRODUCT_IDENTITY_TUPLE,NO_DIRECT_CPE,,,NOT_ENCOUNTERED,,true,false,,,DIRECT_OFFICIAL_CPE_NOT_CONFIRMED,NO_CPE_REPRESENTATION,N/A,MODERATE,true,PRODUCT_WITHOUT_CONFIRMED_DIRECT_CPE,control=/usr/lib/opkg/info/librms.control; list=/usr/lib/opkg/info/librms.list; status_version_matches=True
199894,librt,1.2.4-3,cpe:2.3:a:librt:librt:1.2.4-3:*:*:*:*:*:*:*,package/libs/toolchain,librt,POSIX.1b RealTime extension library,files=0; exec=0; lib=0; plugin=0; kmod=0; paths=,librt,OpenWrt/upstream source,1.2.4-3,DIRECT_SUBCOMPONENT_NO_PARENT_INHERITANCE,Exact metadata identifies a meta/helper/data artifact rather than an independently mapped software product.,Exact control/list/status: Source=package/libs/toolchain; role=META_OR_HELPER_PACKAGE; Description=POSIX.1b RealTime extension library; paths=,OBSERVED_COMPONENT_VERSION_PRESERVED_NO_PARENT_MAPPING,Exact installed control Version equals the SBOM version; no parent product version is inferred.,,,NO_DIRECT_CPE,,,NOT_ENCOUNTERED,,false,false,,,DIRECT_OFFICIAL_CPE_NOT_CONFIRMED,NON_DIRECT_SUBCOMPONENT,N/A,MODERATE,false,,control=/usr/lib/opkg/info/librt.control; list=/usr/lib/opkg/info/librt.list; status_version_matches=True
199895,librut_fota,2.16.1,cpe:2.3:a:librut_fota:librut_fota:2.16.1:*:*:*:*:*:*:*,package/teltonika/rut_fota,librut_fota,Library for handling rut_fota information,files=2; exec=0; lib=2; plugin=0; kmod=0; paths=/usr/lib/librut_fota.so | /usr/lib/rpcd/fota.so,RUT FOTA,Teltonika,2.16.1,PRODUCT_IDENTITY_CONFIRMED,"Exact vendor control, description, and installed payload establish this internal software product/library without inheriting another Source product.",Source=package/teltonika/rut_fota; Description=Library for handling rut_fota information; paths=/usr/lib/librut_fota.so | /usr/lib/rpcd/fota.so; siblings=librut_fota | rut_fota,VENDOR_PRODUCT_IDENTIFIER_PRESERVED,The complete exact installed vendor Version is preserved; no unproved package-release suffix is removed.,a:teltonika:rut_fota,EXACT_VENDOR_AND_PRODUCT_IDENTITY_TUPLE,NO_DIRECT_CPE,,,NOT_ENCOUNTERED,,true,false,,,DIRECT_OFFICIAL_CPE_NOT_CONFIRMED,NO_CPE_REPRESENTATION,N/A,MODERATE,true,PRODUCT_WITHOUT_CONFIRMED_DIRECT_CPE,control=/usr/lib/opkg/info/librut_fota.control; list=/usr/lib/opkg/info/librut_fota.list; status_version_matches=True
199896,libsqlite3-0,3410200-1,cpe:2.3:a:libsqlite3-0:libsqlite3-0:3410200-1:*:*:*:*:*:*:*,package/libs/sqlite3,libsqlite3,"SQLite is a small C library that implements a self-contained, embeddable,
zero-configuration SQL database engine.
This package contains the SQLite (v3.x) shared library, used by other
programs.",files=2; exec=0; lib=2; plugin=0; kmod=0; paths=/usr/lib/libsqlite3.so.0 | /usr/lib/libsqlite3.so.0.8.6,SQLite,SQLite,3.41.2,PRODUCT_IDENTITY_CONFIRMED,The exact package description and installed core executable/library identify the named upstream product; package role was not used as a hard gate.,"Source=package/libs/sqlite3; Description=SQLite is a small C library that implements a self-contained, embeddable,
zero-configuration SQL database engine.
This package contains the SQLite (v3.x) shared library, used by other
programs.; paths=/usr/lib/libsqlite3.so.0 | /usr/lib/libsqlite3.so.0.8.6; siblings=libsqlite3-0",PRODUCT_SPECIFIC_UPSTREAM_VERSION_NORMALIZATION,Observed 3410200-1 was normalized to 3.41.2 using the exact package/source structure and product-specific official release evidence.,a:sqlite:sqlite,VERIFIED_UPSTREAM_TO_CPE_FAMILY,ACTIVE_EXACT,cpe:2.3:a:sqlite:sqlite:3.41.2:*:*:*:*:*:*:*,,NOT_ENCOUNTERED,,false,false,,cpe:2.3:a:sqlite:sqlite:3.41.2:*:*:*:*:*:*:*,OFFICIAL_CPE_MAPPED,ACTIVE_EXACT,"[""VENDOR"", ""PRODUCT"", ""VERSION""]",STRONG,true,PROPOSED_GT_CPE_CONFIRMATION,control=/usr/lib/opkg/info/libsqlite3-0.control; list=/usr/lib/opkg/info/libsqlite3-0.list; status_version_matches=True
199897,libss2,1.47.0-2,cpe:2.3:a:libss2:libss2:1.47.0-2:*:*:*:*:*:*:*,package/utils/e2fsprogs,libss,"This pacakge contains libss, a command-line interface parsing library
bundled with e2fsprogs.",files=2; exec=0; lib=2; plugin=0; kmod=0; paths=/usr/lib/libss.so.2 | /usr/lib/libss.so.2.0,libss2,OpenWrt/upstream source,1.47.0-2,DIRECT_SUBCOMPONENT_NO_PARENT_INHERITANCE,"Package payload is a configuration, split support, suite library, or optional subsystem; no parent CPE is inherited.","Exact control/list/status: Source=package/utils/e2fsprogs; role=LIBRARY_PACKAGE; Description=This pacakge contains libss, a command-line interface parsing library
bundled with e2fsprogs.; paths=/usr/lib/libss.so.2 | /usr/lib/libss.so.2.0",OBSERVED_COMPONENT_VERSION_PRESERVED_NO_PARENT_MAPPING,Exact installed control Version equals the SBOM version; no parent product version is inferred.,,,NO_DIRECT_CPE,,,NOT_ENCOUNTERED,,false,false,,,DIRECT_OFFICIAL_CPE_NOT_CONFIRMED,NON_DIRECT_SUBCOMPONENT,N/A,MODERATE,false,,control=/usr/lib/opkg/info/libss2.control; list=/usr/lib/opkg/info/libss2.list; status_version_matches=True
199898,libstdcpp6,8.4.0-3,cpe:2.3:a:libstdcpp6:libstdcpp6:8.4.0-3:*:*:*:*:*:*:*,package/libs/toolchain,libstdcpp,GNU Standard C++ Library v3,files=3; exec=0; lib=3; plugin=0; kmod=0; paths=/usr/lib/libstdc++.so.6 | /usr/lib/libstdc++.so.6.0.25-gdb.py,libstdcpp6,OpenWrt/upstream source,8.4.0-3,DIRECT_SUBCOMPONENT_NO_PARENT_INHERITANCE,"Package payload is a configuration, split support, suite library, or optional subsystem; no parent CPE is inherited.",Exact control/list/status: Source=package/libs/toolchain; role=LIBRARY_PACKAGE; Description=GNU Standard C++ Library v3; paths=/usr/lib/libstdc++.so.6 | /usr/lib/libstdc++.so.6.0.25-gdb.py,OBSERVED_COMPONENT_VERSION_PRESERVED_NO_PARENT_MAPPING,Exact installed control Version equals the SBOM version; no parent product version is inferred.,,,NO_DIRECT_CPE,,,NOT_ENCOUNTERED,,false,false,,,DIRECT_OFFICIAL_CPE_NOT_CONFIRMED,NON_DIRECT_SUBCOMPONENT,N/A,MODERATE,false,,control=/usr/lib/opkg/info/libstdcpp6.control; list=/usr/lib/opkg/info/libstdcpp6.list; status_version_matches=True
199899,libtlt-logger,2025-01-08-1,cpe:2.3:a:libtlt-logger:libtlt-logger:2025-01-08-1:*:*:*:*:*:*:*,package/teltonika/libs/libtlt-logger,libtlt-logger,Library providing logging utilities.,files=1; exec=0; lib=1; plugin=0; kmod=0; paths=/usr/lib/libtlt_logger.so,libtlt logger,Teltonika,2025-01-08-1,PRODUCT_IDENTITY_CONFIRMED,"Exact vendor control, description, and installed payload establish this internal software product/library without inheriting another Source product.",Source=package/teltonika/libs/libtlt-logger; Description=Library providing logging utilities.; paths=/usr/lib/libtlt_logger.so; siblings=libtlt-logger,VENDOR_PRODUCT_IDENTIFIER_PRESERVED,The complete exact installed vendor Version is preserved; no unproved package-release suffix is removed.,a:teltonika:libtlt_logger,EXACT_VENDOR_AND_PRODUCT_IDENTITY_TUPLE,NO_DIRECT_CPE,,,NOT_ENCOUNTERED,,true,false,,,DIRECT_OFFICIAL_CPE_NOT_CONFIRMED,NO_CPE_REPRESENTATION,N/A,MODERATE,true,PRODUCT_WITHOUT_CONFIRMED_DIRECT_CPE,control=/usr/lib/opkg/info/libtlt-logger.control; list=/usr/lib/opkg/info/libtlt-logger.list; status_version_matches=True
199900,libtlt_smtp,1.8,cpe:2.3:a:libtlt_smtp:libtlt_smtp:1.8:*:*:*:*:*:*:*,package/teltonika/libs/libtlt_smtp,libtlt_smtp,SMTP library. Created by Teltonika,files=1; exec=0; lib=1; plugin=0; kmod=0; paths=/usr/lib/libtlt_smtp.so,libtlt smtp,Teltonika,1.8,PRODUCT_IDENTITY_CONFIRMED,"Exact vendor control, description, and installed payload establish this internal software product/library without inheriting another Source product.",Source=package/teltonika/libs/libtlt_smtp; Description=SMTP library. Created by Teltonika; paths=/usr/lib/libtlt_smtp.so; siblings=libtlt_smtp,VENDOR_PRODUCT_IDENTIFIER_PRESERVED,The complete exact installed vendor Version is preserved; no unproved package-release suffix is removed.,a:teltonika:libtlt_smtp,EXACT_VENDOR_AND_PRODUCT_IDENTITY_TUPLE,NO_DIRECT_CPE,,,NOT_ENCOUNTERED,,true,false,,,DIRECT_OFFICIAL_CPE_NOT_CONFIRMED,NO_CPE_REPRESENTATION,N/A,MODERATE,true,PRODUCT_WITHOUT_CONFIRMED_DIRECT_CPE,control=/usr/lib/opkg/info/libtlt_smtp.control; list=/usr/lib/opkg/info/libtlt_smtp.list; status_version_matches=True
199901,libtlt_termios1.0,7.13,cpe:2.3:a:libtlt_termios1.0:libtlt_termios1.0:7.13:*:*:*:*:*:*:*,package/teltonika/libs/libtlt_termios,libtlt_termios,Terminal settings handling library. Created by Teltonika,files=2; exec=0; lib=2; plugin=0; kmod=0; paths=/usr/lib/libtlt_termios.so | /usr/lib/rpcd/serial.so,libtlt termios1.0,Teltonika,7.13,PRODUCT_IDENTITY_CONFIRMED,"Exact vendor control, description, and installed payload establish this internal software product/library without inheriting another Source product.",Source=package/teltonika/libs/libtlt_termios; Description=Terminal settings handling library. Created by Teltonika; paths=/usr/lib/libtlt_termios.so | /usr/lib/rpcd/serial.so; siblings=libtlt_termios1.0,VENDOR_PRODUCT_IDENTIFIER_PRESERVED,The complete exact installed vendor Version is preserved; no unproved package-release suffix is removed.,a:teltonika:libtlt_termios1.0,EXACT_VENDOR_AND_PRODUCT_IDENTITY_TUPLE,NO_DIRECT_CPE,,,NOT_ENCOUNTERED,,true,false,,,DIRECT_OFFICIAL_CPE_NOT_CONFIRMED,NO_CPE_REPRESENTATION,N/A,MODERATE,true,PRODUCT_WITHOUT_CONFIRMED_DIRECT_CPE,control=/usr/lib/opkg/info/libtlt_termios1.0.control; list=/usr/lib/opkg/info/libtlt_termios1.0.list; status_version_matches=True
199902,libtlt_uci,2025-02-20-1,cpe:2.3:a:libtlt_uci:libtlt_uci:2025-02-20-1:*:*:*:*:*:*:*,package/teltonika/libs/libtlt_uci,libtlt_uci,A simple lib with uci function. Created by Teltonika,files=1; exec=0; lib=1; plugin=0; kmod=0; paths=/usr/lib/libtlt_uci.so,libtlt uci,Teltonika,2025-02-20-1,PRODUCT_IDENTITY_CONFIRMED,"Exact vendor control, description, and installed payload establish this internal software product/library without inheriting another Source product.",Source=package/teltonika/libs/libtlt_uci; Description=A simple lib with uci function. Created by Teltonika; paths=/usr/lib/libtlt_uci.so; siblings=libtlt_uci,VENDOR_PRODUCT_IDENTIFIER_PRESERVED,The complete exact installed vendor Version is preserved; no unproved package-release suffix is removed.,a:teltonika:libtlt_uci,EXACT_VENDOR_AND_PRODUCT_IDENTITY_TUPLE,NO_DIRECT_CPE,,,NOT_ENCOUNTERED,,true,false,,,DIRECT_OFFICIAL_CPE_NOT_CONFIRMED,NO_CPE_REPRESENTATION,N/A,MODERATE,true,PRODUCT_WITHOUT_CONFIRMED_DIRECT_CPE,control=/usr/lib/opkg/info/libtlt_uci.control; list=/usr/lib/opkg/info/libtlt_uci.list; status_version_matches=True
199903,libtlt_uqmi,7.10-2,cpe:2.3:a:libtlt_uqmi:libtlt_uqmi:7.10-2:*:*:*:*:*:*:*,package/teltonika/uqmi,libtlt_uqmi,A simple lib with wds commands. Created by Teltonika,files=1; exec=0; lib=1; plugin=0; kmod=0; paths=/usr/lib/libtlt_uqmi.so,Teltonika UQMI,Teltonika,7.10-2,PRODUCT_IDENTITY_CONFIRMED,"Exact vendor control, description, and installed payload establish this internal software product/library without inheriting another Source product.",Source=package/teltonika/uqmi; Description=A simple lib with wds commands. Created by Teltonika; paths=/usr/lib/libtlt_uqmi.so; siblings=libtlt_uqmi | uqmi,VENDOR_PRODUCT_IDENTIFIER_PRESERVED,The complete exact installed vendor Version is preserved; no unproved package-release suffix is removed.,a:teltonika:teltonika_uqmi,EXACT_VENDOR_AND_PRODUCT_IDENTITY_TUPLE,NO_DIRECT_CPE,,,NOT_ENCOUNTERED,,true,false,,,DIRECT_OFFICIAL_CPE_NOT_CONFIRMED,NO_CPE_REPRESENTATION,N/A,MODERATE,true,PRODUCT_WITHOUT_CONFIRMED_DIRECT_CPE,control=/usr/lib/opkg/info/libtlt_uqmi.control; list=/usr/lib/opkg/info/libtlt_uqmi.list; status_version_matches=True
199904,libubox-lua,2024-03-29-eb9bcb64-2,cpe:2.3:a:libubox-lua:libubox-lua:2024-03-29-eb9bcb64-2:*:*:*:*:*:*:*,package/libs/libubox,libubox-lua,Lua binding for the OpenWrt Basic utility library,files=1; exec=0; lib=0; plugin=1; kmod=0; paths=/usr/lib/lua/uloop.so,libubox lua,OpenWrt/upstream source,2024-03-29-eb9bcb64-2,DIRECT_SUBCOMPONENT_NO_PARENT_INHERITANCE,"Exact naming, description, and payload identify a plugin/module; its Source parent CPE is not inherited.",Exact control/list/status: Source=package/libs/libubox; role=PLUGIN_OR_MODULE; Description=Lua binding for the OpenWrt Basic utility library; paths=/usr/lib/lua/uloop.so,OBSERVED_COMPONENT_VERSION_PRESERVED_NO_PARENT_MAPPING,Exact installed control Version equals the SBOM version; no parent product version is inferred.,,,NO_DIRECT_CPE,,,NOT_ENCOUNTERED,,false,false,,,DIRECT_OFFICIAL_CPE_NOT_CONFIRMED,NON_DIRECT_SUBCOMPONENT,N/A,STRONG,false,,control=/usr/lib/opkg/info/libubox-lua.control; list=/usr/lib/opkg/info/libubox-lua.list; status_version_matches=True
199905,libubox20240329,2024-03-29-eb9bcb64-2,cpe:2.3:a:libubox20240329:libubox20240329:2024-03-29-eb9bcb64-2:*:*:*:*:*:*:*,package/libs/libubox,libubox,Basic utility library,files=1; exec=0; lib=1; plugin=0; kmod=0; paths=/lib/libubox.so.20240329,libubox,OpenWrt,2024-03-29-eb9bcb64,PRODUCT_IDENTITY_CONFIRMED,"Exact control Source, description, and core executable/library payload establish the OpenWrt software product independently of CPE metadata.",Source=package/libs/libubox; Description=Basic utility library; paths=/lib/libubox.so.20240329; siblings=jshn | libblobmsg-json20240329 | libjson-script20240329 | libubox-lua | libubox20240329,DATE_OR_GIT_SOURCE_VERSION,"Date/hash structure, SourceDateEpoch, and official OpenWrt PKG_RELEASE policy jointly identify only the final suffix as packaging metadata.",a:openwrt:libubox,EXACT_OPENWRT_PROJECT_AND_PRODUCT_IDENTITY_TUPLE,NO_DIRECT_CPE,,,NOT_ENCOUNTERED,,true,false,,,DIRECT_OFFICIAL_CPE_NOT_CONFIRMED,NO_CPE_REPRESENTATION,N/A,MODERATE,true,PRODUCT_WITHOUT_CONFIRMED_DIRECT_CPE,control=/usr/lib/opkg/info/libubox20240329.control; list=/usr/lib/opkg/info/libubox20240329.list; status_version_matches=True
199906,libubus-lua,2021-06-30-4fc532c8-6,cpe:2.3:a:libubus-lua:libubus-lua:2021-06-30-4fc532c8-6:*:*:*:*:*:*:*,package/system/ubus,libubus-lua,Lua binding for the OpenWrt RPC client,files=1; exec=0; lib=0; plugin=1; kmod=0; paths=/usr/lib/lua/ubus.so,libubus lua,OpenWrt/upstream source,2021-06-30-4fc532c8-6,DIRECT_SUBCOMPONENT_NO_PARENT_INHERITANCE,"Exact naming, description, and payload identify a plugin/module; its Source parent CPE is not inherited.",Exact control/list/status: Source=package/system/ubus; role=PLUGIN_OR_MODULE; Description=Lua binding for the OpenWrt RPC client; paths=/usr/lib/lua/ubus.so,OBSERVED_COMPONENT_VERSION_PRESERVED_NO_PARENT_MAPPING,Exact installed control Version equals the SBOM version; no parent product version is inferred.,,,NO_DIRECT_CPE,,,NOT_ENCOUNTERED,,false,false,,,DIRECT_OFFICIAL_CPE_NOT_CONFIRMED,NON_DIRECT_SUBCOMPONENT,N/A,STRONG,false,,control=/usr/lib/opkg/info/libubus-lua.control; list=/usr/lib/opkg/info/libubus-lua.list; status_version_matches=True
199907,libubus20210630,2021-06-30-4fc532c8-6,cpe:2.3:a:libubus20210630:libubus20210630:2021-06-30-4fc532c8-6:*:*:*:*:*:*:*,package/system/ubus,libubus,OpenWrt RPC client library,files=1; exec=0; lib=1; plugin=0; kmod=0; paths=/lib/libubus.so.20210630,ubus,OpenWrt,2021-06-30-4fc532c8,PRODUCT_IDENTITY_CONFIRMED,"Exact control Source, description, and core executable/library payload establish the OpenWrt software product independently of CPE metadata.",Source=package/system/ubus; Description=OpenWrt RPC client library; paths=/lib/libubus.so.20210630; siblings=libubus-lua | libubus20210630 | ubus | ubusd,DATE_OR_GIT_SOURCE_VERSION,"Date/hash structure, SourceDateEpoch, and official OpenWrt PKG_RELEASE policy jointly identify only the final suffix as packaging metadata.",a:openwrt:ubus,EXACT_OPENWRT_PROJECT_AND_PRODUCT_IDENTITY_TUPLE,NO_DIRECT_CPE,,,NOT_ENCOUNTERED,,true,false,,,DIRECT_OFFICIAL_CPE_NOT_CONFIRMED,NO_CPE_REPRESENTATION,N/A,MODERATE,true,PRODUCT_WITHOUT_CONFIRMED_DIRECT_CPE,control=/usr/lib/opkg/info/libubus20210630.control; list=/usr/lib/opkg/info/libubus20210630.list; status_version_matches=True
199908,libuci-lua,2021-10-22-f84f49f0-12-12,cpe:2.3:a:libuci-lua:libuci-lua:2021-10-22-f84f49f0-12-12:*:*:*:*:*:*:*,package/system/uci,libuci-lua,Lua plugin for UCI,files=1; exec=0; lib=0; plugin=1; kmod=0; paths=/usr/lib/lua/uci.so,libuci lua,OpenWrt/upstream source,2021-10-22-f84f49f0-12-12,DIRECT_SUBCOMPONENT_NO_PARENT_INHERITANCE,"Exact naming, description, and payload identify a plugin/module; its Source parent CPE is not inherited.",Exact control/list/status: Source=package/system/uci; role=PLUGIN_OR_MODULE; Description=Lua plugin for UCI; paths=/usr/lib/lua/uci.so,OBSERVED_COMPONENT_VERSION_PRESERVED_NO_PARENT_MAPPING,Exact installed control Version equals the SBOM version; no parent product version is inferred.,,,NO_DIRECT_CPE,,,NOT_ENCOUNTERED,,false,false,,,DIRECT_OFFICIAL_CPE_NOT_CONFIRMED,NON_DIRECT_SUBCOMPONENT,N/A,STRONG,false,,control=/usr/lib/opkg/info/libuci-lua.control; list=/usr/lib/opkg/info/libuci-lua.list; status_version_matches=True
199909,libuci20130104,2021-10-22-f84f49f0-12-12,cpe:2.3:a:libuci20130104:libuci20130104:2021-10-22-f84f49f0-12-12:*:*:*:*:*:*:*,package/system/uci,libuci,C library for the Unified Configuration Interface (UCI),files=1; exec=0; lib=1; plugin=0; kmod=0; paths=/lib/libuci.so,uci,OpenWrt,2021-10-22-f84f49f0-12,PRODUCT_IDENTITY_CONFIRMED,"Exact control Source, description, and core executable/library payload establish the OpenWrt software product independently of CPE metadata.",Source=package/system/uci; Description=C library for the Unified Configuration Interface (UCI); paths=/lib/libuci.so; siblings=libuci-lua | libuci20130104 | uci,DATE_OR_GIT_SOURCE_VERSION,"Date/hash structure, SourceDateEpoch, and official OpenWrt PKG_RELEASE policy jointly identify only the final suffix as packaging metadata.",a:openwrt:uci,EXACT_OPENWRT_PROJECT_AND_PRODUCT_IDENTITY_TUPLE,NO_DIRECT_CPE,,,NOT_ENCOUNTERED,,true,false,,,DIRECT_OFFICIAL_CPE_NOT_CONFIRMED,NO_CPE_REPRESENTATION,N/A,MODERATE,true,PRODUCT_WITHOUT_CONFIRMED_DIRECT_CPE,control=/usr/lib/opkg/info/libuci20130104.control; list=/usr/lib/opkg/info/libuci20130104.list; status_version_matches=True
199910,libuclient20201210,2021-05-14-6a6011df-1,cpe:2.3:a:libuclient20201210:libuclient20201210:2021-05-14-6a6011df-1:*:*:*:*:*:*:*,package/libs/uclient,libuclient,HTTP/1.1 client library,files=1; exec=0; lib=1; plugin=0; kmod=0; paths=/usr/lib/libuclient.so,uclient,OpenWrt,2021-05-14-6a6011df,PRODUCT_IDENTITY_CONFIRMED,"Exact control Source, description, and core executable/library payload establish the OpenWrt software product independently of CPE metadata.",Source=package/libs/uclient; Description=HTTP/1.1 client library; paths=/usr/lib/libuclient.so; siblings=libuclient20201210 | uclient-fetch,DATE_OR_GIT_SOURCE_VERSION,"Date/hash structure, SourceDateEpoch, and official OpenWrt PKG_RELEASE policy jointly identify only the final suffix as packaging metadata.",a:openwrt:uclient,EXACT_OPENWRT_PROJECT_AND_PRODUCT_IDENTITY_TUPLE,NO_DIRECT_CPE,,,NOT_ENCOUNTERED,,true,false,,,DIRECT_OFFICIAL_CPE_NOT_CONFIRMED,NO_CPE_REPRESENTATION,N/A,MODERATE,true,PRODUCT_WITHOUT_CONFIRMED_DIRECT_CPE,control=/usr/lib/opkg/info/libuclient20201210.control; list=/usr/lib/opkg/info/libuclient20201210.list; status_version_matches=True
199911,libucode20220812,2023-06-06-c7d84aae-1,cpe:2.3:a:libucode20220812:libucode20220812:2023-06-06-c7d84aae-1:*:*:*:*:*:*:*,package/utils/ucode,libucode,The libucode package provides the shared runtime library for the ucode interpreter.,files=1; exec=0; lib=1; plugin=0; kmod=0; paths=/usr/lib/libucode.so.20220812,ucode,OpenWrt,2023-06-06-c7d84aae,PRODUCT_IDENTITY_CONFIRMED,"Exact control Source, description, and core executable/library payload establish the OpenWrt software product independently of CPE metadata.",Source=package/utils/ucode; Description=The libucode package provides the shared runtime library for the ucode interpreter.; paths=/usr/lib/libucode.so.20220812; siblings=libucode20220812 | ucode | ucode-mod-fs | ucode-mod-nl80211 | ucode-mod-rtnl | ucode-mod-ubus | ucode-mod-uloop,DATE_OR_GIT_SOURCE_VERSION,"Date/hash structure, SourceDateEpoch, and official OpenWrt PKG_RELEASE policy jointly identify only the final suffix as packaging metadata.",a:openwrt:ucode,EXACT_OPENWRT_PROJECT_AND_PRODUCT_IDENTITY_TUPLE,NO_DIRECT_CPE,,,NOT_ENCOUNTERED,,true,false,,,DIRECT_OFFICIAL_CPE_NOT_CONFIRMED,NO_CPE_REPRESENTATION,N/A,MODERATE,true,PRODUCT_WITHOUT_CONFIRMED_DIRECT_CPE,control=/usr/lib/opkg/info/libucode20220812.control; list=/usr/lib/opkg/info/libucode20220812.list; status_version_matches=True
199912,liburc,f61d039a,cpe:2.3:a:liburc:liburc:f61d039a:*:*:*:*:*:*:*,package/teltonika/gsm,liburc,A library to handle URC,files=1; exec=0; lib=1; plugin=0; kmod=0; paths=/usr/lib/liburc.so,Teltonika GSM Service,Teltonika,f61d039a,PRODUCT_IDENTITY_CONFIRMED,"Exact vendor control, description, and installed payload establish this internal software product/library without inheriting another Source product.",Source=package/teltonika/gsm; Description=A library to handle URC; paths=/usr/lib/liburc.so; siblings=gsmctl | gsmd | libgsm1.0 | liburc,VENDOR_PRODUCT_IDENTIFIER_PRESERVED,The complete exact installed vendor Version is preserved; no unproved package-release suffix is removed.,a:teltonika:teltonika_gsm_service,EXACT_VENDOR_AND_PRODUCT_IDENTITY_TUPLE,NO_DIRECT_CPE,,,NOT_ENCOUNTERED,,true,false,,,DIRECT_OFFICIAL_CPE_NOT_CONFIRMED,NO_CPE_REPRESENTATION,N/A,WEAK,true,WEAK_EVIDENCE | OPAQUE_VENDOR_VERSION_IDENTIFIER | PRODUCT_WITHOUT_CONFIRMED_DIRECT_CPE,control=/usr/lib/opkg/info/liburc.control; list=/usr/lib/opkg/info/liburc.list; status_version_matches=True
199913,libusb-1.0-0,1.0.24-5,cpe:2.3:a:libusb-1.0-0:libusb-1.0-0:1.0.24-5:*:*:*:*:*:*:*,package/libs/libusb,libusb-1.0,"libusb is a C library that gives applications easy access to USB devices on
many different operating systems.",files=2; exec=0; lib=2; plugin=0; kmod=0; paths=/usr/lib/libusb-1.0.so.0.3.0 | /usr/lib/libusb-1.0.so.0,libusb,libusb project,1.0.24,PRODUCT_IDENTITY_CONFIRMED,The exact package description and installed core executable/library identify the named upstream product; package role was not used as a hard gate.,"Source=package/libs/libusb; Description=libusb is a C library that gives applications easy access to USB devices on
many different operating systems.; paths=/usr/lib/libusb-1.0.so.0.3.0 | /usr/lib/libusb-1.0.so.0; siblings=libusb-1.0-0",PRODUCT_SPECIFIC_UPSTREAM_VERSION_NORMALIZATION,Observed 1.0.24-5 was normalized to 1.0.24 using the exact package/source structure and product-specific official release evidence.,a:libusb:libusb,VERIFIED_UPSTREAM_TO_CPE_FAMILY,ACTIVE_EXACT,cpe:2.3:a:libusb:libusb:1.0.24:-:*:*:*:*:*:*,,NOT_ENCOUNTERED,,false,false,,cpe:2.3:a:libusb:libusb:1.0.24:-:*:*:*:*:*:*,OFFICIAL_CPE_MAPPED,ACTIVE_EXACT,"[""VENDOR"", ""PRODUCT"", ""VERSION"", ""UPDATE""]",MODERATE,true,PROPOSED_GT_CPE_CONFIRMATION,control=/usr/lib/opkg/info/libusb-1.0-0.control; list=/usr/lib/opkg/info/libusb-1.0-0.list; status_version_matches=True
199914,libustream-openssl20201210,2024-03-04-263b9a97-1,cpe:2.3:a:libustream-openssl20201210:libustream-openssl20201210:2024-03-04-263b9a97-1:*:*:*:*:*:*:*,package/libs/ustream-ssl,libustream-openssl,ustream SSL Library (openssl),files=1; exec=0; lib=1; plugin=0; kmod=0; paths=/lib/libustream-ssl.so,libustream openssl20201210,OpenWrt,2024-03-04-263b9a97,PRODUCT_IDENTITY_CONFIRMED,"Exact control Source, description, and core executable/library payload establish the OpenWrt software product independently of CPE metadata.",Source=package/libs/ustream-ssl; Description=ustream SSL Library (openssl); paths=/lib/libustream-ssl.so; siblings=libustream-openssl20201210,DATE_OR_GIT_SOURCE_VERSION,"Date/hash structure, SourceDateEpoch, and official OpenWrt PKG_RELEASE policy jointly identify only the final suffix as packaging metadata.",a:openwrt:libustream_openssl20201210,EXACT_OPENWRT_PROJECT_AND_PRODUCT_IDENTITY_TUPLE,NO_DIRECT_CPE,,,NOT_ENCOUNTERED,,true,false,,,DIRECT_OFFICIAL_CPE_NOT_CONFIRMED,NO_CPE_REPRESENTATION,N/A,MODERATE,true,PRODUCT_WITHOUT_CONFIRMED_DIRECT_CPE,control=/usr/lib/opkg/info/libustream-openssl20201210.control; list=/usr/lib/opkg/info/libustream-openssl20201210.list; status_version_matches=True
199915,libuuid1,2.36.1-2,cpe:2.3:a:libuuid1:libuuid1:2.36.1-2:*:*:*:*:*:*:*,package/utils/util-linux,libuuid,"The UUID library is used to generate unique identifiers for objects
that may be accessible beyond the local system. This library
generates UUIDs compatible with those created by the Open Software
Foundation (OSF) Distributed Computing Environment (DCE) utility.",files=2; exec=0; lib=2; plugin=0; kmod=0; paths=/usr/lib/libuuid.so.1 | /usr/lib/libuuid.so.1.3.0,libuuid1,OpenWrt/upstream source,2.36.1-2,DIRECT_SUBCOMPONENT_NO_PARENT_INHERITANCE,"Package payload is a configuration, split support, suite library, or optional subsystem; no parent CPE is inherited.","Exact control/list/status: Source=package/utils/util-linux; role=LIBRARY_PACKAGE; Description=The UUID library is used to generate unique identifiers for objects
that may be accessible beyond the local system. This library
generates UUIDs compatible with those created by the Open Software
Foundation (OSF) Distributed Computing Environment (DCE) utility.; paths=/usr/lib/libuuid.so.1 | /usr/lib/libuuid.so.1.3.0",OBSERVED_COMPONENT_VERSION_PRESERVED_NO_PARENT_MAPPING,Exact installed control Version equals the SBOM version; no parent product version is inferred.,,,NO_DIRECT_CPE,,,NOT_ENCOUNTERED,,false,false,,,DIRECT_OFFICIAL_CPE_NOT_CONFIRMED,NON_DIRECT_SUBCOMPONENT,N/A,MODERATE,false,,control=/usr/lib/opkg/info/libuuid1.control; list=/usr/lib/opkg/info/libuuid1.list; status_version_matches=True
199916,libxtables12,1.8.7-3,cpe:2.3:a:libxtables12:libxtables12:1.8.7-3:*:*:*:*:*:*:*,package/network/utils/iptables,libxtables,IPv4/IPv6 firewall - shared xtables library,files=3; exec=0; lib=3; plugin=0; kmod=0; paths=/usr/lib/libiptext.so | /usr/lib/libxtables.so.12.4.0,libxtables12,OpenWrt/upstream source,1.8.7-3,DIRECT_SUBCOMPONENT_NO_PARENT_INHERITANCE,"Package payload is a configuration, split support, suite library, or optional subsystem; no parent CPE is inherited.",Exact control/list/status: Source=package/network/utils/iptables; role=LIBRARY_PACKAGE; Description=IPv4/IPv6 firewall - shared xtables library; paths=/usr/lib/libiptext.so | /usr/lib/libxtables.so.12.4.0,OBSERVED_COMPONENT_VERSION_PRESERVED_NO_PARENT_MAPPING,Exact installed control Version equals the SBOM version; no parent product version is inferred.,,,NO_DIRECT_CPE,,,NOT_ENCOUNTERED,,false,false,,,DIRECT_OFFICIAL_CPE_NOT_CONFIRMED,NON_DIRECT_SUBCOMPONENT,N/A,MODERATE,false,,control=/usr/lib/opkg/info/libxtables12.control; list=/usr/lib/opkg/info/libxtables12.list; status_version_matches=True
199917,logd,2020-10-25-9ef88681-10,cpe:2.3:a:logd:logd:2020-10-25-9ef88681-10:*:*:*:*:*:*:*,package/system/ubox,logd,OpenWrt system log implementation,files=3; exec=2; lib=0; plugin=0; kmod=0; paths=/sbin/logread | /sbin/logd | /etc/init.d/log,ubox,OpenWrt,2020-10-25-9ef88681,PRODUCT_IDENTITY_CONFIRMED,"Exact control Source, description, and core executable/library payload establish the OpenWrt software product independently of CPE metadata.",Source=package/system/ubox; Description=OpenWrt system log implementation; paths=/sbin/logread | /sbin/logd | /etc/init.d/log; siblings=getrandom | logd | ubox,DATE_OR_GIT_SOURCE_VERSION,"Date/hash structure, SourceDateEpoch, and official OpenWrt PKG_RELEASE policy jointly identify only the final suffix as packaging metadata.",a:openwrt:ubox,EXACT_OPENWRT_PROJECT_AND_PRODUCT_IDENTITY_TUPLE,NO_DIRECT_CPE,,,NOT_ENCOUNTERED,,true,false,,,DIRECT_OFFICIAL_CPE_NOT_CONFIRMED,NO_CPE_REPRESENTATION,N/A,MODERATE,true,PRODUCT_WITHOUT_CONFIRMED_DIRECT_CPE,control=/usr/lib/opkg/info/logd.control; list=/usr/lib/opkg/info/logd.list; status_version_matches=True
199918,lrexlib,2021-12-28,cpe:2.3:a:lrexlib:lrexlib:2021-12-28:*:*:*:*:*:*:*,feeds/vuci/api-core/packages/lrexlib,lrexlib,A library for exposing regex functions to LUA.,files=1; exec=0; lib=0; plugin=1; kmod=0; paths=/usr/lib/lua/rex_pcre2.so,lrexlib,Teltonika,2021-12-28,DIRECT_SUBCOMPONENT_NO_PARENT_INHERITANCE,"VuCI API/UI package is a feature module of the firmware interface, not an independently versioned parent product.",Exact control/list/status: Source=feeds/vuci/api-core/packages/lrexlib; role=PLUGIN_OR_MODULE; Description=A library for exposing regex functions to LUA.; paths=/usr/lib/lua/rex_pcre2.so,OBSERVED_COMPONENT_VERSION_PRESERVED_NO_PARENT_MAPPING,Exact installed control Version equals the SBOM version; no parent product version is inferred.,,,NO_DIRECT_CPE,,,NOT_ENCOUNTERED,,false,false,,,DIRECT_OFFICIAL_CPE_NOT_CONFIRMED,NON_DIRECT_SUBCOMPONENT,N/A,MODERATE,false,,control=/usr/lib/opkg/info/lrexlib.control; list=/usr/lib/opkg/info/lrexlib.list; status_version_matches=True
199919,lsqlite3,0.9.5-1,cpe:2.3:a:lsqlite3:lsqlite3:0.9.5-1:*:*:*:*:*:*:*,feeds/packages/lang/lua-lsqlite3,lsqlite3,LuaSQLite3 is a thin wrapper around the public domain SQLite3 database engine.,files=1; exec=0; lib=0; plugin=1; kmod=0; paths=/usr/lib/lua/lsqlite3.so,LuaSQLite3,LuaSQLite3 project,0.9.5,PRODUCT_IDENTITY_CONFIRMED,The exact package description and installed core executable/library identify the named upstream product; package role was not used as a hard gate.,Source=feeds/packages/lang/lua-lsqlite3; Description=LuaSQLite3 is a thin wrapper around the public domain SQLite3 database engine.; paths=/usr/lib/lua/lsqlite3.so; siblings=lsqlite3,PRODUCT_SPECIFIC_UPSTREAM_VERSION_NORMALIZATION,Observed 0.9.5-1 was normalized to 0.9.5 using the exact package/source structure and product-specific official release evidence.,a:luasqlite3_project:luasqlite3,PROJECT_IDENTITY_TUPLE_NO_DICTIONARY_FAMILY,NO_DIRECT_CPE,,,NOT_ENCOUNTERED,,true,false,,,DIRECT_OFFICIAL_CPE_NOT_CONFIRMED,NO_CPE_REPRESENTATION,N/A,MODERATE,true,PRODUCT_WITHOUT_CONFIRMED_DIRECT_CPE,control=/usr/lib/opkg/info/lsqlite3.control; list=/usr/lib/opkg/info/lsqlite3.list; status_version_matches=True
199920,lua,5.1.5-9,cpe:2.3:a:lua:lua:5.1.5-9:*:*:*:*:*:*:*,package/utils/lua,lua,"Lua is a powerful light-weight programming language designed for extending 
applications. Lua is also frequently used as a general-purpose, stand-alone
language. Lua is free software.
This package contains the Lua language interpreter.",files=2; exec=2; lib=0; plugin=0; kmod=0; paths=/usr/bin/lua | /usr/bin/lua5.1,Lua,Lua project,5.1.5,PRODUCT_IDENTITY_CONFIRMED,The exact package description and installed core executable/library identify the named upstream product; package role was not used as a hard gate.,"Source=package/utils/lua; Description=Lua is a powerful light-weight programming language designed for extending 
applications. Lua is also frequently used as a general-purpose, stand-alone
language. Lua is free software.
This package contains the Lua language interpreter.; paths=/usr/bin/lua | /usr/bin/lua5.1; siblings=liblua5.1.5 | lua",PRODUCT_SPECIFIC_UPSTREAM_VERSION_NORMALIZATION,Observed 5.1.5-9 was normalized to 5.1.5 using the exact package/source structure and product-specific official release evidence.,a:lua:lua,VERIFIED_UPSTREAM_TO_CPE_FAMILY,VERSION_NOT_IN_DICTIONARY,,,NOT_ENCOUNTERED,,false,false,,cpe:2.3:a:lua:lua:5.1.5:*:*:*:*:*:*:*,VERSION_NOT_IN_DICTIONARY,ACTIVE_FAMILY_EXACT_VERSION_ABSENT,"[""VERSION""]",MODERATE,true,PROPOSED_GT_CPE_CONFIRMATION,control=/usr/lib/opkg/info/lua.control; list=/usr/lib/opkg/info/lua.list; status_version_matches=True
199921,lua_crypto,1.0-1,cpe:2.3:a:lua_crypto:lua_crypto:1.0-1:*:*:*:*:*:*:*,feeds/vuci/api-core/packages/lua_crypto,lua_crypto,A simple lib that exposes OpenSSL cryptographic function for use in LUA.,files=1; exec=0; lib=0; plugin=1; kmod=0; paths=/usr/lib/lua/lua_crypto.so,lua crypto,Teltonika,1.0-1,DIRECT_SUBCOMPONENT_NO_PARENT_INHERITANCE,"VuCI API/UI package is a feature module of the firmware interface, not an independently versioned parent product.",Exact control/list/status: Source=feeds/vuci/api-core/packages/lua_crypto; role=PLUGIN_OR_MODULE; Description=A simple lib that exposes OpenSSL cryptographic function for use in LUA.; paths=/usr/lib/lua/lua_crypto.so,OBSERVED_COMPONENT_VERSION_PRESERVED_NO_PARENT_MAPPING,Exact installed control Version equals the SBOM version; no parent product version is inferred.,,,NO_DIRECT_CPE,,,NOT_ENCOUNTERED,,false,false,,,DIRECT_OFFICIAL_CPE_NOT_CONFIRMED,NON_DIRECT_SUBCOMPONENT,N/A,MODERATE,false,,control=/usr/lib/opkg/info/lua_crypto.control; list=/usr/lib/opkg/info/lua_crypto.list; status_version_matches=True
199922,lua_extra_validators,2021-12-28,cpe:2.3:a:lua_extra_validators:lua_extra_validators:2021-12-28:*:*:*:*:*:*:*,feeds/vuci/api-core/packages/lua_extra_validators,lua_extra_validators,A library for providing string validators which you cant do in Lua,files=1; exec=0; lib=0; plugin=1; kmod=0; paths=/usr/lib/lua/lua_extra_validators.so,lua extra validators,Teltonika,2021-12-28,DIRECT_SUBCOMPONENT_NO_PARENT_INHERITANCE,"VuCI API/UI package is a feature module of the firmware interface, not an independently versioned parent product.",Exact control/list/status: Source=feeds/vuci/api-core/packages/lua_extra_validators; role=PLUGIN_OR_MODULE; Description=A library for providing string validators which you cant do in Lua; paths=/usr/lib/lua/lua_extra_validators.so,OBSERVED_COMPONENT_VERSION_PRESERVED_NO_PARENT_MAPPING,Exact installed control Version equals the SBOM version; no parent product version is inferred.,,,NO_DIRECT_CPE,,,NOT_ENCOUNTERED,,false,false,,,DIRECT_OFFICIAL_CPE_NOT_CONFIRMED,NON_DIRECT_SUBCOMPONENT,N/A,MODERATE,false,,control=/usr/lib/opkg/info/lua_extra_validators.control; list=/usr/lib/opkg/info/lua_extra_validators.list; status_version_matches=True
199923,lua_lpac,1.3.11,cpe:2.3:a:lua_lpac:lua_lpac:1.3.11:*:*:*:*:*:*:*,package/teltonika/esim-lpac,lua_lpac,A lua library for eSIM Lpac manager,files=2; exec=0; lib=0; plugin=2; kmod=0; paths=/usr/lib/lua/lua_lpac.so | /usr/lib/lua/lpac.lua,lua lpac,Teltonika,1.3.11,DIRECT_SUBCOMPONENT_NO_PARENT_INHERITANCE,"Exact naming, description, and payload identify a plugin/module; its Source parent CPE is not inherited.",Exact control/list/status: Source=package/teltonika/esim-lpac; role=PLUGIN_OR_MODULE; Description=A lua library for eSIM Lpac manager; paths=/usr/lib/lua/lua_lpac.so | /usr/lib/lua/lpac.lua,OBSERVED_COMPONENT_VERSION_PRESERVED_NO_PARENT_MAPPING,Exact installed control Version equals the SBOM version; no parent product version is inferred.,,,NO_DIRECT_CPE,,,NOT_ENCOUNTERED,,false,false,,,DIRECT_OFFICIAL_CPE_NOT_CONFIRMED,NON_DIRECT_SUBCOMPONENT,N/A,STRONG,false,,control=/usr/lib/opkg/info/lua_lpac.control; list=/usr/lib/opkg/info/lua_lpac.list; status_version_matches=True
199924,luasec,0.9-1,cpe:2.3:a:luasec:luasec:0.9-1:*:*:*:*:*:*:*,package/libs/luasec,luasec,LuaSec is a binding for OpenSSL library to provide TLS/SSL communication.,files=3; exec=0; lib=0; plugin=3; kmod=0; paths=/usr/lib/lua/ssl.so | /usr/lib/lua/ssl/https.lua,LuaSec,LuaSec project,0.9,PRODUCT_IDENTITY_CONFIRMED,The exact package description and installed core executable/library identify the named upstream product; package role was not used as a hard gate.,Source=package/libs/luasec; Description=LuaSec is a binding for OpenSSL library to provide TLS/SSL communication.; paths=/usr/lib/lua/ssl.so | /usr/lib/lua/ssl/https.lua; siblings=luasec,PRODUCT_SPECIFIC_UPSTREAM_VERSION_NORMALIZATION,Observed 0.9-1 was normalized to 0.9 using the exact package/source structure and product-specific official release evidence.,a:luasec_project:luasec,PROJECT_IDENTITY_TUPLE_NO_DICTIONARY_FAMILY,NO_DIRECT_CPE,,,NOT_ENCOUNTERED,,true,false,,,DIRECT_OFFICIAL_CPE_NOT_CONFIRMED,NO_CPE_REPRESENTATION,N/A,MODERATE,true,PRODUCT_WITHOUT_CONFIRMED_DIRECT_CPE,control=/usr/lib/opkg/info/luasec.control; list=/usr/lib/opkg/info/luasec.list; status_version_matches=True
199925,luasocket,2019-04-21-733af884-1,cpe:2.3:a:luasocket:luasocket:2019-04-21-733af884-1:*:*:*:*:*:*:*,package/lang/lua/luasocket,luasocket,"LuaSocket is the most comprehensive networking support
library for the Lua language. It provides easy access to
TCP, UDP, DNS, SMTP, FTP, HTTP, MIME and much more.",files=14; exec=0; lib=0; plugin=14; kmod=0; paths=/usr/lib/lua/ltn12.lua | /usr/lib/lua/socket.lua,LuaSocket,LuaSocket project,2019-04-21-733af884,PRODUCT_IDENTITY_CONFIRMED,The exact Lua networking module is the independently distributed LuaSocket product.,"Source=package/lang/lua/luasocket; Description=LuaSocket is the most comprehensive networking support
library for the Lua language. It provides easy access to
TCP, UDP, DNS, SMTP, FTP, HTTP, MIME and much more.; paths=/usr/lib/lua/ltn12.lua | /usr/lib/lua/socket.lua",DATE_OR_GIT_SOURCE_VERSION,"Date/hash structure, SourceDateEpoch, and official OpenWrt PKG_RELEASE policy jointly identify only the final suffix as packaging metadata.",a:luasocket_project:luasocket,PROJECT_IDENTITY_TUPLE_NO_DICTIONARY_FAMILY,NO_DIRECT_CPE,,,NOT_ENCOUNTERED,,true,false,,,DIRECT_OFFICIAL_CPE_NOT_CONFIRMED,NO_CPE_REPRESENTATION,N/A,MODERATE,true,PRODUCT_WITHOUT_CONFIRMED_DIRECT_CPE,control=/usr/lib/opkg/info/luasocket.control; list=/usr/lib/opkg/info/luasocket.list; status_version_matches=True
199926,luci-lib-ip,git-20.250.76529-62505bd,cpe:2.3:a:luci-lib-ip:luci-lib-ip:git-20.250.76529-62505bd:*:*:*:*:*:*:*,feeds/luci/libs/luci-lib-ip,luci-lib-ip,Lua library for IP calculation and routing information,files=1; exec=0; lib=0; plugin=1; kmod=0; paths=/usr/lib/lua/luci/ip.so,luci lib ip,OpenWrt/upstream source,git-20.250.76529-62505bd,DIRECT_SUBCOMPONENT_NO_PARENT_INHERITANCE,"Exact naming, description, and payload identify a plugin/module; its Source parent CPE is not inherited.",Exact control/list/status: Source=feeds/luci/libs/luci-lib-ip; role=PLUGIN_OR_MODULE; Description=Lua library for IP calculation and routing information; paths=/usr/lib/lua/luci/ip.so,OBSERVED_COMPONENT_VERSION_PRESERVED_NO_PARENT_MAPPING,Exact installed control Version equals the SBOM version; no parent product version is inferred.,,,NO_DIRECT_CPE,,,NOT_ENCOUNTERED,,false,false,,,DIRECT_OFFICIAL_CPE_NOT_CONFIRMED,NON_DIRECT_SUBCOMPONENT,N/A,STRONG,false,,control=/usr/lib/opkg/info/luci-lib-ip.control; list=/usr/lib/opkg/info/luci-lib-ip.list; status_version_matches=True
199927,luci-lib-jsonc,2025-01-06,cpe:2.3:a:luci-lib-jsonc:luci-lib-jsonc:2025-01-06:*:*:*:*:*:*:*,package/libs/luci-lib-jsonc,luci-lib-jsonc,"LuCI JSON-C Lua bindings, used for encoding and decoding JSON within Lua scripts.",files=1; exec=0; lib=0; plugin=1; kmod=0; paths=/usr/lib/lua/luci/jsonc.so,luci lib jsonc,OpenWrt/upstream source,2025-01-06,DIRECT_SUBCOMPONENT_NO_PARENT_INHERITANCE,"Exact naming, description, and payload identify a plugin/module; its Source parent CPE is not inherited.","Exact control/list/status: Source=package/libs/luci-lib-jsonc; role=PLUGIN_OR_MODULE; Description=LuCI JSON-C Lua bindings, used for encoding and decoding JSON within Lua scripts.; paths=/usr/lib/lua/luci/jsonc.so",OBSERVED_COMPONENT_VERSION_PRESERVED_NO_PARENT_MAPPING,Exact installed control Version equals the SBOM version; no parent product version is inferred.,,,NO_DIRECT_CPE,,,NOT_ENCOUNTERED,,false,false,,,DIRECT_OFFICIAL_CPE_NOT_CONFIRMED,NON_DIRECT_SUBCOMPONENT,N/A,STRONG,false,,control=/usr/lib/opkg/info/luci-lib-jsonc.control; list=/usr/lib/opkg/info/luci-lib-jsonc.list; status_version_matches=True
199928,luci-lib-nixio,git-20.234.06894-c4a4e43,cpe:2.3:a:luci-lib-nixio:luci-lib-nixio:git-20.234.06894-c4a4e43:*:*:*:*:*:*:*,feeds/luci/libs/luci-lib-nixio,luci-lib-nixio,NIXIO POSIX library,files=4; exec=0; lib=0; plugin=3; kmod=0; paths=/usr/lib/lua/nixio/util.lua | /usr/lib/lua/nixio.so | /lib/upgrade/luci-add-conffiles.sh,luci lib nixio,OpenWrt/upstream source,git-20.234.06894-c4a4e43,DIRECT_SUBCOMPONENT_NO_PARENT_INHERITANCE,"Exact naming, description, and payload identify a plugin/module; its Source parent CPE is not inherited.",Exact control/list/status: Source=feeds/luci/libs/luci-lib-nixio; role=PLUGIN_OR_MODULE; Description=NIXIO POSIX library; paths=/usr/lib/lua/nixio/util.lua | /usr/lib/lua/nixio.so | /lib/upgrade/luci-add-conffiles.sh,OBSERVED_COMPONENT_VERSION_PRESERVED_NO_PARENT_MAPPING,Exact installed control Version equals the SBOM version; no parent product version is inferred.,,,NO_DIRECT_CPE,,,NOT_ENCOUNTERED,,false,false,,,DIRECT_OFFICIAL_CPE_NOT_CONFIRMED,NON_DIRECT_SUBCOMPONENT,N/A,STRONG,false,,control=/usr/lib/opkg/info/luci-lib-nixio.control; list=/usr/lib/opkg/info/luci-lib-nixio.list; status_version_matches=True
199929,macchina-gateway,0.0.1a,cpe:2.3:a:macchina-gateway:macchina-gateway:0.0.1a:*:*:*:*:*:*:*,package/teltonika/macchina-gateway,macchina-gateway,Macchina remote access gateway,files=3; exec=2; lib=0; plugin=0; kmod=0; paths=/usr/bin/rmgateway.properties | /usr/bin/rmgateway | /etc/init.d/rmgateway,macchina gateway,Teltonika,0.0.1a,PRODUCT_IDENTITY_CONFIRMED,"Exact vendor control, description, and installed payload establish this internal software product/library without inheriting another Source product.",Source=package/teltonika/macchina-gateway; Description=Macchina remote access gateway; paths=/usr/bin/rmgateway.properties | /usr/bin/rmgateway | /etc/init.d/rmgateway; siblings=macchina-gateway,VENDOR_PRODUCT_IDENTIFIER_PRESERVED,The complete exact installed vendor Version is preserved; no unproved package-release suffix is removed.,a:teltonika:macchina_gateway,EXACT_VENDOR_AND_PRODUCT_IDENTITY_TUPLE,NO_DIRECT_CPE,,,NOT_ENCOUNTERED,,true,false,,,DIRECT_OFFICIAL_CPE_NOT_CONFIRMED,NO_CPE_REPRESENTATION,N/A,MODERATE,true,PRODUCT_WITHOUT_CONFIRMED_DIRECT_CPE,control=/usr/lib/opkg/info/macchina-gateway.control; list=/usr/lib/opkg/info/macchina-gateway.list; status_version_matches=True
199930,macchina_sdk,0.0.1a,cpe:2.3:a:macchina_sdk:macchina_sdk:0.0.1a:*:*:*:*:*:*:*,package/teltonika/macchina-sdk,macchina_sdk,Macchina.io gateway SDK,files=0; exec=0; lib=0; plugin=0; kmod=0; paths=,macchina sdk,Teltonika,0.0.1a,DIRECT_SUBCOMPONENT_NO_PARENT_INHERITANCE,Exact metadata identifies a meta/helper/data artifact rather than an independently mapped software product.,Exact control/list/status: Source=package/teltonika/macchina-sdk; role=META_OR_HELPER_PACKAGE; Description=Macchina.io gateway SDK; paths=,OBSERVED_COMPONENT_VERSION_PRESERVED_NO_PARENT_MAPPING,Exact installed control Version equals the SBOM version; no parent product version is inferred.,,,NO_DIRECT_CPE,,,NOT_ENCOUNTERED,,false,false,,,DIRECT_OFFICIAL_CPE_NOT_CONFIRMED,NON_DIRECT_SUBCOMPONENT,N/A,MODERATE,false,,control=/usr/lib/opkg/info/macchina_sdk.control; list=/usr/lib/opkg/info/macchina_sdk.list; status_version_matches=True
199931,mctl,4.10,cpe:2.3:a:mctl:mctl:4.10:*:*:*:*:*:*:*,package/teltonika/mctl,mctl,Simple executable application for modem restart. Created by Teltonika,files=1; exec=1; lib=0; plugin=0; kmod=0; paths=/sbin/mctl,MCTL,Teltonika,4.10,PRODUCT_IDENTITY_CONFIRMED,"Exact vendor control, description, and installed payload establish this internal software product/library without inheriting another Source product.",Source=package/teltonika/mctl; Description=Simple executable application for modem restart. Created by Teltonika; paths=/sbin/mctl; siblings=libmctl | mctl | modem_trackd,VENDOR_PRODUCT_IDENTIFIER_PRESERVED,The complete exact installed vendor Version is preserved; no unproved package-release suffix is removed.,a:teltonika:mctl,EXACT_VENDOR_AND_PRODUCT_IDENTITY_TUPLE,NO_DIRECT_CPE,,,NOT_ENCOUNTERED,,true,false,,,DIRECT_OFFICIAL_CPE_NOT_CONFIRMED,NO_CPE_REPRESENTATION,N/A,MODERATE,true,PRODUCT_WITHOUT_CONFIRMED_DIRECT_CPE,control=/usr/lib/opkg/info/mctl.control; list=/usr/lib/opkg/info/mctl.list; status_version_matches=True
199932,mdcollectd,2024-12-02-2,cpe:2.3:a:mdcollectd:mdcollectd:2024-12-02-2:*:*:*:*:*:*:*,package/teltonika/mdcollect,mdcollectd,mdcollectd,files=3; exec=1; lib=0; plugin=0; kmod=0; paths=/usr/bin/mdcollectd | /etc/init.d/mdcollectd | /etc/config/mdcollectd,Mobile Data Collector,Teltonika,2024-12-02-2,PRODUCT_IDENTITY_CONFIRMED,"Exact vendor control, description, and installed payload establish this internal software product/library without inheriting another Source product.",Source=package/teltonika/mdcollect; Description=mdcollectd; paths=/usr/bin/mdcollectd | /etc/init.d/mdcollectd | /etc/config/mdcollectd; siblings=libmdcollect | mdcollectd,VENDOR_PRODUCT_IDENTIFIER_PRESERVED,The complete exact installed vendor Version is preserved; no unproved package-release suffix is removed.,a:teltonika:mobile_data_collector,EXACT_VENDOR_AND_PRODUCT_IDENTITY_TUPLE,NO_DIRECT_CPE,,,NOT_ENCOUNTERED,,true,false,,,DIRECT_OFFICIAL_CPE_NOT_CONFIRMED,NO_CPE_REPRESENTATION,N/A,MODERATE,true,PRODUCT_WITHOUT_CONFIRMED_DIRECT_CPE,control=/usr/lib/opkg/info/mdcollectd.control; list=/usr/lib/opkg/info/mdcollectd.list; status_version_matches=True
199933,minizip,4.0.7-2,cpe:2.3:a:minizip:minizip:4.0.7-2:*:*:*:*:*:*:*,package/utils/minizip,minizip,"minizip is a zip manipulation library written in C that is supported on Windows, macOS, and Linux",files=1; exec=1; lib=0; plugin=0; kmod=0; paths=/usr/bin/minizip,minizip-ng,zlib-ng project,4.0.7,PRODUCT_IDENTITY_CONFIRMED,The exact package description and installed core executable/library identify the named upstream product; package role was not used as a hard gate.,"Source=package/utils/minizip; Description=minizip is a zip manipulation library written in C that is supported on Windows, macOS, and Linux; paths=/usr/bin/minizip; siblings=minizip",PRODUCT_SPECIFIC_UPSTREAM_VERSION_NORMALIZATION,Observed 4.0.7-2 was normalized to 4.0.7 using the exact package/source structure and product-specific official release evidence.,a:zlib-ng:minizip-ng,VERIFIED_UPSTREAM_TO_CPE_FAMILY,ACTIVE_EXACT,cpe:2.3:a:zlib-ng:minizip-ng:4.0.7:*:*:*:*:*:*:*,,NOT_ENCOUNTERED,,false,false,,cpe:2.3:a:zlib-ng:minizip-ng:4.0.7:*:*:*:*:*:*:*,OFFICIAL_CPE_MAPPED,ACTIVE_EXACT,"[""VENDOR"", ""PRODUCT"", ""VERSION""]",MODERATE,true,PROPOSED_GT_CPE_CONFIRMATION,control=/usr/lib/opkg/info/minizip.control; list=/usr/lib/opkg/info/minizip.list; status_version_matches=True
199934,mnfinfo,2.25.1,cpe:2.3:a:mnfinfo:mnfinfo:2.25.1:*:*:*:*:*:*:*,package/teltonika/mnfinfo,mnfinfo,Device mnf-info command line interface,files=1; exec=1; lib=0; plugin=0; kmod=0; paths=/sbin/mnf_info,Manufacturer Information,Teltonika,2.25.1,PRODUCT_IDENTITY_CONFIRMED,"Exact vendor control, description, and installed payload establish this internal software product/library without inheriting another Source product.",Source=package/teltonika/mnfinfo; Description=Device mnf-info command line interface; paths=/sbin/mnf_info; siblings=libmnfinfo | mnfinfo | rpcd-mod-mnfinfo,VENDOR_PRODUCT_IDENTIFIER_PRESERVED,The complete exact installed vendor Version is preserved; no unproved package-release suffix is removed.,a:teltonika:manufacturer_information,EXACT_VENDOR_AND_PRODUCT_IDENTITY_TUPLE,NO_DIRECT_CPE,,,NOT_ENCOUNTERED,,true,false,,,DIRECT_OFFICIAL_CPE_NOT_CONFIRMED,NO_CPE_REPRESENTATION,N/A,MODERATE,true,PRODUCT_WITHOUT_CONFIRMED_DIRECT_CPE,control=/usr/lib/opkg/info/mnfinfo.control; list=/usr/lib/opkg/info/mnfinfo.list; status_version_matches=True
199935,mobifd,ab396378,cpe:2.3:a:mobifd:mobifd:ab396378:*:*:*:*:*:*:*,package/teltonika/mobifd,mobifd,Daemon for managing operator connection establishment and data connection handling.,files=11; exec=3; lib=0; plugin=0; kmod=0; paths=/usr/libexec/rpcd/rpc-ping | /lib/functions/mobile.sh | /etc/uci-defaults/etc/106_operctl | /etc/init.d/mobifd | /usr/share/gsm/5-remove-operlist | /usr/share/acl.d/mobifd.json | /lib/config.d/400-gzip-apn-db,mobifd,Teltonika,ab396378,PRODUCT_IDENTITY_CONFIRMED,"Exact vendor control, description, and installed payload establish this internal software product/library without inheriting another Source product.",Source=package/teltonika/mobifd; Description=Daemon for managing operator connection establishment and data connection handling.; paths=/usr/libexec/rpcd/rpc-ping | /lib/functions/mobile.sh | /etc/uci-defaults/etc/106_operctl | /etc/init.d/mobifd | /usr/share/gsm/5-remove-operlist | /usr/share/acl.d/mobifd.json | /lib/config.d/400-gzip-apn-db; siblings=mobifd,VENDOR_PRODUCT_IDENTIFIER_PRESERVED,The complete exact installed vendor Version is preserved; no unproved package-release suffix is removed.,a:teltonika:mobifd,EXACT_VENDOR_AND_PRODUCT_IDENTITY_TUPLE,NO_DIRECT_CPE,,,NOT_ENCOUNTERED,,true,false,,,DIRECT_OFFICIAL_CPE_NOT_CONFIRMED,NO_CPE_REPRESENTATION,N/A,WEAK,true,WEAK_EVIDENCE | OPAQUE_VENDOR_VERSION_IDENTIFIER | PRODUCT_WITHOUT_CONFIRMED_DIRECT_CPE,control=/usr/lib/opkg/info/mobifd.control; list=/usr/lib/opkg/info/mobifd.list; status_version_matches=True
199936,mobutils-call_utilities,3.14,cpe:2.3:a:mobutils-call_utilities:mobutils-call_utilities:3.14:*:*:*:*:*:*:*,package/teltonika/mobutils,mobutils-call_utilities,Call utilities,files=3; exec=1; lib=0; plugin=0; kmod=0; paths=/sbin/call_utils | /etc/config/call_utils | /etc/init.d/call_utils,Mobile Utilities,Teltonika,3.14,PRODUCT_IDENTITY_CONFIRMED,"Exact vendor control, description, and installed payload establish this internal software product/library without inheriting another Source product.",Source=package/teltonika/mobutils; Description=Call utilities; paths=/sbin/call_utils | /etc/config/call_utils | /etc/init.d/call_utils; siblings=mobutils | mobutils-call_utilities | mobutils-sms_utilities,VENDOR_PRODUCT_IDENTIFIER_PRESERVED,The complete exact installed vendor Version is preserved; no unproved package-release suffix is removed.,a:teltonika:mobile_utilities,EXACT_VENDOR_AND_PRODUCT_IDENTITY_TUPLE,NO_DIRECT_CPE,,,NOT_ENCOUNTERED,,true,false,,,DIRECT_OFFICIAL_CPE_NOT_CONFIRMED,NO_CPE_REPRESENTATION,N/A,MODERATE,true,PRODUCT_WITHOUT_CONFIRMED_DIRECT_CPE,control=/usr/lib/opkg/info/mobutils-call_utilities.control; list=/usr/lib/opkg/info/mobutils-call_utilities.list; status_version_matches=True
199937,mobutils-sms_utilities,3.14,cpe:2.3:a:mobutils-sms_utilities:mobutils-sms_utilities:3.14:*:*:*:*:*:*:*,package/teltonika/mobutils,mobutils-sms_utilities,SMS utilities,files=6; exec=1; lib=0; plugin=0; kmod=0; paths=/usr/sbin/sms_utils | /etc/config/sms_utils | /etc/uci-defaults/etc/99_sms_gateway,Mobile Utilities,Teltonika,3.14,PRODUCT_IDENTITY_CONFIRMED,"Exact vendor control, description, and installed payload establish this internal software product/library without inheriting another Source product.",Source=package/teltonika/mobutils; Description=SMS utilities; paths=/usr/sbin/sms_utils | /etc/config/sms_utils | /etc/uci-defaults/etc/99_sms_gateway; siblings=mobutils | mobutils-call_utilities | mobutils-sms_utilities,VENDOR_PRODUCT_IDENTIFIER_PRESERVED,The complete exact installed vendor Version is preserved; no unproved package-release suffix is removed.,a:teltonika:mobile_utilities,EXACT_VENDOR_AND_PRODUCT_IDENTITY_TUPLE,NO_DIRECT_CPE,,,NOT_ENCOUNTERED,,true,false,,,DIRECT_OFFICIAL_CPE_NOT_CONFIRMED,NO_CPE_REPRESENTATION,N/A,MODERATE,true,PRODUCT_WITHOUT_CONFIRMED_DIRECT_CPE,control=/usr/lib/opkg/info/mobutils-sms_utilities.control; list=/usr/lib/opkg/info/mobutils-sms_utilities.list; status_version_matches=True
199938,mobutils,3.14,cpe:2.3:a:mobutils:mobutils:3.14:*:*:*:*:*:*:*,package/teltonika/mobutils,mobutils,Mobile utilities,files=2; exec=0; lib=0; plugin=0; kmod=0; paths=/etc/config/sms_gateway | /usr/share/acl.d/mobutils.json,mobutils,Teltonika,3.14,DIRECT_SUBCOMPONENT_NO_PARENT_INHERITANCE,Exact metadata identifies a meta/helper/data artifact rather than an independently mapped software product.,Exact control/list/status: Source=package/teltonika/mobutils; role=META_OR_HELPER_PACKAGE; Description=Mobile utilities; paths=/etc/config/sms_gateway | /usr/share/acl.d/mobutils.json,OBSERVED_COMPONENT_VERSION_PRESERVED_NO_PARENT_MAPPING,Exact installed control Version equals the SBOM version; no parent product version is inferred.,,,NO_DIRECT_CPE,,,NOT_ENCOUNTERED,,false,false,,,DIRECT_OFFICIAL_CPE_NOT_CONFIRMED,NON_DIRECT_SUBCOMPONENT,N/A,MODERATE,false,,control=/usr/lib/opkg/info/mobutils.control; list=/usr/lib/opkg/info/mobutils.list; status_version_matches=True
199939,modbus_client,2025-02-20,cpe:2.3:a:modbus_client:modbus_client:2025-02-20:*:*:*:*:*:*:*,package/teltonika/modbus_client,modbus_client,MODBUS TCP/Serial client designed for reading/writing data from MODBUS servers and storing read data in local database.,files=5; exec=1; lib=2; plugin=0; kmod=0; paths=/usr/sbin/modbus_client | /usr/lib/libalarms.so | /usr/lib/rpcd/modbus_client.so | /etc/config/modbus_client | /etc/init.d/modbus_client,modbus client,Teltonika,2025-02-20,PRODUCT_IDENTITY_CONFIRMED,"Exact vendor control, description, and installed payload establish this internal software product/library without inheriting another Source product.",Source=package/teltonika/modbus_client; Description=MODBUS TCP/Serial client designed for reading/writing data from MODBUS servers and storing read data in local database.; paths=/usr/sbin/modbus_client | /usr/lib/libalarms.so | /usr/lib/rpcd/modbus_client.so | /etc/config/modbus_client | /etc/init.d/modbus_client; siblings=modbus_client,VENDOR_PRODUCT_IDENTIFIER_PRESERVED,The complete exact installed vendor Version is preserved; no unproved package-release suffix is removed.,a:teltonika:modbus_client,EXACT_VENDOR_AND_PRODUCT_IDENTITY_TUPLE,NO_DIRECT_CPE,,,NOT_ENCOUNTERED,,true,false,,,DIRECT_OFFICIAL_CPE_NOT_CONFIRMED,NO_CPE_REPRESENTATION,N/A,MODERATE,true,PRODUCT_WITHOUT_CONFIRMED_DIRECT_CPE,control=/usr/lib/opkg/info/modbus_client.control; list=/usr/lib/opkg/info/modbus_client.list; status_version_matches=True
199940,modbus_server,2025-02-20-1,cpe:2.3:a:modbus_server:modbus_server:2025-02-20-1:*:*:*:*:*:*:*,package/teltonika/modbus_server,modbus_server,MODBUS TCP/Serial server designed for MODBUS clients to read and write device data.,files=3; exec=1; lib=0; plugin=0; kmod=0; paths=/usr/sbin/modbus_server | /etc/config/modbus_server | /etc/init.d/modbus_server,modbus server,Teltonika,2025-02-20-1,PRODUCT_IDENTITY_CONFIRMED,"Exact vendor control, description, and installed payload establish this internal software product/library without inheriting another Source product.",Source=package/teltonika/modbus_server; Description=MODBUS TCP/Serial server designed for MODBUS clients to read and write device data.; paths=/usr/sbin/modbus_server | /etc/config/modbus_server | /etc/init.d/modbus_server; siblings=modbus_server,VENDOR_PRODUCT_IDENTIFIER_PRESERVED,The complete exact installed vendor Version is preserved; no unproved package-release suffix is removed.,a:teltonika:modbus_server,EXACT_VENDOR_AND_PRODUCT_IDENTITY_TUPLE,NO_DIRECT_CPE,,,NOT_ENCOUNTERED,,true,false,,,DIRECT_OFFICIAL_CPE_NOT_CONFIRMED,NO_CPE_REPRESENTATION,N/A,MODERATE,true,PRODUCT_WITHOUT_CONFIRMED_DIRECT_CPE,control=/usr/lib/opkg/info/modbus_server.control; list=/usr/lib/opkg/info/modbus_server.list; status_version_matches=True
199941,modbusgwd,2025-02-20,cpe:2.3:a:modbusgwd:modbusgwd:2025-02-20:*:*:*:*:*:*:*,package/teltonika/modbusgwd,modbusgwd,"MODBUS RTU to TCP gateway designed to receive MODBUS TCP message, convert to MODBUS RTU and send it to MODBUS RTU device.",files=3; exec=1; lib=0; plugin=0; kmod=0; paths=/usr/sbin/modbusgwd | /etc/config/rs_modbus | /etc/init.d/rs_modbus,modbusgwd,Teltonika,2025-02-20,PRODUCT_IDENTITY_CONFIRMED,"Exact vendor control, description, and installed payload establish this internal software product/library without inheriting another Source product.","Source=package/teltonika/modbusgwd; Description=MODBUS RTU to TCP gateway designed to receive MODBUS TCP message, convert to MODBUS RTU and send it to MODBUS RTU device.; paths=/usr/sbin/modbusgwd | /etc/config/rs_modbus | /etc/init.d/rs_modbus; siblings=modbusgwd",VENDOR_PRODUCT_IDENTIFIER_PRESERVED,The complete exact installed vendor Version is preserved; no unproved package-release suffix is removed.,a:teltonika:modbusgwd,EXACT_VENDOR_AND_PRODUCT_IDENTITY_TUPLE,NO_DIRECT_CPE,,,NOT_ENCOUNTERED,,true,false,,,DIRECT_OFFICIAL_CPE_NOT_CONFIRMED,NO_CPE_REPRESENTATION,N/A,MODERATE,true,PRODUCT_WITHOUT_CONFIRMED_DIRECT_CPE,control=/usr/lib/opkg/info/modbusgwd.control; list=/usr/lib/opkg/info/modbusgwd.list; status_version_matches=True
199942,modem_control,2025-02-20,cpe:2.3:a:modem_control:modem_control:2025-02-20:*:*:*:*:*:*:*,package/teltonika/modem_control,modem_control,Modem control through serial interface,files=3; exec=1; lib=0; plugin=0; kmod=0; paths=/usr/sbin/modem_control | /etc/init.d/rs_modem | /etc/config/rs_modem,modem control,Teltonika,2025-02-20,PRODUCT_IDENTITY_CONFIRMED,"Exact vendor control, description, and installed payload establish this internal software product/library without inheriting another Source product.",Source=package/teltonika/modem_control; Description=Modem control through serial interface; paths=/usr/sbin/modem_control | /etc/init.d/rs_modem | /etc/config/rs_modem; siblings=modem_control,VENDOR_PRODUCT_IDENTIFIER_PRESERVED,The complete exact installed vendor Version is preserved; no unproved package-release suffix is removed.,a:teltonika:modem_control,EXACT_VENDOR_AND_PRODUCT_IDENTITY_TUPLE,NO_DIRECT_CPE,,,NOT_ENCOUNTERED,,true,false,,,DIRECT_OFFICIAL_CPE_NOT_CONFIRMED,NO_CPE_REPRESENTATION,N/A,MODERATE,true,PRODUCT_WITHOUT_CONFIRMED_DIRECT_CPE,control=/usr/lib/opkg/info/modem_control.control; list=/usr/lib/opkg/info/modem_control.list; status_version_matches=True
199943,modem_trackd,4.10,cpe:2.3:a:modem_trackd:modem_trackd:4.10:*:*:*:*:*:*:*,package/teltonika/mctl,modem_trackd,Simple server to track modem state. Created by Teltonika,files=2; exec=1; lib=0; plugin=0; kmod=0; paths=/usr/sbin/modem_trackd | /etc/init.d/modem_trackd,MCTL,Teltonika,4.10,PRODUCT_IDENTITY_CONFIRMED,"Exact vendor control, description, and installed payload establish this internal software product/library without inheriting another Source product.",Source=package/teltonika/mctl; Description=Simple server to track modem state. Created by Teltonika; paths=/usr/sbin/modem_trackd | /etc/init.d/modem_trackd; siblings=libmctl | mctl | modem_trackd,VENDOR_PRODUCT_IDENTIFIER_PRESERVED,The complete exact installed vendor Version is preserved; no unproved package-release suffix is removed.,a:teltonika:mctl,EXACT_VENDOR_AND_PRODUCT_IDENTITY_TUPLE,NO_DIRECT_CPE,,,NOT_ENCOUNTERED,,true,false,,,DIRECT_OFFICIAL_CPE_NOT_CONFIRMED,NO_CPE_REPRESENTATION,N/A,MODERATE,true,PRODUCT_WITHOUT_CONFIRMED_DIRECT_CPE,control=/usr/lib/opkg/info/modem_trackd.control; list=/usr/lib/opkg/info/modem_trackd.list; status_version_matches=True
199944,modems,3.14,cpe:2.3:a:modems:modems:3.14:*:*:*:*:*:*:*,package/teltonika/libs/modems,modems,3G/4G modem list,files=25; exec=0; lib=0; plugin=0; kmod=0; paths=/lib/network/wwan/2c7c:0512 | /lib/network/wwan/2c7c:0296,modems,Teltonika,3.14,DIRECT_SUBCOMPONENT_NO_PARENT_INHERITANCE,Exact metadata identifies a meta/helper/data artifact rather than an independently mapped software product.,Exact control/list/status: Source=package/teltonika/libs/modems; role=META_OR_HELPER_PACKAGE; Description=3G/4G modem list; paths=/lib/network/wwan/2c7c:0512 | /lib/network/wwan/2c7c:0296,OBSERVED_COMPONENT_VERSION_PRESERVED_NO_PARENT_MAPPING,Exact installed control Version equals the SBOM version; no parent product version is inferred.,,,NO_DIRECT_CPE,,,NOT_ENCOUNTERED,,false,false,,,DIRECT_OFFICIAL_CPE_NOT_CONFIRMED,NON_DIRECT_SUBCOMPONENT,N/A,MODERATE,false,,control=/usr/lib/opkg/info/modems.control; list=/usr/lib/opkg/info/modems.list; status_version_matches=True
199945,mqtt-modbus-gateway,2025-02-20,cpe:2.3:a:mqtt-modbus-gateway:mqtt-modbus-gateway:2025-02-20:*:*:*:*:*:*:*,package/teltonika/mqtt-modbus-gateway,mqtt-modbus-gateway,MQTT-Modbus Gateway is a service meant to read/write MODBUS TCP/RTU servers via MQTT messages.,files=3; exec=1; lib=0; plugin=0; kmod=0; paths=/usr/sbin/modbusgateway | /etc/init.d/modbusgateway | /etc/config/modbusgateway,mqtt modbus gateway,Teltonika,2025-02-20,PRODUCT_IDENTITY_CONFIRMED,"Exact vendor control, description, and installed payload establish this internal software product/library without inheriting another Source product.",Source=package/teltonika/mqtt-modbus-gateway; Description=MQTT-Modbus Gateway is a service meant to read/write MODBUS TCP/RTU servers via MQTT messages.; paths=/usr/sbin/modbusgateway | /etc/init.d/modbusgateway | /etc/config/modbusgateway; siblings=mqtt-modbus-gateway,VENDOR_PRODUCT_IDENTIFIER_PRESERVED,The complete exact installed vendor Version is preserved; no unproved package-release suffix is removed.,a:teltonika:mqtt_modbus_gateway,EXACT_VENDOR_AND_PRODUCT_IDENTITY_TUPLE,NO_DIRECT_CPE,,,NOT_ENCOUNTERED,,true,false,,,DIRECT_OFFICIAL_CPE_NOT_CONFIRMED,NO_CPE_REPRESENTATION,N/A,MODERATE,true,PRODUCT_WITHOUT_CONFIRMED_DIRECT_CPE,control=/usr/lib/opkg/info/mqtt-modbus-gateway.control; list=/usr/lib/opkg/info/mqtt-modbus-gateway.list; status_version_matches=True
199946,mtd,27,cpe:2.3:a:mtd:mtd:27:*:*:*:*:*:*:*,package/system/mtd,mtd,"This package contains an utility useful to upgrade from other firmware or 
older OpenWrt releases.",files=1; exec=1; lib=0; plugin=0; kmod=0; paths=/sbin/mtd,mtd,OpenWrt,27,PRODUCT_IDENTITY_CONFIRMED,"Exact control Source, description, and core executable/library payload establish the OpenWrt software product independently of CPE metadata.","Source=package/system/mtd; Description=This package contains an utility useful to upgrade from other firmware or 
older OpenWrt releases.; paths=/sbin/mtd; siblings=mtd",EXACT_INSTALLED_PRODUCT_IDENTIFIER,No suffix was removed; the exact installed Version is preserved as the product identifier.,a:openwrt:mtd,EXACT_OPENWRT_PROJECT_AND_PRODUCT_IDENTITY_TUPLE,NO_DIRECT_CPE,,,NOT_ENCOUNTERED,,true,false,,,DIRECT_OFFICIAL_CPE_NOT_CONFIRMED,NO_CPE_REPRESENTATION,N/A,MODERATE,true,PRODUCT_WITHOUT_CONFIRMED_DIRECT_CPE,control=/usr/lib/opkg/info/mtd.control; list=/usr/lib/opkg/info/mtd.list; status_version_matches=True
199947,multiple_ap,2025-01-07-1,cpe:2.3:a:multiple_ap:multiple_ap:2025-01-07-1:*:*:*:*:*:*:*,package/teltonika/multiple_ap,multiple_ap,Multiple Access Points in Station Mode,files=3; exec=1; lib=0; plugin=0; kmod=0; paths=/usr/sbin/multiple_ap.sh | /etc/init.d/multi_wifi | /etc/config/multi_wifi,multiple ap,Teltonika,2025-01-07-1,PRODUCT_IDENTITY_CONFIRMED,"Exact vendor control, description, and installed payload establish this internal software product/library without inheriting another Source product.",Source=package/teltonika/multiple_ap; Description=Multiple Access Points in Station Mode; paths=/usr/sbin/multiple_ap.sh | /etc/init.d/multi_wifi | /etc/config/multi_wifi; siblings=multiple_ap,VENDOR_PRODUCT_IDENTIFIER_PRESERVED,The complete exact installed vendor Version is preserved; no unproved package-release suffix is removed.,a:teltonika:multiple_ap,EXACT_VENDOR_AND_PRODUCT_IDENTITY_TUPLE,NO_DIRECT_CPE,,,NOT_ENCOUNTERED,,true,false,,,DIRECT_OFFICIAL_CPE_NOT_CONFIRMED,NO_CPE_REPRESENTATION,N/A,MODERATE,true,PRODUCT_WITHOUT_CONFIRMED_DIRECT_CPE,control=/usr/lib/opkg/info/multiple_ap.control; list=/usr/lib/opkg/info/multiple_ap.list; status_version_matches=True
199948,mwan3,2.10.12-6,cpe:2.3:a:mwan3:mwan3:2.10.12-6:*:*:*:*:*:*:*,package/network/services/mwan3,mwan3,"Hotplug script which makes configuration of multiple WAN interfaces simple
and manageable. With loadbalancing/failover support for up to 250 wan
interfaces, connection tracking and an easy to manage traffic ruleset.",files=13; exec=4; lib=1; plugin=0; kmod=0; paths=/usr/sbin/mwan3 | /usr/libexec/rpcd/mwan3 | /lib/mwan3/libwrap_mwan3_sockopt.so.1.0 | /etc/uci-defaults/mwan3.defaults | /etc/init.d/mwan3 | /lib/mwan3/common.sh | /usr/share/mwan3/16-mwan3-user,mwan3,OpenWrt,2.10.12,PRODUCT_IDENTITY_CONFIRMED,"Exact control Source, description, and core executable/library payload establish the OpenWrt software product independently of CPE metadata.","Source=package/network/services/mwan3; Description=Hotplug script which makes configuration of multiple WAN interfaces simple
and manageable. With loadbalancing/failover support for up to 250 wan
interfaces, connection tracking and an easy to manage traffic ruleset.; paths=/usr/sbin/mwan3 | /usr/libexec/rpcd/mwan3 | /lib/mwan3/libwrap_mwan3_sockopt.so.1.0 | /etc/uci-defaults/mwan3.defaults | /etc/init.d/mwan3 | /lib/mwan3/common.sh | /usr/share/mwan3/16-mwan3-user; siblings=mwan3",PRODUCT_SPECIFIC_PACKAGE_RELEASE_REMOVED,"Exact Source identity, official OpenWrt package-release policy, and the known project release establish the removed suffix.",a:openwrt:mwan3,EXACT_OPENWRT_PROJECT_AND_PRODUCT_IDENTITY_TUPLE,NO_DIRECT_CPE,,,NOT_ENCOUNTERED,,true,false,,,DIRECT_OFFICIAL_CPE_NOT_CONFIRMED,NO_CPE_REPRESENTATION,N/A,MODERATE,true,PRODUCT_WITHOUT_CONFIRMED_DIRECT_CPE,control=/usr/lib/opkg/info/mwan3.control; list=/usr/lib/opkg/info/mwan3.list; status_version_matches=True
199949,netifd,2024-01-04-c18cc79d-16,cpe:2.3:a:netifd:netifd:2024-01-04-c18cc79d-16:*:*:*:*:*:*:*,package/network/config/netifd,netifd,OpenWrt Network Interface Configuration Daemon,files=23; exec=11; lib=0; plugin=0; kmod=0; paths=/lib/netifd/proto/dhcp.sh | /sbin/ifdown | /etc/init.d/network | /etc/hotplug.d/iface/00-netstate | /lib/netifd/netifd-proto.sh | /usr/share/udhcpc/default.script | /lib/upgrade/keep.d/netifd | /lib/network/300-setup-network,netifd,OpenWrt,2024-01-04-c18cc79d,PRODUCT_IDENTITY_CONFIRMED,"Exact control Source, description, and core executable/library payload establish the OpenWrt software product independently of CPE metadata.",Source=package/network/config/netifd; Description=OpenWrt Network Interface Configuration Daemon; paths=/lib/netifd/proto/dhcp.sh | /sbin/ifdown | /etc/init.d/network | /etc/hotplug.d/iface/00-netstate | /lib/netifd/netifd-proto.sh | /usr/share/udhcpc/default.script | /lib/upgrade/keep.d/netifd | /lib/network/300-setup-network; siblings=netifd,DATE_OR_GIT_SOURCE_VERSION,"Date/hash structure, SourceDateEpoch, and official OpenWrt PKG_RELEASE policy jointly identify only the final suffix as packaging metadata.",a:openwrt:netifd,EXACT_OPENWRT_PROJECT_AND_PRODUCT_IDENTITY_TUPLE,NO_DIRECT_CPE,,,NOT_ENCOUNTERED,,true,false,,,DIRECT_OFFICIAL_CPE_NOT_CONFIRMED,NO_CPE_REPRESENTATION,N/A,MODERATE,true,PRODUCT_WITHOUT_CONFIRMED_DIRECT_CPE,control=/usr/lib/opkg/info/netifd.control; list=/usr/lib/opkg/info/netifd.list; status_version_matches=True
199950,ntp_gps,2025-04-29-2,cpe:2.3:a:ntp_gps:ntp_gps:2025-04-29-2:*:*:*:*:*:*:*,package/teltonika/gps,ntp_gps,Daemon meant for syncing system time with GPS data.,files=2; exec=1; lib=0; plugin=0; kmod=0; paths=/usr/sbin/ntp_gps | /etc/init.d/ntp_gps,GPS NTP Service,Teltonika,2025-04-29-2,PRODUCT_IDENTITY_CONFIRMED,"Exact vendor control, description, and installed payload establish this internal software product/library without inheriting another Source product.",Source=package/teltonika/gps; Description=Daemon meant for syncing system time with GPS data.; paths=/usr/sbin/ntp_gps | /etc/init.d/ntp_gps; siblings=avl | gpsctl | gpsd | libgps | ntp_gps,VENDOR_PRODUCT_IDENTIFIER_PRESERVED,The complete exact installed vendor Version is preserved; no unproved package-release suffix is removed.,a:teltonika:gps_ntp_service,EXACT_VENDOR_AND_PRODUCT_IDENTITY_TUPLE,NO_DIRECT_CPE,,,NOT_ENCOUNTERED,,true,false,,,DIRECT_OFFICIAL_CPE_NOT_CONFIRMED,NO_CPE_REPRESENTATION,N/A,MODERATE,true,PRODUCT_WITHOUT_CONFIRMED_DIRECT_CPE,control=/usr/lib/opkg/info/ntp_gps.control; list=/usr/lib/opkg/info/ntp_gps.list; status_version_matches=True
199951,ntpclient,2023-04-26-1,cpe:2.3:a:ntpclient:ntpclient:2023-04-26-1:*:*:*:*:*:*:*,package/teltonika/ntpclient,ntpclient,NTP client for setting system time from NTP servers.,files=6; exec=3; lib=0; plugin=0; kmod=0; paths=/usr/sbin/adjtimex | /usr/sbin/rate.awk | /etc/config/ntpclient | /etc/hotplug.d/iface/20-ntpclient,ntpclient,Teltonika,2023-04-26-1,PRODUCT_IDENTITY_CONFIRMED,"Exact vendor control, description, and installed payload establish this internal software product/library without inheriting another Source product.",Source=package/teltonika/ntpclient; Description=NTP client for setting system time from NTP servers.; paths=/usr/sbin/adjtimex | /usr/sbin/rate.awk | /etc/config/ntpclient | /etc/hotplug.d/iface/20-ntpclient; siblings=ntpclient,VENDOR_PRODUCT_IDENTIFIER_PRESERVED,The complete exact installed vendor Version is preserved; no unproved package-release suffix is removed.,a:teltonika:ntpclient,EXACT_VENDOR_AND_PRODUCT_IDENTITY_TUPLE,NO_DIRECT_CPE,,,NOT_ENCOUNTERED,,true,false,,,DIRECT_OFFICIAL_CPE_NOT_CONFIRMED,NO_CPE_REPRESENTATION,N/A,MODERATE,true,PRODUCT_WITHOUT_CONFIRMED_DIRECT_CPE,control=/usr/lib/opkg/info/ntpclient.control; list=/usr/lib/opkg/info/ntpclient.list; status_version_matches=True
199952,odhcp6c,2021-01-09-53f07e90-16,cpe:2.3:a:odhcp6c:odhcp6c:2021-01-09-53f07e90-16:*:*:*:*:*:*:*,package/network/ipv6/odhcp6c,odhcp6c,Embedded DHCPv6-client for OpenWrt,files=3; exec=3; lib=0; plugin=0; kmod=0; paths=/lib/netifd/proto/dhcpv6.sh | /lib/netifd/dhcpv6.script,odhcp6c,OpenWrt,2021-01-09-53f07e90,PRODUCT_IDENTITY_CONFIRMED,"Exact control Source, description, and core executable/library payload establish the OpenWrt software product independently of CPE metadata.",Source=package/network/ipv6/odhcp6c; Description=Embedded DHCPv6-client for OpenWrt; paths=/lib/netifd/proto/dhcpv6.sh | /lib/netifd/dhcpv6.script; siblings=odhcp6c,DATE_OR_GIT_SOURCE_VERSION,"Date/hash structure, SourceDateEpoch, and official OpenWrt PKG_RELEASE policy jointly identify only the final suffix as packaging metadata.",a:openwrt:odhcp6c,EXACT_OPENWRT_PROJECT_AND_PRODUCT_IDENTITY_TUPLE,NO_DIRECT_CPE,,,NOT_ENCOUNTERED,,true,false,,,DIRECT_OFFICIAL_CPE_NOT_CONFIRMED,NO_CPE_REPRESENTATION,N/A,MODERATE,true,PRODUCT_WITHOUT_CONFIRMED_DIRECT_CPE,control=/usr/lib/opkg/info/odhcp6c.control; list=/usr/lib/opkg/info/odhcp6c.list; status_version_matches=True
199953,odhcpd-ipv6only,2021-07-18-bc9d317f-13,cpe:2.3:a:odhcpd-ipv6only:odhcpd-ipv6only:2021-07-18-bc9d317f-13:*:*:*:*:*:*:*,package/network/services/odhcpd,odhcpd-ipv6only,"odhcpd is a daemon for serving and relaying IP management protocols to
configure clients and downstream routers. It tries to follow the RFC 6204
requirements for IPv6 home routers.

This is a variant providing server services for RA, stateless and stateful
DHCPv6,  prefix delegation and can be used to relay RA, DHCPv6 and NDP between
routed (non-bridged) interfaces in case no delegated prefixes are available.",files=3; exec=2; lib=0; plugin=0; kmod=0; paths=/usr/sbin/odhcpd | /usr/sbin/odhcpd-update | /etc/init.d/odhcpd,odhcpd ipv6only,OpenWrt,2021-07-18-bc9d317f,PRODUCT_IDENTITY_CONFIRMED,"Exact control Source, description, and core executable/library payload establish the OpenWrt software product independently of CPE metadata.","Source=package/network/services/odhcpd; Description=odhcpd is a daemon for serving and relaying IP management protocols to
configure clients and downstream routers. It tries to follow the RFC 6204
requirements for IPv6 home routers.

This is a variant providing server services for RA, stateless and stateful
DHCPv6,  prefix delegation and can be used to relay RA, DHCPv6 and NDP between
routed (non-bridged) interfaces in case no delegated prefixes are available.; paths=/usr/sbin/odhcpd | /usr/sbin/odhcpd-update | /etc/init.d/odhcpd; siblings=odhcpd-ipv6only",DATE_OR_GIT_SOURCE_VERSION,"Date/hash structure, SourceDateEpoch, and official OpenWrt PKG_RELEASE policy jointly identify only the final suffix as packaging metadata.",a:openwrt:odhcpd_ipv6only,EXACT_OPENWRT_PROJECT_AND_PRODUCT_IDENTITY_TUPLE,NO_DIRECT_CPE,,,NOT_ENCOUNTERED,,true,false,,,DIRECT_OFFICIAL_CPE_NOT_CONFIRMED,NO_CPE_REPRESENTATION,N/A,MODERATE,true,PRODUCT_WITHOUT_CONFIRMED_DIRECT_CPE,control=/usr/lib/opkg/info/odhcpd-ipv6only.control; list=/usr/lib/opkg/info/odhcpd-ipv6only.list; status_version_matches=True
199954,opcua_client,2025-02-20,cpe:2.3:a:opcua_client:opcua_client:2025-02-20:*:*:*:*:*:*:*,package/teltonika/opcua_client,opcua_client,OPC UA client designed for reading data from OPC UA servers and storing read data in local database.,files=4; exec=1; lib=1; plugin=0; kmod=0; paths=/usr/bin/opcua_client | /usr/lib/rpcd/opcua_client.so | /etc/config/opcua_client | /etc/init.d/opcua_client,opcua client,Teltonika,2025-02-20,PRODUCT_IDENTITY_CONFIRMED,"Exact vendor control, description, and installed payload establish this internal software product/library without inheriting another Source product.",Source=package/teltonika/opcua_client; Description=OPC UA client designed for reading data from OPC UA servers and storing read data in local database.; paths=/usr/bin/opcua_client | /usr/lib/rpcd/opcua_client.so | /etc/config/opcua_client | /etc/init.d/opcua_client; siblings=opcua_client,VENDOR_PRODUCT_IDENTIFIER_PRESERVED,The complete exact installed vendor Version is preserved; no unproved package-release suffix is removed.,a:teltonika:opcua_client,EXACT_VENDOR_AND_PRODUCT_IDENTITY_TUPLE,NO_DIRECT_CPE,,,NOT_ENCOUNTERED,,true,false,,,DIRECT_OFFICIAL_CPE_NOT_CONFIRMED,NO_CPE_REPRESENTATION,N/A,MODERATE,true,PRODUCT_WITHOUT_CONFIRMED_DIRECT_CPE,control=/usr/lib/opkg/info/opcua_client.control; list=/usr/lib/opkg/info/opcua_client.list; status_version_matches=True
199955,opcua_server,2025-02-20-1,cpe:2.3:a:opcua_server:opcua_server:2025-02-20-1:*:*:*:*:*:*:*,package/teltonika/opcua_server,opcua_server,OPC UA server designed for OPC UA clients to read device data.,files=3; exec=1; lib=0; plugin=0; kmod=0; paths=/usr/bin/opcua_server | /etc/init.d/opcua_server | /etc/config/opcua_server,opcua server,Teltonika,2025-02-20-1,PRODUCT_IDENTITY_CONFIRMED,"Exact vendor control, description, and installed payload establish this internal software product/library without inheriting another Source product.",Source=package/teltonika/opcua_server; Description=OPC UA server designed for OPC UA clients to read device data.; paths=/usr/bin/opcua_server | /etc/init.d/opcua_server | /etc/config/opcua_server; siblings=opcua_server,VENDOR_PRODUCT_IDENTIFIER_PRESERVED,The complete exact installed vendor Version is preserved; no unproved package-release suffix is removed.,a:teltonika:opcua_server,EXACT_VENDOR_AND_PRODUCT_IDENTITY_TUPLE,NO_DIRECT_CPE,,,NOT_ENCOUNTERED,,true,false,,,DIRECT_OFFICIAL_CPE_NOT_CONFIRMED,NO_CPE_REPRESENTATION,N/A,MODERATE,true,PRODUCT_WITHOUT_CONFIRMED_DIRECT_CPE,control=/usr/lib/opkg/info/opcua_server.control; list=/usr/lib/opkg/info/opcua_server.list; status_version_matches=True
199956,open62541,v1.4.0-r,cpe:2.3:a:open62541:open62541:v1.4.0-r:*:*:*:*:*:*:*,package/libs/open62541,open62541,Open source implementation of OPC UA (OPC Unified Architecture) aka IEC 62541 licensed under Mozilla Public License v2.0,files=3; exec=0; lib=3; plugin=0; kmod=0; paths=/usr/lib/libopen62541.so.0.0.0 | /usr/lib/libopen62541.so,open62541,open62541 project,1.4.0,PRODUCT_IDENTITY_CONFIRMED,The exact package description and installed core executable/library identify the named upstream product; package role was not used as a hard gate.,Source=package/libs/open62541; Description=Open source implementation of OPC UA (OPC Unified Architecture) aka IEC 62541 licensed under Mozilla Public License v2.0; paths=/usr/lib/libopen62541.so.0.0.0 | /usr/lib/libopen62541.so; siblings=open62541,PRODUCT_SPECIFIC_UPSTREAM_VERSION_NORMALIZATION,Observed v1.4.0-r was normalized to 1.4.0 using the exact package/source structure and product-specific official release evidence.,a:open62541:open62541,VERIFIED_UPSTREAM_TO_CPE_FAMILY,VERSION_NOT_IN_DICTIONARY,,,NOT_ENCOUNTERED,,false,false,,cpe:2.3:a:open62541:open62541:1.4.0:-:*:*:*:*:*:*,VERSION_NOT_IN_DICTIONARY,ACTIVE_FAMILY_EXACT_VERSION_ABSENT,"[""VERSION"", ""UPDATE""]",MODERATE,true,PROPOSED_GT_CPE_CONFIRMATION,control=/usr/lib/opkg/info/open62541.control; list=/usr/lib/opkg/info/open62541.list; status_version_matches=True
199957,openssh-sftp-server,9.6p1-1,cpe:2.3:a:openssh-sftp-server:openssh-sftp-server:9.6p1-1:*:*:*:*:*:*:*,package/network/services/openssh,openssh-sftp-server,OpenSSH SFTP server.,files=2; exec=2; lib=0; plugin=0; kmod=0; paths=/usr/libexec/sftp-server | /usr/lib/sftp-server,openssh sftp server,OpenWrt/upstream source,9.6p1-1,DIRECT_SUBCOMPONENT_NO_PARENT_INHERITANCE,"Package payload is a configuration, split support, suite library, or optional subsystem; no parent CPE is inherited.",Exact control/list/status: Source=package/network/services/openssh; role=PRODUCT_OR_MAIN_PACKAGE; Description=OpenSSH SFTP server.; paths=/usr/libexec/sftp-server | /usr/lib/sftp-server,OBSERVED_COMPONENT_VERSION_PRESERVED_NO_PARENT_MAPPING,Exact installed control Version equals the SBOM version; no parent product version is inferred.,,,NO_DIRECT_CPE,,,NOT_ENCOUNTERED,,false,false,,,DIRECT_OFFICIAL_CPE_NOT_CONFIRMED,NON_DIRECT_SUBCOMPONENT,N/A,MODERATE,false,,control=/usr/lib/opkg/info/openssh-sftp-server.control; list=/usr/lib/opkg/info/openssh-sftp-server.list; status_version_matches=True
199958,openssl-util,3.0.14-3,cpe:2.3:a:openssl-util:openssl-util:3.0.14-3:*:*:*:*:*:*:*,package/libs/openssl,openssl-util,"The OpenSSL Project is a collaborative effort to develop a robust,
commercial-grade, full-featured, and Open Source toolkit implementing the
Transport Layer Security (TLS) protocol as well as a full-strength
general-purpose cryptography library.
This package contains the OpenSSL command-line utility.",files=1; exec=1; lib=0; plugin=0; kmod=0; paths=/usr/bin/openssl,OpenSSL,OpenSSL,3.0.14,PRODUCT_IDENTITY_CONFIRMED,The exact package description and installed core executable/library identify the named upstream product; package role was not used as a hard gate.,"Source=package/libs/openssl; Description=The OpenSSL Project is a collaborative effort to develop a robust,
commercial-grade, full-featured, and Open Source toolkit implementing the
Transport Layer Security (TLS) protocol as well as a full-strength
general-purpose cryptography library.
This package contains the OpenSSL command-line utility.; paths=/usr/bin/openssl; siblings=libopenssl-conf | libopenssl-legacy | libopenssl3 | openssl-util",PRODUCT_SPECIFIC_UPSTREAM_VERSION_NORMALIZATION,Observed 3.0.14-3 was normalized to 3.0.14 using the exact package/source structure and product-specific official release evidence.,a:openssl:openssl,VERIFIED_UPSTREAM_TO_CPE_FAMILY,ACTIVE_EXACT,cpe:2.3:a:openssl:openssl:3.0.14:*:*:*:*:*:*:*,,NOT_ENCOUNTERED,,false,false,,cpe:2.3:a:openssl:openssl:3.0.14:*:*:*:*:*:*:*,OFFICIAL_CPE_MAPPED,ACTIVE_EXACT,"[""VENDOR"", ""PRODUCT"", ""VERSION""]",STRONG,true,PROPOSED_GT_CPE_CONFIRMATION,control=/usr/lib/opkg/info/openssl-util.control; list=/usr/lib/opkg/info/openssl-util.list; status_version_matches=True
199959,openvpn-openssl,2.6.9-5,cpe:2.3:a:openvpn-openssl:openvpn-openssl:2.6.9-5:*:*:*:*:*:*:*,package/network/services/openvpn,openvpn-openssl,Open source VPN solution using OpenSSL,files=14; exec=2; lib=0; plugin=0; kmod=0; paths=/usr/sbin/openvpn | /usr/libexec/openvpn-hotplug | /etc/openvpn/express_template.ovpn | /etc/openvpn.user | /lib/functions/openvpn.sh | /usr/share/openvpn/openvpn.options,OpenVPN,OpenVPN,2.6.9,PRODUCT_IDENTITY_CONFIRMED,The exact package description and installed core executable/library identify the named upstream product; package role was not used as a hard gate.,Source=package/network/services/openvpn; Description=Open source VPN solution using OpenSSL; paths=/usr/sbin/openvpn | /usr/libexec/openvpn-hotplug | /etc/openvpn/express_template.ovpn | /etc/openvpn.user | /lib/functions/openvpn.sh | /usr/share/openvpn/openvpn.options; siblings=openvpn-openssl,PRODUCT_SPECIFIC_UPSTREAM_VERSION_NORMALIZATION,Observed 2.6.9-5 was normalized to 2.6.9 using the exact package/source structure and product-specific official release evidence.,a:openvpn:openvpn,VERIFIED_UPSTREAM_TO_CPE_FAMILY,ACTIVE_EXACT,cpe:2.3:a:openvpn:openvpn:2.6.9:*:*:*:community:*:*:*,,NOT_ENCOUNTERED,,false,false,,cpe:2.3:a:openvpn:openvpn:2.6.9:*:*:*:community:*:*:*,OFFICIAL_CPE_MAPPED,ACTIVE_EXACT,"[""VENDOR"", ""PRODUCT"", ""VERSION"", ""SW_EDITION""]",MODERATE,true,PROPOSED_GT_CPE_CONFIRMATION,control=/usr/lib/opkg/info/openvpn-openssl.control; list=/usr/lib/opkg/info/openvpn-openssl.list; status_version_matches=True
199960,openwrt-keyring,2021-02-20-49283916-2,cpe:2.3:a:openwrt-keyring:openwrt-keyring:2021-02-20-49283916-2:*:*:*:*:*:*:*,package/system/openwrt-keyring,openwrt-keyring,The keyring of with the developer using and gpg public keys.,files=1; exec=0; lib=0; plugin=0; kmod=0; paths=/etc/opkg/keys/2f8b0b98e08306bf,openwrt keyring,OpenWrt/upstream source,2021-02-20-49283916-2,DIRECT_SUBCOMPONENT_NO_PARENT_INHERITANCE,Exact metadata identifies a meta/helper/data artifact rather than an independently mapped software product.,Exact control/list/status: Source=package/system/openwrt-keyring; role=META_OR_HELPER_PACKAGE; Description=The keyring of with the developer using and gpg public keys.; paths=/etc/opkg/keys/2f8b0b98e08306bf,OBSERVED_COMPONENT_VERSION_PRESERVED_NO_PARENT_MAPPING,Exact installed control Version equals the SBOM version; no parent product version is inferred.,,,NO_DIRECT_CPE,,,NOT_ENCOUNTERED,,false,false,,,DIRECT_OFFICIAL_CPE_NOT_CONFIRMED,NON_DIRECT_SUBCOMPONENT,N/A,MODERATE,false,,control=/usr/lib/opkg/info/openwrt-keyring.control; list=/usr/lib/opkg/info/openwrt-keyring.list; status_version_matches=True
199961,opkg,2021-06-13-1bf042dd-2,cpe:2.3:a:opkg:opkg:2021-06-13-1bf042dd-2:*:*:*:*:*:*:*,package/system/opkg,opkg,"Lightweight package management system
opkg is the opkg Package Management System, for handling
installation and removal of packages on a system. It can
recursively follow dependencies and download all packages
necessary to install a particular package.

opkg knows how to install both .ipk and .deb packages.",files=8; exec=4; lib=0; plugin=0; kmod=0; paths=/bin/opkg | /usr/sbin/opkg-key | /etc/opkg/customfeeds.conf | /etc/opkg/teltonikafeeds.conf | /lib/upgrade/keep.d/opkg,opkg,OpenWrt,2021-06-13-1bf042dd,PRODUCT_IDENTITY_CONFIRMED,"Exact control Source, description, and core executable/library payload establish the OpenWrt software product independently of CPE metadata.","Source=package/system/opkg; Description=Lightweight package management system
opkg is the opkg Package Management System, for handling
installation and removal of packages on a system. It can
recursively follow dependencies and download all packages
necessary to install a particular package.

opkg knows how to install both .ipk and .deb packages.; paths=/bin/opkg | /usr/sbin/opkg-key | /etc/opkg/customfeeds.conf | /etc/opkg/teltonikafeeds.conf | /lib/upgrade/keep.d/opkg; siblings=opkg",DATE_OR_GIT_SOURCE_VERSION,"Date/hash structure, SourceDateEpoch, and official OpenWrt PKG_RELEASE policy jointly identify only the final suffix as packaging metadata.",a:openwrt:opkg,EXACT_OPENWRT_PROJECT_AND_PRODUCT_IDENTITY_TUPLE,NO_DIRECT_CPE,,,NOT_ENCOUNTERED,,true,false,,,DIRECT_OFFICIAL_CPE_NOT_CONFIRMED,NO_CPE_REPRESENTATION,N/A,MODERATE,true,PRODUCT_WITHOUT_CONFIRMED_DIRECT_CPE,control=/usr/lib/opkg/info/opkg.control; list=/usr/lib/opkg/info/opkg.list; status_version_matches=True
199962,package_restore,2025-01-08-1,cpe:2.3:a:package_restore:package_restore:2025-01-08-1:*:*:*:*:*:*:*,package/teltonika/package_restore,package_restore,Auto package restore,files=4; exec=1; lib=0; plugin=0; kmod=0; paths=/sbin/package_restore.lua | /etc/tlt_opkg.conf | /etc/config/package_restore,package restore,Teltonika,2025-01-08-1,PRODUCT_IDENTITY_CONFIRMED,"Exact vendor control, description, and installed payload establish this internal software product/library without inheriting another Source product.",Source=package/teltonika/package_restore; Description=Auto package restore; paths=/sbin/package_restore.lua | /etc/tlt_opkg.conf | /etc/config/package_restore; siblings=package_restore,VENDOR_PRODUCT_IDENTIFIER_PRESERVED,The complete exact installed vendor Version is preserved; no unproved package-release suffix is removed.,a:teltonika:package_restore,EXACT_VENDOR_AND_PRODUCT_IDENTITY_TUPLE,NO_DIRECT_CPE,,,NOT_ENCOUNTERED,,true,false,,,DIRECT_OFFICIAL_CPE_NOT_CONFIRMED,NO_CPE_REPRESENTATION,N/A,MODERATE,true,PRODUCT_WITHOUT_CONFIRMED_DIRECT_CPE,control=/usr/lib/opkg/info/package_restore.control; list=/usr/lib/opkg/info/package_restore.list; status_version_matches=True
199963,pcom_master,0.0.1,cpe:2.3:a:pcom_master:pcom_master:0.0.1:*:*:*:*:*:*:*,package/teltonika/pcom_master,pcom_master,PCOM master application by Teltonika,files=8; exec=3; lib=0; plugin=0; kmod=0; paths=/usr/sbin/api_handler | /usr/sbin/pcom_master | /etc/init.d/pcom_master | /etc/init.d/rs232_gateway,pcom master,Teltonika,0.0.1,PRODUCT_IDENTITY_CONFIRMED,"Exact vendor control, description, and installed payload establish this internal software product/library without inheriting another Source product.",Source=package/teltonika/pcom_master; Description=PCOM master application by Teltonika; paths=/usr/sbin/api_handler | /usr/sbin/pcom_master | /etc/init.d/pcom_master | /etc/init.d/rs232_gateway; siblings=pcom_master,VENDOR_PRODUCT_IDENTIFIER_PRESERVED,The complete exact installed vendor Version is preserved; no unproved package-release suffix is removed.,a:teltonika:pcom_master,EXACT_VENDOR_AND_PRODUCT_IDENTITY_TUPLE,NO_DIRECT_CPE,,,NOT_ENCOUNTERED,,true,false,,,DIRECT_OFFICIAL_CPE_NOT_CONFIRMED,NO_CPE_REPRESENTATION,N/A,MODERATE,true,PRODUCT_WITHOUT_CONFIRMED_DIRECT_CPE,control=/usr/lib/opkg/info/pcom_master.control; list=/usr/lib/opkg/info/pcom_master.list; status_version_matches=True
199964,port_eventsd,1.12,cpe:2.3:a:port_eventsd:port_eventsd:1.12:*:*:*:*:*:*:*,package/teltonika/port_eventsd,port_eventsd,Port Events Daemon,files=3; exec=1; lib=0; plugin=0; kmod=0; paths=/usr/bin/port_eventsd | /etc/init.d/port_eventsd | /usr/share/acl.d/port_eventsd.json,port eventsd,Teltonika,1.12,PRODUCT_IDENTITY_CONFIRMED,"Exact vendor control, description, and installed payload establish this internal software product/library without inheriting another Source product.",Source=package/teltonika/port_eventsd; Description=Port Events Daemon; paths=/usr/bin/port_eventsd | /etc/init.d/port_eventsd | /usr/share/acl.d/port_eventsd.json; siblings=port_eventsd,VENDOR_PRODUCT_IDENTIFIER_PRESERVED,The complete exact installed vendor Version is preserved; no unproved package-release suffix is removed.,a:teltonika:port_eventsd,EXACT_VENDOR_AND_PRODUCT_IDENTITY_TUPLE,NO_DIRECT_CPE,,,NOT_ENCOUNTERED,,true,false,,,DIRECT_OFFICIAL_CPE_NOT_CONFIRMED,NO_CPE_REPRESENTATION,N/A,MODERATE,true,PRODUCT_WITHOUT_CONFIRMED_DIRECT_CPE,control=/usr/lib/opkg/info/port_eventsd.control; list=/usr/lib/opkg/info/port_eventsd.list; status_version_matches=True
199965,post-get-io,1.5,cpe:2.3:a:post-get-io:post-get-io:1.5:*:*:*:*:*:*:*,package/teltonika/post_get,post-get-io,I/O handlers,files=4; exec=4; lib=0; plugin=0; kmod=0; paths=/www/cgi-bin/io_value | /www/cgi-bin/io_invert,post get io,Teltonika,1.5,DIRECT_SUBCOMPONENT_NO_PARENT_INHERITANCE,"Package payload is a configuration, split support, suite library, or optional subsystem; no parent CPE is inherited.",Exact control/list/status: Source=package/teltonika/post_get; role=SPLIT_RUNTIME_PACKAGE; Description=I/O handlers; paths=/www/cgi-bin/io_value | /www/cgi-bin/io_invert,OBSERVED_COMPONENT_VERSION_PRESERVED_NO_PARENT_MAPPING,Exact installed control Version equals the SBOM version; no parent product version is inferred.,,,NO_DIRECT_CPE,,,NOT_ENCOUNTERED,,false,false,,,DIRECT_OFFICIAL_CPE_NOT_CONFIRMED,NON_DIRECT_SUBCOMPONENT,N/A,MODERATE,false,,control=/usr/lib/opkg/info/post-get-io.control; list=/usr/lib/opkg/info/post-get-io.list; status_version_matches=True
199966,post-get-mobile,1.5,cpe:2.3:a:post-get-mobile:post-get-mobile:1.5:*:*:*:*:*:*:*,package/teltonika/post_get,post-get-mobile,Mobile handlers,files=7; exec=7; lib=0; plugin=0; kmod=0; paths=/www/cgi-bin/sms_list | /www/cgi-bin/sms_total,post get mobile,Teltonika,1.5,DIRECT_SUBCOMPONENT_NO_PARENT_INHERITANCE,"Package payload is a configuration, split support, suite library, or optional subsystem; no parent CPE is inherited.",Exact control/list/status: Source=package/teltonika/post_get; role=SPLIT_RUNTIME_PACKAGE; Description=Mobile handlers; paths=/www/cgi-bin/sms_list | /www/cgi-bin/sms_total,OBSERVED_COMPONENT_VERSION_PRESERVED_NO_PARENT_MAPPING,Exact installed control Version equals the SBOM version; no parent product version is inferred.,,,NO_DIRECT_CPE,,,NOT_ENCOUNTERED,,false,false,,,DIRECT_OFFICIAL_CPE_NOT_CONFIRMED,NON_DIRECT_SUBCOMPONENT,N/A,MODERATE,false,,control=/usr/lib/opkg/info/post-get-mobile.control; list=/usr/lib/opkg/info/post-get-mobile.list; status_version_matches=True
199967,post-get,1.5,cpe:2.3:a:post-get:post-get:1.5:*:*:*:*:*:*:*,package/teltonika/post_get,post-get,Call actions over HTTP POST/GET requests,files=3; exec=1; lib=0; plugin=0; kmod=0; paths=/www/cgi-bin/post_get | /etc/uci-defaults/etc/99_sms_post_get | /etc/config/post_get,post get,Teltonika,1.5,PRODUCT_IDENTITY_CONFIRMED,"Exact vendor control, description, and installed payload establish this internal software product/library without inheriting another Source product.",Source=package/teltonika/post_get; Description=Call actions over HTTP POST/GET requests; paths=/www/cgi-bin/post_get | /etc/uci-defaults/etc/99_sms_post_get | /etc/config/post_get; siblings=post-get | post-get-io | post-get-mobile,VENDOR_PRODUCT_IDENTIFIER_PRESERVED,The complete exact installed vendor Version is preserved; no unproved package-release suffix is removed.,a:teltonika:post_get,EXACT_VENDOR_AND_PRODUCT_IDENTITY_TUPLE,NO_DIRECT_CPE,,,NOT_ENCOUNTERED,,true,false,,,DIRECT_OFFICIAL_CPE_NOT_CONFIRMED,NO_CPE_REPRESENTATION,N/A,MODERATE,true,PRODUCT_WITHOUT_CONFIRMED_DIRECT_CPE,control=/usr/lib/opkg/info/post-get.control; list=/usr/lib/opkg/info/post-get.list; status_version_matches=True
199968,ppp-mod-pppoe,2.4.9.git-2021-01-04-4,cpe:2.3:a:ppp-mod-pppoe:ppp-mod-pppoe:2.4.9.git-2021-01-04-4:*:*:*:*:*:*:*,package/network/services/ppp,ppp-mod-pppoe,This package contains a PPPoE (PPP over Ethernet) plugin for ppp.,files=1; exec=0; lib=0; plugin=1; kmod=0; paths=/usr/lib/pppd/2.4.9/pppoe.so,ppp mod pppoe,OpenWrt/upstream source,2.4.9.git-2021-01-04-4,DIRECT_SUBCOMPONENT_NO_PARENT_INHERITANCE,"Exact naming, description, and payload identify a plugin/module; its Source parent CPE is not inherited.",Exact control/list/status: Source=package/network/services/ppp; role=PLUGIN_OR_MODULE; Description=This package contains a PPPoE (PPP over Ethernet) plugin for ppp.; paths=/usr/lib/pppd/2.4.9/pppoe.so,OBSERVED_COMPONENT_VERSION_PRESERVED_NO_PARENT_MAPPING,Exact installed control Version equals the SBOM version; no parent product version is inferred.,,,NO_DIRECT_CPE,,,NOT_ENCOUNTERED,,false,false,,,DIRECT_OFFICIAL_CPE_NOT_CONFIRMED,NON_DIRECT_SUBCOMPONENT,N/A,STRONG,false,,control=/usr/lib/opkg/info/ppp-mod-pppoe.control; list=/usr/lib/opkg/info/ppp-mod-pppoe.list; status_version_matches=True
199969,ppp-mod-pppol2tp,2.4.9.git-2021-01-04-4,cpe:2.3:a:ppp-mod-pppol2tp:ppp-mod-pppol2tp:2.4.9.git-2021-01-04-4:*:*:*:*:*:*:*,package/network/services/ppp,ppp-mod-pppol2tp,This package contains a PPPoL2TP (PPP over L2TP) plugin for ppp.,files=1; exec=0; lib=0; plugin=1; kmod=0; paths=/usr/lib/pppd/2.4.9/pppol2tp.so,ppp mod pppol2tp,OpenWrt/upstream source,2.4.9.git-2021-01-04-4,DIRECT_SUBCOMPONENT_NO_PARENT_INHERITANCE,"Exact naming, description, and payload identify a plugin/module; its Source parent CPE is not inherited.",Exact control/list/status: Source=package/network/services/ppp; role=PLUGIN_OR_MODULE; Description=This package contains a PPPoL2TP (PPP over L2TP) plugin for ppp.; paths=/usr/lib/pppd/2.4.9/pppol2tp.so,OBSERVED_COMPONENT_VERSION_PRESERVED_NO_PARENT_MAPPING,Exact installed control Version equals the SBOM version; no parent product version is inferred.,,,NO_DIRECT_CPE,,,NOT_ENCOUNTERED,,false,false,,,DIRECT_OFFICIAL_CPE_NOT_CONFIRMED,NON_DIRECT_SUBCOMPONENT,N/A,STRONG,false,,control=/usr/lib/opkg/info/ppp-mod-pppol2tp.control; list=/usr/lib/opkg/info/ppp-mod-pppol2tp.list; status_version_matches=True
199970,ppp-mod-pptp,2.4.9.git-2021-01-04-4,cpe:2.3:a:ppp-mod-pptp:ppp-mod-pptp:2.4.9.git-2021-01-04-4:*:*:*:*:*:*:*,package/network/services/ppp,ppp-mod-pptp,This package contains a PPtP plugin for ppp.,files=2; exec=0; lib=0; plugin=1; kmod=0; paths=/usr/lib/pppd/2.4.9/pptp.so | /etc/ppp/options.pptp,ppp mod pptp,OpenWrt/upstream source,2.4.9.git-2021-01-04-4,DIRECT_SUBCOMPONENT_NO_PARENT_INHERITANCE,"Exact naming, description, and payload identify a plugin/module; its Source parent CPE is not inherited.",Exact control/list/status: Source=package/network/services/ppp; role=PLUGIN_OR_MODULE; Description=This package contains a PPtP plugin for ppp.; paths=/usr/lib/pppd/2.4.9/pptp.so | /etc/ppp/options.pptp,OBSERVED_COMPONENT_VERSION_PRESERVED_NO_PARENT_MAPPING,Exact installed control Version equals the SBOM version; no parent product version is inferred.,,,NO_DIRECT_CPE,,,NOT_ENCOUNTERED,,false,false,,,DIRECT_OFFICIAL_CPE_NOT_CONFIRMED,NON_DIRECT_SUBCOMPONENT,N/A,STRONG,false,,control=/usr/lib/opkg/info/ppp-mod-pptp.control; list=/usr/lib/opkg/info/ppp-mod-pptp.list; status_version_matches=True
199971,ppp,2.4.9.git-2021-01-04-4,cpe:2.3:a:ppp:ppp:2.4.9.git-2021-01-04-4:*:*:*:*:*:*:*,package/network/services/ppp,ppp,This package contains the PPP (Point-to-Point Protocol) daemon.,files=15; exec=5; lib=0; plugin=0; kmod=0; paths=/usr/sbin/pppd | /lib/netifd/ppp-up | /etc/ppp/options.sstp | /etc/ppp/filter | /lib/netifd/proto/pppoa.sh | /lib/netifd/proto/pptp.sh | /lib/upgrade/keep.d/ppp,PPP/pppd,PPP project,2.4.9.git-2021-01-04,PRODUCT_IDENTITY_CONFIRMED,The exact package description and canonical pppd payload identify the PPP daemon product.,Source=package/network/services/ppp; Description=This package contains the PPP (Point-to-Point Protocol) daemon.; paths=/usr/sbin/pppd | /lib/netifd/ppp-up | /etc/ppp/options.sstp | /etc/ppp/filter | /lib/netifd/proto/pppoa.sh | /lib/netifd/proto/pptp.sh | /lib/upgrade/keep.d/ppp; siblings=ppp | ppp-mod-pppoe | ppp-mod-pppol2tp | ppp-mod-pptp,PRODUCT_SPECIFIC_UPSTREAM_VERSION_NORMALIZATION,Official OpenWrt metadata and the exact Source identifier establish the 2.4.9.git-2021-01-04 source snapshot; only the final package release is removed.,"[[""a"", ""canonical"", ""ppp""], [""a"", ""samba"", ""ppp""]]",MULTIPLE_SEMANTICALLY_POSSIBLE_FAMILIES,NO_DIRECT_CPE,,,NOT_ENCOUNTERED,,false,false,,,DIRECT_OFFICIAL_CPE_NOT_CONFIRMED,CPE_PRODUCT_FAMILY_AMBIGUITY,N/A,STRONG,true,CPE_PRODUCT_FAMILY_AMBIGUITY | PRODUCT_WITHOUT_CONFIRMED_DIRECT_CPE,control=/usr/lib/opkg/info/ppp.control; list=/usr/lib/opkg/info/ppp.list; status_version_matches=True
199972,pptpd,1.4.0-5,cpe:2.3:a:pptpd:pptpd:1.4.0-5:*:*:*:*:*:*:*,package/network/services/pptpd,pptpd,PopTop pptp server,files=10; exec=3; lib=1; plugin=0; kmod=0; paths=/usr/sbin/pptpd | /usr/sbin/pptpctrl | /usr/lib/pptpd/pptpd-logwtmp.so | /etc/ppp/pptpd-up | /etc/init.d/pptpd,pptpd,Poptop project,1.4.0,PRODUCT_IDENTITY_CONFIRMED,The exact package description and installed core executable/library identify the named upstream product; package role was not used as a hard gate.,Source=package/network/services/pptpd; Description=PopTop pptp server; paths=/usr/sbin/pptpd | /usr/sbin/pptpctrl | /usr/lib/pptpd/pptpd-logwtmp.so | /etc/ppp/pptpd-up | /etc/init.d/pptpd; siblings=pptpd,PRODUCT_SPECIFIC_UPSTREAM_VERSION_NORMALIZATION,Observed 1.4.0-5 was normalized to 1.4.0 using the exact package/source structure and product-specific official release evidence.,a:poptop:pptpd,PROJECT_IDENTITY_TUPLE_NO_DICTIONARY_FAMILY,NO_DIRECT_CPE,,,NOT_ENCOUNTERED,,true,false,,,DIRECT_OFFICIAL_CPE_NOT_CONFIRMED,NO_CPE_REPRESENTATION,N/A,MODERATE,true,PRODUCT_WITHOUT_CONFIRMED_DIRECT_CPE,control=/usr/lib/opkg/info/pptpd.control; list=/usr/lib/opkg/info/pptpd.list; status_version_matches=True
199973,procd-init,2021-02-23-37eed131-21,cpe:2.3:a:procd-init:procd-init:2021-02-23-37eed131-21:*:*:*:*:*:*:*,package/system/procd,procd-init,OpenWrt system process manager init,files=1; exec=1; lib=0; plugin=0; kmod=0; paths=/sbin/init,procd init,OpenWrt/upstream source,2021-02-23-37eed131-21,DIRECT_SUBCOMPONENT_NO_PARENT_INHERITANCE,"Package payload is a configuration, split support, suite library, or optional subsystem; no parent CPE is inherited.",Exact control/list/status: Source=package/system/procd; role=SPLIT_RUNTIME_PACKAGE; Description=OpenWrt system process manager init; paths=/sbin/init,OBSERVED_COMPONENT_VERSION_PRESERVED_NO_PARENT_MAPPING,Exact installed control Version equals the SBOM version; no parent product version is inferred.,,,NO_DIRECT_CPE,,,NOT_ENCOUNTERED,,false,false,,,DIRECT_OFFICIAL_CPE_NOT_CONFIRMED,NON_DIRECT_SUBCOMPONENT,N/A,MODERATE,false,,control=/usr/lib/opkg/info/procd-init.control; list=/usr/lib/opkg/info/procd-init.list; status_version_matches=True
199974,procd,2021-02-23-37eed131-21,cpe:2.3:a:procd:procd:2021-02-23-37eed131-21:*:*:*:*:*:*:*,package/system/procd,procd,OpenWrt system process manager,files=9; exec=5; lib=1; plugin=0; kmod=0; paths=/sbin/askfirst | /sbin/procd | /lib/libsetlbf.so | /etc/hotplug.json | /etc/hotplug-preinit.json | /lib/functions/procd.sh,procd,OpenWrt,2021-02-23-37eed131,PRODUCT_IDENTITY_CONFIRMED,"Exact control Source, description, and core executable/library payload establish the OpenWrt software product independently of CPE metadata.",Source=package/system/procd; Description=OpenWrt system process manager; paths=/sbin/askfirst | /sbin/procd | /lib/libsetlbf.so | /etc/hotplug.json | /etc/hotplug-preinit.json | /lib/functions/procd.sh; siblings=procd | procd-init,DATE_OR_GIT_SOURCE_VERSION,"Date/hash structure, SourceDateEpoch, and official OpenWrt PKG_RELEASE policy jointly identify only the final suffix as packaging metadata.",a:openwrt:procd,EXACT_OPENWRT_PROJECT_AND_PRODUCT_IDENTITY_TUPLE,NO_DIRECT_CPE,,,NOT_ENCOUNTERED,,true,false,,,DIRECT_OFFICIAL_CPE_NOT_CONFIRMED,NO_CPE_REPRESENTATION,N/A,MODERATE,true,PRODUCT_WITHOUT_CONFIRMED_DIRECT_CPE,control=/usr/lib/opkg/info/procd.control; list=/usr/lib/opkg/info/procd.list; status_version_matches=True
199975,profiler,2.13.3,cpe:2.3:a:profiler:profiler:2.13.3:*:*:*:*:*:*:*,package/teltonika/profiler,profiler,Configuration profiles scheduler,files=5; exec=3; lib=0; plugin=0; kmod=0; paths=/usr/sbin/profiler | /usr/sbin/profile.sh | /etc/config/profiles | /etc/init.d/profiler,profiler,Teltonika,2.13.3,PRODUCT_IDENTITY_CONFIRMED,"Exact vendor control, description, and installed payload establish this internal software product/library without inheriting another Source product.",Source=package/teltonika/profiler; Description=Configuration profiles scheduler; paths=/usr/sbin/profiler | /usr/sbin/profile.sh | /etc/config/profiles | /etc/init.d/profiler; siblings=profiler,VENDOR_PRODUCT_IDENTIFIER_PRESERVED,The complete exact installed vendor Version is preserved; no unproved package-release suffix is removed.,a:teltonika:profiler,EXACT_VENDOR_AND_PRODUCT_IDENTITY_TUPLE,NO_DIRECT_CPE,,,NOT_ENCOUNTERED,,true,false,,,DIRECT_OFFICIAL_CPE_NOT_CONFIRMED,NO_CPE_REPRESENTATION,N/A,MODERATE,true,PRODUCT_WITHOUT_CONFIRMED_DIRECT_CPE,control=/usr/lib/opkg/info/profiler.control; list=/usr/lib/opkg/info/profiler.list; status_version_matches=True
199976,quota_limit,2025-02-13-1,cpe:2.3:a:quota_limit:quota_limit:2025-02-13-1:*:*:*:*:*:*:*,package/teltonika/quota_limit,quota_limit,3G data counter,files=3; exec=1; lib=0; plugin=0; kmod=0; paths=/usr/bin/quota_limit | /etc/init.d/quota_limit | /lib/upgrade/keep.d/quota_limit,quota limit,Teltonika,2025-02-13-1,PRODUCT_IDENTITY_CONFIRMED,"Exact vendor control, description, and installed payload establish this internal software product/library without inheriting another Source product.",Source=package/teltonika/quota_limit; Description=3G data counter; paths=/usr/bin/quota_limit | /etc/init.d/quota_limit | /lib/upgrade/keep.d/quota_limit; siblings=quota_limit,VENDOR_PRODUCT_IDENTIFIER_PRESERVED,The complete exact installed vendor Version is preserved; no unproved package-release suffix is removed.,a:teltonika:quota_limit,EXACT_VENDOR_AND_PRODUCT_IDENTITY_TUPLE,NO_DIRECT_CPE,,,NOT_ENCOUNTERED,,true,false,,,DIRECT_OFFICIAL_CPE_NOT_CONFIRMED,NO_CPE_REPRESENTATION,N/A,MODERATE,true,PRODUCT_WITHOUT_CONFIRMED_DIRECT_CPE,control=/usr/lib/opkg/info/quota_limit.control; list=/usr/lib/opkg/info/quota_limit.list; status_version_matches=True
199977,reboot_utils-periodic,2025-03-05-1,cpe:2.3:a:reboot_utils-periodic:reboot_utils-periodic:2025-03-05-1:*:*:*:*:*:*:*,package/teltonika/reboot_utils,reboot_utils-periodic,Periodic reboot by Teltonika,files=4; exec=1; lib=0; plugin=0; kmod=0; paths=/usr/sbin/reboot_modem.sh | /etc/config/periodic_reboot | /etc/init.d/periodic_reboot,Reboot Utilities,Teltonika,2025-03-05-1,PRODUCT_IDENTITY_CONFIRMED,"Exact vendor control, description, and installed payload establish this internal software product/library without inheriting another Source product.",Source=package/teltonika/reboot_utils; Description=Periodic reboot by Teltonika; paths=/usr/sbin/reboot_modem.sh | /etc/config/periodic_reboot | /etc/init.d/periodic_reboot; siblings=reboot_utils | reboot_utils-periodic | reboot_utils-ping,VENDOR_PRODUCT_IDENTIFIER_PRESERVED,The complete exact installed vendor Version is preserved; no unproved package-release suffix is removed.,a:teltonika:reboot_utilities,EXACT_VENDOR_AND_PRODUCT_IDENTITY_TUPLE,NO_DIRECT_CPE,,,NOT_ENCOUNTERED,,true,false,,,DIRECT_OFFICIAL_CPE_NOT_CONFIRMED,NO_CPE_REPRESENTATION,N/A,MODERATE,true,PRODUCT_WITHOUT_CONFIRMED_DIRECT_CPE,control=/usr/lib/opkg/info/reboot_utils-periodic.control; list=/usr/lib/opkg/info/reboot_utils-periodic.list; status_version_matches=True
199978,reboot_utils-ping,2025-03-05-1,cpe:2.3:a:reboot_utils-ping:reboot_utils-ping:2025-03-05-1:*:*:*:*:*:*:*,package/teltonika/reboot_utils,reboot_utils-ping,ping_reboot,files=4; exec=1; lib=0; plugin=0; kmod=0; paths=/usr/sbin/ping_reboot.sh | /etc/reboot_utils/ping_reboot_init.sh | /etc/config/ping_reboot,Reboot Utilities,Teltonika,2025-03-05-1,PRODUCT_IDENTITY_CONFIRMED,"Exact vendor control, description, and installed payload establish this internal software product/library without inheriting another Source product.",Source=package/teltonika/reboot_utils; Description=ping_reboot; paths=/usr/sbin/ping_reboot.sh | /etc/reboot_utils/ping_reboot_init.sh | /etc/config/ping_reboot; siblings=reboot_utils | reboot_utils-periodic | reboot_utils-ping,VENDOR_PRODUCT_IDENTIFIER_PRESERVED,The complete exact installed vendor Version is preserved; no unproved package-release suffix is removed.,a:teltonika:reboot_utilities,EXACT_VENDOR_AND_PRODUCT_IDENTITY_TUPLE,NO_DIRECT_CPE,,,NOT_ENCOUNTERED,,true,false,,,DIRECT_OFFICIAL_CPE_NOT_CONFIRMED,NO_CPE_REPRESENTATION,N/A,MODERATE,true,PRODUCT_WITHOUT_CONFIRMED_DIRECT_CPE,control=/usr/lib/opkg/info/reboot_utils-ping.control; list=/usr/lib/opkg/info/reboot_utils-ping.list; status_version_matches=True
199979,reboot_utils,2025-03-05-1,cpe:2.3:a:reboot_utils:reboot_utils:2025-03-05-1:*:*:*:*:*:*:*,package/teltonika/reboot_utils,reboot_utils,Reboot utilities,files=0; exec=0; lib=0; plugin=0; kmod=0; paths=,reboot utils,Teltonika,2025-03-05-1,DIRECT_SUBCOMPONENT_NO_PARENT_INHERITANCE,Exact metadata identifies a meta/helper/data artifact rather than an independently mapped software product.,Exact control/list/status: Source=package/teltonika/reboot_utils; role=META_OR_HELPER_PACKAGE; Description=Reboot utilities; paths=,OBSERVED_COMPONENT_VERSION_PRESERVED_NO_PARENT_MAPPING,Exact installed control Version equals the SBOM version; no parent product version is inferred.,,,NO_DIRECT_CPE,,,NOT_ENCOUNTERED,,false,false,,,DIRECT_OFFICIAL_CPE_NOT_CONFIRMED,NON_DIRECT_SUBCOMPONENT,N/A,MODERATE,false,,control=/usr/lib/opkg/info/reboot_utils.control; list=/usr/lib/opkg/info/reboot_utils.list; status_version_matches=True
199980,resolveip,2,cpe:2.3:a:resolveip:resolveip:2:*:*:*:*:*:*:*,package/network/utils/resolveip,resolveip,"This package contains the small resolveip utility which
can be used by scripts to turn host names into numeric
IP addresses. It supports IPv4 and IPv6 resolving and
has a configurable timeout to guarantee a certain maximum
runtime in case of slow or defunct DNS servers.",files=1; exec=1; lib=0; plugin=0; kmod=0; paths=/usr/bin/resolveip,resolveip,OpenWrt,2,PRODUCT_IDENTITY_CONFIRMED,"Exact control Source, description, and core executable/library payload establish the OpenWrt software product independently of CPE metadata.","Source=package/network/utils/resolveip; Description=This package contains the small resolveip utility which
can be used by scripts to turn host names into numeric
IP addresses. It supports IPv4 and IPv6 resolving and
has a configurable timeout to guarantee a certain maximum
runtime in case of slow or defunct DNS servers.; paths=/usr/bin/resolveip; siblings=resolveip",EXACT_INSTALLED_PRODUCT_IDENTIFIER,No suffix was removed; the exact installed Version is preserved as the product identifier.,a:openwrt:resolveip,EXACT_OPENWRT_PROJECT_AND_PRODUCT_IDENTITY_TUPLE,NO_DIRECT_CPE,,,NOT_ENCOUNTERED,,true,false,,,DIRECT_OFFICIAL_CPE_NOT_CONFIRMED,NO_CPE_REPRESENTATION,N/A,MODERATE,true,PRODUCT_WITHOUT_CONFIRMED_DIRECT_CPE,control=/usr/lib/opkg/info/resolveip.control; list=/usr/lib/opkg/info/resolveip.list; status_version_matches=True
199981,rpc_esim,1.3.11,cpe:2.3:a:rpc_esim:rpc_esim:1.3.11:*:*:*:*:*:*:*,package/teltonika/esim-lpac,rpc_esim,RPC library for eSIM management,files=1; exec=0; lib=1; plugin=0; kmod=0; paths=/usr/lib/rpcd/rpc_esim.so,rpc esim,Teltonika,1.3.11,PRODUCT_IDENTITY_CONFIRMED,"Exact vendor control, description, and installed payload establish this internal software product/library without inheriting another Source product.",Source=package/teltonika/esim-lpac; Description=RPC library for eSIM management; paths=/usr/lib/rpcd/rpc_esim.so; siblings=esim-lpac | liblpac | lua_lpac | rpc_esim,VENDOR_PRODUCT_IDENTIFIER_PRESERVED,The complete exact installed vendor Version is preserved; no unproved package-release suffix is removed.,a:teltonika:rpc_esim,EXACT_VENDOR_AND_PRODUCT_IDENTITY_TUPLE,NO_DIRECT_CPE,,,NOT_ENCOUNTERED,,true,false,,,DIRECT_OFFICIAL_CPE_NOT_CONFIRMED,NO_CPE_REPRESENTATION,N/A,MODERATE,true,PRODUCT_WITHOUT_CONFIRMED_DIRECT_CPE,control=/usr/lib/opkg/info/rpc_esim.control; list=/usr/lib/opkg/info/rpc_esim.list; status_version_matches=True
199982,rpcd-mod-file,2021-03-11-ccb75178-8,cpe:2.3:a:rpcd-mod-file:rpcd-mod-file:2021-03-11-ccb75178-8:*:*:*:*:*:*:*,package/system/rpcd,rpcd-mod-file,Provides ubus calls for file and directory operations.,files=1; exec=0; lib=1; plugin=0; kmod=0; paths=/usr/lib/rpcd/file.so,rpcd mod file,OpenWrt/upstream source,2021-03-11-ccb75178-8,DIRECT_SUBCOMPONENT_NO_PARENT_INHERITANCE,"Exact naming, description, and payload identify a plugin/module; its Source parent CPE is not inherited.",Exact control/list/status: Source=package/system/rpcd; role=PLUGIN_OR_MODULE; Description=Provides ubus calls for file and directory operations.; paths=/usr/lib/rpcd/file.so,OBSERVED_COMPONENT_VERSION_PRESERVED_NO_PARENT_MAPPING,Exact installed control Version equals the SBOM version; no parent product version is inferred.,,,NO_DIRECT_CPE,,,NOT_ENCOUNTERED,,false,false,,,DIRECT_OFFICIAL_CPE_NOT_CONFIRMED,NON_DIRECT_SUBCOMPONENT,N/A,STRONG,false,,control=/usr/lib/opkg/info/rpcd-mod-file.control; list=/usr/lib/opkg/info/rpcd-mod-file.list; status_version_matches=True
199983,rpcd-mod-iwinfo,2021-03-11-ccb75178-8,cpe:2.3:a:rpcd-mod-iwinfo:rpcd-mod-iwinfo:2021-03-11-ccb75178-8:*:*:*:*:*:*:*,package/system/rpcd,rpcd-mod-iwinfo,Provides ubus calls for accessing iwinfo data.,files=1; exec=0; lib=1; plugin=0; kmod=0; paths=/usr/lib/rpcd/iwinfo.so,rpcd mod iwinfo,OpenWrt/upstream source,2021-03-11-ccb75178-8,DIRECT_SUBCOMPONENT_NO_PARENT_INHERITANCE,"Exact naming, description, and payload identify a plugin/module; its Source parent CPE is not inherited.",Exact control/list/status: Source=package/system/rpcd; role=PLUGIN_OR_MODULE; Description=Provides ubus calls for accessing iwinfo data.; paths=/usr/lib/rpcd/iwinfo.so,OBSERVED_COMPONENT_VERSION_PRESERVED_NO_PARENT_MAPPING,Exact installed control Version equals the SBOM version; no parent product version is inferred.,,,NO_DIRECT_CPE,,,NOT_ENCOUNTERED,,false,false,,,DIRECT_OFFICIAL_CPE_NOT_CONFIRMED,NON_DIRECT_SUBCOMPONENT,N/A,STRONG,false,,control=/usr/lib/opkg/info/rpcd-mod-iwinfo.control; list=/usr/lib/opkg/info/rpcd-mod-iwinfo.list; status_version_matches=True
199984,rpcd-mod-mnfinfo,2.25.1,cpe:2.3:a:rpcd-mod-mnfinfo:rpcd-mod-mnfinfo:2.25.1:*:*:*:*:*:*:*,package/teltonika/mnfinfo,rpcd-mod-mnfinfo,mnfinfo rpcd module,files=1; exec=0; lib=1; plugin=0; kmod=0; paths=/usr/lib/rpcd/mnfinfo.so,rpcd mod mnfinfo,Teltonika,2.25.1,DIRECT_SUBCOMPONENT_NO_PARENT_INHERITANCE,"Exact naming, description, and payload identify a plugin/module; its Source parent CPE is not inherited.",Exact control/list/status: Source=package/teltonika/mnfinfo; role=PLUGIN_OR_MODULE; Description=mnfinfo rpcd module; paths=/usr/lib/rpcd/mnfinfo.so,OBSERVED_COMPONENT_VERSION_PRESERVED_NO_PARENT_MAPPING,Exact installed control Version equals the SBOM version; no parent product version is inferred.,,,NO_DIRECT_CPE,,,NOT_ENCOUNTERED,,false,false,,,DIRECT_OFFICIAL_CPE_NOT_CONFIRMED,NON_DIRECT_SUBCOMPONENT,N/A,STRONG,false,,control=/usr/lib/opkg/info/rpcd-mod-mnfinfo.control; list=/usr/lib/opkg/info/rpcd-mod-mnfinfo.list; status_version_matches=True
199985,rpcd-mod-rpcsys,2021-03-11-ccb75178-8,cpe:2.3:a:rpcd-mod-rpcsys:rpcd-mod-rpcsys:2021-03-11-ccb75178-8:*:*:*:*:*:*:*,package/system/rpcd,rpcd-mod-rpcsys,Provides ubus calls for sysupgrade and password changing.,files=1; exec=0; lib=1; plugin=0; kmod=0; paths=/usr/lib/rpcd/rpcsys.so,rpcd mod rpcsys,OpenWrt/upstream source,2021-03-11-ccb75178-8,DIRECT_SUBCOMPONENT_NO_PARENT_INHERITANCE,"Exact naming, description, and payload identify a plugin/module; its Source parent CPE is not inherited.",Exact control/list/status: Source=package/system/rpcd; role=PLUGIN_OR_MODULE; Description=Provides ubus calls for sysupgrade and password changing.; paths=/usr/lib/rpcd/rpcsys.so,OBSERVED_COMPONENT_VERSION_PRESERVED_NO_PARENT_MAPPING,Exact installed control Version equals the SBOM version; no parent product version is inferred.,,,NO_DIRECT_CPE,,,NOT_ENCOUNTERED,,false,false,,,DIRECT_OFFICIAL_CPE_NOT_CONFIRMED,NON_DIRECT_SUBCOMPONENT,N/A,STRONG,false,,control=/usr/lib/opkg/info/rpcd-mod-rpcsys.control; list=/usr/lib/opkg/info/rpcd-mod-rpcsys.list; status_version_matches=True
199986,rpcd-mod-rrdns,20170710,cpe:2.3:a:rpcd-mod-rrdns:rpcd-mod-rrdns:20170710:*:*:*:*:*:*:*,feeds/luci/libs/rpcd-mod-rrdns,rpcd-mod-rrdns,Provides rapid mass reverse DNS lookup functionality.,files=1; exec=0; lib=1; plugin=0; kmod=0; paths=/usr/lib/rpcd/rrdns.so,rpcd mod rrdns,OpenWrt/upstream source,20170710,DIRECT_SUBCOMPONENT_NO_PARENT_INHERITANCE,"Exact naming, description, and payload identify a plugin/module; its Source parent CPE is not inherited.",Exact control/list/status: Source=feeds/luci/libs/rpcd-mod-rrdns; role=PLUGIN_OR_MODULE; Description=Provides rapid mass reverse DNS lookup functionality.; paths=/usr/lib/rpcd/rrdns.so,OBSERVED_COMPONENT_VERSION_PRESERVED_NO_PARENT_MAPPING,Exact installed control Version equals the SBOM version; no parent product version is inferred.,,,NO_DIRECT_CPE,,,NOT_ENCOUNTERED,,false,false,,,DIRECT_OFFICIAL_CPE_NOT_CONFIRMED,NON_DIRECT_SUBCOMPONENT,N/A,STRONG,false,,control=/usr/lib/opkg/info/rpcd-mod-rrdns.control; list=/usr/lib/opkg/info/rpcd-mod-rrdns.list; status_version_matches=True
199987,rpcd-mod-smslimit,7.12,cpe:2.3:a:rpcd-mod-smslimit:rpcd-mod-smslimit:7.12:*:*:*:*:*:*:*,package/teltonika/smslimit,rpcd-mod-smslimit,Package allows setting a limit on SMS messages sent from a SIM card within a specified period.,files=3; exec=0; lib=2; plugin=0; kmod=0; paths=/usr/lib/rpcd/smslimit.so | /usr/lib/libsms_limit.so | /etc/uci-defaults/etc/99_sms_limit,rpcd mod smslimit,Teltonika,7.12,DIRECT_SUBCOMPONENT_NO_PARENT_INHERITANCE,"Exact naming, description, and payload identify a plugin/module; its Source parent CPE is not inherited.",Exact control/list/status: Source=package/teltonika/smslimit; role=PLUGIN_OR_MODULE; Description=Package allows setting a limit on SMS messages sent from a SIM card within a specified period.; paths=/usr/lib/rpcd/smslimit.so | /usr/lib/libsms_limit.so | /etc/uci-defaults/etc/99_sms_limit,OBSERVED_COMPONENT_VERSION_PRESERVED_NO_PARENT_MAPPING,Exact installed control Version equals the SBOM version; no parent product version is inferred.,,,NO_DIRECT_CPE,,,NOT_ENCOUNTERED,,false,false,,,DIRECT_OFFICIAL_CPE_NOT_CONFIRMED,NON_DIRECT_SUBCOMPONENT,N/A,STRONG,false,,control=/usr/lib/opkg/info/rpcd-mod-smslimit.control; list=/usr/lib/opkg/info/rpcd-mod-smslimit.list; status_version_matches=True
199988,rpcd,2021-03-11-ccb75178-8,cpe:2.3:a:rpcd:rpcd:2021-03-11-ccb75178-8:*:*:*:*:*:*:*,package/system/rpcd,rpcd,"This package provides the UBUS RPC backend server to expose various
functionality to frontend programs via JSON-RPC.",files=10; exec=3; lib=0; plugin=0; kmod=0; paths=/usr/libexec/rpcd/sys | /usr/libexec/rpcd/lan_info | /etc/uci-defaults/7.13/99_rpcd_increase_timeout | /etc/uci-defaults/7.11/99_rpcd_sesitive_info_flag | /usr/share/rpcd/acl.d/superuser.json | /usr/share/rpcd/acl.d/unauthenticated.json,rpcd,OpenWrt,2021-03-11-ccb75178,PRODUCT_IDENTITY_CONFIRMED,"Exact control Source, description, and core executable/library payload establish the OpenWrt software product independently of CPE metadata.","Source=package/system/rpcd; Description=This package provides the UBUS RPC backend server to expose various
functionality to frontend programs via JSON-RPC.; paths=/usr/libexec/rpcd/sys | /usr/libexec/rpcd/lan_info | /etc/uci-defaults/7.13/99_rpcd_increase_timeout | /etc/uci-defaults/7.11/99_rpcd_sesitive_info_flag | /usr/share/rpcd/acl.d/superuser.json | /usr/share/rpcd/acl.d/unauthenticated.json; siblings=rpcd | rpcd-mod-file | rpcd-mod-iwinfo | rpcd-mod-rpcsys",DATE_OR_GIT_SOURCE_VERSION,"Date/hash structure, SourceDateEpoch, and official OpenWrt PKG_RELEASE policy jointly identify only the final suffix as packaging metadata.",a:openwrt:rpcd,EXACT_OPENWRT_PROJECT_AND_PRODUCT_IDENTITY_TUPLE,NO_DIRECT_CPE,,,NOT_ENCOUNTERED,,true,false,,,DIRECT_OFFICIAL_CPE_NOT_CONFIRMED,NO_CPE_REPRESENTATION,N/A,MODERATE,true,PRODUCT_WITHOUT_CONFIRMED_DIRECT_CPE,control=/usr/lib/opkg/info/rpcd.control; list=/usr/lib/opkg/info/rpcd.list; status_version_matches=True
199989,rut_fota,2.16.1,cpe:2.3:a:rut_fota:rut_fota:2.16.1:*:*:*:*:*:*:*,package/teltonika/rut_fota,rut_fota,Firmware Over The Air Utility,files=4; exec=1; lib=0; plugin=0; kmod=0; paths=/sbin/rut_fota | /etc/init.d/rut_fota | /etc/config/rut_fota,RUT FOTA,Teltonika,2.16.1,PRODUCT_IDENTITY_CONFIRMED,"Exact vendor control, description, and installed payload establish this internal software product/library without inheriting another Source product.",Source=package/teltonika/rut_fota; Description=Firmware Over The Air Utility; paths=/sbin/rut_fota | /etc/init.d/rut_fota | /etc/config/rut_fota; siblings=librut_fota | rut_fota,VENDOR_PRODUCT_IDENTIFIER_PRESERVED,The complete exact installed vendor Version is preserved; no unproved package-release suffix is removed.,a:teltonika:rut_fota,EXACT_VENDOR_AND_PRODUCT_IDENTITY_TUPLE,NO_DIRECT_CPE,,,NOT_ENCOUNTERED,,true,false,,,DIRECT_OFFICIAL_CPE_NOT_CONFIRMED,NO_CPE_REPRESENTATION,N/A,MODERATE,true,PRODUCT_WITHOUT_CONFIRMED_DIRECT_CPE,control=/usr/lib/opkg/info/rut_fota.control; list=/usr/lib/opkg/info/rut_fota.list; status_version_matches=True
199990,serial,2024-11-21,cpe:2.3:a:serial:serial:2024-11-21:*:*:*:*:*:*:*,package/teltonika/serial,serial,General serial device package. Contains files which don't belong to any specific serial service.,files=5; exec=2; lib=0; plugin=0; kmod=0; paths=/usr/bin/rs_console | /lib/functions/serial.sh | /etc/init.d/rs_console | /etc/config/rs_console,serial,Teltonika,2024-11-21,PRODUCT_IDENTITY_CONFIRMED,"Exact vendor control, description, and installed payload establish this internal software product/library without inheriting another Source product.",Source=package/teltonika/serial; Description=General serial device package. Contains files which don't belong to any specific serial service.; paths=/usr/bin/rs_console | /lib/functions/serial.sh | /etc/init.d/rs_console | /etc/config/rs_console; siblings=serial,VENDOR_PRODUCT_IDENTIFIER_PRESERVED,The complete exact installed vendor Version is preserved; no unproved package-release suffix is removed.,a:teltonika:serial,EXACT_VENDOR_AND_PRODUCT_IDENTITY_TUPLE,NO_DIRECT_CPE,,,NOT_ENCOUNTERED,,true,false,,,DIRECT_OFFICIAL_CPE_NOT_CONFIRMED,NO_CPE_REPRESENTATION,N/A,MODERATE,true,PRODUCT_WITHOUT_CONFIRMED_DIRECT_CPE,control=/usr/lib/opkg/info/serial.control; list=/usr/lib/opkg/info/serial.list; status_version_matches=True
199991,shellinabox,2025-02-17-4,cpe:2.3:a:shellinabox:shellinabox:2025-02-17-4:*:*:*:*:*:*:*,package/teltonika/shellinabox,shellinabox,SSH over HTTP,files=4; exec=2; lib=0; plugin=0; kmod=0; paths=/usr/sbin/shellinaboxd | /www/cgi-bin/cli | /etc/init.d/shellinabox | /etc/config/cli,shellinabox,Teltonika/upstream,,UNRESOLVED,"Exact payload identifies software, but the upstream product boundary cannot be fixed reproducibly.",Source=package/teltonika/shellinabox; Description=SSH over HTTP; paths=/usr/sbin/shellinaboxd | /www/cgi-bin/cli | /etc/init.d/shellinabox | /etc/config/cli,PRODUCT_VERSION_BOUNDARY_UNRESOLVED,Observed package identifier 2025-02-17-4 is retained but not promoted to an upstream product version.,,,UNRESOLVED,,,NOT_ENCOUNTERED,,false,false,,,UNRESOLVED,PRODUCT_BOUNDARY_OR_VERSION_UNRESOLVED,N/A,WEAK,true,UNRESOLVED | WEAK_EVIDENCE | PRODUCT_BOUNDARY_OR_VERSION_UNRESOLVED,control=/usr/lib/opkg/info/shellinabox.control; list=/usr/lib/opkg/info/shellinabox.list; status_version_matches=True
199992,sim_switch,2025-02-21-1,cpe:2.3:a:sim_switch:sim_switch:2025-02-21-1:*:*:*:*:*:*:*,package/teltonika/sim_switch,sim_switch,Package enables automated SIM switching based on specified criteria.,files=3; exec=1; lib=0; plugin=0; kmod=0; paths=/usr/bin/sim_switch | /etc/config/sim_switch | /etc/init.d/sim_switch,sim switch,Teltonika,2025-02-21-1,PRODUCT_IDENTITY_CONFIRMED,"Exact vendor control, description, and installed payload establish this internal software product/library without inheriting another Source product.",Source=package/teltonika/sim_switch; Description=Package enables automated SIM switching based on specified criteria.; paths=/usr/bin/sim_switch | /etc/config/sim_switch | /etc/init.d/sim_switch; siblings=sim_switch,VENDOR_PRODUCT_IDENTIFIER_PRESERVED,The complete exact installed vendor Version is preserved; no unproved package-release suffix is removed.,a:teltonika:sim_switch,EXACT_VENDOR_AND_PRODUCT_IDENTITY_TUPLE,NO_DIRECT_CPE,,,NOT_ENCOUNTERED,,true,false,,,DIRECT_OFFICIAL_CPE_NOT_CONFIRMED,NO_CPE_REPRESENTATION,N/A,MODERATE,true,PRODUCT_WITHOUT_CONFIRMED_DIRECT_CPE,control=/usr/lib/opkg/info/sim_switch.control; list=/usr/lib/opkg/info/sim_switch.list; status_version_matches=True
199993,snsupdate,1.0,cpe:2.3:a:snsupdate:snsupdate:1.0:*:*:*:*:*:*:*,package/teltonika/snsupdate,snsupdate,Small nsupdate clone.,files=1; exec=1; lib=0; plugin=0; kmod=0; paths=/usr/bin/snsupdate,snsupdate,Teltonika,1.0,PRODUCT_IDENTITY_CONFIRMED,"Exact vendor control, description, and installed payload establish this internal software product/library without inheriting another Source product.",Source=package/teltonika/snsupdate; Description=Small nsupdate clone.; paths=/usr/bin/snsupdate; siblings=snsupdate,VENDOR_PRODUCT_IDENTIFIER_PRESERVED,The complete exact installed vendor Version is preserved; no unproved package-release suffix is removed.,a:teltonika:snsupdate,EXACT_VENDOR_AND_PRODUCT_IDENTITY_TUPLE,NO_DIRECT_CPE,,,NOT_ENCOUNTERED,,true,false,,,DIRECT_OFFICIAL_CPE_NOT_CONFIRMED,NO_CPE_REPRESENTATION,N/A,MODERATE,true,PRODUCT_WITHOUT_CONFIRMED_DIRECT_CPE,control=/usr/lib/opkg/info/snsupdate.control; list=/usr/lib/opkg/info/snsupdate.list; status_version_matches=True
199994,sodog-tlt,2025-02-20,cpe:2.3:a:sodog-tlt:sodog-tlt:2025-02-20:*:*:*:*:*:*:*,package/teltonika/sodog-tlt,sodog-tlt,SOdog establishes multiple bidirectional byte streams and transfers data between them by Teltonika.,files=4; exec=1; lib=0; plugin=0; kmod=0; paths=/usr/sbin/sodog | /etc/config/rs_overip | /etc/uci-defaults/etc/23_migrate_overip,sodog tlt,Teltonika,2025-02-20,PRODUCT_IDENTITY_CONFIRMED,"Exact vendor control, description, and installed payload establish this internal software product/library without inheriting another Source product.",Source=package/teltonika/sodog-tlt; Description=SOdog establishes multiple bidirectional byte streams and transfers data between them by Teltonika.; paths=/usr/sbin/sodog | /etc/config/rs_overip | /etc/uci-defaults/etc/23_migrate_overip; siblings=sodog-tlt,VENDOR_PRODUCT_IDENTIFIER_PRESERVED,The complete exact installed vendor Version is preserved; no unproved package-release suffix is removed.,a:teltonika:sodog_tlt,EXACT_VENDOR_AND_PRODUCT_IDENTITY_TUPLE,NO_DIRECT_CPE,,,NOT_ENCOUNTERED,,true,false,,,DIRECT_OFFICIAL_CPE_NOT_CONFIRMED,NO_CPE_REPRESENTATION,N/A,MODERATE,true,PRODUCT_WITHOUT_CONFIRMED_DIRECT_CPE,control=/usr/lib/opkg/info/sodog-tlt.control; list=/usr/lib/opkg/info/sodog-tlt.list; status_version_matches=True
199995,storage-memory-expansion,2023-07-25-1,cpe:2.3:a:storage-memory-expansion:storage-memory-expansion:2023-07-25-1:*:*:*:*:*:*:*,package/teltonika/storage-memory-expansion,storage-memory-expansion,Sets up overlay on a USB Mass Storage Device,files=2; exec=1; lib=0; plugin=0; kmod=0; paths=/bin/sme.sh | /etc/hotplug.d/block/sme.sh,storage memory expansion,Teltonika,2023-07-25-1,PRODUCT_IDENTITY_CONFIRMED,"Exact vendor control, description, and installed payload establish this internal software product/library without inheriting another Source product.",Source=package/teltonika/storage-memory-expansion; Description=Sets up overlay on a USB Mass Storage Device; paths=/bin/sme.sh | /etc/hotplug.d/block/sme.sh; siblings=storage-memory-expansion,VENDOR_PRODUCT_IDENTIFIER_PRESERVED,The complete exact installed vendor Version is preserved; no unproved package-release suffix is removed.,a:teltonika:storage_memory_expansion,EXACT_VENDOR_AND_PRODUCT_IDENTITY_TUPLE,NO_DIRECT_CPE,,,NOT_ENCOUNTERED,,true,false,,,DIRECT_OFFICIAL_CPE_NOT_CONFIRMED,NO_CPE_REPRESENTATION,N/A,MODERATE,true,PRODUCT_WITHOUT_CONFIRMED_DIRECT_CPE,control=/usr/lib/opkg/info/storage-memory-expansion.control; list=/usr/lib/opkg/info/storage-memory-expansion.list; status_version_matches=True
199996,strongswan-charon,5.9.14-24,cpe:2.3:a:strongswan-charon:strongswan-charon:5.9.14-24:*:*:*:*:*:*:*,package/network/services/strongswan,strongswan-charon,"StrongSwan is an OpenSource IPsec implementation for the Linux operating system.
This package contains charon, an IKEv2 keying daemon.",files=5; exec=1; lib=2; plugin=0; kmod=0; paths=/usr/lib/ipsec/charon | /usr/lib/ipsec/libcharon.so.0.0.0 | /usr/lib/ipsec/libcharon.so.0 | /etc/strongswan.d/charon.conf | /etc/strongswan.d/charon-logging.conf,strongSwan,strongSwan,5.9.14,PRODUCT_IDENTITY_CONFIRMED,The exact package description and installed core executable/library identify the named upstream product; package role was not used as a hard gate.,"Source=package/network/services/strongswan; Description=StrongSwan is an OpenSource IPsec implementation for the Linux operating system.
This package contains charon, an IKEv2 keying daemon.; paths=/usr/lib/ipsec/charon | /usr/lib/ipsec/libcharon.so.0.0.0 | /usr/lib/ipsec/libcharon.so.0 | /etc/strongswan.d/charon.conf | /etc/strongswan.d/charon-logging.conf; siblings=strongswan | strongswan-charon | strongswan-minimal | strongswan-mod-connmark | strongswan-mod-constraints | strongswan-mod-des | strongswan-mod-eap-identity | strongswan-mod-eap-mschapv2 | strongswan-mod-kernel-netlink | strongswan-mod-md4 | strongswan-mod-mgf1 | strongswan-mod-nonce | strongswan-mod-openssl | strongswan-mod-pem | strongswan-mod-pgp | strongswan-mod-pkcs1 | strongswan-mod-pkcs8 | strongswan-mod-pubkey | strongswan-mod-random | strongswan-mod-revocation | strongswan-mod-sha1 | strongswan-mod-socket-default | strongswan-mod-updown | strongswan-mod-vici | strongswan-mod-x509 | strongswan-mod-xauth-generic | strongswan-mod-xcbc | strongswan-swanctl",PRODUCT_SPECIFIC_UPSTREAM_VERSION_NORMALIZATION,Observed 5.9.14-24 was normalized to 5.9.14 using the exact package/source structure and product-specific official release evidence.,a:strongswan:strongswan,VERIFIED_UPSTREAM_TO_CPE_FAMILY,VERSION_NOT_IN_DICTIONARY,,,NOT_ENCOUNTERED,,false,false,,cpe:2.3:a:strongswan:strongswan:5.9.14:-:*:*:*:*:*:*,VERSION_NOT_IN_DICTIONARY,ACTIVE_FAMILY_EXACT_VERSION_ABSENT,"[""VENDOR"", ""PRODUCT"", ""VERSION"", ""UPDATE""]",STRONG,true,PROPOSED_GT_CPE_CONFIRMATION,control=/usr/lib/opkg/info/strongswan-charon.control; list=/usr/lib/opkg/info/strongswan-charon.list; status_version_matches=True
199997,strongswan-minimal,5.9.14-24,cpe:2.3:a:strongswan-minimal:strongswan-minimal:5.9.14-24:*:*:*:*:*:*:*,package/network/services/strongswan,strongswan-minimal,"StrongSwan is an OpenSource IPsec implementation for the Linux operating system.
This meta-package contains only dependencies for a minimal IKEv2 setup.",files=0; exec=0; lib=0; plugin=0; kmod=0; paths=,strongswan minimal,OpenWrt/upstream source,5.9.14-24,DIRECT_SUBCOMPONENT_NO_PARENT_INHERITANCE,Exact metadata identifies a meta/helper/data artifact rather than an independently mapped software product.,"Exact control/list/status: Source=package/network/services/strongswan; role=META_OR_HELPER_PACKAGE; Description=StrongSwan is an OpenSource IPsec implementation for the Linux operating system.
This meta-package contains only dependencies for a minimal IKEv2 setup.; paths=",OBSERVED_COMPONENT_VERSION_PRESERVED_NO_PARENT_MAPPING,Exact installed control Version equals the SBOM version; no parent product version is inferred.,,,NO_DIRECT_CPE,,,NOT_ENCOUNTERED,,false,false,,,DIRECT_OFFICIAL_CPE_NOT_CONFIRMED,NON_DIRECT_SUBCOMPONENT,N/A,MODERATE,false,,control=/usr/lib/opkg/info/strongswan-minimal.control; list=/usr/lib/opkg/info/strongswan-minimal.list; status_version_matches=True
199998,strongswan-mod-connmark,5.9.14-24,cpe:2.3:a:strongswan-mod-connmark:strongswan-mod-connmark:5.9.14-24:*:*:*:*:*:*:*,package/network/services/strongswan,strongswan-mod-connmark,StrongSwan netfilter connection marking plugin,files=2; exec=0; lib=0; plugin=1; kmod=0; paths=/usr/lib/ipsec/plugins/libstrongswan-connmark.so | /etc/strongswan.d/charon/connmark.conf,strongswan mod connmark,OpenWrt/upstream source,5.9.14-24,DIRECT_SUBCOMPONENT_NO_PARENT_INHERITANCE,"Exact naming, description, and payload identify a plugin/module; its Source parent CPE is not inherited.",Exact control/list/status: Source=package/network/services/strongswan; role=PLUGIN_OR_MODULE; Description=StrongSwan netfilter connection marking plugin; paths=/usr/lib/ipsec/plugins/libstrongswan-connmark.so | /etc/strongswan.d/charon/connmark.conf,OBSERVED_COMPONENT_VERSION_PRESERVED_NO_PARENT_MAPPING,Exact installed control Version equals the SBOM version; no parent product version is inferred.,,,NO_DIRECT_CPE,,,NOT_ENCOUNTERED,,false,false,,,DIRECT_OFFICIAL_CPE_NOT_CONFIRMED,NON_DIRECT_SUBCOMPONENT,N/A,STRONG,false,,control=/usr/lib/opkg/info/strongswan-mod-connmark.control; list=/usr/lib/opkg/info/strongswan-mod-connmark.list; status_version_matches=True
199999,strongswan-mod-constraints,5.9.14-24,cpe:2.3:a:strongswan-mod-constraints:strongswan-mod-constraints:5.9.14-24:*:*:*:*:*:*:*,package/network/services/strongswan,strongswan-mod-constraints,StrongSwan advanced X509 constraint checking plugin,files=2; exec=0; lib=0; plugin=1; kmod=0; paths=/usr/lib/ipsec/plugins/libstrongswan-constraints.so | /etc/strongswan.d/charon/constraints.conf,strongswan mod constraints,OpenWrt/upstream source,5.9.14-24,DIRECT_SUBCOMPONENT_NO_PARENT_INHERITANCE,"Exact naming, description, and payload identify a plugin/module; its Source parent CPE is not inherited.",Exact control/list/status: Source=package/network/services/strongswan; role=PLUGIN_OR_MODULE; Description=StrongSwan advanced X509 constraint checking plugin; paths=/usr/lib/ipsec/plugins/libstrongswan-constraints.so | /etc/strongswan.d/charon/constraints.conf,OBSERVED_COMPONENT_VERSION_PRESERVED_NO_PARENT_MAPPING,Exact installed control Version equals the SBOM version; no parent product version is inferred.,,,NO_DIRECT_CPE,,,NOT_ENCOUNTERED,,false,false,,,DIRECT_OFFICIAL_CPE_NOT_CONFIRMED,NON_DIRECT_SUBCOMPONENT,N/A,STRONG,false,,control=/usr/lib/opkg/info/strongswan-mod-constraints.control; list=/usr/lib/opkg/info/strongswan-mod-constraints.list; status_version_matches=True
200000,strongswan-mod-des,5.9.14-24,cpe:2.3:a:strongswan-mod-des:strongswan-mod-des:5.9.14-24:*:*:*:*:*:*:*,package/network/services/strongswan,strongswan-mod-des,StrongSwan DES crypto plugin,files=2; exec=0; lib=0; plugin=1; kmod=0; paths=/usr/lib/ipsec/plugins/libstrongswan-des.so | /etc/strongswan.d/charon/des.conf,strongswan mod des,OpenWrt/upstream source,5.9.14-24,DIRECT_SUBCOMPONENT_NO_PARENT_INHERITANCE,"Exact naming, description, and payload identify a plugin/module; its Source parent CPE is not inherited.",Exact control/list/status: Source=package/network/services/strongswan; role=PLUGIN_OR_MODULE; Description=StrongSwan DES crypto plugin; paths=/usr/lib/ipsec/plugins/libstrongswan-des.so | /etc/strongswan.d/charon/des.conf,OBSERVED_COMPONENT_VERSION_PRESERVED_NO_PARENT_MAPPING,Exact installed control Version equals the SBOM version; no parent product version is inferred.,,,NO_DIRECT_CPE,,,NOT_ENCOUNTERED,,false,false,,,DIRECT_OFFICIAL_CPE_NOT_CONFIRMED,NON_DIRECT_SUBCOMPONENT,N/A,STRONG,false,,control=/usr/lib/opkg/info/strongswan-mod-des.control; list=/usr/lib/opkg/info/strongswan-mod-des.list; status_version_matches=True
200001,strongswan-mod-eap-identity,5.9.14-24,cpe:2.3:a:strongswan-mod-eap-identity:strongswan-mod-eap-identity:5.9.14-24:*:*:*:*:*:*:*,package/network/services/strongswan,strongswan-mod-eap-identity,StrongSwan EAP identity helper plugin,files=2; exec=0; lib=0; plugin=1; kmod=0; paths=/usr/lib/ipsec/plugins/libstrongswan-eap-identity.so | /etc/strongswan.d/charon/eap-identity.conf,strongswan mod eap identity,OpenWrt/upstream source,5.9.14-24,DIRECT_SUBCOMPONENT_NO_PARENT_INHERITANCE,"Exact naming, description, and payload identify a plugin/module; its Source parent CPE is not inherited.",Exact control/list/status: Source=package/network/services/strongswan; role=PLUGIN_OR_MODULE; Description=StrongSwan EAP identity helper plugin; paths=/usr/lib/ipsec/plugins/libstrongswan-eap-identity.so | /etc/strongswan.d/charon/eap-identity.conf,OBSERVED_COMPONENT_VERSION_PRESERVED_NO_PARENT_MAPPING,Exact installed control Version equals the SBOM version; no parent product version is inferred.,,,NO_DIRECT_CPE,,,NOT_ENCOUNTERED,,false,false,,,DIRECT_OFFICIAL_CPE_NOT_CONFIRMED,NON_DIRECT_SUBCOMPONENT,N/A,STRONG,false,,control=/usr/lib/opkg/info/strongswan-mod-eap-identity.control; list=/usr/lib/opkg/info/strongswan-mod-eap-identity.list; status_version_matches=True
200002,strongswan-mod-eap-mschapv2,5.9.14-24,cpe:2.3:a:strongswan-mod-eap-mschapv2:strongswan-mod-eap-mschapv2:5.9.14-24:*:*:*:*:*:*:*,package/network/services/strongswan,strongswan-mod-eap-mschapv2,StrongSwan EAP MS-CHAPv2 EAP auth plugin,files=2; exec=0; lib=0; plugin=1; kmod=0; paths=/usr/lib/ipsec/plugins/libstrongswan-eap-mschapv2.so | /etc/strongswan.d/charon/eap-mschapv2.conf,strongswan mod eap mschapv2,OpenWrt/upstream source,5.9.14-24,DIRECT_SUBCOMPONENT_NO_PARENT_INHERITANCE,"Exact naming, description, and payload identify a plugin/module; its Source parent CPE is not inherited.",Exact control/list/status: Source=package/network/services/strongswan; role=PLUGIN_OR_MODULE; Description=StrongSwan EAP MS-CHAPv2 EAP auth plugin; paths=/usr/lib/ipsec/plugins/libstrongswan-eap-mschapv2.so | /etc/strongswan.d/charon/eap-mschapv2.conf,OBSERVED_COMPONENT_VERSION_PRESERVED_NO_PARENT_MAPPING,Exact installed control Version equals the SBOM version; no parent product version is inferred.,,,NO_DIRECT_CPE,,,NOT_ENCOUNTERED,,false,false,,,DIRECT_OFFICIAL_CPE_NOT_CONFIRMED,NON_DIRECT_SUBCOMPONENT,N/A,STRONG,false,,control=/usr/lib/opkg/info/strongswan-mod-eap-mschapv2.control; list=/usr/lib/opkg/info/strongswan-mod-eap-mschapv2.list; status_version_matches=True
200003,strongswan-mod-kernel-netlink,5.9.14-24,cpe:2.3:a:strongswan-mod-kernel-netlink:strongswan-mod-kernel-netlink:5.9.14-24:*:*:*:*:*:*:*,package/network/services/strongswan,strongswan-mod-kernel-netlink,StrongSwan netlink kernel interface plugin,files=2; exec=0; lib=0; plugin=1; kmod=0; paths=/usr/lib/ipsec/plugins/libstrongswan-kernel-netlink.so | /etc/strongswan.d/charon/kernel-netlink.conf,strongswan mod kernel netlink,OpenWrt/upstream source,5.9.14-24,DIRECT_SUBCOMPONENT_NO_PARENT_INHERITANCE,"Exact naming, description, and payload identify a plugin/module; its Source parent CPE is not inherited.",Exact control/list/status: Source=package/network/services/strongswan; role=PLUGIN_OR_MODULE; Description=StrongSwan netlink kernel interface plugin; paths=/usr/lib/ipsec/plugins/libstrongswan-kernel-netlink.so | /etc/strongswan.d/charon/kernel-netlink.conf,OBSERVED_COMPONENT_VERSION_PRESERVED_NO_PARENT_MAPPING,Exact installed control Version equals the SBOM version; no parent product version is inferred.,,,NO_DIRECT_CPE,,,NOT_ENCOUNTERED,,false,false,,,DIRECT_OFFICIAL_CPE_NOT_CONFIRMED,NON_DIRECT_SUBCOMPONENT,N/A,STRONG,false,,control=/usr/lib/opkg/info/strongswan-mod-kernel-netlink.control; list=/usr/lib/opkg/info/strongswan-mod-kernel-netlink.list; status_version_matches=True
200004,strongswan-mod-md4,5.9.14-24,cpe:2.3:a:strongswan-mod-md4:strongswan-mod-md4:5.9.14-24:*:*:*:*:*:*:*,package/network/services/strongswan,strongswan-mod-md4,StrongSwan MD4 crypto plugin,files=2; exec=0; lib=0; plugin=1; kmod=0; paths=/usr/lib/ipsec/plugins/libstrongswan-md4.so | /etc/strongswan.d/charon/md4.conf,strongswan mod md4,OpenWrt/upstream source,5.9.14-24,DIRECT_SUBCOMPONENT_NO_PARENT_INHERITANCE,"Exact naming, description, and payload identify a plugin/module; its Source parent CPE is not inherited.",Exact control/list/status: Source=package/network/services/strongswan; role=PLUGIN_OR_MODULE; Description=StrongSwan MD4 crypto plugin; paths=/usr/lib/ipsec/plugins/libstrongswan-md4.so | /etc/strongswan.d/charon/md4.conf,OBSERVED_COMPONENT_VERSION_PRESERVED_NO_PARENT_MAPPING,Exact installed control Version equals the SBOM version; no parent product version is inferred.,,,NO_DIRECT_CPE,,,NOT_ENCOUNTERED,,false,false,,,DIRECT_OFFICIAL_CPE_NOT_CONFIRMED,NON_DIRECT_SUBCOMPONENT,N/A,STRONG,false,,control=/usr/lib/opkg/info/strongswan-mod-md4.control; list=/usr/lib/opkg/info/strongswan-mod-md4.list; status_version_matches=True
200005,strongswan-mod-mgf1,5.9.14-24,cpe:2.3:a:strongswan-mod-mgf1:strongswan-mod-mgf1:5.9.14-24:*:*:*:*:*:*:*,package/network/services/strongswan,strongswan-mod-mgf1,StrongSwan MGF1 crypto plugin,files=2; exec=0; lib=0; plugin=1; kmod=0; paths=/usr/lib/ipsec/plugins/libstrongswan-mgf1.so | /etc/strongswan.d/charon/mgf1.conf,strongswan mod mgf1,OpenWrt/upstream source,5.9.14-24,DIRECT_SUBCOMPONENT_NO_PARENT_INHERITANCE,"Exact naming, description, and payload identify a plugin/module; its Source parent CPE is not inherited.",Exact control/list/status: Source=package/network/services/strongswan; role=PLUGIN_OR_MODULE; Description=StrongSwan MGF1 crypto plugin; paths=/usr/lib/ipsec/plugins/libstrongswan-mgf1.so | /etc/strongswan.d/charon/mgf1.conf,OBSERVED_COMPONENT_VERSION_PRESERVED_NO_PARENT_MAPPING,Exact installed control Version equals the SBOM version; no parent product version is inferred.,,,NO_DIRECT_CPE,,,NOT_ENCOUNTERED,,false,false,,,DIRECT_OFFICIAL_CPE_NOT_CONFIRMED,NON_DIRECT_SUBCOMPONENT,N/A,STRONG,false,,control=/usr/lib/opkg/info/strongswan-mod-mgf1.control; list=/usr/lib/opkg/info/strongswan-mod-mgf1.list; status_version_matches=True
200006,strongswan-mod-nonce,5.9.14-24,cpe:2.3:a:strongswan-mod-nonce:strongswan-mod-nonce:5.9.14-24:*:*:*:*:*:*:*,package/network/services/strongswan,strongswan-mod-nonce,StrongSwan nonce genereation plugin,files=2; exec=0; lib=0; plugin=1; kmod=0; paths=/usr/lib/ipsec/plugins/libstrongswan-nonce.so | /etc/strongswan.d/charon/nonce.conf,strongswan mod nonce,OpenWrt/upstream source,5.9.14-24,DIRECT_SUBCOMPONENT_NO_PARENT_INHERITANCE,"Exact naming, description, and payload identify a plugin/module; its Source parent CPE is not inherited.",Exact control/list/status: Source=package/network/services/strongswan; role=PLUGIN_OR_MODULE; Description=StrongSwan nonce genereation plugin; paths=/usr/lib/ipsec/plugins/libstrongswan-nonce.so | /etc/strongswan.d/charon/nonce.conf,OBSERVED_COMPONENT_VERSION_PRESERVED_NO_PARENT_MAPPING,Exact installed control Version equals the SBOM version; no parent product version is inferred.,,,NO_DIRECT_CPE,,,NOT_ENCOUNTERED,,false,false,,,DIRECT_OFFICIAL_CPE_NOT_CONFIRMED,NON_DIRECT_SUBCOMPONENT,N/A,STRONG,false,,control=/usr/lib/opkg/info/strongswan-mod-nonce.control; list=/usr/lib/opkg/info/strongswan-mod-nonce.list; status_version_matches=True
200007,strongswan-mod-openssl,5.9.14-24,cpe:2.3:a:strongswan-mod-openssl:strongswan-mod-openssl:5.9.14-24:*:*:*:*:*:*:*,package/network/services/strongswan,strongswan-mod-openssl,StrongSwan OpenSSL crypto plugin,files=2; exec=0; lib=0; plugin=1; kmod=0; paths=/usr/lib/ipsec/plugins/libstrongswan-openssl.so | /etc/strongswan.d/charon/openssl.conf,strongswan mod openssl,OpenWrt/upstream source,5.9.14-24,DIRECT_SUBCOMPONENT_NO_PARENT_INHERITANCE,"Exact naming, description, and payload identify a plugin/module; its Source parent CPE is not inherited.",Exact control/list/status: Source=package/network/services/strongswan; role=PLUGIN_OR_MODULE; Description=StrongSwan OpenSSL crypto plugin; paths=/usr/lib/ipsec/plugins/libstrongswan-openssl.so | /etc/strongswan.d/charon/openssl.conf,OBSERVED_COMPONENT_VERSION_PRESERVED_NO_PARENT_MAPPING,Exact installed control Version equals the SBOM version; no parent product version is inferred.,,,NO_DIRECT_CPE,,,NOT_ENCOUNTERED,,false,false,,,DIRECT_OFFICIAL_CPE_NOT_CONFIRMED,NON_DIRECT_SUBCOMPONENT,N/A,STRONG,false,,control=/usr/lib/opkg/info/strongswan-mod-openssl.control; list=/usr/lib/opkg/info/strongswan-mod-openssl.list; status_version_matches=True
200008,strongswan-mod-pem,5.9.14-24,cpe:2.3:a:strongswan-mod-pem:strongswan-mod-pem:5.9.14-24:*:*:*:*:*:*:*,package/network/services/strongswan,strongswan-mod-pem,StrongSwan PEM decoding plugin,files=2; exec=0; lib=0; plugin=1; kmod=0; paths=/usr/lib/ipsec/plugins/libstrongswan-pem.so | /etc/strongswan.d/charon/pem.conf,strongswan mod pem,OpenWrt/upstream source,5.9.14-24,DIRECT_SUBCOMPONENT_NO_PARENT_INHERITANCE,"Exact naming, description, and payload identify a plugin/module; its Source parent CPE is not inherited.",Exact control/list/status: Source=package/network/services/strongswan; role=PLUGIN_OR_MODULE; Description=StrongSwan PEM decoding plugin; paths=/usr/lib/ipsec/plugins/libstrongswan-pem.so | /etc/strongswan.d/charon/pem.conf,OBSERVED_COMPONENT_VERSION_PRESERVED_NO_PARENT_MAPPING,Exact installed control Version equals the SBOM version; no parent product version is inferred.,,,NO_DIRECT_CPE,,,NOT_ENCOUNTERED,,false,false,,,DIRECT_OFFICIAL_CPE_NOT_CONFIRMED,NON_DIRECT_SUBCOMPONENT,N/A,STRONG,false,,control=/usr/lib/opkg/info/strongswan-mod-pem.control; list=/usr/lib/opkg/info/strongswan-mod-pem.list; status_version_matches=True
200009,strongswan-mod-pgp,5.9.14-24,cpe:2.3:a:strongswan-mod-pgp:strongswan-mod-pgp:5.9.14-24:*:*:*:*:*:*:*,package/network/services/strongswan,strongswan-mod-pgp,StrongSwan PGP key decoding plugin,files=2; exec=0; lib=0; plugin=1; kmod=0; paths=/usr/lib/ipsec/plugins/libstrongswan-pgp.so | /etc/strongswan.d/charon/pgp.conf,strongswan mod pgp,OpenWrt/upstream source,5.9.14-24,DIRECT_SUBCOMPONENT_NO_PARENT_INHERITANCE,"Exact naming, description, and payload identify a plugin/module; its Source parent CPE is not inherited.",Exact control/list/status: Source=package/network/services/strongswan; role=PLUGIN_OR_MODULE; Description=StrongSwan PGP key decoding plugin; paths=/usr/lib/ipsec/plugins/libstrongswan-pgp.so | /etc/strongswan.d/charon/pgp.conf,OBSERVED_COMPONENT_VERSION_PRESERVED_NO_PARENT_MAPPING,Exact installed control Version equals the SBOM version; no parent product version is inferred.,,,NO_DIRECT_CPE,,,NOT_ENCOUNTERED,,false,false,,,DIRECT_OFFICIAL_CPE_NOT_CONFIRMED,NON_DIRECT_SUBCOMPONENT,N/A,STRONG,false,,control=/usr/lib/opkg/info/strongswan-mod-pgp.control; list=/usr/lib/opkg/info/strongswan-mod-pgp.list; status_version_matches=True
200010,strongswan-mod-pkcs1,5.9.14-24,cpe:2.3:a:strongswan-mod-pkcs1:strongswan-mod-pkcs1:5.9.14-24:*:*:*:*:*:*:*,package/network/services/strongswan,strongswan-mod-pkcs1,StrongSwan PKCS1 key decoding plugin,files=2; exec=0; lib=0; plugin=1; kmod=0; paths=/usr/lib/ipsec/plugins/libstrongswan-pkcs1.so | /etc/strongswan.d/charon/pkcs1.conf,strongswan mod pkcs1,OpenWrt/upstream source,5.9.14-24,DIRECT_SUBCOMPONENT_NO_PARENT_INHERITANCE,"Exact naming, description, and payload identify a plugin/module; its Source parent CPE is not inherited.",Exact control/list/status: Source=package/network/services/strongswan; role=PLUGIN_OR_MODULE; Description=StrongSwan PKCS1 key decoding plugin; paths=/usr/lib/ipsec/plugins/libstrongswan-pkcs1.so | /etc/strongswan.d/charon/pkcs1.conf,OBSERVED_COMPONENT_VERSION_PRESERVED_NO_PARENT_MAPPING,Exact installed control Version equals the SBOM version; no parent product version is inferred.,,,NO_DIRECT_CPE,,,NOT_ENCOUNTERED,,false,false,,,DIRECT_OFFICIAL_CPE_NOT_CONFIRMED,NON_DIRECT_SUBCOMPONENT,N/A,STRONG,false,,control=/usr/lib/opkg/info/strongswan-mod-pkcs1.control; list=/usr/lib/opkg/info/strongswan-mod-pkcs1.list; status_version_matches=True
200011,strongswan-mod-pkcs8,5.9.14-24,cpe:2.3:a:strongswan-mod-pkcs8:strongswan-mod-pkcs8:5.9.14-24:*:*:*:*:*:*:*,package/network/services/strongswan,strongswan-mod-pkcs8,StrongSwan PKCS8 key decoding plugin,files=2; exec=0; lib=0; plugin=1; kmod=0; paths=/usr/lib/ipsec/plugins/libstrongswan-pkcs8.so | /etc/strongswan.d/charon/pkcs8.conf,strongswan mod pkcs8,OpenWrt/upstream source,5.9.14-24,DIRECT_SUBCOMPONENT_NO_PARENT_INHERITANCE,"Exact naming, description, and payload identify a plugin/module; its Source parent CPE is not inherited.",Exact control/list/status: Source=package/network/services/strongswan; role=PLUGIN_OR_MODULE; Description=StrongSwan PKCS8 key decoding plugin; paths=/usr/lib/ipsec/plugins/libstrongswan-pkcs8.so | /etc/strongswan.d/charon/pkcs8.conf,OBSERVED_COMPONENT_VERSION_PRESERVED_NO_PARENT_MAPPING,Exact installed control Version equals the SBOM version; no parent product version is inferred.,,,NO_DIRECT_CPE,,,NOT_ENCOUNTERED,,false,false,,,DIRECT_OFFICIAL_CPE_NOT_CONFIRMED,NON_DIRECT_SUBCOMPONENT,N/A,STRONG,false,,control=/usr/lib/opkg/info/strongswan-mod-pkcs8.control; list=/usr/lib/opkg/info/strongswan-mod-pkcs8.list; status_version_matches=True
200012,strongswan-mod-pubkey,5.9.14-24,cpe:2.3:a:strongswan-mod-pubkey:strongswan-mod-pubkey:5.9.14-24:*:*:*:*:*:*:*,package/network/services/strongswan,strongswan-mod-pubkey,StrongSwan raw public key plugin,files=2; exec=0; lib=0; plugin=1; kmod=0; paths=/usr/lib/ipsec/plugins/libstrongswan-pubkey.so | /etc/strongswan.d/charon/pubkey.conf,strongswan mod pubkey,OpenWrt/upstream source,5.9.14-24,DIRECT_SUBCOMPONENT_NO_PARENT_INHERITANCE,"Exact naming, description, and payload identify a plugin/module; its Source parent CPE is not inherited.",Exact control/list/status: Source=package/network/services/strongswan; role=PLUGIN_OR_MODULE; Description=StrongSwan raw public key plugin; paths=/usr/lib/ipsec/plugins/libstrongswan-pubkey.so | /etc/strongswan.d/charon/pubkey.conf,OBSERVED_COMPONENT_VERSION_PRESERVED_NO_PARENT_MAPPING,Exact installed control Version equals the SBOM version; no parent product version is inferred.,,,NO_DIRECT_CPE,,,NOT_ENCOUNTERED,,false,false,,,DIRECT_OFFICIAL_CPE_NOT_CONFIRMED,NON_DIRECT_SUBCOMPONENT,N/A,STRONG,false,,control=/usr/lib/opkg/info/strongswan-mod-pubkey.control; list=/usr/lib/opkg/info/strongswan-mod-pubkey.list; status_version_matches=True
200013,strongswan-mod-random,5.9.14-24,cpe:2.3:a:strongswan-mod-random:strongswan-mod-random:5.9.14-24:*:*:*:*:*:*:*,package/network/services/strongswan,strongswan-mod-random,StrongSwan RNG plugin,files=2; exec=0; lib=0; plugin=1; kmod=0; paths=/usr/lib/ipsec/plugins/libstrongswan-random.so | /etc/strongswan.d/charon/random.conf,strongswan mod random,OpenWrt/upstream source,5.9.14-24,DIRECT_SUBCOMPONENT_NO_PARENT_INHERITANCE,"Exact naming, description, and payload identify a plugin/module; its Source parent CPE is not inherited.",Exact control/list/status: Source=package/network/services/strongswan; role=PLUGIN_OR_MODULE; Description=StrongSwan RNG plugin; paths=/usr/lib/ipsec/plugins/libstrongswan-random.so | /etc/strongswan.d/charon/random.conf,OBSERVED_COMPONENT_VERSION_PRESERVED_NO_PARENT_MAPPING,Exact installed control Version equals the SBOM version; no parent product version is inferred.,,,NO_DIRECT_CPE,,,NOT_ENCOUNTERED,,false,false,,,DIRECT_OFFICIAL_CPE_NOT_CONFIRMED,NON_DIRECT_SUBCOMPONENT,N/A,STRONG,false,,control=/usr/lib/opkg/info/strongswan-mod-random.control; list=/usr/lib/opkg/info/strongswan-mod-random.list; status_version_matches=True
200014,strongswan-mod-revocation,5.9.14-24,cpe:2.3:a:strongswan-mod-revocation:strongswan-mod-revocation:5.9.14-24:*:*:*:*:*:*:*,package/network/services/strongswan,strongswan-mod-revocation,StrongSwan X509 CRL/OCSP revocation plugin,files=2; exec=0; lib=0; plugin=1; kmod=0; paths=/usr/lib/ipsec/plugins/libstrongswan-revocation.so | /etc/strongswan.d/charon/revocation.conf,strongswan mod revocation,OpenWrt/upstream source,5.9.14-24,DIRECT_SUBCOMPONENT_NO_PARENT_INHERITANCE,"Exact naming, description, and payload identify a plugin/module; its Source parent CPE is not inherited.",Exact control/list/status: Source=package/network/services/strongswan; role=PLUGIN_OR_MODULE; Description=StrongSwan X509 CRL/OCSP revocation plugin; paths=/usr/lib/ipsec/plugins/libstrongswan-revocation.so | /etc/strongswan.d/charon/revocation.conf,OBSERVED_COMPONENT_VERSION_PRESERVED_NO_PARENT_MAPPING,Exact installed control Version equals the SBOM version; no parent product version is inferred.,,,NO_DIRECT_CPE,,,NOT_ENCOUNTERED,,false,false,,,DIRECT_OFFICIAL_CPE_NOT_CONFIRMED,NON_DIRECT_SUBCOMPONENT,N/A,STRONG,false,,control=/usr/lib/opkg/info/strongswan-mod-revocation.control; list=/usr/lib/opkg/info/strongswan-mod-revocation.list; status_version_matches=True
200015,strongswan-mod-sha1,5.9.14-24,cpe:2.3:a:strongswan-mod-sha1:strongswan-mod-sha1:5.9.14-24:*:*:*:*:*:*:*,package/network/services/strongswan,strongswan-mod-sha1,StrongSwan SHA1 crypto plugin,files=2; exec=0; lib=0; plugin=1; kmod=0; paths=/usr/lib/ipsec/plugins/libstrongswan-sha1.so | /etc/strongswan.d/charon/sha1.conf,strongswan mod sha1,OpenWrt/upstream source,5.9.14-24,DIRECT_SUBCOMPONENT_NO_PARENT_INHERITANCE,"Exact naming, description, and payload identify a plugin/module; its Source parent CPE is not inherited.",Exact control/list/status: Source=package/network/services/strongswan; role=PLUGIN_OR_MODULE; Description=StrongSwan SHA1 crypto plugin; paths=/usr/lib/ipsec/plugins/libstrongswan-sha1.so | /etc/strongswan.d/charon/sha1.conf,OBSERVED_COMPONENT_VERSION_PRESERVED_NO_PARENT_MAPPING,Exact installed control Version equals the SBOM version; no parent product version is inferred.,,,NO_DIRECT_CPE,,,NOT_ENCOUNTERED,,false,false,,,DIRECT_OFFICIAL_CPE_NOT_CONFIRMED,NON_DIRECT_SUBCOMPONENT,N/A,STRONG,false,,control=/usr/lib/opkg/info/strongswan-mod-sha1.control; list=/usr/lib/opkg/info/strongswan-mod-sha1.list; status_version_matches=True
200016,strongswan-mod-socket-default,5.9.14-24,cpe:2.3:a:strongswan-mod-socket-default:strongswan-mod-socket-default:5.9.14-24:*:*:*:*:*:*:*,package/network/services/strongswan,strongswan-mod-socket-default,StrongSwan default socket implementation for charon plugin,files=2; exec=0; lib=0; plugin=1; kmod=0; paths=/usr/lib/ipsec/plugins/libstrongswan-socket-default.so | /etc/strongswan.d/charon/socket-default.conf,strongswan mod socket default,OpenWrt/upstream source,5.9.14-24,DIRECT_SUBCOMPONENT_NO_PARENT_INHERITANCE,"Exact naming, description, and payload identify a plugin/module; its Source parent CPE is not inherited.",Exact control/list/status: Source=package/network/services/strongswan; role=PLUGIN_OR_MODULE; Description=StrongSwan default socket implementation for charon plugin; paths=/usr/lib/ipsec/plugins/libstrongswan-socket-default.so | /etc/strongswan.d/charon/socket-default.conf,OBSERVED_COMPONENT_VERSION_PRESERVED_NO_PARENT_MAPPING,Exact installed control Version equals the SBOM version; no parent product version is inferred.,,,NO_DIRECT_CPE,,,NOT_ENCOUNTERED,,false,false,,,DIRECT_OFFICIAL_CPE_NOT_CONFIRMED,NON_DIRECT_SUBCOMPONENT,N/A,STRONG,false,,control=/usr/lib/opkg/info/strongswan-mod-socket-default.control; list=/usr/lib/opkg/info/strongswan-mod-socket-default.list; status_version_matches=True
200017,strongswan-mod-updown,5.9.14-24,cpe:2.3:a:strongswan-mod-updown:strongswan-mod-updown:5.9.14-24:*:*:*:*:*:*:*,package/network/services/strongswan,strongswan-mod-updown,StrongSwan updown firewall plugin,files=13; exec=2; lib=0; plugin=1; kmod=0; paths=/usr/lib/ipsec/_updown | /usr/lib/ipsec/_updown_no_fw | /usr/lib/ipsec/plugins/libstrongswan-updown.so | /etc/hotplug.d/ipsec/04-snat-for-default-route | /etc/hotplug.d/ipsec/08-passthrough-offloading-bypass,strongswan mod updown,OpenWrt/upstream source,5.9.14-24,DIRECT_SUBCOMPONENT_NO_PARENT_INHERITANCE,"Exact naming, description, and payload identify a plugin/module; its Source parent CPE is not inherited.",Exact control/list/status: Source=package/network/services/strongswan; role=PLUGIN_OR_MODULE; Description=StrongSwan updown firewall plugin; paths=/usr/lib/ipsec/_updown | /usr/lib/ipsec/_updown_no_fw | /usr/lib/ipsec/plugins/libstrongswan-updown.so | /etc/hotplug.d/ipsec/04-snat-for-default-route | /etc/hotplug.d/ipsec/08-passthrough-offloading-bypass,OBSERVED_COMPONENT_VERSION_PRESERVED_NO_PARENT_MAPPING,Exact installed control Version equals the SBOM version; no parent product version is inferred.,,,NO_DIRECT_CPE,,,NOT_ENCOUNTERED,,false,false,,,DIRECT_OFFICIAL_CPE_NOT_CONFIRMED,NON_DIRECT_SUBCOMPONENT,N/A,STRONG,false,,control=/usr/lib/opkg/info/strongswan-mod-updown.control; list=/usr/lib/opkg/info/strongswan-mod-updown.list; status_version_matches=True
200018,strongswan-mod-vici,5.9.14-24,cpe:2.3:a:strongswan-mod-vici:strongswan-mod-vici:5.9.14-24:*:*:*:*:*:*:*,package/network/services/strongswan,strongswan-mod-vici,StrongSwan Versatile IKE Configuration Interface plugin,files=4; exec=0; lib=2; plugin=1; kmod=0; paths=/usr/lib/ipsec/libvici.so.0.0.0 | /usr/lib/ipsec/libvici.so.0 | /usr/lib/ipsec/plugins/libstrongswan-vici.so | /etc/strongswan.d/charon/vici.conf,strongswan mod vici,OpenWrt/upstream source,5.9.14-24,DIRECT_SUBCOMPONENT_NO_PARENT_INHERITANCE,"Exact naming, description, and payload identify a plugin/module; its Source parent CPE is not inherited.",Exact control/list/status: Source=package/network/services/strongswan; role=PLUGIN_OR_MODULE; Description=StrongSwan Versatile IKE Configuration Interface plugin; paths=/usr/lib/ipsec/libvici.so.0.0.0 | /usr/lib/ipsec/libvici.so.0 | /usr/lib/ipsec/plugins/libstrongswan-vici.so | /etc/strongswan.d/charon/vici.conf,OBSERVED_COMPONENT_VERSION_PRESERVED_NO_PARENT_MAPPING,Exact installed control Version equals the SBOM version; no parent product version is inferred.,,,NO_DIRECT_CPE,,,NOT_ENCOUNTERED,,false,false,,,DIRECT_OFFICIAL_CPE_NOT_CONFIRMED,NON_DIRECT_SUBCOMPONENT,N/A,STRONG,false,,control=/usr/lib/opkg/info/strongswan-mod-vici.control; list=/usr/lib/opkg/info/strongswan-mod-vici.list; status_version_matches=True
200019,strongswan-mod-x509,5.9.14-24,cpe:2.3:a:strongswan-mod-x509:strongswan-mod-x509:5.9.14-24:*:*:*:*:*:*:*,package/network/services/strongswan,strongswan-mod-x509,StrongSwan x509 certificate plugin,files=2; exec=0; lib=0; plugin=1; kmod=0; paths=/usr/lib/ipsec/plugins/libstrongswan-x509.so | /etc/strongswan.d/charon/x509.conf,strongswan mod x509,OpenWrt/upstream source,5.9.14-24,DIRECT_SUBCOMPONENT_NO_PARENT_INHERITANCE,"Exact naming, description, and payload identify a plugin/module; its Source parent CPE is not inherited.",Exact control/list/status: Source=package/network/services/strongswan; role=PLUGIN_OR_MODULE; Description=StrongSwan x509 certificate plugin; paths=/usr/lib/ipsec/plugins/libstrongswan-x509.so | /etc/strongswan.d/charon/x509.conf,OBSERVED_COMPONENT_VERSION_PRESERVED_NO_PARENT_MAPPING,Exact installed control Version equals the SBOM version; no parent product version is inferred.,,,NO_DIRECT_CPE,,,NOT_ENCOUNTERED,,false,false,,,DIRECT_OFFICIAL_CPE_NOT_CONFIRMED,NON_DIRECT_SUBCOMPONENT,N/A,STRONG,false,,control=/usr/lib/opkg/info/strongswan-mod-x509.control; list=/usr/lib/opkg/info/strongswan-mod-x509.list; status_version_matches=True
200020,strongswan-mod-xauth-generic,5.9.14-24,cpe:2.3:a:strongswan-mod-xauth-generic:strongswan-mod-xauth-generic:5.9.14-24:*:*:*:*:*:*:*,package/network/services/strongswan,strongswan-mod-xauth-generic,StrongSwan generic XAuth backend plugin,files=2; exec=0; lib=0; plugin=1; kmod=0; paths=/usr/lib/ipsec/plugins/libstrongswan-xauth-generic.so | /etc/strongswan.d/charon/xauth-generic.conf,strongswan mod xauth generic,OpenWrt/upstream source,5.9.14-24,DIRECT_SUBCOMPONENT_NO_PARENT_INHERITANCE,"Exact naming, description, and payload identify a plugin/module; its Source parent CPE is not inherited.",Exact control/list/status: Source=package/network/services/strongswan; role=PLUGIN_OR_MODULE; Description=StrongSwan generic XAuth backend plugin; paths=/usr/lib/ipsec/plugins/libstrongswan-xauth-generic.so | /etc/strongswan.d/charon/xauth-generic.conf,OBSERVED_COMPONENT_VERSION_PRESERVED_NO_PARENT_MAPPING,Exact installed control Version equals the SBOM version; no parent product version is inferred.,,,NO_DIRECT_CPE,,,NOT_ENCOUNTERED,,false,false,,,DIRECT_OFFICIAL_CPE_NOT_CONFIRMED,NON_DIRECT_SUBCOMPONENT,N/A,STRONG,false,,control=/usr/lib/opkg/info/strongswan-mod-xauth-generic.control; list=/usr/lib/opkg/info/strongswan-mod-xauth-generic.list; status_version_matches=True
200021,strongswan-mod-xcbc,5.9.14-24,cpe:2.3:a:strongswan-mod-xcbc:strongswan-mod-xcbc:5.9.14-24:*:*:*:*:*:*:*,package/network/services/strongswan,strongswan-mod-xcbc,StrongSwan xcbc crypto plugin,files=2; exec=0; lib=0; plugin=1; kmod=0; paths=/usr/lib/ipsec/plugins/libstrongswan-xcbc.so | /etc/strongswan.d/charon/xcbc.conf,strongswan mod xcbc,OpenWrt/upstream source,5.9.14-24,DIRECT_SUBCOMPONENT_NO_PARENT_INHERITANCE,"Exact naming, description, and payload identify a plugin/module; its Source parent CPE is not inherited.",Exact control/list/status: Source=package/network/services/strongswan; role=PLUGIN_OR_MODULE; Description=StrongSwan xcbc crypto plugin; paths=/usr/lib/ipsec/plugins/libstrongswan-xcbc.so | /etc/strongswan.d/charon/xcbc.conf,OBSERVED_COMPONENT_VERSION_PRESERVED_NO_PARENT_MAPPING,Exact installed control Version equals the SBOM version; no parent product version is inferred.,,,NO_DIRECT_CPE,,,NOT_ENCOUNTERED,,false,false,,,DIRECT_OFFICIAL_CPE_NOT_CONFIRMED,NON_DIRECT_SUBCOMPONENT,N/A,STRONG,false,,control=/usr/lib/opkg/info/strongswan-mod-xcbc.control; list=/usr/lib/opkg/info/strongswan-mod-xcbc.list; status_version_matches=True
200022,strongswan-swanctl,5.9.14-24,cpe:2.3:a:strongswan-swanctl:strongswan-swanctl:5.9.14-24:*:*:*:*:*:*:*,package/network/services/strongswan,strongswan-swanctl,"StrongSwan is an OpenSource IPsec implementation for the Linux operating system.
This package contains the swanctl utility.",files=4; exec=1; lib=0; plugin=0; kmod=0; paths=/usr/sbin/swanctl | /etc/swanctl/swanctl.conf | /etc/init.d/swanctl | /lib/upgrade/keep.d/strongswan-swanctl,strongSwan,strongSwan,5.9.14,PRODUCT_IDENTITY_CONFIRMED,The exact package description and installed core executable/library identify the named upstream product; package role was not used as a hard gate.,"Source=package/network/services/strongswan; Description=StrongSwan is an OpenSource IPsec implementation for the Linux operating system.
This package contains the swanctl utility.; paths=/usr/sbin/swanctl | /etc/swanctl/swanctl.conf | /etc/init.d/swanctl | /lib/upgrade/keep.d/strongswan-swanctl; siblings=strongswan | strongswan-charon | strongswan-minimal | strongswan-mod-connmark | strongswan-mod-constraints | strongswan-mod-des | strongswan-mod-eap-identity | strongswan-mod-eap-mschapv2 | strongswan-mod-kernel-netlink | strongswan-mod-md4 | strongswan-mod-mgf1 | strongswan-mod-nonce | strongswan-mod-openssl | strongswan-mod-pem | strongswan-mod-pgp | strongswan-mod-pkcs1 | strongswan-mod-pkcs8 | strongswan-mod-pubkey | strongswan-mod-random | strongswan-mod-revocation | strongswan-mod-sha1 | strongswan-mod-socket-default | strongswan-mod-updown | strongswan-mod-vici | strongswan-mod-x509 | strongswan-mod-xauth-generic | strongswan-mod-xcbc | strongswan-swanctl",PRODUCT_SPECIFIC_UPSTREAM_VERSION_NORMALIZATION,Observed 5.9.14-24 was normalized to 5.9.14 using the exact package/source structure and product-specific official release evidence.,a:strongswan:strongswan,VERIFIED_UPSTREAM_TO_CPE_FAMILY,VERSION_NOT_IN_DICTIONARY,,,NOT_ENCOUNTERED,,false,false,,cpe:2.3:a:strongswan:strongswan:5.9.14:-:*:*:*:*:*:*,VERSION_NOT_IN_DICTIONARY,ACTIVE_FAMILY_EXACT_VERSION_ABSENT,"[""VENDOR"", ""PRODUCT"", ""VERSION"", ""UPDATE""]",STRONG,true,PROPOSED_GT_CPE_CONFIRMATION,control=/usr/lib/opkg/info/strongswan-swanctl.control; list=/usr/lib/opkg/info/strongswan-swanctl.list; status_version_matches=True
200023,strongswan,5.9.14-24,cpe:2.3:a:strongswan:strongswan:5.9.14-24:*:*:*:*:*:*:*,package/network/services/strongswan,strongswan,"StrongSwan is an OpenSource IPsec implementation for the Linux operating system.
This package contains shared libraries and scripts.",files=5; exec=0; lib=2; plugin=0; kmod=0; paths=/usr/lib/ipsec/libstrongswan.so.0 | /usr/lib/ipsec/libstrongswan.so.0.0.0 | /etc/strongswan.conf | /etc/config/ipsec | /lib/upgrade/keep.d/strongswan,strongSwan,strongSwan,5.9.14,PRODUCT_IDENTITY_CONFIRMED,The exact package description and installed core executable/library identify the named upstream product; package role was not used as a hard gate.,"Source=package/network/services/strongswan; Description=StrongSwan is an OpenSource IPsec implementation for the Linux operating system.
This package contains shared libraries and scripts.; paths=/usr/lib/ipsec/libstrongswan.so.0 | /usr/lib/ipsec/libstrongswan.so.0.0.0 | /etc/strongswan.conf | /etc/config/ipsec | /lib/upgrade/keep.d/strongswan; siblings=strongswan | strongswan-charon | strongswan-minimal | strongswan-mod-connmark | strongswan-mod-constraints | strongswan-mod-des | strongswan-mod-eap-identity | strongswan-mod-eap-mschapv2 | strongswan-mod-kernel-netlink | strongswan-mod-md4 | strongswan-mod-mgf1 | strongswan-mod-nonce | strongswan-mod-openssl | strongswan-mod-pem | strongswan-mod-pgp | strongswan-mod-pkcs1 | strongswan-mod-pkcs8 | strongswan-mod-pubkey | strongswan-mod-random | strongswan-mod-revocation | strongswan-mod-sha1 | strongswan-mod-socket-default | strongswan-mod-updown | strongswan-mod-vici | strongswan-mod-x509 | strongswan-mod-xauth-generic | strongswan-mod-xcbc | strongswan-swanctl",PRODUCT_SPECIFIC_UPSTREAM_VERSION_NORMALIZATION,Observed 5.9.14-24 was normalized to 5.9.14 using the exact package/source structure and product-specific official release evidence.,a:strongswan:strongswan,VERIFIED_UPSTREAM_TO_CPE_FAMILY,VERSION_NOT_IN_DICTIONARY,,,NOT_ENCOUNTERED,,false,false,,cpe:2.3:a:strongswan:strongswan:5.9.14:-:*:*:*:*:*:*,VERSION_NOT_IN_DICTIONARY,ACTIVE_FAMILY_EXACT_VERSION_ABSENT,"[""VERSION"", ""UPDATE""]",STRONG,true,PROPOSED_GT_CPE_CONFIRMATION,control=/usr/lib/opkg/info/strongswan.control; list=/usr/lib/opkg/info/strongswan.list; status_version_matches=True
200024,swanmon,0.3-1,cpe:2.3:a:swanmon:swanmon:0.3-1:*:*:*:*:*:*:*,package/network/utils/swanmon,swanmon,A command-line utility for serializing the strongSwan VICI output to JSON.,files=1; exec=1; lib=0; plugin=0; kmod=0; paths=/usr/sbin/swanmon,swanmon,OpenWrt,0.3,PRODUCT_IDENTITY_CONFIRMED,"Exact control Source, description, and core executable/library payload establish the OpenWrt software product independently of CPE metadata.",Source=package/network/utils/swanmon; Description=A command-line utility for serializing the strongSwan VICI output to JSON.; paths=/usr/sbin/swanmon; siblings=swanmon,PRODUCT_SPECIFIC_PACKAGE_RELEASE_REMOVED,"Exact Source identity, official OpenWrt package-release policy, and the known project release establish the removed suffix.",a:openwrt:swanmon,EXACT_OPENWRT_PROJECT_AND_PRODUCT_IDENTITY_TUPLE,NO_DIRECT_CPE,,,NOT_ENCOUNTERED,,true,false,,,DIRECT_OFFICIAL_CPE_NOT_CONFIRMED,NO_CPE_REPRESENTATION,N/A,MODERATE,true,PRODUCT_WITHOUT_CONFIRMED_DIRECT_CPE,control=/usr/lib/opkg/info/swanmon.control; list=/usr/lib/opkg/info/swanmon.list; status_version_matches=True
200025,swconfig,13,cpe:2.3:a:swconfig:swconfig:13:*:*:*:*:*:*:*,package/network/config/swconfig,swconfig,Switch configuration utility,files=2; exec=1; lib=0; plugin=0; kmod=0; paths=/sbin/swconfig | /lib/network/switch.sh,swconfig,OpenWrt,13,PRODUCT_IDENTITY_CONFIRMED,"Exact control Source, description, and core executable/library payload establish the OpenWrt software product independently of CPE metadata.",Source=package/network/config/swconfig; Description=Switch configuration utility; paths=/sbin/swconfig | /lib/network/switch.sh; siblings=swconfig,EXACT_INSTALLED_PRODUCT_IDENTIFIER,No suffix was removed; the exact installed Version is preserved as the product identifier.,a:openwrt:swconfig,EXACT_OPENWRT_PROJECT_AND_PRODUCT_IDENTITY_TUPLE,NO_DIRECT_CPE,,,NOT_ENCOUNTERED,,true,false,,,DIRECT_OFFICIAL_CPE_NOT_CONFIRMED,NO_CPE_REPRESENTATION,N/A,MODERATE,true,PRODUCT_WITHOUT_CONFIRMED_DIRECT_CPE,control=/usr/lib/opkg/info/swconfig.control; list=/usr/lib/opkg/info/swconfig.list; status_version_matches=True
200026,tlt-ddns,2025-02-06-1,cpe:2.3:a:tlt-ddns:tlt-ddns:2025-02-06-1:*:*:*:*:*:*:*,package/teltonika/ddns-scripts,tlt-ddns,"Dynamic DNS (DDNS or DynDNS) is a method of automatically updating
a name server in the Domain Name System (DNS). This is most often
utilized when the end user has a dynamic IP address and wants to
bind it to a static hostname.",files=0; exec=0; lib=0; plugin=0; kmod=0; paths=,tlt ddns,Teltonika,2025-02-06-1,DIRECT_SUBCOMPONENT_NO_PARENT_INHERITANCE,Exact metadata identifies a meta/helper/data artifact rather than an independently mapped software product.,"Exact control/list/status: Source=package/teltonika/ddns-scripts; role=META_OR_HELPER_PACKAGE; Description=Dynamic DNS (DDNS or DynDNS) is a method of automatically updating
a name server in the Domain Name System (DNS). This is most often
utilized when the end user has a dynamic IP address and wants to
bind it to a static hostname.; paths=",OBSERVED_COMPONENT_VERSION_PRESERVED_NO_PARENT_MAPPING,Exact installed control Version equals the SBOM version; no parent product version is inferred.,,,NO_DIRECT_CPE,,,NOT_ENCOUNTERED,,false,false,,,DIRECT_OFFICIAL_CPE_NOT_CONFIRMED,NON_DIRECT_SUBCOMPONENT,N/A,MODERATE,false,,control=/usr/lib/opkg/info/tlt-ddns.control; list=/usr/lib/opkg/info/tlt-ddns.list; status_version_matches=True
200027,troubleshoot,1.4,cpe:2.3:a:troubleshoot:troubleshoot:1.4:*:*:*:*:*:*:*,package/teltonika/troubleshoot,troubleshoot,Troubleshoot generator by Teltonika,files=8; exec=1; lib=0; plugin=0; kmod=0; paths=/sbin/troubleshoot.sh | /lib/functions/libtroubleshoot.sh | /lib/troubleshoot/kernel.sh,troubleshoot,Teltonika,1.4,PRODUCT_IDENTITY_CONFIRMED,"Exact vendor control, description, and installed payload establish this internal software product/library without inheriting another Source product.",Source=package/teltonika/troubleshoot; Description=Troubleshoot generator by Teltonika; paths=/sbin/troubleshoot.sh | /lib/functions/libtroubleshoot.sh | /lib/troubleshoot/kernel.sh; siblings=troubleshoot,VENDOR_PRODUCT_IDENTIFIER_PRESERVED,The complete exact installed vendor Version is preserved; no unproved package-release suffix is removed.,a:teltonika:troubleshoot,EXACT_VENDOR_AND_PRODUCT_IDENTITY_TUPLE,NO_DIRECT_CPE,,,NOT_ENCOUNTERED,,true,false,,,DIRECT_OFFICIAL_CPE_NOT_CONFIRMED,NO_CPE_REPRESENTATION,N/A,MODERATE,true,PRODUCT_WITHOUT_CONFIRMED_DIRECT_CPE,control=/usr/lib/opkg/info/troubleshoot.control; list=/usr/lib/opkg/info/troubleshoot.list; status_version_matches=True
200028,uboot-ath79,4.6.4,cpe:2.3:a:uboot-ath79:uboot-ath79:4.6.4:*:*:*:*:*:*:*,package/boot/uboot-ath79,uboot-ath79,U-Boot for ath79/mt7628 based boards,files=0; exec=0; lib=0; plugin=0; kmod=0; paths=,uboot ath79,OpenWrt/upstream source,4.6.4,DIRECT_SUBCOMPONENT_NO_PARENT_INHERITANCE,Exact metadata identifies a meta/helper/data artifact rather than an independently mapped software product.,Exact control/list/status: Source=package/boot/uboot-ath79; role=META_OR_HELPER_PACKAGE; Description=U-Boot for ath79/mt7628 based boards; paths=,OBSERVED_COMPONENT_VERSION_PRESERVED_NO_PARENT_MAPPING,Exact installed control Version equals the SBOM version; no parent product version is inferred.,,,NO_DIRECT_CPE,,,NOT_ENCOUNTERED,,false,false,,,DIRECT_OFFICIAL_CPE_NOT_CONFIRMED,NON_DIRECT_SUBCOMPONENT,N/A,MODERATE,false,,control=/usr/lib/opkg/info/uboot-ath79.control; list=/usr/lib/opkg/info/uboot-ath79.list; status_version_matches=True
200029,ubox,2020-10-25-9ef88681-10,cpe:2.3:a:ubox:ubox:2020-10-25-9ef88681-10:*:*:*:*:*:*:*,package/system/ubox,ubox,OpenWrt system helper toolbox,files=3; exec=2; lib=1; plugin=0; kmod=0; paths=/sbin/validate_data | /sbin/kmodloader | /lib/libvalidate.so,ubox,OpenWrt,2020-10-25-9ef88681,PRODUCT_IDENTITY_CONFIRMED,"Exact control Source, description, and core executable/library payload establish the OpenWrt software product independently of CPE metadata.",Source=package/system/ubox; Description=OpenWrt system helper toolbox; paths=/sbin/validate_data | /sbin/kmodloader | /lib/libvalidate.so; siblings=getrandom | logd | ubox,DATE_OR_GIT_SOURCE_VERSION,"Date/hash structure, SourceDateEpoch, and official OpenWrt PKG_RELEASE policy jointly identify only the final suffix as packaging metadata.",a:openwrt:ubox,EXACT_OPENWRT_PROJECT_AND_PRODUCT_IDENTITY_TUPLE,NO_DIRECT_CPE,,,NOT_ENCOUNTERED,,true,false,,,DIRECT_OFFICIAL_CPE_NOT_CONFIRMED,NO_CPE_REPRESENTATION,N/A,MODERATE,true,PRODUCT_WITHOUT_CONFIRMED_DIRECT_CPE,control=/usr/lib/opkg/info/ubox.control; list=/usr/lib/opkg/info/ubox.list; status_version_matches=True
200030,ubus,2021-06-30-4fc532c8-6,cpe:2.3:a:ubus:ubus:2021-06-30-4fc532c8-6:*:*:*:*:*:*:*,package/system/ubus,ubus,OpenWrt RPC client utility,files=1; exec=1; lib=0; plugin=0; kmod=0; paths=/bin/ubus,ubus,OpenWrt,2021-06-30-4fc532c8,PRODUCT_IDENTITY_CONFIRMED,"Exact control Source, description, and core executable/library payload establish the OpenWrt software product independently of CPE metadata.",Source=package/system/ubus; Description=OpenWrt RPC client utility; paths=/bin/ubus; siblings=libubus-lua | libubus20210630 | ubus | ubusd,DATE_OR_GIT_SOURCE_VERSION,"Date/hash structure, SourceDateEpoch, and official OpenWrt PKG_RELEASE policy jointly identify only the final suffix as packaging metadata.",a:openwrt:ubus,EXACT_OPENWRT_PROJECT_AND_PRODUCT_IDENTITY_TUPLE,NO_DIRECT_CPE,,,NOT_ENCOUNTERED,,true,false,,,DIRECT_OFFICIAL_CPE_NOT_CONFIRMED,NO_CPE_REPRESENTATION,N/A,MODERATE,true,PRODUCT_WITHOUT_CONFIRMED_DIRECT_CPE,control=/usr/lib/opkg/info/ubus.control; list=/usr/lib/opkg/info/ubus.list; status_version_matches=True
200031,ubusd,2021-06-30-4fc532c8-6,cpe:2.3:a:ubusd:ubusd:2021-06-30-4fc532c8-6:*:*:*:*:*:*:*,package/system/ubus,ubusd,OpenWrt RPC daemon,files=1; exec=1; lib=0; plugin=0; kmod=0; paths=/sbin/ubusd,ubus,OpenWrt,2021-06-30-4fc532c8,PRODUCT_IDENTITY_CONFIRMED,"Exact control Source, description, and core executable/library payload establish the OpenWrt software product independently of CPE metadata.",Source=package/system/ubus; Description=OpenWrt RPC daemon; paths=/sbin/ubusd; siblings=libubus-lua | libubus20210630 | ubus | ubusd,DATE_OR_GIT_SOURCE_VERSION,"Date/hash structure, SourceDateEpoch, and official OpenWrt PKG_RELEASE policy jointly identify only the final suffix as packaging metadata.",a:openwrt:ubus,EXACT_OPENWRT_PROJECT_AND_PRODUCT_IDENTITY_TUPLE,NO_DIRECT_CPE,,,NOT_ENCOUNTERED,,true,false,,,DIRECT_OFFICIAL_CPE_NOT_CONFIRMED,NO_CPE_REPRESENTATION,N/A,MODERATE,true,PRODUCT_WITHOUT_CONFIRMED_DIRECT_CPE,control=/usr/lib/opkg/info/ubusd.control; list=/usr/lib/opkg/info/ubusd.list; status_version_matches=True
200032,uci-default,2024-08-05-6,cpe:2.3:a:uci-default:uci-default:2024-08-05-6:*:*:*:*:*:*:*,package/teltonika/uci-default,uci-default,Upgrade UCI configurations by firmware version,files=163; exec=0; lib=0; plugin=0; kmod=0; paths=/etc/uci-defaults/7.7/99-wireless-5ghz-add-chanlist | /etc/uci-defaults/old/99_certificate_status_file_migration,uci default,Teltonika,2024-08-05-6,DIRECT_SUBCOMPONENT_NO_PARENT_INHERITANCE,Exact metadata identifies a meta/helper/data artifact rather than an independently mapped software product.,Exact control/list/status: Source=package/teltonika/uci-default; role=META_OR_HELPER_PACKAGE; Description=Upgrade UCI configurations by firmware version; paths=/etc/uci-defaults/7.7/99-wireless-5ghz-add-chanlist | /etc/uci-defaults/old/99_certificate_status_file_migration,OBSERVED_COMPONENT_VERSION_PRESERVED_NO_PARENT_MAPPING,Exact installed control Version equals the SBOM version; no parent product version is inferred.,,,NO_DIRECT_CPE,,,NOT_ENCOUNTERED,,false,false,,,DIRECT_OFFICIAL_CPE_NOT_CONFIRMED,NON_DIRECT_SUBCOMPONENT,N/A,MODERATE,false,,control=/usr/lib/opkg/info/uci-default.control; list=/usr/lib/opkg/info/uci-default.list; status_version_matches=True
200033,uci,2021-10-22-f84f49f0-12-12,cpe:2.3:a:uci:uci:2021-10-22-f84f49f0-12-12:*:*:*:*:*:*:*,package/system/uci,uci,Utility for the Unified Configuration Interface (UCI),files=2; exec=1; lib=0; plugin=0; kmod=0; paths=/sbin/uci | /lib/config/uci.sh,uci,OpenWrt,2021-10-22-f84f49f0-12,PRODUCT_IDENTITY_CONFIRMED,"Exact control Source, description, and core executable/library payload establish the OpenWrt software product independently of CPE metadata.",Source=package/system/uci; Description=Utility for the Unified Configuration Interface (UCI); paths=/sbin/uci | /lib/config/uci.sh; siblings=libuci-lua | libuci20130104 | uci,DATE_OR_GIT_SOURCE_VERSION,"Date/hash structure, SourceDateEpoch, and official OpenWrt PKG_RELEASE policy jointly identify only the final suffix as packaging metadata.",a:openwrt:uci,EXACT_OPENWRT_PROJECT_AND_PRODUCT_IDENTITY_TUPLE,NO_DIRECT_CPE,,,NOT_ENCOUNTERED,,true,false,,,DIRECT_OFFICIAL_CPE_NOT_CONFIRMED,NO_CPE_REPRESENTATION,N/A,MODERATE,true,PRODUCT_WITHOUT_CONFIRMED_DIRECT_CPE,control=/usr/lib/opkg/info/uci.control; list=/usr/lib/opkg/info/uci.list; status_version_matches=True
200034,uclient-fetch,2021-05-14-6a6011df-1,cpe:2.3:a:uclient-fetch:uclient-fetch:2021-05-14-6a6011df-1:*:*:*:*:*:*:*,package/libs/uclient,uclient-fetch,Tiny wget replacement using libuclient,files=1; exec=1; lib=0; plugin=0; kmod=0; paths=/bin/uclient-fetch,uclient,OpenWrt,2021-05-14-6a6011df,PRODUCT_IDENTITY_CONFIRMED,"Exact control Source, description, and core executable/library payload establish the OpenWrt software product independently of CPE metadata.",Source=package/libs/uclient; Description=Tiny wget replacement using libuclient; paths=/bin/uclient-fetch; siblings=libuclient20201210 | uclient-fetch,DATE_OR_GIT_SOURCE_VERSION,"Date/hash structure, SourceDateEpoch, and official OpenWrt PKG_RELEASE policy jointly identify only the final suffix as packaging metadata.",a:openwrt:uclient,EXACT_OPENWRT_PROJECT_AND_PRODUCT_IDENTITY_TUPLE,NO_DIRECT_CPE,,,NOT_ENCOUNTERED,,true,false,,,DIRECT_OFFICIAL_CPE_NOT_CONFIRMED,NO_CPE_REPRESENTATION,N/A,MODERATE,true,PRODUCT_WITHOUT_CONFIRMED_DIRECT_CPE,control=/usr/lib/opkg/info/uclient-fetch.control; list=/usr/lib/opkg/info/uclient-fetch.list; status_version_matches=True
200035,ucode-mod-fs,2023-06-06-c7d84aae-1,cpe:2.3:a:ucode-mod-fs:ucode-mod-fs:2023-06-06-c7d84aae-1:*:*:*:*:*:*:*,package/utils/ucode,ucode-mod-fs,The filesystem plugin module allows interaction with the local file system.,files=1; exec=0; lib=0; plugin=1; kmod=0; paths=/usr/lib/ucode/fs.so,ucode mod fs,OpenWrt/upstream source,2023-06-06-c7d84aae-1,DIRECT_SUBCOMPONENT_NO_PARENT_INHERITANCE,"Exact naming, description, and payload identify a plugin/module; its Source parent CPE is not inherited.",Exact control/list/status: Source=package/utils/ucode; role=PLUGIN_OR_MODULE; Description=The filesystem plugin module allows interaction with the local file system.; paths=/usr/lib/ucode/fs.so,OBSERVED_COMPONENT_VERSION_PRESERVED_NO_PARENT_MAPPING,Exact installed control Version equals the SBOM version; no parent product version is inferred.,,,NO_DIRECT_CPE,,,NOT_ENCOUNTERED,,false,false,,,DIRECT_OFFICIAL_CPE_NOT_CONFIRMED,NON_DIRECT_SUBCOMPONENT,N/A,STRONG,false,,control=/usr/lib/opkg/info/ucode-mod-fs.control; list=/usr/lib/opkg/info/ucode-mod-fs.list; status_version_matches=True
200036,ucode-mod-nl80211,2023-06-06-c7d84aae-1,cpe:2.3:a:ucode-mod-nl80211:ucode-mod-nl80211:2023-06-06-c7d84aae-1:*:*:*:*:*:*:*,package/utils/ucode,ucode-mod-nl80211,The nl80211 plugin provides access to the Linux wireless 802.11 netlink API.,files=1; exec=0; lib=0; plugin=1; kmod=0; paths=/usr/lib/ucode/nl80211.so,ucode mod nl80211,OpenWrt/upstream source,2023-06-06-c7d84aae-1,DIRECT_SUBCOMPONENT_NO_PARENT_INHERITANCE,"Exact naming, description, and payload identify a plugin/module; its Source parent CPE is not inherited.",Exact control/list/status: Source=package/utils/ucode; role=PLUGIN_OR_MODULE; Description=The nl80211 plugin provides access to the Linux wireless 802.11 netlink API.; paths=/usr/lib/ucode/nl80211.so,OBSERVED_COMPONENT_VERSION_PRESERVED_NO_PARENT_MAPPING,Exact installed control Version equals the SBOM version; no parent product version is inferred.,,,NO_DIRECT_CPE,,,NOT_ENCOUNTERED,,false,false,,,DIRECT_OFFICIAL_CPE_NOT_CONFIRMED,NON_DIRECT_SUBCOMPONENT,N/A,STRONG,false,,control=/usr/lib/opkg/info/ucode-mod-nl80211.control; list=/usr/lib/opkg/info/ucode-mod-nl80211.list; status_version_matches=True
200037,ucode-mod-rtnl,2023-06-06-c7d84aae-1,cpe:2.3:a:ucode-mod-rtnl:ucode-mod-rtnl:2023-06-06-c7d84aae-1:*:*:*:*:*:*:*,package/utils/ucode,ucode-mod-rtnl,The rtnl plugin provides access to the Linux routing netlink API.,files=1; exec=0; lib=0; plugin=1; kmod=0; paths=/usr/lib/ucode/rtnl.so,ucode mod rtnl,OpenWrt/upstream source,2023-06-06-c7d84aae-1,DIRECT_SUBCOMPONENT_NO_PARENT_INHERITANCE,"Exact naming, description, and payload identify a plugin/module; its Source parent CPE is not inherited.",Exact control/list/status: Source=package/utils/ucode; role=PLUGIN_OR_MODULE; Description=The rtnl plugin provides access to the Linux routing netlink API.; paths=/usr/lib/ucode/rtnl.so,OBSERVED_COMPONENT_VERSION_PRESERVED_NO_PARENT_MAPPING,Exact installed control Version equals the SBOM version; no parent product version is inferred.,,,NO_DIRECT_CPE,,,NOT_ENCOUNTERED,,false,false,,,DIRECT_OFFICIAL_CPE_NOT_CONFIRMED,NON_DIRECT_SUBCOMPONENT,N/A,STRONG,false,,control=/usr/lib/opkg/info/ucode-mod-rtnl.control; list=/usr/lib/opkg/info/ucode-mod-rtnl.list; status_version_matches=True
200038,ucode-mod-ubus,2023-06-06-c7d84aae-1,cpe:2.3:a:ucode-mod-ubus:ucode-mod-ubus:2023-06-06-c7d84aae-1:*:*:*:*:*:*:*,package/utils/ucode,ucode-mod-ubus,"The ubus module allows ucode template scripts to enumerate and invoke ubus
procedures.",files=1; exec=0; lib=0; plugin=1; kmod=0; paths=/usr/lib/ucode/ubus.so,ucode mod ubus,OpenWrt/upstream source,2023-06-06-c7d84aae-1,DIRECT_SUBCOMPONENT_NO_PARENT_INHERITANCE,"Exact naming, description, and payload identify a plugin/module; its Source parent CPE is not inherited.","Exact control/list/status: Source=package/utils/ucode; role=PLUGIN_OR_MODULE; Description=The ubus module allows ucode template scripts to enumerate and invoke ubus
procedures.; paths=/usr/lib/ucode/ubus.so",OBSERVED_COMPONENT_VERSION_PRESERVED_NO_PARENT_MAPPING,Exact installed control Version equals the SBOM version; no parent product version is inferred.,,,NO_DIRECT_CPE,,,NOT_ENCOUNTERED,,false,false,,,DIRECT_OFFICIAL_CPE_NOT_CONFIRMED,NON_DIRECT_SUBCOMPONENT,N/A,STRONG,false,,control=/usr/lib/opkg/info/ucode-mod-ubus.control; list=/usr/lib/opkg/info/ucode-mod-ubus.list; status_version_matches=True
200039,ucode-mod-uloop,2023-06-06-c7d84aae-1,cpe:2.3:a:ucode-mod-uloop:ucode-mod-uloop:2023-06-06-c7d84aae-1:*:*:*:*:*:*:*,package/utils/ucode,ucode-mod-uloop,"The uloop module allows ucode scripts to interact with OpenWrt uloop event
loop implementation.",files=1; exec=0; lib=0; plugin=1; kmod=0; paths=/usr/lib/ucode/uloop.so,ucode mod uloop,OpenWrt/upstream source,2023-06-06-c7d84aae-1,DIRECT_SUBCOMPONENT_NO_PARENT_INHERITANCE,"Exact naming, description, and payload identify a plugin/module; its Source parent CPE is not inherited.","Exact control/list/status: Source=package/utils/ucode; role=PLUGIN_OR_MODULE; Description=The uloop module allows ucode scripts to interact with OpenWrt uloop event
loop implementation.; paths=/usr/lib/ucode/uloop.so",OBSERVED_COMPONENT_VERSION_PRESERVED_NO_PARENT_MAPPING,Exact installed control Version equals the SBOM version; no parent product version is inferred.,,,NO_DIRECT_CPE,,,NOT_ENCOUNTERED,,false,false,,,DIRECT_OFFICIAL_CPE_NOT_CONFIRMED,NON_DIRECT_SUBCOMPONENT,N/A,STRONG,false,,control=/usr/lib/opkg/info/ucode-mod-uloop.control; list=/usr/lib/opkg/info/ucode-mod-uloop.list; status_version_matches=True
200040,ucode,2023-06-06-c7d84aae-1,cpe:2.3:a:ucode:ucode:2023-06-06-c7d84aae-1:*:*:*:*:*:*:*,package/utils/ucode,ucode,"ucode is a tiny script interpreter featuring an ECMAScript oriented
script language and Jinja-inspired templating.",files=3; exec=3; lib=0; plugin=0; kmod=0; paths=/usr/bin/utpl | /usr/bin/ucc,ucode,OpenWrt,2023-06-06-c7d84aae,PRODUCT_IDENTITY_CONFIRMED,"Exact control Source, description, and core executable/library payload establish the OpenWrt software product independently of CPE metadata.","Source=package/utils/ucode; Description=ucode is a tiny script interpreter featuring an ECMAScript oriented
script language and Jinja-inspired templating.; paths=/usr/bin/utpl | /usr/bin/ucc; siblings=libucode20220812 | ucode | ucode-mod-fs | ucode-mod-nl80211 | ucode-mod-rtnl | ucode-mod-ubus | ucode-mod-uloop",DATE_OR_GIT_SOURCE_VERSION,"Date/hash structure, SourceDateEpoch, and official OpenWrt PKG_RELEASE policy jointly identify only the final suffix as packaging metadata.",a:openwrt:ucode,EXACT_OPENWRT_PROJECT_AND_PRODUCT_IDENTITY_TUPLE,NO_DIRECT_CPE,,,NOT_ENCOUNTERED,,true,false,,,DIRECT_OFFICIAL_CPE_NOT_CONFIRMED,NO_CPE_REPRESENTATION,N/A,MODERATE,true,PRODUCT_WITHOUT_CONFIRMED_DIRECT_CPE,control=/usr/lib/opkg/info/ucode.control; list=/usr/lib/opkg/info/ucode.list; status_version_matches=True
200041,uhttpd-mod-lua,2021-03-21-15346de8-9,cpe:2.3:a:uhttpd-mod-lua:uhttpd-mod-lua:2021-03-21-15346de8-9:*:*:*:*:*:*:*,package/network/services/uhttpd,uhttpd-mod-lua,The Lua plugin adds a CGI-like Lua runtime interface to uHTTPd.,files=1; exec=0; lib=1; plugin=0; kmod=0; paths=/usr/lib/uhttpd_lua.so,uhttpd mod lua,OpenWrt/upstream source,2021-03-21-15346de8-9,DIRECT_SUBCOMPONENT_NO_PARENT_INHERITANCE,"Exact naming, description, and payload identify a plugin/module; its Source parent CPE is not inherited.",Exact control/list/status: Source=package/network/services/uhttpd; role=PLUGIN_OR_MODULE; Description=The Lua plugin adds a CGI-like Lua runtime interface to uHTTPd.; paths=/usr/lib/uhttpd_lua.so,OBSERVED_COMPONENT_VERSION_PRESERVED_NO_PARENT_MAPPING,Exact installed control Version equals the SBOM version; no parent product version is inferred.,,,NO_DIRECT_CPE,,,NOT_ENCOUNTERED,,false,false,,,DIRECT_OFFICIAL_CPE_NOT_CONFIRMED,NON_DIRECT_SUBCOMPONENT,N/A,STRONG,false,,control=/usr/lib/opkg/info/uhttpd-mod-lua.control; list=/usr/lib/opkg/info/uhttpd-mod-lua.list; status_version_matches=True
200042,uhttpd-mod-ubus,2021-03-21-15346de8-9,cpe:2.3:a:uhttpd-mod-ubus:uhttpd-mod-ubus:2021-03-21-15346de8-9:*:*:*:*:*:*:*,package/network/services/uhttpd,uhttpd-mod-ubus,"The ubus plugin adds a HTTP/JSON RPC proxy for ubus and publishes the
session.* namespace and procedures.",files=1; exec=0; lib=1; plugin=0; kmod=0; paths=/usr/lib/uhttpd_ubus.so,uhttpd mod ubus,OpenWrt/upstream source,2021-03-21-15346de8-9,DIRECT_SUBCOMPONENT_NO_PARENT_INHERITANCE,"Exact naming, description, and payload identify a plugin/module; its Source parent CPE is not inherited.","Exact control/list/status: Source=package/network/services/uhttpd; role=PLUGIN_OR_MODULE; Description=The ubus plugin adds a HTTP/JSON RPC proxy for ubus and publishes the
session.* namespace and procedures.; paths=/usr/lib/uhttpd_ubus.so",OBSERVED_COMPONENT_VERSION_PRESERVED_NO_PARENT_MAPPING,Exact installed control Version equals the SBOM version; no parent product version is inferred.,,,NO_DIRECT_CPE,,,NOT_ENCOUNTERED,,false,false,,,DIRECT_OFFICIAL_CPE_NOT_CONFIRMED,NON_DIRECT_SUBCOMPONENT,N/A,STRONG,false,,control=/usr/lib/opkg/info/uhttpd-mod-ubus.control; list=/usr/lib/opkg/info/uhttpd-mod-ubus.list; status_version_matches=True
200043,uhttpd,2021-03-21-15346de8-9,cpe:2.3:a:uhttpd:uhttpd:2021-03-21-15346de8-9:*:*:*:*:*:*:*,package/network/services/uhttpd,uhttpd,"uHTTPd is a tiny single threaded HTTP server with TLS, CGI and Lua
support. It is intended as a drop-in replacement for the Busybox
HTTP daemon.",files=4; exec=1; lib=0; plugin=0; kmod=0; paths=/usr/sbin/uhttpd | /etc/init.d/uhttpd | /etc/config/uhttpd | /lib/upgrade/keep.d/uhttpd,uhttpd,OpenWrt,2021-03-21-15346de8,PRODUCT_IDENTITY_CONFIRMED,"Exact control Source, description, and core executable/library payload establish the OpenWrt software product independently of CPE metadata.","Source=package/network/services/uhttpd; Description=uHTTPd is a tiny single threaded HTTP server with TLS, CGI and Lua
support. It is intended as a drop-in replacement for the Busybox
HTTP daemon.; paths=/usr/sbin/uhttpd | /etc/init.d/uhttpd | /etc/config/uhttpd | /lib/upgrade/keep.d/uhttpd; siblings=uhttpd | uhttpd-mod-lua | uhttpd-mod-ubus",DATE_OR_GIT_SOURCE_VERSION,"Date/hash structure, SourceDateEpoch, and official OpenWrt PKG_RELEASE policy jointly identify only the final suffix as packaging metadata.",a:openwrt:uhttpd,EXACT_OPENWRT_PROJECT_AND_PRODUCT_IDENTITY_TUPLE,NO_DIRECT_CPE,,,NOT_ENCOUNTERED,,true,false,,,DIRECT_OFFICIAL_CPE_NOT_CONFIRMED,NO_CPE_REPRESENTATION,N/A,MODERATE,true,PRODUCT_WITHOUT_CONFIRMED_DIRECT_CPE,control=/usr/lib/opkg/info/uhttpd.control; list=/usr/lib/opkg/info/uhttpd.list; status_version_matches=True
200044,uqmi,7.10-2,cpe:2.3:a:uqmi:uqmi:7.10-2:*:*:*:*:*:*:*,package/teltonika/uqmi,uqmi,"uqmi is a command line tool for controlling mobile broadband modems using
the QMI-protocol.",files=8; exec=8; lib=0; plugin=0; kmod=0; paths=/lib/netifd/proto/qmux.sh | /lib/netifd/dhcp_mobile.script,Teltonika UQMI,Teltonika,7.10-2,PRODUCT_IDENTITY_CONFIRMED,"Exact vendor control, description, and installed payload establish this internal software product/library without inheriting another Source product.","Source=package/teltonika/uqmi; Description=uqmi is a command line tool for controlling mobile broadband modems using
the QMI-protocol.; paths=/lib/netifd/proto/qmux.sh | /lib/netifd/dhcp_mobile.script; siblings=libtlt_uqmi | uqmi",VENDOR_PRODUCT_IDENTIFIER_PRESERVED,The complete exact installed vendor Version is preserved; no unproved package-release suffix is removed.,a:teltonika:teltonika_uqmi,EXACT_VENDOR_AND_PRODUCT_IDENTITY_TUPLE,NO_DIRECT_CPE,,,NOT_ENCOUNTERED,,true,false,,,DIRECT_OFFICIAL_CPE_NOT_CONFIRMED,NO_CPE_REPRESENTATION,N/A,MODERATE,true,PRODUCT_WITHOUT_CONFIRMED_DIRECT_CPE,control=/usr/lib/opkg/info/uqmi.control; list=/usr/lib/opkg/info/uqmi.list; status_version_matches=True
200045,urandom-seed,3,cpe:2.3:a:urandom-seed:urandom-seed:3:*:*:*:*:*:*:*,package/system/urandom-seed,urandom-seed,/etc/urandom.seed handling for OpenWrt,files=3; exec=1; lib=0; plugin=0; kmod=0; paths=/sbin/urandom_seed | /etc/init.d/urandom_seed | /lib/preinit/81_urandom_seed,urandom seed,OpenWrt,3,PRODUCT_IDENTITY_CONFIRMED,"Exact control Source, description, and core executable/library payload establish the OpenWrt software product independently of CPE metadata.",Source=package/system/urandom-seed; Description=/etc/urandom.seed handling for OpenWrt; paths=/sbin/urandom_seed | /etc/init.d/urandom_seed | /lib/preinit/81_urandom_seed; siblings=urandom-seed,EXACT_INSTALLED_PRODUCT_IDENTIFIER,No suffix was removed; the exact installed Version is preserved as the product identifier.,a:openwrt:urandom_seed,EXACT_OPENWRT_PROJECT_AND_PRODUCT_IDENTITY_TUPLE,NO_DIRECT_CPE,,,NOT_ENCOUNTERED,,true,false,,,DIRECT_OFFICIAL_CPE_NOT_CONFIRMED,NO_CPE_REPRESENTATION,N/A,MODERATE,true,PRODUCT_WITHOUT_CONFIRMED_DIRECT_CPE,control=/usr/lib/opkg/info/urandom-seed.control; list=/usr/lib/opkg/info/urandom-seed.list; status_version_matches=True
200046,urcd,1.5,cpe:2.3:a:urcd:urcd:1.5:*:*:*:*:*:*:*,package/teltonika/urcd,urcd,GSM URC manager,files=3; exec=1; lib=0; plugin=0; kmod=0; paths=/usr/sbin/urcd | /etc/init.d/urcd | /usr/share/acl.d/urcd.json,urcd,Teltonika,1.5,PRODUCT_IDENTITY_CONFIRMED,"Exact vendor control, description, and installed payload establish this internal software product/library without inheriting another Source product.",Source=package/teltonika/urcd; Description=GSM URC manager; paths=/usr/sbin/urcd | /etc/init.d/urcd | /usr/share/acl.d/urcd.json; siblings=urcd,VENDOR_PRODUCT_IDENTIFIER_PRESERVED,The complete exact installed vendor Version is preserved; no unproved package-release suffix is removed.,a:teltonika:urcd,EXACT_VENDOR_AND_PRODUCT_IDENTITY_TUPLE,NO_DIRECT_CPE,,,NOT_ENCOUNTERED,,true,false,,,DIRECT_OFFICIAL_CPE_NOT_CONFIRMED,NO_CPE_REPRESENTATION,N/A,MODERATE,true,PRODUCT_WITHOUT_CONFIRMED_DIRECT_CPE,control=/usr/lib/opkg/info/urcd.control; list=/usr/lib/opkg/info/urcd.list; status_version_matches=True
200047,urngd,2020-01-21-c7f7b6b6-1,cpe:2.3:a:urngd:urngd:2020-01-21-c7f7b6b6-1:*:*:*:*:*:*:*,package/system/urngd,urngd,"urngd is OpenWrt's micro non-physical true random number generator based on
timing jitter.

Using the Jitter RNG core, the rngd provides an entropy source that feeds into
the Linux /dev/random device if its entropy runs low. It updates the
/dev/random entropy estimator such that the newly provided entropy unblocks
/dev/random.

The seeding of /dev/random also ensures that /dev/urandom benefits from
entropy. Especially during boot time, when the entropy of Linux is low, the
Jitter RNGd provides a source of sufficient entropy.",files=2; exec=1; lib=0; plugin=0; kmod=0; paths=/sbin/urngd | /etc/init.d/urngd,urngd,OpenWrt,2020-01-21-c7f7b6b6,PRODUCT_IDENTITY_CONFIRMED,"Exact control Source, description, and core executable/library payload establish the OpenWrt software product independently of CPE metadata.","Source=package/system/urngd; Description=urngd is OpenWrt's micro non-physical true random number generator based on
timing jitter.

Using the Jitter RNG core, the rngd provides an entropy source that feeds into
the Linux /dev/random device if its entropy runs low. It updates the
/dev/random entropy estimator such that the newly provided entropy unblocks
/dev/random.

The seeding of /dev/random also ensures that /dev/urandom benefits from
entropy. Especially during boot time, when the entropy of Linux is low, the
Jitter RNGd provides a source of sufficient entropy.; paths=/sbin/urngd | /etc/init.d/urngd; siblings=urngd",DATE_OR_GIT_SOURCE_VERSION,"Date/hash structure, SourceDateEpoch, and official OpenWrt PKG_RELEASE policy jointly identify only the final suffix as packaging metadata.",a:openwrt:urngd,EXACT_OPENWRT_PROJECT_AND_PRODUCT_IDENTITY_TUPLE,NO_DIRECT_CPE,,,NOT_ENCOUNTERED,,true,false,,,DIRECT_OFFICIAL_CPE_NOT_CONFIRMED,NO_CPE_REPRESENTATION,N/A,MODERATE,true,PRODUCT_WITHOUT_CONFIRMED_DIRECT_CPE,control=/usr/lib/opkg/info/urngd.control; list=/usr/lib/opkg/info/urngd.list; status_version_matches=True
200048,usign,2020-05-23-f1f65026-1,cpe:2.3:a:usign:usign:2020-05-23-f1f65026-1:*:*:*:*:*:*:*,package/system/usign,usign,OpenWrt signature verification utility,files=2; exec=2; lib=0; plugin=0; kmod=0; paths=/usr/bin/usign | /usr/bin/signify,usign,OpenWrt,2020-05-23-f1f65026,PRODUCT_IDENTITY_CONFIRMED,"Exact control Source, description, and core executable/library payload establish the OpenWrt software product independently of CPE metadata.",Source=package/system/usign; Description=OpenWrt signature verification utility; paths=/usr/bin/usign | /usr/bin/signify; siblings=usign,DATE_OR_GIT_SOURCE_VERSION,"Date/hash structure, SourceDateEpoch, and official OpenWrt PKG_RELEASE policy jointly identify only the final suffix as packaging metadata.",a:openwrt:usign,EXACT_OPENWRT_PROJECT_AND_PRODUCT_IDENTITY_TUPLE,NO_DIRECT_CPE,,,NOT_ENCOUNTERED,,true,false,,,DIRECT_OFFICIAL_CPE_NOT_CONFIRMED,NO_CPE_REPRESENTATION,N/A,MODERATE,true,PRODUCT_WITHOUT_CONFIRMED_DIRECT_CPE,control=/usr/lib/opkg/info/usign.control; list=/usr/lib/opkg/info/usign.list; status_version_matches=True
200049,vuci-app-access-control-api,1,cpe:2.3:a:vuci-app-access-control-api:vuci-app-access-control-api:1:*:*:*:*:*:*:*,feeds/vuci/applications/vuci-app-access-control/vuci-app-access-control-api,vuci-app-access-control-api,VuCI API Support for Access Control,files=8; exec=0; lib=0; plugin=7; kmod=0; paths=/usr/lib/lua/api/system/access_control_ssh.lua | /usr/lib/lua/api/system/access_control_cli.lua | /usr/share/rpcd/acl.d/access_control.json,vuci app access control api,Teltonika,1,DIRECT_SUBCOMPONENT_NO_PARENT_INHERITANCE,"VuCI API/UI package is a feature module of the firmware interface, not an independently versioned parent product.",Exact control/list/status: Source=feeds/vuci/applications/vuci-app-access-control/vuci-app-access-control-api; role=PLUGIN_OR_MODULE; Description=VuCI API Support for Access Control; paths=/usr/lib/lua/api/system/access_control_ssh.lua | /usr/lib/lua/api/system/access_control_cli.lua | /usr/share/rpcd/acl.d/access_control.json,OBSERVED_COMPONENT_VERSION_PRESERVED_NO_PARENT_MAPPING,Exact installed control Version equals the SBOM version; no parent product version is inferred.,,,NO_DIRECT_CPE,,,NOT_ENCOUNTERED,,false,false,,,DIRECT_OFFICIAL_CPE_NOT_CONFIRMED,NON_DIRECT_SUBCOMPONENT,N/A,MODERATE,false,,control=/usr/lib/opkg/info/vuci-app-access-control-api.control; list=/usr/lib/opkg/info/vuci-app-access-control-api.list; status_version_matches=True
200050,vuci-app-access-control-ui,2025-07-02-0eab43c-1,cpe:2.3:a:vuci-app-access-control-ui:vuci-app-access-control-ui:2025-07-02-0eab43c-1:*:*:*:*:*:*:*,feeds/vuci/applications/vuci-app-access-control/vuci-app-access-control-ui,vuci-app-access-control-ui,VuCI UI Support for Access Control,files=0; exec=0; lib=0; plugin=0; kmod=0; paths=,vuci app access control ui,Teltonika,2025-07-02-0eab43c-1,DIRECT_SUBCOMPONENT_NO_PARENT_INHERITANCE,"VuCI API/UI package is a feature module of the firmware interface, not an independently versioned parent product.",Exact control/list/status: Source=feeds/vuci/applications/vuci-app-access-control/vuci-app-access-control-ui; role=PLUGIN_OR_MODULE; Description=VuCI UI Support for Access Control; paths=,OBSERVED_COMPONENT_VERSION_PRESERVED_NO_PARENT_MAPPING,Exact installed control Version equals the SBOM version; no parent product version is inferred.,,,NO_DIRECT_CPE,,,NOT_ENCOUNTERED,,false,false,,,DIRECT_OFFICIAL_CPE_NOT_CONFIRMED,NON_DIRECT_SUBCOMPONENT,N/A,MODERATE,false,,control=/usr/lib/opkg/info/vuci-app-access-control-ui.control; list=/usr/lib/opkg/info/vuci-app-access-control-ui.list; status_version_matches=True
200051,vuci-app-administration-api,1,cpe:2.3:a:vuci-app-administration-api:vuci-app-administration-api:1:*:*:*:*:*:*:*,feeds/vuci/applications/vuci-app-administration/vuci-app-administration-api,vuci-app-administration-api,VuCI API Support for Administration,files=5; exec=0; lib=0; plugin=4; kmod=0; paths=/usr/lib/lua/api/system/banner.lua | /usr/lib/lua/api/system/ledman.lua | /usr/share/rpcd/acl.d/admin.json,vuci app administration api,Teltonika,1,DIRECT_SUBCOMPONENT_NO_PARENT_INHERITANCE,"VuCI API/UI package is a feature module of the firmware interface, not an independently versioned parent product.",Exact control/list/status: Source=feeds/vuci/applications/vuci-app-administration/vuci-app-administration-api; role=PLUGIN_OR_MODULE; Description=VuCI API Support for Administration; paths=/usr/lib/lua/api/system/banner.lua | /usr/lib/lua/api/system/ledman.lua | /usr/share/rpcd/acl.d/admin.json,OBSERVED_COMPONENT_VERSION_PRESERVED_NO_PARENT_MAPPING,Exact installed control Version equals the SBOM version; no parent product version is inferred.,,,NO_DIRECT_CPE,,,NOT_ENCOUNTERED,,false,false,,,DIRECT_OFFICIAL_CPE_NOT_CONFIRMED,NON_DIRECT_SUBCOMPONENT,N/A,MODERATE,false,,control=/usr/lib/opkg/info/vuci-app-administration-api.control; list=/usr/lib/opkg/info/vuci-app-administration-api.list; status_version_matches=True
200052,vuci-app-administration-ui,2025-07-02-0eab43c-1,cpe:2.3:a:vuci-app-administration-ui:vuci-app-administration-ui:2025-07-02-0eab43c-1:*:*:*:*:*:*:*,feeds/vuci/applications/vuci-app-administration/vuci-app-administration-ui,vuci-app-administration-ui,VuCI UI Support for Administration,files=0; exec=0; lib=0; plugin=0; kmod=0; paths=,vuci app administration ui,Teltonika,2025-07-02-0eab43c-1,DIRECT_SUBCOMPONENT_NO_PARENT_INHERITANCE,"VuCI API/UI package is a feature module of the firmware interface, not an independently versioned parent product.",Exact control/list/status: Source=feeds/vuci/applications/vuci-app-administration/vuci-app-administration-ui; role=PLUGIN_OR_MODULE; Description=VuCI UI Support for Administration; paths=,OBSERVED_COMPONENT_VERSION_PRESERVED_NO_PARENT_MAPPING,Exact installed control Version equals the SBOM version; no parent product version is inferred.,,,NO_DIRECT_CPE,,,NOT_ENCOUNTERED,,false,false,,,DIRECT_OFFICIAL_CPE_NOT_CONFIRMED,NON_DIRECT_SUBCOMPONENT,N/A,MODERATE,false,,control=/usr/lib/opkg/info/vuci-app-administration-ui.control; list=/usr/lib/opkg/info/vuci-app-administration-ui.list; status_version_matches=True
200053,vuci-app-auto-reboot-api,1,cpe:2.3:a:vuci-app-auto-reboot-api:vuci-app-auto-reboot-api:1:*:*:*:*:*:*:*,feeds/vuci/applications/vuci-app-auto-reboot/vuci-app-auto-reboot-api,vuci-app-auto-reboot-api,VuCI API Support for Auto Reboot,files=3; exec=0; lib=0; plugin=2; kmod=0; paths=/usr/lib/lua/api/services/ping_reboot.lua | /usr/lib/lua/api/services/periodic_reboot.lua | /usr/share/rpcd/acl.d/autoreboot.json,vuci app auto reboot api,Teltonika,1,DIRECT_SUBCOMPONENT_NO_PARENT_INHERITANCE,"VuCI API/UI package is a feature module of the firmware interface, not an independently versioned parent product.",Exact control/list/status: Source=feeds/vuci/applications/vuci-app-auto-reboot/vuci-app-auto-reboot-api; role=PLUGIN_OR_MODULE; Description=VuCI API Support for Auto Reboot; paths=/usr/lib/lua/api/services/ping_reboot.lua | /usr/lib/lua/api/services/periodic_reboot.lua | /usr/share/rpcd/acl.d/autoreboot.json,OBSERVED_COMPONENT_VERSION_PRESERVED_NO_PARENT_MAPPING,Exact installed control Version equals the SBOM version; no parent product version is inferred.,,,NO_DIRECT_CPE,,,NOT_ENCOUNTERED,,false,false,,,DIRECT_OFFICIAL_CPE_NOT_CONFIRMED,NON_DIRECT_SUBCOMPONENT,N/A,MODERATE,false,,control=/usr/lib/opkg/info/vuci-app-auto-reboot-api.control; list=/usr/lib/opkg/info/vuci-app-auto-reboot-api.list; status_version_matches=True
200054,vuci-app-auto-reboot-ui,2025-07-02-0eab43c-1,cpe:2.3:a:vuci-app-auto-reboot-ui:vuci-app-auto-reboot-ui:2025-07-02-0eab43c-1:*:*:*:*:*:*:*,feeds/vuci/applications/vuci-app-auto-reboot/vuci-app-auto-reboot-ui,vuci-app-auto-reboot-ui,VuCI UI Support for Auto Reboot,files=0; exec=0; lib=0; plugin=0; kmod=0; paths=,vuci app auto reboot ui,Teltonika,2025-07-02-0eab43c-1,DIRECT_SUBCOMPONENT_NO_PARENT_INHERITANCE,"VuCI API/UI package is a feature module of the firmware interface, not an independently versioned parent product.",Exact control/list/status: Source=feeds/vuci/applications/vuci-app-auto-reboot/vuci-app-auto-reboot-ui; role=PLUGIN_OR_MODULE; Description=VuCI UI Support for Auto Reboot; paths=,OBSERVED_COMPONENT_VERSION_PRESERVED_NO_PARENT_MAPPING,Exact installed control Version equals the SBOM version; no parent product version is inferred.,,,NO_DIRECT_CPE,,,NOT_ENCOUNTERED,,false,false,,,DIRECT_OFFICIAL_CPE_NOT_CONFIRMED,NON_DIRECT_SUBCOMPONENT,N/A,MODERATE,false,,control=/usr/lib/opkg/info/vuci-app-auto-reboot-ui.control; list=/usr/lib/opkg/info/vuci-app-auto-reboot-ui.list; status_version_matches=True
200055,vuci-app-backup-api,1,cpe:2.3:a:vuci-app-backup-api:vuci-app-backup-api:1:*:*:*:*:*:*:*,feeds/vuci/applications/vuci-app-backup/vuci-app-backup-api,vuci-app-backup-api,VuCI API Support for Backup,files=3; exec=0; lib=0; plugin=1; kmod=0; paths=/usr/lib/lua/api/system/backup.lua | /usr/share/rpcd/acl.d/reset.json | /usr/share/rpcd/acl.d/backup.json,vuci app backup api,Teltonika,1,DIRECT_SUBCOMPONENT_NO_PARENT_INHERITANCE,"VuCI API/UI package is a feature module of the firmware interface, not an independently versioned parent product.",Exact control/list/status: Source=feeds/vuci/applications/vuci-app-backup/vuci-app-backup-api; role=PLUGIN_OR_MODULE; Description=VuCI API Support for Backup; paths=/usr/lib/lua/api/system/backup.lua | /usr/share/rpcd/acl.d/reset.json | /usr/share/rpcd/acl.d/backup.json,OBSERVED_COMPONENT_VERSION_PRESERVED_NO_PARENT_MAPPING,Exact installed control Version equals the SBOM version; no parent product version is inferred.,,,NO_DIRECT_CPE,,,NOT_ENCOUNTERED,,false,false,,,DIRECT_OFFICIAL_CPE_NOT_CONFIRMED,NON_DIRECT_SUBCOMPONENT,N/A,MODERATE,false,,control=/usr/lib/opkg/info/vuci-app-backup-api.control; list=/usr/lib/opkg/info/vuci-app-backup-api.list; status_version_matches=True
200056,vuci-app-backup-ui,2025-07-02-0eab43c-1,cpe:2.3:a:vuci-app-backup-ui:vuci-app-backup-ui:2025-07-02-0eab43c-1:*:*:*:*:*:*:*,feeds/vuci/applications/vuci-app-backup/vuci-app-backup-ui,vuci-app-backup-ui,VuCI UI Support for Backup,files=0; exec=0; lib=0; plugin=0; kmod=0; paths=,vuci app backup ui,Teltonika,2025-07-02-0eab43c-1,DIRECT_SUBCOMPONENT_NO_PARENT_INHERITANCE,"VuCI API/UI package is a feature module of the firmware interface, not an independently versioned parent product.",Exact control/list/status: Source=feeds/vuci/applications/vuci-app-backup/vuci-app-backup-ui; role=PLUGIN_OR_MODULE; Description=VuCI UI Support for Backup; paths=,OBSERVED_COMPONENT_VERSION_PRESERVED_NO_PARENT_MAPPING,Exact installed control Version equals the SBOM version; no parent product version is inferred.,,,NO_DIRECT_CPE,,,NOT_ENCOUNTERED,,false,false,,,DIRECT_OFFICIAL_CPE_NOT_CONFIRMED,NON_DIRECT_SUBCOMPONENT,N/A,MODERATE,false,,control=/usr/lib/opkg/info/vuci-app-backup-ui.control; list=/usr/lib/opkg/info/vuci-app-backup-ui.list; status_version_matches=True
200057,vuci-app-call-utilities-api,1,cpe:2.3:a:vuci-app-call-utilities-api:vuci-app-call-utilities-api:1:*:*:*:*:*:*:*,feeds/vuci/applications/vuci-app-call-utilities/vuci-app-call-utilities-api,vuci-app-call-utilities-api,VuCI API Support for Call Utilities,files=3; exec=0; lib=0; plugin=2; kmod=0; paths=/usr/lib/lua/api/services/call_utilities/call_general.lua | /usr/lib/lua/api/services/call_utilities/call_rules.lua | /usr/share/rpcd/acl.d/call_utilities.json,vuci app call utilities api,Teltonika,1,DIRECT_SUBCOMPONENT_NO_PARENT_INHERITANCE,"VuCI API/UI package is a feature module of the firmware interface, not an independently versioned parent product.",Exact control/list/status: Source=feeds/vuci/applications/vuci-app-call-utilities/vuci-app-call-utilities-api; role=PLUGIN_OR_MODULE; Description=VuCI API Support for Call Utilities; paths=/usr/lib/lua/api/services/call_utilities/call_general.lua | /usr/lib/lua/api/services/call_utilities/call_rules.lua | /usr/share/rpcd/acl.d/call_utilities.json,OBSERVED_COMPONENT_VERSION_PRESERVED_NO_PARENT_MAPPING,Exact installed control Version equals the SBOM version; no parent product version is inferred.,,,NO_DIRECT_CPE,,,NOT_ENCOUNTERED,,false,false,,,DIRECT_OFFICIAL_CPE_NOT_CONFIRMED,NON_DIRECT_SUBCOMPONENT,N/A,MODERATE,false,,control=/usr/lib/opkg/info/vuci-app-call-utilities-api.control; list=/usr/lib/opkg/info/vuci-app-call-utilities-api.list; status_version_matches=True
200058,vuci-app-call-utilities-ui,2025-07-02-0eab43c-1,cpe:2.3:a:vuci-app-call-utilities-ui:vuci-app-call-utilities-ui:2025-07-02-0eab43c-1:*:*:*:*:*:*:*,feeds/vuci/applications/vuci-app-call-utilities/vuci-app-call-utilities-ui,vuci-app-call-utilities-ui,VuCI UI Support for Call Utilities,files=0; exec=0; lib=0; plugin=0; kmod=0; paths=,vuci app call utilities ui,Teltonika,2025-07-02-0eab43c-1,DIRECT_SUBCOMPONENT_NO_PARENT_INHERITANCE,"VuCI API/UI package is a feature module of the firmware interface, not an independently versioned parent product.",Exact control/list/status: Source=feeds/vuci/applications/vuci-app-call-utilities/vuci-app-call-utilities-ui; role=PLUGIN_OR_MODULE; Description=VuCI UI Support for Call Utilities; paths=,OBSERVED_COMPONENT_VERSION_PRESERVED_NO_PARENT_MAPPING,Exact installed control Version equals the SBOM version; no parent product version is inferred.,,,NO_DIRECT_CPE,,,NOT_ENCOUNTERED,,false,false,,,DIRECT_OFFICIAL_CPE_NOT_CONFIRMED,NON_DIRECT_SUBCOMPONENT,N/A,MODERATE,false,,control=/usr/lib/opkg/info/vuci-app-call-utilities-ui.control; list=/usr/lib/opkg/info/vuci-app-call-utilities-ui.list; status_version_matches=True
200059,vuci-app-certificates-api,1,cpe:2.3:a:vuci-app-certificates-api:vuci-app-certificates-api:1:*:*:*:*:*:*:*,feeds/vuci/applications/vuci-app-certificates/vuci-app-certificates-api,vuci-app-certificates-api,VuCI API Support for Certificates,files=3; exec=0; lib=0; plugin=2; kmod=0; paths=/usr/lib/lua/api/system/certificates.lua | /usr/lib/lua/api/system/root_ca.lua | /usr/share/rpcd/acl.d/certificates.json,vuci app certificates api,Teltonika,1,DIRECT_SUBCOMPONENT_NO_PARENT_INHERITANCE,"VuCI API/UI package is a feature module of the firmware interface, not an independently versioned parent product.",Exact control/list/status: Source=feeds/vuci/applications/vuci-app-certificates/vuci-app-certificates-api; role=PLUGIN_OR_MODULE; Description=VuCI API Support for Certificates; paths=/usr/lib/lua/api/system/certificates.lua | /usr/lib/lua/api/system/root_ca.lua | /usr/share/rpcd/acl.d/certificates.json,OBSERVED_COMPONENT_VERSION_PRESERVED_NO_PARENT_MAPPING,Exact installed control Version equals the SBOM version; no parent product version is inferred.,,,NO_DIRECT_CPE,,,NOT_ENCOUNTERED,,false,false,,,DIRECT_OFFICIAL_CPE_NOT_CONFIRMED,NON_DIRECT_SUBCOMPONENT,N/A,MODERATE,false,,control=/usr/lib/opkg/info/vuci-app-certificates-api.control; list=/usr/lib/opkg/info/vuci-app-certificates-api.list; status_version_matches=True
200060,vuci-app-certificates-ui,2025-07-02-0eab43c-1,cpe:2.3:a:vuci-app-certificates-ui:vuci-app-certificates-ui:2025-07-02-0eab43c-1:*:*:*:*:*:*:*,feeds/vuci/applications/vuci-app-certificates/vuci-app-certificates-ui,vuci-app-certificates-ui,VuCI UI Support for Certificates,files=0; exec=0; lib=0; plugin=0; kmod=0; paths=,vuci app certificates ui,Teltonika,2025-07-02-0eab43c-1,DIRECT_SUBCOMPONENT_NO_PARENT_INHERITANCE,"VuCI API/UI package is a feature module of the firmware interface, not an independently versioned parent product.",Exact control/list/status: Source=feeds/vuci/applications/vuci-app-certificates/vuci-app-certificates-ui; role=PLUGIN_OR_MODULE; Description=VuCI UI Support for Certificates; paths=,OBSERVED_COMPONENT_VERSION_PRESERVED_NO_PARENT_MAPPING,Exact installed control Version equals the SBOM version; no parent product version is inferred.,,,NO_DIRECT_CPE,,,NOT_ENCOUNTERED,,false,false,,,DIRECT_OFFICIAL_CPE_NOT_CONFIRMED,NON_DIRECT_SUBCOMPONENT,N/A,MODERATE,false,,control=/usr/lib/opkg/info/vuci-app-certificates-ui.control; list=/usr/lib/opkg/info/vuci-app-certificates-ui.list; status_version_matches=True
200061,vuci-app-channel-analysis-api,1,cpe:2.3:a:vuci-app-channel-analysis-api:vuci-app-channel-analysis-api:1:*:*:*:*:*:*:*,feeds/vuci/applications/vuci-app-channel-analysis/vuci-app-channel-analysis-api,vuci-app-channel-analysis-api,VuCI API Support for Channel Analysis,files=1; exec=0; lib=0; plugin=0; kmod=0; paths=/usr/share/rpcd/acl.d/channelanalysis.json,vuci app channel analysis api,Teltonika,1,DIRECT_SUBCOMPONENT_NO_PARENT_INHERITANCE,"VuCI API/UI package is a feature module of the firmware interface, not an independently versioned parent product.",Exact control/list/status: Source=feeds/vuci/applications/vuci-app-channel-analysis/vuci-app-channel-analysis-api; role=PLUGIN_OR_MODULE; Description=VuCI API Support for Channel Analysis; paths=/usr/share/rpcd/acl.d/channelanalysis.json,OBSERVED_COMPONENT_VERSION_PRESERVED_NO_PARENT_MAPPING,Exact installed control Version equals the SBOM version; no parent product version is inferred.,,,NO_DIRECT_CPE,,,NOT_ENCOUNTERED,,false,false,,,DIRECT_OFFICIAL_CPE_NOT_CONFIRMED,NON_DIRECT_SUBCOMPONENT,N/A,MODERATE,false,,control=/usr/lib/opkg/info/vuci-app-channel-analysis-api.control; list=/usr/lib/opkg/info/vuci-app-channel-analysis-api.list; status_version_matches=True
200062,vuci-app-channel-analysis-ui,2025-07-02-0eab43c-1,cpe:2.3:a:vuci-app-channel-analysis-ui:vuci-app-channel-analysis-ui:2025-07-02-0eab43c-1:*:*:*:*:*:*:*,feeds/vuci/applications/vuci-app-channel-analysis/vuci-app-channel-analysis-ui,vuci-app-channel-analysis-ui,VuCI UI Support for Channel Analysis,files=0; exec=0; lib=0; plugin=0; kmod=0; paths=,vuci app channel analysis ui,Teltonika,2025-07-02-0eab43c-1,DIRECT_SUBCOMPONENT_NO_PARENT_INHERITANCE,"VuCI API/UI package is a feature module of the firmware interface, not an independently versioned parent product.",Exact control/list/status: Source=feeds/vuci/applications/vuci-app-channel-analysis/vuci-app-channel-analysis-ui; role=PLUGIN_OR_MODULE; Description=VuCI UI Support for Channel Analysis; paths=,OBSERVED_COMPONENT_VERSION_PRESERVED_NO_PARENT_MAPPING,Exact installed control Version equals the SBOM version; no parent product version is inferred.,,,NO_DIRECT_CPE,,,NOT_ENCOUNTERED,,false,false,,,DIRECT_OFFICIAL_CPE_NOT_CONFIRMED,NON_DIRECT_SUBCOMPONENT,N/A,MODERATE,false,,control=/usr/lib/opkg/info/vuci-app-channel-analysis-ui.control; list=/usr/lib/opkg/info/vuci-app-channel-analysis-ui.list; status_version_matches=True
200063,vuci-app-cli-api,1,cpe:2.3:a:vuci-app-cli-api:vuci-app-cli-api:1:*:*:*:*:*:*:*,feeds/vuci/applications/vuci-app-cli/vuci-app-cli-api,vuci-app-cli-api,VuCI API Support for cli,files=1; exec=0; lib=0; plugin=0; kmod=0; paths=/usr/share/rpcd/acl.d/cli.json,vuci app cli api,Teltonika,1,DIRECT_SUBCOMPONENT_NO_PARENT_INHERITANCE,"VuCI API/UI package is a feature module of the firmware interface, not an independently versioned parent product.",Exact control/list/status: Source=feeds/vuci/applications/vuci-app-cli/vuci-app-cli-api; role=PLUGIN_OR_MODULE; Description=VuCI API Support for cli; paths=/usr/share/rpcd/acl.d/cli.json,OBSERVED_COMPONENT_VERSION_PRESERVED_NO_PARENT_MAPPING,Exact installed control Version equals the SBOM version; no parent product version is inferred.,,,NO_DIRECT_CPE,,,NOT_ENCOUNTERED,,false,false,,,DIRECT_OFFICIAL_CPE_NOT_CONFIRMED,NON_DIRECT_SUBCOMPONENT,N/A,MODERATE,false,,control=/usr/lib/opkg/info/vuci-app-cli-api.control; list=/usr/lib/opkg/info/vuci-app-cli-api.list; status_version_matches=True
200064,vuci-app-cli-ui,2025-07-02-0eab43c-1,cpe:2.3:a:vuci-app-cli-ui:vuci-app-cli-ui:2025-07-02-0eab43c-1:*:*:*:*:*:*:*,feeds/vuci/applications/vuci-app-cli/vuci-app-cli-ui,vuci-app-cli-ui,VuCI UI Support for cli,files=0; exec=0; lib=0; plugin=0; kmod=0; paths=,vuci app cli ui,Teltonika,2025-07-02-0eab43c-1,DIRECT_SUBCOMPONENT_NO_PARENT_INHERITANCE,"VuCI API/UI package is a feature module of the firmware interface, not an independently versioned parent product.",Exact control/list/status: Source=feeds/vuci/applications/vuci-app-cli/vuci-app-cli-ui; role=PLUGIN_OR_MODULE; Description=VuCI UI Support for cli; paths=,OBSERVED_COMPONENT_VERSION_PRESERVED_NO_PARENT_MAPPING,Exact installed control Version equals the SBOM version; no parent product version is inferred.,,,NO_DIRECT_CPE,,,NOT_ENCOUNTERED,,false,false,,,DIRECT_OFFICIAL_CPE_NOT_CONFIRMED,NON_DIRECT_SUBCOMPONENT,N/A,MODERATE,false,,control=/usr/lib/opkg/info/vuci-app-cli-ui.control; list=/usr/lib/opkg/info/vuci-app-cli-ui.list; status_version_matches=True
200065,vuci-app-core-api,1,cpe:2.3:a:vuci-app-core-api:vuci-app-core-api:1:*:*:*:*:*:*:*,feeds/vuci/applications/vuci-app-core/vuci-app-core-api,vuci-app-core-api,VuCI API Support for Core,files=2; exec=0; lib=0; plugin=0; kmod=0; paths=/usr/share/rpcd/acl.d/serial.json | /usr/share/rpcd/acl.d/core.json,vuci app core api,Teltonika,1,DIRECT_SUBCOMPONENT_NO_PARENT_INHERITANCE,"VuCI API/UI package is a feature module of the firmware interface, not an independently versioned parent product.",Exact control/list/status: Source=feeds/vuci/applications/vuci-app-core/vuci-app-core-api; role=PLUGIN_OR_MODULE; Description=VuCI API Support for Core; paths=/usr/share/rpcd/acl.d/serial.json | /usr/share/rpcd/acl.d/core.json,OBSERVED_COMPONENT_VERSION_PRESERVED_NO_PARENT_MAPPING,Exact installed control Version equals the SBOM version; no parent product version is inferred.,,,NO_DIRECT_CPE,,,NOT_ENCOUNTERED,,false,false,,,DIRECT_OFFICIAL_CPE_NOT_CONFIRMED,NON_DIRECT_SUBCOMPONENT,N/A,MODERATE,false,,control=/usr/lib/opkg/info/vuci-app-core-api.control; list=/usr/lib/opkg/info/vuci-app-core-api.list; status_version_matches=True
200066,vuci-app-core-ui,2025-07-02-0eab43c-1,cpe:2.3:a:vuci-app-core-ui:vuci-app-core-ui:2025-07-02-0eab43c-1:*:*:*:*:*:*:*,feeds/vuci/applications/vuci-app-core/vuci-app-core-ui,vuci-app-core-ui,VuCI UI Support for Core,files=0; exec=0; lib=0; plugin=0; kmod=0; paths=,vuci app core ui,Teltonika,2025-07-02-0eab43c-1,DIRECT_SUBCOMPONENT_NO_PARENT_INHERITANCE,"VuCI API/UI package is a feature module of the firmware interface, not an independently versioned parent product.",Exact control/list/status: Source=feeds/vuci/applications/vuci-app-core/vuci-app-core-ui; role=PLUGIN_OR_MODULE; Description=VuCI UI Support for Core; paths=,OBSERVED_COMPONENT_VERSION_PRESERVED_NO_PARENT_MAPPING,Exact installed control Version equals the SBOM version; no parent product version is inferred.,,,NO_DIRECT_CPE,,,NOT_ENCOUNTERED,,false,false,,,DIRECT_OFFICIAL_CPE_NOT_CONFIRMED,NON_DIRECT_SUBCOMPONENT,N/A,MODERATE,false,,control=/usr/lib/opkg/info/vuci-app-core-ui.control; list=/usr/lib/opkg/info/vuci-app-core-ui.list; status_version_matches=True
200067,vuci-app-data-sender-api,1,cpe:2.3:a:vuci-app-data-sender-api:vuci-app-data-sender-api:1:*:*:*:*:*:*:*,feeds/vuci/applications/vuci-app-data-sender/vuci-app-data-sender-api,vuci-app-data-sender-api,VuCI API Support for Data Sender,files=7; exec=0; lib=0; plugin=6; kmod=0; paths=/usr/lib/lua/api/services/data_sender_format.lua | /usr/lib/lua/api/services/data_sender_collections.lua | /usr/share/rpcd/acl.d/datasender.json,vuci app data sender api,Teltonika,1,DIRECT_SUBCOMPONENT_NO_PARENT_INHERITANCE,"VuCI API/UI package is a feature module of the firmware interface, not an independently versioned parent product.",Exact control/list/status: Source=feeds/vuci/applications/vuci-app-data-sender/vuci-app-data-sender-api; role=PLUGIN_OR_MODULE; Description=VuCI API Support for Data Sender; paths=/usr/lib/lua/api/services/data_sender_format.lua | /usr/lib/lua/api/services/data_sender_collections.lua | /usr/share/rpcd/acl.d/datasender.json,OBSERVED_COMPONENT_VERSION_PRESERVED_NO_PARENT_MAPPING,Exact installed control Version equals the SBOM version; no parent product version is inferred.,,,NO_DIRECT_CPE,,,NOT_ENCOUNTERED,,false,false,,,DIRECT_OFFICIAL_CPE_NOT_CONFIRMED,NON_DIRECT_SUBCOMPONENT,N/A,MODERATE,false,,control=/usr/lib/opkg/info/vuci-app-data-sender-api.control; list=/usr/lib/opkg/info/vuci-app-data-sender-api.list; status_version_matches=True
200068,vuci-app-data-sender-ui,2025-07-02-0eab43c-1,cpe:2.3:a:vuci-app-data-sender-ui:vuci-app-data-sender-ui:2025-07-02-0eab43c-1:*:*:*:*:*:*:*,feeds/vuci/applications/vuci-app-data-sender/vuci-app-data-sender-ui,vuci-app-data-sender-ui,VuCI UI Support for Data Sender,files=0; exec=0; lib=0; plugin=0; kmod=0; paths=,vuci app data sender ui,Teltonika,2025-07-02-0eab43c-1,DIRECT_SUBCOMPONENT_NO_PARENT_INHERITANCE,"VuCI API/UI package is a feature module of the firmware interface, not an independently versioned parent product.",Exact control/list/status: Source=feeds/vuci/applications/vuci-app-data-sender/vuci-app-data-sender-ui; role=PLUGIN_OR_MODULE; Description=VuCI UI Support for Data Sender; paths=,OBSERVED_COMPONENT_VERSION_PRESERVED_NO_PARENT_MAPPING,Exact installed control Version equals the SBOM version; no parent product version is inferred.,,,NO_DIRECT_CPE,,,NOT_ENCOUNTERED,,false,false,,,DIRECT_OFFICIAL_CPE_NOT_CONFIRMED,NON_DIRECT_SUBCOMPONENT,N/A,MODERATE,false,,control=/usr/lib/opkg/info/vuci-app-data-sender-ui.control; list=/usr/lib/opkg/info/vuci-app-data-sender-ui.list; status_version_matches=True
200069,vuci-app-ddns-api,1,cpe:2.3:a:vuci-app-ddns-api:vuci-app-ddns-api:1:*:*:*:*:*:*:*,feeds/vuci/applications/vuci-app-ddns/vuci-app-ddns-api,vuci-app-ddns-api,VuCI API Support for Dynamic DNS,files=3; exec=0; lib=0; plugin=2; kmod=0; paths=/usr/lib/lua/luci/tools/ddns.lua | /usr/lib/lua/api/services/ddns.lua | /usr/share/rpcd/acl.d/ddns.json,vuci app ddns api,Teltonika,1,DIRECT_SUBCOMPONENT_NO_PARENT_INHERITANCE,"VuCI API/UI package is a feature module of the firmware interface, not an independently versioned parent product.",Exact control/list/status: Source=feeds/vuci/applications/vuci-app-ddns/vuci-app-ddns-api; role=PLUGIN_OR_MODULE; Description=VuCI API Support for Dynamic DNS; paths=/usr/lib/lua/luci/tools/ddns.lua | /usr/lib/lua/api/services/ddns.lua | /usr/share/rpcd/acl.d/ddns.json,OBSERVED_COMPONENT_VERSION_PRESERVED_NO_PARENT_MAPPING,Exact installed control Version equals the SBOM version; no parent product version is inferred.,,,NO_DIRECT_CPE,,,NOT_ENCOUNTERED,,false,false,,,DIRECT_OFFICIAL_CPE_NOT_CONFIRMED,NON_DIRECT_SUBCOMPONENT,N/A,MODERATE,false,,control=/usr/lib/opkg/info/vuci-app-ddns-api.control; list=/usr/lib/opkg/info/vuci-app-ddns-api.list; status_version_matches=True
200070,vuci-app-ddns-ui,2025-07-02-0eab43c-1,cpe:2.3:a:vuci-app-ddns-ui:vuci-app-ddns-ui:2025-07-02-0eab43c-1:*:*:*:*:*:*:*,feeds/vuci/applications/vuci-app-ddns/vuci-app-ddns-ui,vuci-app-ddns-ui,"Dynamic DNS (DDNS or DynDNS) is a method of automatically updating
a name server in the Domain Name System (DNS). This is most often
utilized when the end user has a dynamic IP address and wants to
bind it to a static hostname.",files=0; exec=0; lib=0; plugin=0; kmod=0; paths=,vuci app ddns ui,Teltonika,2025-07-02-0eab43c-1,DIRECT_SUBCOMPONENT_NO_PARENT_INHERITANCE,"VuCI API/UI package is a feature module of the firmware interface, not an independently versioned parent product.","Exact control/list/status: Source=feeds/vuci/applications/vuci-app-ddns/vuci-app-ddns-ui; role=PLUGIN_OR_MODULE; Description=Dynamic DNS (DDNS or DynDNS) is a method of automatically updating
a name server in the Domain Name System (DNS). This is most often
utilized when the end user has a dynamic IP address and wants to
bind it to a static hostname.; paths=",OBSERVED_COMPONENT_VERSION_PRESERVED_NO_PARENT_MAPPING,Exact installed control Version equals the SBOM version; no parent product version is inferred.,,,NO_DIRECT_CPE,,,NOT_ENCOUNTERED,,false,false,,,DIRECT_OFFICIAL_CPE_NOT_CONFIRMED,NON_DIRECT_SUBCOMPONENT,N/A,MODERATE,false,,control=/usr/lib/opkg/info/vuci-app-ddns-ui.control; list=/usr/lib/opkg/info/vuci-app-ddns-ui.list; status_version_matches=True
200071,vuci-app-dhcp-api,1,cpe:2.3:a:vuci-app-dhcp-api:vuci-app-dhcp-api:1:*:*:*:*:*:*:*,feeds/vuci/applications/vuci-app-dhcp/vuci-app-dhcp-api,vuci-app-dhcp-api,VuCI API Support for DHCP,files=7; exec=0; lib=0; plugin=6; kmod=0; paths=/usr/lib/lua/api/network/leases_status6.lua | /usr/lib/lua/api/network/static_leases.lua | /usr/share/rpcd/acl.d/dhcp_server.json,vuci app dhcp api,Teltonika,1,DIRECT_SUBCOMPONENT_NO_PARENT_INHERITANCE,"VuCI API/UI package is a feature module of the firmware interface, not an independently versioned parent product.",Exact control/list/status: Source=feeds/vuci/applications/vuci-app-dhcp/vuci-app-dhcp-api; role=PLUGIN_OR_MODULE; Description=VuCI API Support for DHCP; paths=/usr/lib/lua/api/network/leases_status6.lua | /usr/lib/lua/api/network/static_leases.lua | /usr/share/rpcd/acl.d/dhcp_server.json,OBSERVED_COMPONENT_VERSION_PRESERVED_NO_PARENT_MAPPING,Exact installed control Version equals the SBOM version; no parent product version is inferred.,,,NO_DIRECT_CPE,,,NOT_ENCOUNTERED,,false,false,,,DIRECT_OFFICIAL_CPE_NOT_CONFIRMED,NON_DIRECT_SUBCOMPONENT,N/A,MODERATE,false,,control=/usr/lib/opkg/info/vuci-app-dhcp-api.control; list=/usr/lib/opkg/info/vuci-app-dhcp-api.list; status_version_matches=True
200072,vuci-app-dhcp-ui,2025-07-02-0eab43c-1,cpe:2.3:a:vuci-app-dhcp-ui:vuci-app-dhcp-ui:2025-07-02-0eab43c-1:*:*:*:*:*:*:*,feeds/vuci/applications/vuci-app-dhcp/vuci-app-dhcp-ui,vuci-app-dhcp-ui,VuCI UI Support for DHCP,files=0; exec=0; lib=0; plugin=0; kmod=0; paths=,vuci app dhcp ui,Teltonika,2025-07-02-0eab43c-1,DIRECT_SUBCOMPONENT_NO_PARENT_INHERITANCE,"VuCI API/UI package is a feature module of the firmware interface, not an independently versioned parent product.",Exact control/list/status: Source=feeds/vuci/applications/vuci-app-dhcp/vuci-app-dhcp-ui; role=PLUGIN_OR_MODULE; Description=VuCI UI Support for DHCP; paths=,OBSERVED_COMPONENT_VERSION_PRESERVED_NO_PARENT_MAPPING,Exact installed control Version equals the SBOM version; no parent product version is inferred.,,,NO_DIRECT_CPE,,,NOT_ENCOUNTERED,,false,false,,,DIRECT_OFFICIAL_CPE_NOT_CONFIRMED,NON_DIRECT_SUBCOMPONENT,N/A,MODERATE,false,,control=/usr/lib/opkg/info/vuci-app-dhcp-ui.control; list=/usr/lib/opkg/info/vuci-app-dhcp-ui.list; status_version_matches=True
200073,vuci-app-dns-api,1,cpe:2.3:a:vuci-app-dns-api:vuci-app-dns-api:1:*:*:*:*:*:*:*,feeds/vuci/applications/vuci-app-dns/vuci-app-dns-api,vuci-app-dns-api,VuCI API Support for DNS,files=2; exec=0; lib=0; plugin=1; kmod=0; paths=/usr/lib/lua/api/network/dns.lua | /usr/share/rpcd/acl.d/dns.json,vuci app dns api,Teltonika,1,DIRECT_SUBCOMPONENT_NO_PARENT_INHERITANCE,"VuCI API/UI package is a feature module of the firmware interface, not an independently versioned parent product.",Exact control/list/status: Source=feeds/vuci/applications/vuci-app-dns/vuci-app-dns-api; role=PLUGIN_OR_MODULE; Description=VuCI API Support for DNS; paths=/usr/lib/lua/api/network/dns.lua | /usr/share/rpcd/acl.d/dns.json,OBSERVED_COMPONENT_VERSION_PRESERVED_NO_PARENT_MAPPING,Exact installed control Version equals the SBOM version; no parent product version is inferred.,,,NO_DIRECT_CPE,,,NOT_ENCOUNTERED,,false,false,,,DIRECT_OFFICIAL_CPE_NOT_CONFIRMED,NON_DIRECT_SUBCOMPONENT,N/A,MODERATE,false,,control=/usr/lib/opkg/info/vuci-app-dns-api.control; list=/usr/lib/opkg/info/vuci-app-dns-api.list; status_version_matches=True
200074,vuci-app-dns-ui,2025-07-02-0eab43c-1,cpe:2.3:a:vuci-app-dns-ui:vuci-app-dns-ui:2025-07-02-0eab43c-1:*:*:*:*:*:*:*,feeds/vuci/applications/vuci-app-dns/vuci-app-dns-ui,vuci-app-dns-ui,VuCI UI Support for DNS,files=0; exec=0; lib=0; plugin=0; kmod=0; paths=,vuci app dns ui,Teltonika,2025-07-02-0eab43c-1,DIRECT_SUBCOMPONENT_NO_PARENT_INHERITANCE,"VuCI API/UI package is a feature module of the firmware interface, not an independently versioned parent product.",Exact control/list/status: Source=feeds/vuci/applications/vuci-app-dns/vuci-app-dns-ui; role=PLUGIN_OR_MODULE; Description=VuCI UI Support for DNS; paths=,OBSERVED_COMPONENT_VERSION_PRESERVED_NO_PARENT_MAPPING,Exact installed control Version equals the SBOM version; no parent product version is inferred.,,,NO_DIRECT_CPE,,,NOT_ENCOUNTERED,,false,false,,,DIRECT_OFFICIAL_CPE_NOT_CONFIRMED,NON_DIRECT_SUBCOMPONENT,N/A,MODERATE,false,,control=/usr/lib/opkg/info/vuci-app-dns-ui.control; list=/usr/lib/opkg/info/vuci-app-dns-ui.list; status_version_matches=True
200075,vuci-app-event-juggler-api,1,cpe:2.3:a:vuci-app-event-juggler-api:vuci-app-event-juggler-api:1:*:*:*:*:*:*:*,feeds/vuci/applications/vuci-app-event-juggler/vuci-app-event-juggler-api,vuci-app-event-juggler-api,VuCI API Support for Event Juggler,files=7; exec=0; lib=0; plugin=6; kmod=0; paths=/usr/lib/lua/api/services/event_juggler_events.lua | /usr/lib/lua/api/services/event_juggler_conditions.lua | /usr/share/rpcd/acl.d/event_juggler.json,vuci app event juggler api,Teltonika,1,DIRECT_SUBCOMPONENT_NO_PARENT_INHERITANCE,"VuCI API/UI package is a feature module of the firmware interface, not an independently versioned parent product.",Exact control/list/status: Source=feeds/vuci/applications/vuci-app-event-juggler/vuci-app-event-juggler-api; role=PLUGIN_OR_MODULE; Description=VuCI API Support for Event Juggler; paths=/usr/lib/lua/api/services/event_juggler_events.lua | /usr/lib/lua/api/services/event_juggler_conditions.lua | /usr/share/rpcd/acl.d/event_juggler.json,OBSERVED_COMPONENT_VERSION_PRESERVED_NO_PARENT_MAPPING,Exact installed control Version equals the SBOM version; no parent product version is inferred.,,,NO_DIRECT_CPE,,,NOT_ENCOUNTERED,,false,false,,,DIRECT_OFFICIAL_CPE_NOT_CONFIRMED,NON_DIRECT_SUBCOMPONENT,N/A,MODERATE,false,,control=/usr/lib/opkg/info/vuci-app-event-juggler-api.control; list=/usr/lib/opkg/info/vuci-app-event-juggler-api.list; status_version_matches=True
200076,vuci-app-event-juggler-ui,2025-07-02-0eab43c-1,cpe:2.3:a:vuci-app-event-juggler-ui:vuci-app-event-juggler-ui:2025-07-02-0eab43c-1:*:*:*:*:*:*:*,feeds/vuci/applications/vuci-app-event-juggler/vuci-app-event-juggler-ui,vuci-app-event-juggler-ui,VuCI UI Support for Event Juggler,files=0; exec=0; lib=0; plugin=0; kmod=0; paths=,vuci app event juggler ui,Teltonika,2025-07-02-0eab43c-1,DIRECT_SUBCOMPONENT_NO_PARENT_INHERITANCE,"VuCI API/UI package is a feature module of the firmware interface, not an independently versioned parent product.",Exact control/list/status: Source=feeds/vuci/applications/vuci-app-event-juggler/vuci-app-event-juggler-ui; role=PLUGIN_OR_MODULE; Description=VuCI UI Support for Event Juggler; paths=,OBSERVED_COMPONENT_VERSION_PRESERVED_NO_PARENT_MAPPING,Exact installed control Version equals the SBOM version; no parent product version is inferred.,,,NO_DIRECT_CPE,,,NOT_ENCOUNTERED,,false,false,,,DIRECT_OFFICIAL_CPE_NOT_CONFIRMED,NON_DIRECT_SUBCOMPONENT,N/A,MODERATE,false,,control=/usr/lib/opkg/info/vuci-app-event-juggler-ui.control; list=/usr/lib/opkg/info/vuci-app-event-juggler-ui.list; status_version_matches=True
200077,vuci-app-events-reporting-api,1,cpe:2.3:a:vuci-app-events-reporting-api:vuci-app-events-reporting-api:1:*:*:*:*:*:*:*,feeds/vuci/applications/vuci-app-events-reporting/vuci-app-events-reporting-api,vuci-app-events-reporting-api,VuCI API Support for Events Reporting,files=3; exec=0; lib=0; plugin=2; kmod=0; paths=/usr/lib/lua/lualibparam.so | /usr/lib/lua/api/services/events_reporting.lua | /usr/share/rpcd/acl.d/eventsreporting.json,vuci app events reporting api,Teltonika,1,DIRECT_SUBCOMPONENT_NO_PARENT_INHERITANCE,"VuCI API/UI package is a feature module of the firmware interface, not an independently versioned parent product.",Exact control/list/status: Source=feeds/vuci/applications/vuci-app-events-reporting/vuci-app-events-reporting-api; role=PLUGIN_OR_MODULE; Description=VuCI API Support for Events Reporting; paths=/usr/lib/lua/lualibparam.so | /usr/lib/lua/api/services/events_reporting.lua | /usr/share/rpcd/acl.d/eventsreporting.json,OBSERVED_COMPONENT_VERSION_PRESERVED_NO_PARENT_MAPPING,Exact installed control Version equals the SBOM version; no parent product version is inferred.,,,NO_DIRECT_CPE,,,NOT_ENCOUNTERED,,false,false,,,DIRECT_OFFICIAL_CPE_NOT_CONFIRMED,NON_DIRECT_SUBCOMPONENT,N/A,MODERATE,false,,control=/usr/lib/opkg/info/vuci-app-events-reporting-api.control; list=/usr/lib/opkg/info/vuci-app-events-reporting-api.list; status_version_matches=True
200078,vuci-app-events-reporting-ui,2025-07-02-0eab43c-1,cpe:2.3:a:vuci-app-events-reporting-ui:vuci-app-events-reporting-ui:2025-07-02-0eab43c-1:*:*:*:*:*:*:*,feeds/vuci/applications/vuci-app-events-reporting/vuci-app-events-reporting-ui,vuci-app-events-reporting-ui,VuCI UI Support for Events Reporting,files=0; exec=0; lib=0; plugin=0; kmod=0; paths=,vuci app events reporting ui,Teltonika,2025-07-02-0eab43c-1,DIRECT_SUBCOMPONENT_NO_PARENT_INHERITANCE,"VuCI API/UI package is a feature module of the firmware interface, not an independently versioned parent product.",Exact control/list/status: Source=feeds/vuci/applications/vuci-app-events-reporting/vuci-app-events-reporting-ui; role=PLUGIN_OR_MODULE; Description=VuCI UI Support for Events Reporting; paths=,OBSERVED_COMPONENT_VERSION_PRESERVED_NO_PARENT_MAPPING,Exact installed control Version equals the SBOM version; no parent product version is inferred.,,,NO_DIRECT_CPE,,,NOT_ENCOUNTERED,,false,false,,,DIRECT_OFFICIAL_CPE_NOT_CONFIRMED,NON_DIRECT_SUBCOMPONENT,N/A,MODERATE,false,,control=/usr/lib/opkg/info/vuci-app-events-reporting-ui.control; list=/usr/lib/opkg/info/vuci-app-events-reporting-ui.list; status_version_matches=True
200079,vuci-app-firewall-api,1,cpe:2.3:a:vuci-app-firewall-api:vuci-app-firewall-api:1:*:*:*:*:*:*:*,feeds/vuci/applications/vuci-app-firewall/vuci-app-firewall-api,vuci-app-firewall-api,VuCI API Support for Firewall,files=20; exec=0; lib=0; plugin=19; kmod=0; paths=/usr/lib/lua/api/network/firewall/connections.lua | /usr/lib/lua/api/network/firewall/custom_rules.lua | /usr/share/rpcd/acl.d/firewall.json,vuci app firewall api,Teltonika,1,DIRECT_SUBCOMPONENT_NO_PARENT_INHERITANCE,"VuCI API/UI package is a feature module of the firmware interface, not an independently versioned parent product.",Exact control/list/status: Source=feeds/vuci/applications/vuci-app-firewall/vuci-app-firewall-api; role=PLUGIN_OR_MODULE; Description=VuCI API Support for Firewall; paths=/usr/lib/lua/api/network/firewall/connections.lua | /usr/lib/lua/api/network/firewall/custom_rules.lua | /usr/share/rpcd/acl.d/firewall.json,OBSERVED_COMPONENT_VERSION_PRESERVED_NO_PARENT_MAPPING,Exact installed control Version equals the SBOM version; no parent product version is inferred.,,,NO_DIRECT_CPE,,,NOT_ENCOUNTERED,,false,false,,,DIRECT_OFFICIAL_CPE_NOT_CONFIRMED,NON_DIRECT_SUBCOMPONENT,N/A,MODERATE,false,,control=/usr/lib/opkg/info/vuci-app-firewall-api.control; list=/usr/lib/opkg/info/vuci-app-firewall-api.list; status_version_matches=True
200080,vuci-app-firewall-ui,2025-07-02-0eab43c-1,cpe:2.3:a:vuci-app-firewall-ui:vuci-app-firewall-ui:2025-07-02-0eab43c-1:*:*:*:*:*:*:*,feeds/vuci/applications/vuci-app-firewall/vuci-app-firewall-ui,vuci-app-firewall-ui,VuCI UI Support for Firewall,files=0; exec=0; lib=0; plugin=0; kmod=0; paths=,vuci app firewall ui,Teltonika,2025-07-02-0eab43c-1,DIRECT_SUBCOMPONENT_NO_PARENT_INHERITANCE,"VuCI API/UI package is a feature module of the firmware interface, not an independently versioned parent product.",Exact control/list/status: Source=feeds/vuci/applications/vuci-app-firewall/vuci-app-firewall-ui; role=PLUGIN_OR_MODULE; Description=VuCI UI Support for Firewall; paths=,OBSERVED_COMPONENT_VERSION_PRESERVED_NO_PARENT_MAPPING,Exact installed control Version equals the SBOM version; no parent product version is inferred.,,,NO_DIRECT_CPE,,,NOT_ENCOUNTERED,,false,false,,,DIRECT_OFFICIAL_CPE_NOT_CONFIRMED,NON_DIRECT_SUBCOMPONENT,N/A,MODERATE,false,,control=/usr/lib/opkg/info/vuci-app-firewall-ui.control; list=/usr/lib/opkg/info/vuci-app-firewall-ui.list; status_version_matches=True
200081,vuci-app-firmware-api,1,cpe:2.3:a:vuci-app-firmware-api:vuci-app-firmware-api:1:*:*:*:*:*:*:*,feeds/vuci/applications/vuci-app-firmware/vuci-app-firmware-api,vuci-app-firmware-api,VuCI API Support for Firmware,files=5; exec=0; lib=0; plugin=4; kmod=0; paths=/usr/lib/lua/api/system/firmware_utils.lua | /usr/lib/lua/api/system/firmware_modem.lua | /usr/share/rpcd/acl.d/firmware.json,vuci app firmware api,Teltonika,1,DIRECT_SUBCOMPONENT_NO_PARENT_INHERITANCE,"VuCI API/UI package is a feature module of the firmware interface, not an independently versioned parent product.",Exact control/list/status: Source=feeds/vuci/applications/vuci-app-firmware/vuci-app-firmware-api; role=PLUGIN_OR_MODULE; Description=VuCI API Support for Firmware; paths=/usr/lib/lua/api/system/firmware_utils.lua | /usr/lib/lua/api/system/firmware_modem.lua | /usr/share/rpcd/acl.d/firmware.json,OBSERVED_COMPONENT_VERSION_PRESERVED_NO_PARENT_MAPPING,Exact installed control Version equals the SBOM version; no parent product version is inferred.,,,NO_DIRECT_CPE,,,NOT_ENCOUNTERED,,false,false,,,DIRECT_OFFICIAL_CPE_NOT_CONFIRMED,NON_DIRECT_SUBCOMPONENT,N/A,MODERATE,false,,control=/usr/lib/opkg/info/vuci-app-firmware-api.control; list=/usr/lib/opkg/info/vuci-app-firmware-api.list; status_version_matches=True
200082,vuci-app-firmware-ui,2025-07-02-0eab43c-1,cpe:2.3:a:vuci-app-firmware-ui:vuci-app-firmware-ui:2025-07-02-0eab43c-1:*:*:*:*:*:*:*,feeds/vuci/applications/vuci-app-firmware/vuci-app-firmware-ui,vuci-app-firmware-ui,VuCI UI Support for Firmware,files=0; exec=0; lib=0; plugin=0; kmod=0; paths=,vuci app firmware ui,Teltonika,2025-07-02-0eab43c-1,DIRECT_SUBCOMPONENT_NO_PARENT_INHERITANCE,"VuCI API/UI package is a feature module of the firmware interface, not an independently versioned parent product.",Exact control/list/status: Source=feeds/vuci/applications/vuci-app-firmware/vuci-app-firmware-ui; role=PLUGIN_OR_MODULE; Description=VuCI UI Support for Firmware; paths=,OBSERVED_COMPONENT_VERSION_PRESERVED_NO_PARENT_MAPPING,Exact installed control Version equals the SBOM version; no parent product version is inferred.,,,NO_DIRECT_CPE,,,NOT_ENCOUNTERED,,false,false,,,DIRECT_OFFICIAL_CPE_NOT_CONFIRMED,NON_DIRECT_SUBCOMPONENT,N/A,MODERATE,false,,control=/usr/lib/opkg/info/vuci-app-firmware-ui.control; list=/usr/lib/opkg/info/vuci-app-firmware-ui.list; status_version_matches=True
200083,vuci-app-getty-api,1,cpe:2.3:a:vuci-app-getty-api:vuci-app-getty-api:1:*:*:*:*:*:*:*,feeds/vuci/applications/vuci-app-getty/vuci-app-getty-api,vuci-app-getty-api,VuCI API Support for Getty,files=2; exec=0; lib=0; plugin=1; kmod=0; paths=/usr/lib/lua/api/services/console.lua | /usr/share/rpcd/acl.d/console.json,vuci app getty api,Teltonika,1,DIRECT_SUBCOMPONENT_NO_PARENT_INHERITANCE,"VuCI API/UI package is a feature module of the firmware interface, not an independently versioned parent product.",Exact control/list/status: Source=feeds/vuci/applications/vuci-app-getty/vuci-app-getty-api; role=PLUGIN_OR_MODULE; Description=VuCI API Support for Getty; paths=/usr/lib/lua/api/services/console.lua | /usr/share/rpcd/acl.d/console.json,OBSERVED_COMPONENT_VERSION_PRESERVED_NO_PARENT_MAPPING,Exact installed control Version equals the SBOM version; no parent product version is inferred.,,,NO_DIRECT_CPE,,,NOT_ENCOUNTERED,,false,false,,,DIRECT_OFFICIAL_CPE_NOT_CONFIRMED,NON_DIRECT_SUBCOMPONENT,N/A,MODERATE,false,,control=/usr/lib/opkg/info/vuci-app-getty-api.control; list=/usr/lib/opkg/info/vuci-app-getty-api.list; status_version_matches=True
200084,vuci-app-getty-ui,2025-07-02-0eab43c-1,cpe:2.3:a:vuci-app-getty-ui:vuci-app-getty-ui:2025-07-02-0eab43c-1:*:*:*:*:*:*:*,feeds/vuci/applications/vuci-app-getty/vuci-app-getty-ui,vuci-app-getty-ui,VuCI UI Support for Getty,files=0; exec=0; lib=0; plugin=0; kmod=0; paths=,vuci app getty ui,Teltonika,2025-07-02-0eab43c-1,DIRECT_SUBCOMPONENT_NO_PARENT_INHERITANCE,"VuCI API/UI package is a feature module of the firmware interface, not an independently versioned parent product.",Exact control/list/status: Source=feeds/vuci/applications/vuci-app-getty/vuci-app-getty-ui; role=PLUGIN_OR_MODULE; Description=VuCI UI Support for Getty; paths=,OBSERVED_COMPONENT_VERSION_PRESERVED_NO_PARENT_MAPPING,Exact installed control Version equals the SBOM version; no parent product version is inferred.,,,NO_DIRECT_CPE,,,NOT_ENCOUNTERED,,false,false,,,DIRECT_OFFICIAL_CPE_NOT_CONFIRMED,NON_DIRECT_SUBCOMPONENT,N/A,MODERATE,false,,control=/usr/lib/opkg/info/vuci-app-getty-ui.control; list=/usr/lib/opkg/info/vuci-app-getty-ui.list; status_version_matches=True
200085,vuci-app-gps-api,1,cpe:2.3:a:vuci-app-gps-api:vuci-app-gps-api:1:*:*:*:*:*:*:*,feeds/vuci/applications/vuci-app-gps/vuci-app-gps-api,vuci-app-gps-api,VuCI API Support for GPS,files=17; exec=0; lib=0; plugin=16; kmod=0; paths=/usr/lib/lua/api/services/gps/https.lua | /usr/lib/lua/api/services/gps/avl_general.lua | /usr/share/rpcd/acl.d/gps.json,vuci app gps api,Teltonika,1,DIRECT_SUBCOMPONENT_NO_PARENT_INHERITANCE,"VuCI API/UI package is a feature module of the firmware interface, not an independently versioned parent product.",Exact control/list/status: Source=feeds/vuci/applications/vuci-app-gps/vuci-app-gps-api; role=PLUGIN_OR_MODULE; Description=VuCI API Support for GPS; paths=/usr/lib/lua/api/services/gps/https.lua | /usr/lib/lua/api/services/gps/avl_general.lua | /usr/share/rpcd/acl.d/gps.json,OBSERVED_COMPONENT_VERSION_PRESERVED_NO_PARENT_MAPPING,Exact installed control Version equals the SBOM version; no parent product version is inferred.,,,NO_DIRECT_CPE,,,NOT_ENCOUNTERED,,false,false,,,DIRECT_OFFICIAL_CPE_NOT_CONFIRMED,NON_DIRECT_SUBCOMPONENT,N/A,MODERATE,false,,control=/usr/lib/opkg/info/vuci-app-gps-api.control; list=/usr/lib/opkg/info/vuci-app-gps-api.list; status_version_matches=True
200086,vuci-app-gps-ui,2025-07-02-0eab43c-1,cpe:2.3:a:vuci-app-gps-ui:vuci-app-gps-ui:2025-07-02-0eab43c-1:*:*:*:*:*:*:*,feeds/vuci/applications/vuci-app-gps/vuci-app-gps-ui,vuci-app-gps-ui,VuCI UI Support for GPS,files=0; exec=0; lib=0; plugin=0; kmod=0; paths=,vuci app gps ui,Teltonika,2025-07-02-0eab43c-1,DIRECT_SUBCOMPONENT_NO_PARENT_INHERITANCE,"VuCI API/UI package is a feature module of the firmware interface, not an independently versioned parent product.",Exact control/list/status: Source=feeds/vuci/applications/vuci-app-gps/vuci-app-gps-ui; role=PLUGIN_OR_MODULE; Description=VuCI UI Support for GPS; paths=,OBSERVED_COMPONENT_VERSION_PRESERVED_NO_PARENT_MAPPING,Exact installed control Version equals the SBOM version; no parent product version is inferred.,,,NO_DIRECT_CPE,,,NOT_ENCOUNTERED,,false,false,,,DIRECT_OFFICIAL_CPE_NOT_CONFIRMED,NON_DIRECT_SUBCOMPONENT,N/A,MODERATE,false,,control=/usr/lib/opkg/info/vuci-app-gps-ui.control; list=/usr/lib/opkg/info/vuci-app-gps-ui.list; status_version_matches=True
200087,vuci-app-gre-api,1,cpe:2.3:a:vuci-app-gre-api:vuci-app-gre-api:1:*:*:*:*:*:*:*,feeds/vuci/applications/vuci-app-gre/vuci-app-gre-api,vuci-app-gre-api,VuCI API Support for GRE,files=3; exec=0; lib=0; plugin=2; kmod=0; paths=/usr/lib/lua/api/services/gre_routes.lua | /usr/lib/lua/api/services/gre.lua | /usr/share/rpcd/acl.d/gre.json,vuci app gre api,Teltonika,1,DIRECT_SUBCOMPONENT_NO_PARENT_INHERITANCE,"VuCI API/UI package is a feature module of the firmware interface, not an independently versioned parent product.",Exact control/list/status: Source=feeds/vuci/applications/vuci-app-gre/vuci-app-gre-api; role=PLUGIN_OR_MODULE; Description=VuCI API Support for GRE; paths=/usr/lib/lua/api/services/gre_routes.lua | /usr/lib/lua/api/services/gre.lua | /usr/share/rpcd/acl.d/gre.json,OBSERVED_COMPONENT_VERSION_PRESERVED_NO_PARENT_MAPPING,Exact installed control Version equals the SBOM version; no parent product version is inferred.,,,NO_DIRECT_CPE,,,NOT_ENCOUNTERED,,false,false,,,DIRECT_OFFICIAL_CPE_NOT_CONFIRMED,NON_DIRECT_SUBCOMPONENT,N/A,MODERATE,false,,control=/usr/lib/opkg/info/vuci-app-gre-api.control; list=/usr/lib/opkg/info/vuci-app-gre-api.list; status_version_matches=True
200088,vuci-app-gre-ui,2025-07-02-0eab43c-1,cpe:2.3:a:vuci-app-gre-ui:vuci-app-gre-ui:2025-07-02-0eab43c-1:*:*:*:*:*:*:*,feeds/vuci/applications/vuci-app-gre/vuci-app-gre-ui,vuci-app-gre-ui,VuCI UI Support for GRE,files=0; exec=0; lib=0; plugin=0; kmod=0; paths=,vuci app gre ui,Teltonika,2025-07-02-0eab43c-1,DIRECT_SUBCOMPONENT_NO_PARENT_INHERITANCE,"VuCI API/UI package is a feature module of the firmware interface, not an independently versioned parent product.",Exact control/list/status: Source=feeds/vuci/applications/vuci-app-gre/vuci-app-gre-ui; role=PLUGIN_OR_MODULE; Description=VuCI UI Support for GRE; paths=,OBSERVED_COMPONENT_VERSION_PRESERVED_NO_PARENT_MAPPING,Exact installed control Version equals the SBOM version; no parent product version is inferred.,,,NO_DIRECT_CPE,,,NOT_ENCOUNTERED,,false,false,,,DIRECT_OFFICIAL_CPE_NOT_CONFIRMED,NON_DIRECT_SUBCOMPONENT,N/A,MODERATE,false,,control=/usr/lib/opkg/info/vuci-app-gre-ui.control; list=/usr/lib/opkg/info/vuci-app-gre-ui.list; status_version_matches=True
200089,vuci-app-io-api,1,cpe:2.3:a:vuci-app-io-api:vuci-app-io-api:1:*:*:*:*:*:*:*,feeds/vuci/applications/vuci-app-io/vuci-app-io-api,vuci-app-io-api,VuCI API Support for I/O,files=9; exec=0; lib=0; plugin=8; kmod=0; paths=/usr/lib/lua/api/services/io_juggler_utils.lua | /usr/lib/lua/api/services/io_juggler_action.lua | /usr/share/rpcd/acl.d/io.json,vuci app io api,Teltonika,1,DIRECT_SUBCOMPONENT_NO_PARENT_INHERITANCE,"VuCI API/UI package is a feature module of the firmware interface, not an independently versioned parent product.",Exact control/list/status: Source=feeds/vuci/applications/vuci-app-io/vuci-app-io-api; role=PLUGIN_OR_MODULE; Description=VuCI API Support for I/O; paths=/usr/lib/lua/api/services/io_juggler_utils.lua | /usr/lib/lua/api/services/io_juggler_action.lua | /usr/share/rpcd/acl.d/io.json,OBSERVED_COMPONENT_VERSION_PRESERVED_NO_PARENT_MAPPING,Exact installed control Version equals the SBOM version; no parent product version is inferred.,,,NO_DIRECT_CPE,,,NOT_ENCOUNTERED,,false,false,,,DIRECT_OFFICIAL_CPE_NOT_CONFIRMED,NON_DIRECT_SUBCOMPONENT,N/A,MODERATE,false,,control=/usr/lib/opkg/info/vuci-app-io-api.control; list=/usr/lib/opkg/info/vuci-app-io-api.list; status_version_matches=True
200090,vuci-app-io-post-get-api,1,cpe:2.3:a:vuci-app-io-post-get-api:vuci-app-io-post-get-api:1:*:*:*:*:*:*:*,feeds/vuci/applications/vuci-app-io-post-get/vuci-app-io-post-get-api,vuci-app-io-post-get-api,VuCI API Support for I/O Post Get,files=2; exec=0; lib=0; plugin=1; kmod=0; paths=/usr/lib/lua/api/services/io_post_get.lua | /usr/share/rpcd/acl.d/io_post_get.json,vuci app io post get api,Teltonika,1,DIRECT_SUBCOMPONENT_NO_PARENT_INHERITANCE,"VuCI API/UI package is a feature module of the firmware interface, not an independently versioned parent product.",Exact control/list/status: Source=feeds/vuci/applications/vuci-app-io-post-get/vuci-app-io-post-get-api; role=PLUGIN_OR_MODULE; Description=VuCI API Support for I/O Post Get; paths=/usr/lib/lua/api/services/io_post_get.lua | /usr/share/rpcd/acl.d/io_post_get.json,OBSERVED_COMPONENT_VERSION_PRESERVED_NO_PARENT_MAPPING,Exact installed control Version equals the SBOM version; no parent product version is inferred.,,,NO_DIRECT_CPE,,,NOT_ENCOUNTERED,,false,false,,,DIRECT_OFFICIAL_CPE_NOT_CONFIRMED,NON_DIRECT_SUBCOMPONENT,N/A,MODERATE,false,,control=/usr/lib/opkg/info/vuci-app-io-post-get-api.control; list=/usr/lib/opkg/info/vuci-app-io-post-get-api.list; status_version_matches=True
200091,vuci-app-io-post-get-ui,2025-07-02-0eab43c-1,cpe:2.3:a:vuci-app-io-post-get-ui:vuci-app-io-post-get-ui:2025-07-02-0eab43c-1:*:*:*:*:*:*:*,feeds/vuci/applications/vuci-app-io-post-get/vuci-app-io-post-get-ui,vuci-app-io-post-get-ui,I/O control via HTTP POST/GET requests.,files=0; exec=0; lib=0; plugin=0; kmod=0; paths=,vuci app io post get ui,Teltonika,2025-07-02-0eab43c-1,DIRECT_SUBCOMPONENT_NO_PARENT_INHERITANCE,"VuCI API/UI package is a feature module of the firmware interface, not an independently versioned parent product.",Exact control/list/status: Source=feeds/vuci/applications/vuci-app-io-post-get/vuci-app-io-post-get-ui; role=PLUGIN_OR_MODULE; Description=I/O control via HTTP POST/GET requests.; paths=,OBSERVED_COMPONENT_VERSION_PRESERVED_NO_PARENT_MAPPING,Exact installed control Version equals the SBOM version; no parent product version is inferred.,,,NO_DIRECT_CPE,,,NOT_ENCOUNTERED,,false,false,,,DIRECT_OFFICIAL_CPE_NOT_CONFIRMED,NON_DIRECT_SUBCOMPONENT,N/A,MODERATE,false,,control=/usr/lib/opkg/info/vuci-app-io-post-get-ui.control; list=/usr/lib/opkg/info/vuci-app-io-post-get-ui.list; status_version_matches=True
200092,vuci-app-io-ui,2025-07-02-0eab43c-1,cpe:2.3:a:vuci-app-io-ui:vuci-app-io-ui:2025-07-02-0eab43c-1:*:*:*:*:*:*:*,feeds/vuci/applications/vuci-app-io/vuci-app-io-ui,vuci-app-io-ui,VuCI UI Support for I/O,files=2; exec=0; lib=0; plugin=0; kmod=0; paths=/www/icons/io_10pin.svg.gz | /www/icons/power.svg,vuci app io ui,Teltonika,2025-07-02-0eab43c-1,DIRECT_SUBCOMPONENT_NO_PARENT_INHERITANCE,"VuCI API/UI package is a feature module of the firmware interface, not an independently versioned parent product.",Exact control/list/status: Source=feeds/vuci/applications/vuci-app-io/vuci-app-io-ui; role=PLUGIN_OR_MODULE; Description=VuCI UI Support for I/O; paths=/www/icons/io_10pin.svg.gz | /www/icons/power.svg,OBSERVED_COMPONENT_VERSION_PRESERVED_NO_PARENT_MAPPING,Exact installed control Version equals the SBOM version; no parent product version is inferred.,,,NO_DIRECT_CPE,,,NOT_ENCOUNTERED,,false,false,,,DIRECT_OFFICIAL_CPE_NOT_CONFIRMED,NON_DIRECT_SUBCOMPONENT,N/A,MODERATE,false,,control=/usr/lib/opkg/info/vuci-app-io-ui.control; list=/usr/lib/opkg/info/vuci-app-io-ui.list; status_version_matches=True
200093,vuci-app-l2tp-api,1,cpe:2.3:a:vuci-app-l2tp-api:vuci-app-l2tp-api:1:*:*:*:*:*:*:*,feeds/vuci/applications/vuci-app-l2tp/vuci-app-l2tp-api,vuci-app-l2tp-api,VuCI API Support for L2TP,files=6; exec=0; lib=0; plugin=5; kmod=0; paths=/usr/lib/lua/api/services/l2tp_users.lua | /usr/lib/lua/api/services/l2tp_status.lua | /usr/share/rpcd/acl.d/l2tp.json,vuci app l2tp api,Teltonika,1,DIRECT_SUBCOMPONENT_NO_PARENT_INHERITANCE,"VuCI API/UI package is a feature module of the firmware interface, not an independently versioned parent product.",Exact control/list/status: Source=feeds/vuci/applications/vuci-app-l2tp/vuci-app-l2tp-api; role=PLUGIN_OR_MODULE; Description=VuCI API Support for L2TP; paths=/usr/lib/lua/api/services/l2tp_users.lua | /usr/lib/lua/api/services/l2tp_status.lua | /usr/share/rpcd/acl.d/l2tp.json,OBSERVED_COMPONENT_VERSION_PRESERVED_NO_PARENT_MAPPING,Exact installed control Version equals the SBOM version; no parent product version is inferred.,,,NO_DIRECT_CPE,,,NOT_ENCOUNTERED,,false,false,,,DIRECT_OFFICIAL_CPE_NOT_CONFIRMED,NON_DIRECT_SUBCOMPONENT,N/A,MODERATE,false,,control=/usr/lib/opkg/info/vuci-app-l2tp-api.control; list=/usr/lib/opkg/info/vuci-app-l2tp-api.list; status_version_matches=True
200094,vuci-app-l2tp-ui,2025-07-02-0eab43c-1,cpe:2.3:a:vuci-app-l2tp-ui:vuci-app-l2tp-ui:2025-07-02-0eab43c-1:*:*:*:*:*:*:*,feeds/vuci/applications/vuci-app-l2tp/vuci-app-l2tp-ui,vuci-app-l2tp-ui,VuCI UI Support for L2TP,files=0; exec=0; lib=0; plugin=0; kmod=0; paths=,vuci app l2tp ui,Teltonika,2025-07-02-0eab43c-1,DIRECT_SUBCOMPONENT_NO_PARENT_INHERITANCE,"VuCI API/UI package is a feature module of the firmware interface, not an independently versioned parent product.",Exact control/list/status: Source=feeds/vuci/applications/vuci-app-l2tp/vuci-app-l2tp-ui; role=PLUGIN_OR_MODULE; Description=VuCI UI Support for L2TP; paths=,OBSERVED_COMPONENT_VERSION_PRESERVED_NO_PARENT_MAPPING,Exact installed control Version equals the SBOM version; no parent product version is inferred.,,,NO_DIRECT_CPE,,,NOT_ENCOUNTERED,,false,false,,,DIRECT_OFFICIAL_CPE_NOT_CONFIRMED,NON_DIRECT_SUBCOMPONENT,N/A,MODERATE,false,,control=/usr/lib/opkg/info/vuci-app-l2tp-ui.control; list=/usr/lib/opkg/info/vuci-app-l2tp-ui.list; status_version_matches=True
200095,vuci-app-logs-api,1,cpe:2.3:a:vuci-app-logs-api:vuci-app-logs-api:1:*:*:*:*:*:*:*,feeds/vuci/applications/vuci-app-logs/vuci-app-logs-api,vuci-app-logs-api,VuCI API Support for Logs,files=2; exec=0; lib=0; plugin=1; kmod=0; paths=/usr/lib/lua/api/status/events_log.lua | /usr/share/rpcd/acl.d/logs.json,vuci app logs api,Teltonika,1,DIRECT_SUBCOMPONENT_NO_PARENT_INHERITANCE,"VuCI API/UI package is a feature module of the firmware interface, not an independently versioned parent product.",Exact control/list/status: Source=feeds/vuci/applications/vuci-app-logs/vuci-app-logs-api; role=PLUGIN_OR_MODULE; Description=VuCI API Support for Logs; paths=/usr/lib/lua/api/status/events_log.lua | /usr/share/rpcd/acl.d/logs.json,OBSERVED_COMPONENT_VERSION_PRESERVED_NO_PARENT_MAPPING,Exact installed control Version equals the SBOM version; no parent product version is inferred.,,,NO_DIRECT_CPE,,,NOT_ENCOUNTERED,,false,false,,,DIRECT_OFFICIAL_CPE_NOT_CONFIRMED,NON_DIRECT_SUBCOMPONENT,N/A,MODERATE,false,,control=/usr/lib/opkg/info/vuci-app-logs-api.control; list=/usr/lib/opkg/info/vuci-app-logs-api.list; status_version_matches=True
200096,vuci-app-logs-ui,2025-07-02-0eab43c-1,cpe:2.3:a:vuci-app-logs-ui:vuci-app-logs-ui:2025-07-02-0eab43c-1:*:*:*:*:*:*:*,feeds/vuci/applications/vuci-app-logs/vuci-app-logs-ui,vuci-app-logs-ui,VuCI UI Support for Logs,files=0; exec=0; lib=0; plugin=0; kmod=0; paths=,vuci app logs ui,Teltonika,2025-07-02-0eab43c-1,DIRECT_SUBCOMPONENT_NO_PARENT_INHERITANCE,"VuCI API/UI package is a feature module of the firmware interface, not an independently versioned parent product.",Exact control/list/status: Source=feeds/vuci/applications/vuci-app-logs/vuci-app-logs-ui; role=PLUGIN_OR_MODULE; Description=VuCI UI Support for Logs; paths=,OBSERVED_COMPONENT_VERSION_PRESERVED_NO_PARENT_MAPPING,Exact installed control Version equals the SBOM version; no parent product version is inferred.,,,NO_DIRECT_CPE,,,NOT_ENCOUNTERED,,false,false,,,DIRECT_OFFICIAL_CPE_NOT_CONFIRMED,NON_DIRECT_SUBCOMPONENT,N/A,MODERATE,false,,control=/usr/lib/opkg/info/vuci-app-logs-ui.control; list=/usr/lib/opkg/info/vuci-app-logs-ui.list; status_version_matches=True
200097,vuci-app-memory-expansion-api,1,cpe:2.3:a:vuci-app-memory-expansion-api:vuci-app-memory-expansion-api:1:*:*:*:*:*:*:*,feeds/vuci/applications/vuci-app-memory-expansion/vuci-app-memory-expansion-api,vuci-app-memory-expansion-api,VuCI API Support for Memory expansion application,files=2; exec=0; lib=0; plugin=1; kmod=0; paths=/usr/lib/lua/api/services/memory_expansion.lua | /usr/share/rpcd/acl.d/memoryexpansion.json,vuci app memory expansion api,Teltonika,1,DIRECT_SUBCOMPONENT_NO_PARENT_INHERITANCE,"VuCI API/UI package is a feature module of the firmware interface, not an independently versioned parent product.",Exact control/list/status: Source=feeds/vuci/applications/vuci-app-memory-expansion/vuci-app-memory-expansion-api; role=PLUGIN_OR_MODULE; Description=VuCI API Support for Memory expansion application; paths=/usr/lib/lua/api/services/memory_expansion.lua | /usr/share/rpcd/acl.d/memoryexpansion.json,OBSERVED_COMPONENT_VERSION_PRESERVED_NO_PARENT_MAPPING,Exact installed control Version equals the SBOM version; no parent product version is inferred.,,,NO_DIRECT_CPE,,,NOT_ENCOUNTERED,,false,false,,,DIRECT_OFFICIAL_CPE_NOT_CONFIRMED,NON_DIRECT_SUBCOMPONENT,N/A,MODERATE,false,,control=/usr/lib/opkg/info/vuci-app-memory-expansion-api.control; list=/usr/lib/opkg/info/vuci-app-memory-expansion-api.list; status_version_matches=True
200098,vuci-app-memory-expansion-ui,2025-07-02-0eab43c-1,cpe:2.3:a:vuci-app-memory-expansion-ui:vuci-app-memory-expansion-ui:2025-07-02-0eab43c-1:*:*:*:*:*:*:*,feeds/vuci/applications/vuci-app-memory-expansion/vuci-app-memory-expansion-ui,vuci-app-memory-expansion-ui,VuCI UI Support for Memory expansion application,files=0; exec=0; lib=0; plugin=0; kmod=0; paths=,vuci app memory expansion ui,Teltonika,2025-07-02-0eab43c-1,DIRECT_SUBCOMPONENT_NO_PARENT_INHERITANCE,"VuCI API/UI package is a feature module of the firmware interface, not an independently versioned parent product.",Exact control/list/status: Source=feeds/vuci/applications/vuci-app-memory-expansion/vuci-app-memory-expansion-ui; role=PLUGIN_OR_MODULE; Description=VuCI UI Support for Memory expansion application; paths=,OBSERVED_COMPONENT_VERSION_PRESERVED_NO_PARENT_MAPPING,Exact installed control Version equals the SBOM version; no parent product version is inferred.,,,NO_DIRECT_CPE,,,NOT_ENCOUNTERED,,false,false,,,DIRECT_OFFICIAL_CPE_NOT_CONFIRMED,NON_DIRECT_SUBCOMPONENT,N/A,MODERATE,false,,control=/usr/lib/opkg/info/vuci-app-memory-expansion-ui.control; list=/usr/lib/opkg/info/vuci-app-memory-expansion-ui.list; status_version_matches=True
200099,vuci-app-mobile-api,1,cpe:2.3:a:vuci-app-mobile-api:vuci-app-mobile-api:1:*:*:*:*:*:*:*,feeds/vuci/applications/vuci-app-mobile/vuci-app-mobile-api,vuci-app-mobile-api,VuCI API Support for Mobile,files=15; exec=0; lib=0; plugin=14; kmod=0; paths=/usr/lib/lua/api/network/data_usage.lua | /usr/lib/lua/api/network/modems_actions.lua | /usr/share/rpcd/acl.d/mobile.json,vuci app mobile api,Teltonika,1,DIRECT_SUBCOMPONENT_NO_PARENT_INHERITANCE,"VuCI API/UI package is a feature module of the firmware interface, not an independently versioned parent product.",Exact control/list/status: Source=feeds/vuci/applications/vuci-app-mobile/vuci-app-mobile-api; role=PLUGIN_OR_MODULE; Description=VuCI API Support for Mobile; paths=/usr/lib/lua/api/network/data_usage.lua | /usr/lib/lua/api/network/modems_actions.lua | /usr/share/rpcd/acl.d/mobile.json,OBSERVED_COMPONENT_VERSION_PRESERVED_NO_PARENT_MAPPING,Exact installed control Version equals the SBOM version; no parent product version is inferred.,,,NO_DIRECT_CPE,,,NOT_ENCOUNTERED,,false,false,,,DIRECT_OFFICIAL_CPE_NOT_CONFIRMED,NON_DIRECT_SUBCOMPONENT,N/A,MODERATE,false,,control=/usr/lib/opkg/info/vuci-app-mobile-api.control; list=/usr/lib/opkg/info/vuci-app-mobile-api.list; status_version_matches=True
200100,vuci-app-mobile-post-get-api,1,cpe:2.3:a:vuci-app-mobile-post-get-api:vuci-app-mobile-post-get-api:1:*:*:*:*:*:*:*,feeds/vuci/applications/vuci-app-mobile-post-get/vuci-app-mobile-post-get-api,vuci-app-mobile-post-get-api,VuCI API Support for Mobile Post Get,files=2; exec=0; lib=0; plugin=1; kmod=0; paths=/usr/lib/lua/api/services/sms_gateway/mobile_post_get.lua | /usr/share/rpcd/acl.d/mobile_post_get.json,vuci app mobile post get api,Teltonika,1,DIRECT_SUBCOMPONENT_NO_PARENT_INHERITANCE,"VuCI API/UI package is a feature module of the firmware interface, not an independently versioned parent product.",Exact control/list/status: Source=feeds/vuci/applications/vuci-app-mobile-post-get/vuci-app-mobile-post-get-api; role=PLUGIN_OR_MODULE; Description=VuCI API Support for Mobile Post Get; paths=/usr/lib/lua/api/services/sms_gateway/mobile_post_get.lua | /usr/share/rpcd/acl.d/mobile_post_get.json,OBSERVED_COMPONENT_VERSION_PRESERVED_NO_PARENT_MAPPING,Exact installed control Version equals the SBOM version; no parent product version is inferred.,,,NO_DIRECT_CPE,,,NOT_ENCOUNTERED,,false,false,,,DIRECT_OFFICIAL_CPE_NOT_CONFIRMED,NON_DIRECT_SUBCOMPONENT,N/A,MODERATE,false,,control=/usr/lib/opkg/info/vuci-app-mobile-post-get-api.control; list=/usr/lib/opkg/info/vuci-app-mobile-post-get-api.list; status_version_matches=True
200101,vuci-app-mobile-post-get-ui,2025-07-02-0eab43c-1,cpe:2.3:a:vuci-app-mobile-post-get-ui:vuci-app-mobile-post-get-ui:2025-07-02-0eab43c-1:*:*:*:*:*:*:*,feeds/vuci/applications/vuci-app-mobile-post-get/vuci-app-mobile-post-get-ui,vuci-app-mobile-post-get-ui,Mobile control via HTTP POST/GET requests.,files=0; exec=0; lib=0; plugin=0; kmod=0; paths=,vuci app mobile post get ui,Teltonika,2025-07-02-0eab43c-1,DIRECT_SUBCOMPONENT_NO_PARENT_INHERITANCE,"VuCI API/UI package is a feature module of the firmware interface, not an independently versioned parent product.",Exact control/list/status: Source=feeds/vuci/applications/vuci-app-mobile-post-get/vuci-app-mobile-post-get-ui; role=PLUGIN_OR_MODULE; Description=Mobile control via HTTP POST/GET requests.; paths=,OBSERVED_COMPONENT_VERSION_PRESERVED_NO_PARENT_MAPPING,Exact installed control Version equals the SBOM version; no parent product version is inferred.,,,NO_DIRECT_CPE,,,NOT_ENCOUNTERED,,false,false,,,DIRECT_OFFICIAL_CPE_NOT_CONFIRMED,NON_DIRECT_SUBCOMPONENT,N/A,MODERATE,false,,control=/usr/lib/opkg/info/vuci-app-mobile-post-get-ui.control; list=/usr/lib/opkg/info/vuci-app-mobile-post-get-ui.list; status_version_matches=True
200102,vuci-app-mobile-ui,2025-07-02-0eab43c-1,cpe:2.3:a:vuci-app-mobile-ui:vuci-app-mobile-ui:2025-07-02-0eab43c-1:*:*:*:*:*:*:*,feeds/vuci/applications/vuci-app-mobile/vuci-app-mobile-ui,vuci-app-mobile-ui,VuCI UI Support for Mobile,files=0; exec=0; lib=0; plugin=0; kmod=0; paths=,vuci app mobile ui,Teltonika,2025-07-02-0eab43c-1,DIRECT_SUBCOMPONENT_NO_PARENT_INHERITANCE,"VuCI API/UI package is a feature module of the firmware interface, not an independently versioned parent product.",Exact control/list/status: Source=feeds/vuci/applications/vuci-app-mobile/vuci-app-mobile-ui; role=PLUGIN_OR_MODULE; Description=VuCI UI Support for Mobile; paths=,OBSERVED_COMPONENT_VERSION_PRESERVED_NO_PARENT_MAPPING,Exact installed control Version equals the SBOM version; no parent product version is inferred.,,,NO_DIRECT_CPE,,,NOT_ENCOUNTERED,,false,false,,,DIRECT_OFFICIAL_CPE_NOT_CONFIRMED,NON_DIRECT_SUBCOMPONENT,N/A,MODERATE,false,,control=/usr/lib/opkg/info/vuci-app-mobile-ui.control; list=/usr/lib/opkg/info/vuci-app-mobile-ui.list; status_version_matches=True
200103,vuci-app-mobile-usage-api,1,cpe:2.3:a:vuci-app-mobile-usage-api:vuci-app-mobile-usage-api:1:*:*:*:*:*:*:*,feeds/vuci/applications/vuci-app-mobile-usage/vuci-app-mobile-usage-api,vuci-app-mobile-usage-api,VuCI API Support for Mobile Usage,files=1; exec=0; lib=0; plugin=0; kmod=0; paths=/usr/share/rpcd/acl.d/mobile_usage.json,vuci app mobile usage api,Teltonika,1,DIRECT_SUBCOMPONENT_NO_PARENT_INHERITANCE,"VuCI API/UI package is a feature module of the firmware interface, not an independently versioned parent product.",Exact control/list/status: Source=feeds/vuci/applications/vuci-app-mobile-usage/vuci-app-mobile-usage-api; role=PLUGIN_OR_MODULE; Description=VuCI API Support for Mobile Usage; paths=/usr/share/rpcd/acl.d/mobile_usage.json,OBSERVED_COMPONENT_VERSION_PRESERVED_NO_PARENT_MAPPING,Exact installed control Version equals the SBOM version; no parent product version is inferred.,,,NO_DIRECT_CPE,,,NOT_ENCOUNTERED,,false,false,,,DIRECT_OFFICIAL_CPE_NOT_CONFIRMED,NON_DIRECT_SUBCOMPONENT,N/A,MODERATE,false,,control=/usr/lib/opkg/info/vuci-app-mobile-usage-api.control; list=/usr/lib/opkg/info/vuci-app-mobile-usage-api.list; status_version_matches=True
200104,vuci-app-mobile-usage-ui,2025-07-02-0eab43c-1,cpe:2.3:a:vuci-app-mobile-usage-ui:vuci-app-mobile-usage-ui:2025-07-02-0eab43c-1:*:*:*:*:*:*:*,feeds/vuci/applications/vuci-app-mobile-usage/vuci-app-mobile-usage-ui,vuci-app-mobile-usage-ui,VuCI UI Support for Mobile Usage,files=0; exec=0; lib=0; plugin=0; kmod=0; paths=,vuci app mobile usage ui,Teltonika,2025-07-02-0eab43c-1,DIRECT_SUBCOMPONENT_NO_PARENT_INHERITANCE,"VuCI API/UI package is a feature module of the firmware interface, not an independently versioned parent product.",Exact control/list/status: Source=feeds/vuci/applications/vuci-app-mobile-usage/vuci-app-mobile-usage-ui; role=PLUGIN_OR_MODULE; Description=VuCI UI Support for Mobile Usage; paths=,OBSERVED_COMPONENT_VERSION_PRESERVED_NO_PARENT_MAPPING,Exact installed control Version equals the SBOM version; no parent product version is inferred.,,,NO_DIRECT_CPE,,,NOT_ENCOUNTERED,,false,false,,,DIRECT_OFFICIAL_CPE_NOT_CONFIRMED,NON_DIRECT_SUBCOMPONENT,N/A,MODERATE,false,,control=/usr/lib/opkg/info/vuci-app-mobile-usage-ui.control; list=/usr/lib/opkg/info/vuci-app-mobile-usage-ui.list; status_version_matches=True
200105,vuci-app-mobile-utilities-api,1,cpe:2.3:a:vuci-app-mobile-utilities-api:vuci-app-mobile-utilities-api:1:*:*:*:*:*:*:*,feeds/vuci/applications/vuci-app-mobile-utilities/vuci-app-mobile-utilities-api,vuci-app-mobile-utilities-api,VuCI API Support for Mobile Utilities,files=9; exec=0; lib=0; plugin=7; kmod=0; paths=/usr/lib/lua/api/services/sms_gateway/auto_reply.lua | /usr/lib/lua/api/services/sms_storage.lua | /etc/hotplug.d/gsm/1-new_modem | /usr/share/rpcd/acl.d/mobile_utilities.json,vuci app mobile utilities api,Teltonika,1,DIRECT_SUBCOMPONENT_NO_PARENT_INHERITANCE,"VuCI API/UI package is a feature module of the firmware interface, not an independently versioned parent product.",Exact control/list/status: Source=feeds/vuci/applications/vuci-app-mobile-utilities/vuci-app-mobile-utilities-api; role=PLUGIN_OR_MODULE; Description=VuCI API Support for Mobile Utilities; paths=/usr/lib/lua/api/services/sms_gateway/auto_reply.lua | /usr/lib/lua/api/services/sms_storage.lua | /etc/hotplug.d/gsm/1-new_modem | /usr/share/rpcd/acl.d/mobile_utilities.json,OBSERVED_COMPONENT_VERSION_PRESERVED_NO_PARENT_MAPPING,Exact installed control Version equals the SBOM version; no parent product version is inferred.,,,NO_DIRECT_CPE,,,NOT_ENCOUNTERED,,false,false,,,DIRECT_OFFICIAL_CPE_NOT_CONFIRMED,NON_DIRECT_SUBCOMPONENT,N/A,MODERATE,false,,control=/usr/lib/opkg/info/vuci-app-mobile-utilities-api.control; list=/usr/lib/opkg/info/vuci-app-mobile-utilities-api.list; status_version_matches=True
200106,vuci-app-mobile-utilities-ui,2025-07-02-0eab43c-1,cpe:2.3:a:vuci-app-mobile-utilities-ui:vuci-app-mobile-utilities-ui:2025-07-02-0eab43c-1:*:*:*:*:*:*:*,feeds/vuci/applications/vuci-app-mobile-utilities/vuci-app-mobile-utilities-ui,vuci-app-mobile-utilities-ui,VuCI UI Support for Mobile Utilities,files=0; exec=0; lib=0; plugin=0; kmod=0; paths=,vuci app mobile utilities ui,Teltonika,2025-07-02-0eab43c-1,DIRECT_SUBCOMPONENT_NO_PARENT_INHERITANCE,"VuCI API/UI package is a feature module of the firmware interface, not an independently versioned parent product.",Exact control/list/status: Source=feeds/vuci/applications/vuci-app-mobile-utilities/vuci-app-mobile-utilities-ui; role=PLUGIN_OR_MODULE; Description=VuCI UI Support for Mobile Utilities; paths=,OBSERVED_COMPONENT_VERSION_PRESERVED_NO_PARENT_MAPPING,Exact installed control Version equals the SBOM version; no parent product version is inferred.,,,NO_DIRECT_CPE,,,NOT_ENCOUNTERED,,false,false,,,DIRECT_OFFICIAL_CPE_NOT_CONFIRMED,NON_DIRECT_SUBCOMPONENT,N/A,MODERATE,false,,control=/usr/lib/opkg/info/vuci-app-mobile-utilities-ui.control; list=/usr/lib/opkg/info/vuci-app-mobile-utilities-ui.list; status_version_matches=True
200107,vuci-app-modbus-client-api,1,cpe:2.3:a:vuci-app-modbus-client-api:vuci-app-modbus-client-api:1:*:*:*:*:*:*:*,feeds/vuci/applications/vuci-app-modbus-client/vuci-app-modbus-client-api,vuci-app-modbus-client-api,VuCI API Support for Modbus,files=7; exec=0; lib=0; plugin=6; kmod=0; paths=/usr/lib/lua/api/services/modbus_database_entries_status.lua | /usr/lib/lua/api/services/modbus.lua | /usr/share/rpcd/acl.d/modbus.json,vuci app modbus client api,Teltonika,1,DIRECT_SUBCOMPONENT_NO_PARENT_INHERITANCE,"VuCI API/UI package is a feature module of the firmware interface, not an independently versioned parent product.",Exact control/list/status: Source=feeds/vuci/applications/vuci-app-modbus-client/vuci-app-modbus-client-api; role=PLUGIN_OR_MODULE; Description=VuCI API Support for Modbus; paths=/usr/lib/lua/api/services/modbus_database_entries_status.lua | /usr/lib/lua/api/services/modbus.lua | /usr/share/rpcd/acl.d/modbus.json,OBSERVED_COMPONENT_VERSION_PRESERVED_NO_PARENT_MAPPING,Exact installed control Version equals the SBOM version; no parent product version is inferred.,,,NO_DIRECT_CPE,,,NOT_ENCOUNTERED,,false,false,,,DIRECT_OFFICIAL_CPE_NOT_CONFIRMED,NON_DIRECT_SUBCOMPONENT,N/A,MODERATE,false,,control=/usr/lib/opkg/info/vuci-app-modbus-client-api.control; list=/usr/lib/opkg/info/vuci-app-modbus-client-api.list; status_version_matches=True
200108,vuci-app-modbus-client-ui,2025-07-02-0eab43c-1,cpe:2.3:a:vuci-app-modbus-client-ui:vuci-app-modbus-client-ui:2025-07-02-0eab43c-1:*:*:*:*:*:*:*,feeds/vuci/applications/vuci-app-modbus-client/vuci-app-modbus-client-ui,vuci-app-modbus-client-ui,MODBUS TCP/Serial client designed for reading/writing data from MODBUS servers and storing read data in local database.,files=0; exec=0; lib=0; plugin=0; kmod=0; paths=,vuci app modbus client ui,Teltonika,2025-07-02-0eab43c-1,DIRECT_SUBCOMPONENT_NO_PARENT_INHERITANCE,"VuCI API/UI package is a feature module of the firmware interface, not an independently versioned parent product.",Exact control/list/status: Source=feeds/vuci/applications/vuci-app-modbus-client/vuci-app-modbus-client-ui; role=PLUGIN_OR_MODULE; Description=MODBUS TCP/Serial client designed for reading/writing data from MODBUS servers and storing read data in local database.; paths=,OBSERVED_COMPONENT_VERSION_PRESERVED_NO_PARENT_MAPPING,Exact installed control Version equals the SBOM version; no parent product version is inferred.,,,NO_DIRECT_CPE,,,NOT_ENCOUNTERED,,false,false,,,DIRECT_OFFICIAL_CPE_NOT_CONFIRMED,NON_DIRECT_SUBCOMPONENT,N/A,MODERATE,false,,control=/usr/lib/opkg/info/vuci-app-modbus-client-ui.control; list=/usr/lib/opkg/info/vuci-app-modbus-client-ui.list; status_version_matches=True
200109,vuci-app-modbus-gateway-api,1,cpe:2.3:a:vuci-app-modbus-gateway-api:vuci-app-modbus-gateway-api:1:*:*:*:*:*:*:*,feeds/vuci/applications/vuci-app-modbus-gateway/vuci-app-modbus-gateway-api,vuci-app-modbus-gateway-api,VuCI API Support for Modbus Gateway,files=3; exec=0; lib=0; plugin=2; kmod=0; paths=/usr/lib/lua/api/services/mqtt_serial_gateway.lua | /usr/lib/lua/api/services/mqtt_gateway.lua | /usr/share/rpcd/acl.d/modbusgateway.json,vuci app modbus gateway api,Teltonika,1,DIRECT_SUBCOMPONENT_NO_PARENT_INHERITANCE,"VuCI API/UI package is a feature module of the firmware interface, not an independently versioned parent product.",Exact control/list/status: Source=feeds/vuci/applications/vuci-app-modbus-gateway/vuci-app-modbus-gateway-api; role=PLUGIN_OR_MODULE; Description=VuCI API Support for Modbus Gateway; paths=/usr/lib/lua/api/services/mqtt_serial_gateway.lua | /usr/lib/lua/api/services/mqtt_gateway.lua | /usr/share/rpcd/acl.d/modbusgateway.json,OBSERVED_COMPONENT_VERSION_PRESERVED_NO_PARENT_MAPPING,Exact installed control Version equals the SBOM version; no parent product version is inferred.,,,NO_DIRECT_CPE,,,NOT_ENCOUNTERED,,false,false,,,DIRECT_OFFICIAL_CPE_NOT_CONFIRMED,NON_DIRECT_SUBCOMPONENT,N/A,MODERATE,false,,control=/usr/lib/opkg/info/vuci-app-modbus-gateway-api.control; list=/usr/lib/opkg/info/vuci-app-modbus-gateway-api.list; status_version_matches=True
200110,vuci-app-modbus-gateway-ui,2025-07-02-0eab43c-1,cpe:2.3:a:vuci-app-modbus-gateway-ui:vuci-app-modbus-gateway-ui:2025-07-02-0eab43c-1:*:*:*:*:*:*:*,feeds/vuci/applications/vuci-app-modbus-gateway/vuci-app-modbus-gateway-ui,vuci-app-modbus-gateway-ui,MQTT-Modbus Gateway is a service meant to read/write MODBUS TCP/RTU servers via MQTT messages.,files=0; exec=0; lib=0; plugin=0; kmod=0; paths=,vuci app modbus gateway ui,Teltonika,2025-07-02-0eab43c-1,DIRECT_SUBCOMPONENT_NO_PARENT_INHERITANCE,"VuCI API/UI package is a feature module of the firmware interface, not an independently versioned parent product.",Exact control/list/status: Source=feeds/vuci/applications/vuci-app-modbus-gateway/vuci-app-modbus-gateway-ui; role=PLUGIN_OR_MODULE; Description=MQTT-Modbus Gateway is a service meant to read/write MODBUS TCP/RTU servers via MQTT messages.; paths=,OBSERVED_COMPONENT_VERSION_PRESERVED_NO_PARENT_MAPPING,Exact installed control Version equals the SBOM version; no parent product version is inferred.,,,NO_DIRECT_CPE,,,NOT_ENCOUNTERED,,false,false,,,DIRECT_OFFICIAL_CPE_NOT_CONFIRMED,NON_DIRECT_SUBCOMPONENT,N/A,MODERATE,false,,control=/usr/lib/opkg/info/vuci-app-modbus-gateway-ui.control; list=/usr/lib/opkg/info/vuci-app-modbus-gateway-ui.list; status_version_matches=True
200111,vuci-app-modbus-serial-api,1,cpe:2.3:a:vuci-app-modbus-serial-api:vuci-app-modbus-serial-api:1:*:*:*:*:*:*:*,feeds/vuci/applications/vuci-app-modbus-serial/vuci-app-modbus-serial-api,vuci-app-modbus-serial-api,VuCI API Support for Modbus,files=5; exec=0; lib=0; plugin=4; kmod=0; paths=/usr/lib/lua/api/services/modbus_serial_request.lua | /usr/lib/lua/api/services/modbus_serial_client.lua | /usr/share/rpcd/acl.d/modbusSerial.json,vuci app modbus serial api,Teltonika,1,DIRECT_SUBCOMPONENT_NO_PARENT_INHERITANCE,"VuCI API/UI package is a feature module of the firmware interface, not an independently versioned parent product.",Exact control/list/status: Source=feeds/vuci/applications/vuci-app-modbus-serial/vuci-app-modbus-serial-api; role=PLUGIN_OR_MODULE; Description=VuCI API Support for Modbus; paths=/usr/lib/lua/api/services/modbus_serial_request.lua | /usr/lib/lua/api/services/modbus_serial_client.lua | /usr/share/rpcd/acl.d/modbusSerial.json,OBSERVED_COMPONENT_VERSION_PRESERVED_NO_PARENT_MAPPING,Exact installed control Version equals the SBOM version; no parent product version is inferred.,,,NO_DIRECT_CPE,,,NOT_ENCOUNTERED,,false,false,,,DIRECT_OFFICIAL_CPE_NOT_CONFIRMED,NON_DIRECT_SUBCOMPONENT,N/A,MODERATE,false,,control=/usr/lib/opkg/info/vuci-app-modbus-serial-api.control; list=/usr/lib/opkg/info/vuci-app-modbus-serial-api.list; status_version_matches=True
200112,vuci-app-modbus-serial-gateway-api,1,cpe:2.3:a:vuci-app-modbus-serial-gateway-api:vuci-app-modbus-serial-gateway-api:1:*:*:*:*:*:*:*,feeds/vuci/applications/vuci-app-modbus-serial-gateway/vuci-app-modbus-serial-gateway-api,vuci-app-modbus-serial-gateway-api,VuCI API Support for Modbus TCP over Serial Gateway,files=3; exec=0; lib=0; plugin=2; kmod=0; paths=/usr/lib/lua/api/services/modbus_tcp_serial.lua | /usr/lib/lua/api/services/modbus_tcp_serial_filters.lua | /usr/share/rpcd/acl.d/modbusserialgateway.json,vuci app modbus serial gateway api,Teltonika,1,DIRECT_SUBCOMPONENT_NO_PARENT_INHERITANCE,"VuCI API/UI package is a feature module of the firmware interface, not an independently versioned parent product.",Exact control/list/status: Source=feeds/vuci/applications/vuci-app-modbus-serial-gateway/vuci-app-modbus-serial-gateway-api; role=PLUGIN_OR_MODULE; Description=VuCI API Support for Modbus TCP over Serial Gateway; paths=/usr/lib/lua/api/services/modbus_tcp_serial.lua | /usr/lib/lua/api/services/modbus_tcp_serial_filters.lua | /usr/share/rpcd/acl.d/modbusserialgateway.json,OBSERVED_COMPONENT_VERSION_PRESERVED_NO_PARENT_MAPPING,Exact installed control Version equals the SBOM version; no parent product version is inferred.,,,NO_DIRECT_CPE,,,NOT_ENCOUNTERED,,false,false,,,DIRECT_OFFICIAL_CPE_NOT_CONFIRMED,NON_DIRECT_SUBCOMPONENT,N/A,MODERATE,false,,control=/usr/lib/opkg/info/vuci-app-modbus-serial-gateway-api.control; list=/usr/lib/opkg/info/vuci-app-modbus-serial-gateway-api.list; status_version_matches=True
200113,vuci-app-modbus-serial-gateway-ui,2025-07-02-0eab43c-1,cpe:2.3:a:vuci-app-modbus-serial-gateway-ui:vuci-app-modbus-serial-gateway-ui:2025-07-02-0eab43c-1:*:*:*:*:*:*:*,feeds/vuci/applications/vuci-app-modbus-serial-gateway/vuci-app-modbus-serial-gateway-ui,vuci-app-modbus-serial-gateway-ui,"MODBUS RTU to TCP gateway designed to receive MODBUS TCP message, convert to MODBUS RTU and send it to MODBUS RTU device.",files=0; exec=0; lib=0; plugin=0; kmod=0; paths=,vuci app modbus serial gateway ui,Teltonika,2025-07-02-0eab43c-1,DIRECT_SUBCOMPONENT_NO_PARENT_INHERITANCE,"VuCI API/UI package is a feature module of the firmware interface, not an independently versioned parent product.","Exact control/list/status: Source=feeds/vuci/applications/vuci-app-modbus-serial-gateway/vuci-app-modbus-serial-gateway-ui; role=PLUGIN_OR_MODULE; Description=MODBUS RTU to TCP gateway designed to receive MODBUS TCP message, convert to MODBUS RTU and send it to MODBUS RTU device.; paths=",OBSERVED_COMPONENT_VERSION_PRESERVED_NO_PARENT_MAPPING,Exact installed control Version equals the SBOM version; no parent product version is inferred.,,,NO_DIRECT_CPE,,,NOT_ENCOUNTERED,,false,false,,,DIRECT_OFFICIAL_CPE_NOT_CONFIRMED,NON_DIRECT_SUBCOMPONENT,N/A,MODERATE,false,,control=/usr/lib/opkg/info/vuci-app-modbus-serial-gateway-ui.control; list=/usr/lib/opkg/info/vuci-app-modbus-serial-gateway-ui.list; status_version_matches=True
200114,vuci-app-modbus-serial-ui,2025-07-02-0eab43c-1,cpe:2.3:a:vuci-app-modbus-serial-ui:vuci-app-modbus-serial-ui:2025-07-02-0eab43c-1:*:*:*:*:*:*:*,feeds/vuci/applications/vuci-app-modbus-serial/vuci-app-modbus-serial-ui,vuci-app-modbus-serial-ui,VuCI UI Support for Modbus,files=0; exec=0; lib=0; plugin=0; kmod=0; paths=,vuci app modbus serial ui,Teltonika,2025-07-02-0eab43c-1,DIRECT_SUBCOMPONENT_NO_PARENT_INHERITANCE,"VuCI API/UI package is a feature module of the firmware interface, not an independently versioned parent product.",Exact control/list/status: Source=feeds/vuci/applications/vuci-app-modbus-serial/vuci-app-modbus-serial-ui; role=PLUGIN_OR_MODULE; Description=VuCI UI Support for Modbus; paths=,OBSERVED_COMPONENT_VERSION_PRESERVED_NO_PARENT_MAPPING,Exact installed control Version equals the SBOM version; no parent product version is inferred.,,,NO_DIRECT_CPE,,,NOT_ENCOUNTERED,,false,false,,,DIRECT_OFFICIAL_CPE_NOT_CONFIRMED,NON_DIRECT_SUBCOMPONENT,N/A,MODERATE,false,,control=/usr/lib/opkg/info/vuci-app-modbus-serial-ui.control; list=/usr/lib/opkg/info/vuci-app-modbus-serial-ui.list; status_version_matches=True
200115,vuci-app-modbus-server-api,1,cpe:2.3:a:vuci-app-modbus-server-api:vuci-app-modbus-server-api:1:*:*:*:*:*:*:*,feeds/vuci/applications/vuci-app-modbus-server/vuci-app-modbus-server-api,vuci-app-modbus-server-api,VuCI API Support for Modbus TCP Server,files=3; exec=0; lib=0; plugin=2; kmod=0; paths=/usr/lib/lua/api/services/modbus_server.lua | /usr/lib/lua/api/services/modbus_serial_server.lua | /usr/share/rpcd/acl.d/modbusserver.json,vuci app modbus server api,Teltonika,1,DIRECT_SUBCOMPONENT_NO_PARENT_INHERITANCE,"VuCI API/UI package is a feature module of the firmware interface, not an independently versioned parent product.",Exact control/list/status: Source=feeds/vuci/applications/vuci-app-modbus-server/vuci-app-modbus-server-api; role=PLUGIN_OR_MODULE; Description=VuCI API Support for Modbus TCP Server; paths=/usr/lib/lua/api/services/modbus_server.lua | /usr/lib/lua/api/services/modbus_serial_server.lua | /usr/share/rpcd/acl.d/modbusserver.json,OBSERVED_COMPONENT_VERSION_PRESERVED_NO_PARENT_MAPPING,Exact installed control Version equals the SBOM version; no parent product version is inferred.,,,NO_DIRECT_CPE,,,NOT_ENCOUNTERED,,false,false,,,DIRECT_OFFICIAL_CPE_NOT_CONFIRMED,NON_DIRECT_SUBCOMPONENT,N/A,MODERATE,false,,control=/usr/lib/opkg/info/vuci-app-modbus-server-api.control; list=/usr/lib/opkg/info/vuci-app-modbus-server-api.list; status_version_matches=True
200116,vuci-app-modbus-server-ui,2025-07-02-0eab43c-1,cpe:2.3:a:vuci-app-modbus-server-ui:vuci-app-modbus-server-ui:2025-07-02-0eab43c-1:*:*:*:*:*:*:*,feeds/vuci/applications/vuci-app-modbus-server/vuci-app-modbus-server-ui,vuci-app-modbus-server-ui,MODBUS TCP/Serial server designed for MODBUS clients to read and write device data.,files=0; exec=0; lib=0; plugin=0; kmod=0; paths=,vuci app modbus server ui,Teltonika,2025-07-02-0eab43c-1,DIRECT_SUBCOMPONENT_NO_PARENT_INHERITANCE,"VuCI API/UI package is a feature module of the firmware interface, not an independently versioned parent product.",Exact control/list/status: Source=feeds/vuci/applications/vuci-app-modbus-server/vuci-app-modbus-server-ui; role=PLUGIN_OR_MODULE; Description=MODBUS TCP/Serial server designed for MODBUS clients to read and write device data.; paths=,OBSERVED_COMPONENT_VERSION_PRESERVED_NO_PARENT_MAPPING,Exact installed control Version equals the SBOM version; no parent product version is inferred.,,,NO_DIRECT_CPE,,,NOT_ENCOUNTERED,,false,false,,,DIRECT_OFFICIAL_CPE_NOT_CONFIRMED,NON_DIRECT_SUBCOMPONENT,N/A,MODERATE,false,,control=/usr/lib/opkg/info/vuci-app-modbus-server-ui.control; list=/usr/lib/opkg/info/vuci-app-modbus-server-ui.list; status_version_matches=True
200117,vuci-app-modem-control-api,1,cpe:2.3:a:vuci-app-modem-control-api:vuci-app-modem-control-api:1:*:*:*:*:*:*:*,feeds/vuci/applications/vuci-app-modem-control/vuci-app-modem-control-api,vuci-app-modem-control-api,VuCI API Support for RS Modem application,files=2; exec=0; lib=0; plugin=1; kmod=0; paths=/usr/lib/lua/api/services/modem_control.lua | /usr/share/rpcd/acl.d/modemControl.json,vuci app modem control api,Teltonika,1,DIRECT_SUBCOMPONENT_NO_PARENT_INHERITANCE,"VuCI API/UI package is a feature module of the firmware interface, not an independently versioned parent product.",Exact control/list/status: Source=feeds/vuci/applications/vuci-app-modem-control/vuci-app-modem-control-api; role=PLUGIN_OR_MODULE; Description=VuCI API Support for RS Modem application; paths=/usr/lib/lua/api/services/modem_control.lua | /usr/share/rpcd/acl.d/modemControl.json,OBSERVED_COMPONENT_VERSION_PRESERVED_NO_PARENT_MAPPING,Exact installed control Version equals the SBOM version; no parent product version is inferred.,,,NO_DIRECT_CPE,,,NOT_ENCOUNTERED,,false,false,,,DIRECT_OFFICIAL_CPE_NOT_CONFIRMED,NON_DIRECT_SUBCOMPONENT,N/A,MODERATE,false,,control=/usr/lib/opkg/info/vuci-app-modem-control-api.control; list=/usr/lib/opkg/info/vuci-app-modem-control-api.list; status_version_matches=True
200118,vuci-app-modem-control-ui,2025-07-02-0eab43c-1,cpe:2.3:a:vuci-app-modem-control-ui:vuci-app-modem-control-ui:2025-07-02-0eab43c-1:*:*:*:*:*:*:*,feeds/vuci/applications/vuci-app-modem-control/vuci-app-modem-control-ui,vuci-app-modem-control-ui,VuCI Support for RS modem application,files=0; exec=0; lib=0; plugin=0; kmod=0; paths=,vuci app modem control ui,Teltonika,2025-07-02-0eab43c-1,DIRECT_SUBCOMPONENT_NO_PARENT_INHERITANCE,"VuCI API/UI package is a feature module of the firmware interface, not an independently versioned parent product.",Exact control/list/status: Source=feeds/vuci/applications/vuci-app-modem-control/vuci-app-modem-control-ui; role=PLUGIN_OR_MODULE; Description=VuCI Support for RS modem application; paths=,OBSERVED_COMPONENT_VERSION_PRESERVED_NO_PARENT_MAPPING,Exact installed control Version equals the SBOM version; no parent product version is inferred.,,,NO_DIRECT_CPE,,,NOT_ENCOUNTERED,,false,false,,,DIRECT_OFFICIAL_CPE_NOT_CONFIRMED,NON_DIRECT_SUBCOMPONENT,N/A,MODERATE,false,,control=/usr/lib/opkg/info/vuci-app-modem-control-ui.control; list=/usr/lib/opkg/info/vuci-app-modem-control-ui.list; status_version_matches=True
200119,vuci-app-multiusers-api,1,cpe:2.3:a:vuci-app-multiusers-api:vuci-app-multiusers-api:1:*:*:*:*:*:*:*,feeds/vuci/applications/vuci-app-multiusers/vuci-app-multiusers-api,vuci-app-multiusers-api,VuCI API Multiusers Package,files=3; exec=0; lib=0; plugin=2; kmod=0; paths=/usr/lib/lua/api/system/groups.lua | /usr/lib/lua/api/system/users.lua | /usr/share/rpcd/acl.d/multiusers.json,vuci app multiusers api,Teltonika,1,DIRECT_SUBCOMPONENT_NO_PARENT_INHERITANCE,"VuCI API/UI package is a feature module of the firmware interface, not an independently versioned parent product.",Exact control/list/status: Source=feeds/vuci/applications/vuci-app-multiusers/vuci-app-multiusers-api; role=PLUGIN_OR_MODULE; Description=VuCI API Multiusers Package; paths=/usr/lib/lua/api/system/groups.lua | /usr/lib/lua/api/system/users.lua | /usr/share/rpcd/acl.d/multiusers.json,OBSERVED_COMPONENT_VERSION_PRESERVED_NO_PARENT_MAPPING,Exact installed control Version equals the SBOM version; no parent product version is inferred.,,,NO_DIRECT_CPE,,,NOT_ENCOUNTERED,,false,false,,,DIRECT_OFFICIAL_CPE_NOT_CONFIRMED,NON_DIRECT_SUBCOMPONENT,N/A,MODERATE,false,,control=/usr/lib/opkg/info/vuci-app-multiusers-api.control; list=/usr/lib/opkg/info/vuci-app-multiusers-api.list; status_version_matches=True
200120,vuci-app-multiusers-ui,2025-07-02-0eab43c-1,cpe:2.3:a:vuci-app-multiusers-ui:vuci-app-multiusers-ui:2025-07-02-0eab43c-1:*:*:*:*:*:*:*,feeds/vuci/applications/vuci-app-multiusers/vuci-app-multiusers-ui,vuci-app-multiusers-ui,VuCI UI Multiusers Package,files=0; exec=0; lib=0; plugin=0; kmod=0; paths=,vuci app multiusers ui,Teltonika,2025-07-02-0eab43c-1,DIRECT_SUBCOMPONENT_NO_PARENT_INHERITANCE,"VuCI API/UI package is a feature module of the firmware interface, not an independently versioned parent product.",Exact control/list/status: Source=feeds/vuci/applications/vuci-app-multiusers/vuci-app-multiusers-ui; role=PLUGIN_OR_MODULE; Description=VuCI UI Multiusers Package; paths=,OBSERVED_COMPONENT_VERSION_PRESERVED_NO_PARENT_MAPPING,Exact installed control Version equals the SBOM version; no parent product version is inferred.,,,NO_DIRECT_CPE,,,NOT_ENCOUNTERED,,false,false,,,DIRECT_OFFICIAL_CPE_NOT_CONFIRMED,NON_DIRECT_SUBCOMPONENT,N/A,MODERATE,false,,control=/usr/lib/opkg/info/vuci-app-multiusers-ui.control; list=/usr/lib/opkg/info/vuci-app-multiusers-ui.list; status_version_matches=True
200121,vuci-app-mwan3-api,1,cpe:2.3:a:vuci-app-mwan3-api:vuci-app-mwan3-api:1:*:*:*:*:*:*:*,feeds/vuci/applications/vuci-app-mwan3/vuci-app-mwan3-api,vuci-app-mwan3-api,VuCI API Support for the MWAN3 multiwan by teltonika,files=8; exec=0; lib=0; plugin=7; kmod=0; paths=/usr/lib/lua/api/network/mwan_general.lua | /usr/lib/lua/api/network/mwan_status_basic.lua | /usr/share/rpcd/acl.d/mwan.json,vuci app mwan3 api,Teltonika,1,DIRECT_SUBCOMPONENT_NO_PARENT_INHERITANCE,"VuCI API/UI package is a feature module of the firmware interface, not an independently versioned parent product.",Exact control/list/status: Source=feeds/vuci/applications/vuci-app-mwan3/vuci-app-mwan3-api; role=PLUGIN_OR_MODULE; Description=VuCI API Support for the MWAN3 multiwan by teltonika; paths=/usr/lib/lua/api/network/mwan_general.lua | /usr/lib/lua/api/network/mwan_status_basic.lua | /usr/share/rpcd/acl.d/mwan.json,OBSERVED_COMPONENT_VERSION_PRESERVED_NO_PARENT_MAPPING,Exact installed control Version equals the SBOM version; no parent product version is inferred.,,,NO_DIRECT_CPE,,,NOT_ENCOUNTERED,,false,false,,,DIRECT_OFFICIAL_CPE_NOT_CONFIRMED,NON_DIRECT_SUBCOMPONENT,N/A,MODERATE,false,,control=/usr/lib/opkg/info/vuci-app-mwan3-api.control; list=/usr/lib/opkg/info/vuci-app-mwan3-api.list; status_version_matches=True
200122,vuci-app-mwan3-ui,2025-07-02-0eab43c-1,cpe:2.3:a:vuci-app-mwan3-ui:vuci-app-mwan3-ui:2025-07-02-0eab43c-1:*:*:*:*:*:*:*,feeds/vuci/applications/vuci-app-mwan3/vuci-app-mwan3-ui,vuci-app-mwan3-ui,VuCI UI Support for the MWAN3 multiwan by teltonika,files=0; exec=0; lib=0; plugin=0; kmod=0; paths=,vuci app mwan3 ui,Teltonika,2025-07-02-0eab43c-1,DIRECT_SUBCOMPONENT_NO_PARENT_INHERITANCE,"VuCI API/UI package is a feature module of the firmware interface, not an independently versioned parent product.",Exact control/list/status: Source=feeds/vuci/applications/vuci-app-mwan3/vuci-app-mwan3-ui; role=PLUGIN_OR_MODULE; Description=VuCI UI Support for the MWAN3 multiwan by teltonika; paths=,OBSERVED_COMPONENT_VERSION_PRESERVED_NO_PARENT_MAPPING,Exact installed control Version equals the SBOM version; no parent product version is inferred.,,,NO_DIRECT_CPE,,,NOT_ENCOUNTERED,,false,false,,,DIRECT_OFFICIAL_CPE_NOT_CONFIRMED,NON_DIRECT_SUBCOMPONENT,N/A,MODERATE,false,,control=/usr/lib/opkg/info/vuci-app-mwan3-ui.control; list=/usr/lib/opkg/info/vuci-app-mwan3-ui.list; status_version_matches=True
200123,vuci-app-network-api,1,cpe:2.3:a:vuci-app-network-api:vuci-app-network-api:1:*:*:*:*:*:*:*,feeds/vuci/applications/vuci-app-network/vuci-app-network-api,vuci-app-network-api,VuCI API Support for the Network,files=3; exec=0; lib=0; plugin=2; kmod=0; paths=/usr/lib/lua/api/network/data_limit.lua | /usr/lib/lua/api/network/interfaces.lua | /usr/share/rpcd/acl.d/network.json,vuci app network api,Teltonika,1,DIRECT_SUBCOMPONENT_NO_PARENT_INHERITANCE,"VuCI API/UI package is a feature module of the firmware interface, not an independently versioned parent product.",Exact control/list/status: Source=feeds/vuci/applications/vuci-app-network/vuci-app-network-api; role=PLUGIN_OR_MODULE; Description=VuCI API Support for the Network; paths=/usr/lib/lua/api/network/data_limit.lua | /usr/lib/lua/api/network/interfaces.lua | /usr/share/rpcd/acl.d/network.json,OBSERVED_COMPONENT_VERSION_PRESERVED_NO_PARENT_MAPPING,Exact installed control Version equals the SBOM version; no parent product version is inferred.,,,NO_DIRECT_CPE,,,NOT_ENCOUNTERED,,false,false,,,DIRECT_OFFICIAL_CPE_NOT_CONFIRMED,NON_DIRECT_SUBCOMPONENT,N/A,MODERATE,false,,control=/usr/lib/opkg/info/vuci-app-network-api.control; list=/usr/lib/opkg/info/vuci-app-network-api.list; status_version_matches=True
200124,vuci-app-network-devices-api,1,cpe:2.3:a:vuci-app-network-devices-api:vuci-app-network-devices-api:1:*:*:*:*:*:*:*,feeds/vuci/applications/vuci-app-network-devices/vuci-app-network-devices-api,vuci-app-network-devices-api,VuCI API Support for the Network Devices,files=8; exec=0; lib=0; plugin=7; kmod=0; paths=/usr/lib/lua/api/network/devices_factory.lua | /usr/lib/lua/api/network/devices_status.lua | /usr/share/rpcd/acl.d/devices.json,vuci app network devices api,Teltonika,1,DIRECT_SUBCOMPONENT_NO_PARENT_INHERITANCE,"VuCI API/UI package is a feature module of the firmware interface, not an independently versioned parent product.",Exact control/list/status: Source=feeds/vuci/applications/vuci-app-network-devices/vuci-app-network-devices-api; role=PLUGIN_OR_MODULE; Description=VuCI API Support for the Network Devices; paths=/usr/lib/lua/api/network/devices_factory.lua | /usr/lib/lua/api/network/devices_status.lua | /usr/share/rpcd/acl.d/devices.json,OBSERVED_COMPONENT_VERSION_PRESERVED_NO_PARENT_MAPPING,Exact installed control Version equals the SBOM version; no parent product version is inferred.,,,NO_DIRECT_CPE,,,NOT_ENCOUNTERED,,false,false,,,DIRECT_OFFICIAL_CPE_NOT_CONFIRMED,NON_DIRECT_SUBCOMPONENT,N/A,MODERATE,false,,control=/usr/lib/opkg/info/vuci-app-network-devices-api.control; list=/usr/lib/opkg/info/vuci-app-network-devices-api.list; status_version_matches=True
200125,vuci-app-network-ui,2025-07-02-0eab43c-1,cpe:2.3:a:vuci-app-network-ui:vuci-app-network-ui:2025-07-02-0eab43c-1:*:*:*:*:*:*:*,feeds/vuci/applications/vuci-app-network/vuci-app-network-ui,vuci-app-network-ui,VuCI UI Support for the Network,files=0; exec=0; lib=0; plugin=0; kmod=0; paths=,vuci app network ui,Teltonika,2025-07-02-0eab43c-1,DIRECT_SUBCOMPONENT_NO_PARENT_INHERITANCE,"VuCI API/UI package is a feature module of the firmware interface, not an independently versioned parent product.",Exact control/list/status: Source=feeds/vuci/applications/vuci-app-network/vuci-app-network-ui; role=PLUGIN_OR_MODULE; Description=VuCI UI Support for the Network; paths=,OBSERVED_COMPONENT_VERSION_PRESERVED_NO_PARENT_MAPPING,Exact installed control Version equals the SBOM version; no parent product version is inferred.,,,NO_DIRECT_CPE,,,NOT_ENCOUNTERED,,false,false,,,DIRECT_OFFICIAL_CPE_NOT_CONFIRMED,NON_DIRECT_SUBCOMPONENT,N/A,MODERATE,false,,control=/usr/lib/opkg/info/vuci-app-network-ui.control; list=/usr/lib/opkg/info/vuci-app-network-ui.list; status_version_matches=True
200126,vuci-app-ntp-api,1,cpe:2.3:a:vuci-app-ntp-api:vuci-app-ntp-api:1:*:*:*:*:*:*:*,feeds/vuci/applications/vuci-app-ntp/vuci-app-ntp-api,vuci-app-ntp-api,VuCI API Support for NTP,files=6; exec=0; lib=0; plugin=5; kmod=0; paths=/usr/lib/lua/api/services/ntp_client.lua | /usr/lib/lua/api/services/ntp_client_options.lua | /usr/share/rpcd/acl.d/ntp.json,vuci app ntp api,Teltonika,1,DIRECT_SUBCOMPONENT_NO_PARENT_INHERITANCE,"VuCI API/UI package is a feature module of the firmware interface, not an independently versioned parent product.",Exact control/list/status: Source=feeds/vuci/applications/vuci-app-ntp/vuci-app-ntp-api; role=PLUGIN_OR_MODULE; Description=VuCI API Support for NTP; paths=/usr/lib/lua/api/services/ntp_client.lua | /usr/lib/lua/api/services/ntp_client_options.lua | /usr/share/rpcd/acl.d/ntp.json,OBSERVED_COMPONENT_VERSION_PRESERVED_NO_PARENT_MAPPING,Exact installed control Version equals the SBOM version; no parent product version is inferred.,,,NO_DIRECT_CPE,,,NOT_ENCOUNTERED,,false,false,,,DIRECT_OFFICIAL_CPE_NOT_CONFIRMED,NON_DIRECT_SUBCOMPONENT,N/A,MODERATE,false,,control=/usr/lib/opkg/info/vuci-app-ntp-api.control; list=/usr/lib/opkg/info/vuci-app-ntp-api.list; status_version_matches=True
200127,vuci-app-ntp-ui,2025-07-02-0eab43c-1,cpe:2.3:a:vuci-app-ntp-ui:vuci-app-ntp-ui:2025-07-02-0eab43c-1:*:*:*:*:*:*:*,feeds/vuci/applications/vuci-app-ntp/vuci-app-ntp-ui,vuci-app-ntp-ui,VuCI UI Support for NTP,files=0; exec=0; lib=0; plugin=0; kmod=0; paths=,vuci app ntp ui,Teltonika,2025-07-02-0eab43c-1,DIRECT_SUBCOMPONENT_NO_PARENT_INHERITANCE,"VuCI API/UI package is a feature module of the firmware interface, not an independently versioned parent product.",Exact control/list/status: Source=feeds/vuci/applications/vuci-app-ntp/vuci-app-ntp-ui; role=PLUGIN_OR_MODULE; Description=VuCI UI Support for NTP; paths=,OBSERVED_COMPONENT_VERSION_PRESERVED_NO_PARENT_MAPPING,Exact installed control Version equals the SBOM version; no parent product version is inferred.,,,NO_DIRECT_CPE,,,NOT_ENCOUNTERED,,false,false,,,DIRECT_OFFICIAL_CPE_NOT_CONFIRMED,NON_DIRECT_SUBCOMPONENT,N/A,MODERATE,false,,control=/usr/lib/opkg/info/vuci-app-ntp-ui.control; list=/usr/lib/opkg/info/vuci-app-ntp-ui.list; status_version_matches=True
200128,vuci-app-opcua-api,1,cpe:2.3:a:vuci-app-opcua-api:vuci-app-opcua-api:1:*:*:*:*:*:*:*,feeds/vuci/applications/vuci-app-opcua/vuci-app-opcua-api,vuci-app-opcua-api,VuCI API Support for OPCUA,files=8; exec=0; lib=0; plugin=7; kmod=0; paths=/usr/lib/lua/api/services/opcua_value_group.lua | /usr/lib/lua/api/services/opcua_value.lua | /usr/share/rpcd/acl.d/opcua_client.json,vuci app opcua api,Teltonika,1,DIRECT_SUBCOMPONENT_NO_PARENT_INHERITANCE,"VuCI API/UI package is a feature module of the firmware interface, not an independently versioned parent product.",Exact control/list/status: Source=feeds/vuci/applications/vuci-app-opcua/vuci-app-opcua-api; role=PLUGIN_OR_MODULE; Description=VuCI API Support for OPCUA; paths=/usr/lib/lua/api/services/opcua_value_group.lua | /usr/lib/lua/api/services/opcua_value.lua | /usr/share/rpcd/acl.d/opcua_client.json,OBSERVED_COMPONENT_VERSION_PRESERVED_NO_PARENT_MAPPING,Exact installed control Version equals the SBOM version; no parent product version is inferred.,,,NO_DIRECT_CPE,,,NOT_ENCOUNTERED,,false,false,,,DIRECT_OFFICIAL_CPE_NOT_CONFIRMED,NON_DIRECT_SUBCOMPONENT,N/A,MODERATE,false,,control=/usr/lib/opkg/info/vuci-app-opcua-api.control; list=/usr/lib/opkg/info/vuci-app-opcua-api.list; status_version_matches=True
200129,vuci-app-opcua-server-api,1,cpe:2.3:a:vuci-app-opcua-server-api:vuci-app-opcua-server-api:1:*:*:*:*:*:*:*,feeds/vuci/applications/vuci-app-opcua-server/vuci-app-opcua-server-api,vuci-app-opcua-server-api,VuCI API Support for Ethernet/IP,files=2; exec=0; lib=0; plugin=1; kmod=0; paths=/usr/lib/lua/api/services/opcua_server_v2.lua | /usr/share/rpcd/acl.d/opcua_server.json,vuci app opcua server api,Teltonika,1,DIRECT_SUBCOMPONENT_NO_PARENT_INHERITANCE,"VuCI API/UI package is a feature module of the firmware interface, not an independently versioned parent product.",Exact control/list/status: Source=feeds/vuci/applications/vuci-app-opcua-server/vuci-app-opcua-server-api; role=PLUGIN_OR_MODULE; Description=VuCI API Support for Ethernet/IP; paths=/usr/lib/lua/api/services/opcua_server_v2.lua | /usr/share/rpcd/acl.d/opcua_server.json,OBSERVED_COMPONENT_VERSION_PRESERVED_NO_PARENT_MAPPING,Exact installed control Version equals the SBOM version; no parent product version is inferred.,,,NO_DIRECT_CPE,,,NOT_ENCOUNTERED,,false,false,,,DIRECT_OFFICIAL_CPE_NOT_CONFIRMED,NON_DIRECT_SUBCOMPONENT,N/A,MODERATE,false,,control=/usr/lib/opkg/info/vuci-app-opcua-server-api.control; list=/usr/lib/opkg/info/vuci-app-opcua-server-api.list; status_version_matches=True
200130,vuci-app-opcua-server-ui,2025-07-02-0eab43c-1,cpe:2.3:a:vuci-app-opcua-server-ui:vuci-app-opcua-server-ui:2025-07-02-0eab43c-1:*:*:*:*:*:*:*,feeds/vuci/applications/vuci-app-opcua-server/vuci-app-opcua-server-ui,vuci-app-opcua-server-ui,OPC UA server designed for OPC UA clients to read device data.,files=0; exec=0; lib=0; plugin=0; kmod=0; paths=,vuci app opcua server ui,Teltonika,2025-07-02-0eab43c-1,DIRECT_SUBCOMPONENT_NO_PARENT_INHERITANCE,"VuCI API/UI package is a feature module of the firmware interface, not an independently versioned parent product.",Exact control/list/status: Source=feeds/vuci/applications/vuci-app-opcua-server/vuci-app-opcua-server-ui; role=PLUGIN_OR_MODULE; Description=OPC UA server designed for OPC UA clients to read device data.; paths=,OBSERVED_COMPONENT_VERSION_PRESERVED_NO_PARENT_MAPPING,Exact installed control Version equals the SBOM version; no parent product version is inferred.,,,NO_DIRECT_CPE,,,NOT_ENCOUNTERED,,false,false,,,DIRECT_OFFICIAL_CPE_NOT_CONFIRMED,NON_DIRECT_SUBCOMPONENT,N/A,MODERATE,false,,control=/usr/lib/opkg/info/vuci-app-opcua-server-ui.control; list=/usr/lib/opkg/info/vuci-app-opcua-server-ui.list; status_version_matches=True
200131,vuci-app-opcua-ui,2025-07-02-0eab43c-1,cpe:2.3:a:vuci-app-opcua-ui:vuci-app-opcua-ui:2025-07-02-0eab43c-1:*:*:*:*:*:*:*,feeds/vuci/applications/vuci-app-opcua/vuci-app-opcua-ui,vuci-app-opcua-ui,OPC UA client designed for reading data from OPC UA servers and storing read data in local database.,files=0; exec=0; lib=0; plugin=0; kmod=0; paths=,vuci app opcua ui,Teltonika,2025-07-02-0eab43c-1,DIRECT_SUBCOMPONENT_NO_PARENT_INHERITANCE,"VuCI API/UI package is a feature module of the firmware interface, not an independently versioned parent product.",Exact control/list/status: Source=feeds/vuci/applications/vuci-app-opcua/vuci-app-opcua-ui; role=PLUGIN_OR_MODULE; Description=OPC UA client designed for reading data from OPC UA servers and storing read data in local database.; paths=,OBSERVED_COMPONENT_VERSION_PRESERVED_NO_PARENT_MAPPING,Exact installed control Version equals the SBOM version; no parent product version is inferred.,,,NO_DIRECT_CPE,,,NOT_ENCOUNTERED,,false,false,,,DIRECT_OFFICIAL_CPE_NOT_CONFIRMED,NON_DIRECT_SUBCOMPONENT,N/A,MODERATE,false,,control=/usr/lib/opkg/info/vuci-app-opcua-ui.control; list=/usr/lib/opkg/info/vuci-app-opcua-ui.list; status_version_matches=True
200132,vuci-app-openvpn-api,1,cpe:2.3:a:vuci-app-openvpn-api:vuci-app-openvpn-api:1:*:*:*:*:*:*:*,feeds/vuci/applications/vuci-app-openvpn/vuci-app-openvpn-api,vuci-app-openvpn-api,VuCI API Support for OPENVPN,files=4; exec=0; lib=0; plugin=3; kmod=0; paths=/usr/lib/lua/api/services/openvpn_tls.lua | /usr/lib/lua/api/services/openvpn.lua | /usr/share/rpcd/acl.d/openvpn.json,vuci app openvpn api,Teltonika,1,DIRECT_SUBCOMPONENT_NO_PARENT_INHERITANCE,"VuCI API/UI package is a feature module of the firmware interface, not an independently versioned parent product.",Exact control/list/status: Source=feeds/vuci/applications/vuci-app-openvpn/vuci-app-openvpn-api; role=PLUGIN_OR_MODULE; Description=VuCI API Support for OPENVPN; paths=/usr/lib/lua/api/services/openvpn_tls.lua | /usr/lib/lua/api/services/openvpn.lua | /usr/share/rpcd/acl.d/openvpn.json,OBSERVED_COMPONENT_VERSION_PRESERVED_NO_PARENT_MAPPING,Exact installed control Version equals the SBOM version; no parent product version is inferred.,,,NO_DIRECT_CPE,,,NOT_ENCOUNTERED,,false,false,,,DIRECT_OFFICIAL_CPE_NOT_CONFIRMED,NON_DIRECT_SUBCOMPONENT,N/A,MODERATE,false,,control=/usr/lib/opkg/info/vuci-app-openvpn-api.control; list=/usr/lib/opkg/info/vuci-app-openvpn-api.list; status_version_matches=True
200133,vuci-app-openvpn-ui,2025-07-02-0eab43c-1,cpe:2.3:a:vuci-app-openvpn-ui:vuci-app-openvpn-ui:2025-07-02-0eab43c-1:*:*:*:*:*:*:*,feeds/vuci/applications/vuci-app-openvpn/vuci-app-openvpn-ui,vuci-app-openvpn-ui,VuCI UI Support for OPENVPN,files=0; exec=0; lib=0; plugin=0; kmod=0; paths=,vuci app openvpn ui,Teltonika,2025-07-02-0eab43c-1,DIRECT_SUBCOMPONENT_NO_PARENT_INHERITANCE,"VuCI API/UI package is a feature module of the firmware interface, not an independently versioned parent product.",Exact control/list/status: Source=feeds/vuci/applications/vuci-app-openvpn/vuci-app-openvpn-ui; role=PLUGIN_OR_MODULE; Description=VuCI UI Support for OPENVPN; paths=,OBSERVED_COMPONENT_VERSION_PRESERVED_NO_PARENT_MAPPING,Exact installed control Version equals the SBOM version; no parent product version is inferred.,,,NO_DIRECT_CPE,,,NOT_ENCOUNTERED,,false,false,,,DIRECT_OFFICIAL_CPE_NOT_CONFIRMED,NON_DIRECT_SUBCOMPONENT,N/A,MODERATE,false,,control=/usr/lib/opkg/info/vuci-app-openvpn-ui.control; list=/usr/lib/opkg/info/vuci-app-openvpn-ui.list; status_version_matches=True
200134,vuci-app-overip-api,1,cpe:2.3:a:vuci-app-overip-api:vuci-app-overip-api:1:*:*:*:*:*:*:*,feeds/vuci/applications/vuci-app-overip/vuci-app-overip-api,vuci-app-overip-api,VuCI Support for OverIP,files=3; exec=0; lib=0; plugin=2; kmod=0; paths=/usr/lib/lua/api/services/overip_filters.lua | /usr/lib/lua/api/services/overip.lua | /usr/share/rpcd/acl.d/overip.json,vuci app overip api,Teltonika,1,DIRECT_SUBCOMPONENT_NO_PARENT_INHERITANCE,"VuCI API/UI package is a feature module of the firmware interface, not an independently versioned parent product.",Exact control/list/status: Source=feeds/vuci/applications/vuci-app-overip/vuci-app-overip-api; role=PLUGIN_OR_MODULE; Description=VuCI Support for OverIP; paths=/usr/lib/lua/api/services/overip_filters.lua | /usr/lib/lua/api/services/overip.lua | /usr/share/rpcd/acl.d/overip.json,OBSERVED_COMPONENT_VERSION_PRESERVED_NO_PARENT_MAPPING,Exact installed control Version equals the SBOM version; no parent product version is inferred.,,,NO_DIRECT_CPE,,,NOT_ENCOUNTERED,,false,false,,,DIRECT_OFFICIAL_CPE_NOT_CONFIRMED,NON_DIRECT_SUBCOMPONENT,N/A,MODERATE,false,,control=/usr/lib/opkg/info/vuci-app-overip-api.control; list=/usr/lib/opkg/info/vuci-app-overip-api.list; status_version_matches=True
200135,vuci-app-overip-ui,2025-07-02-0eab43c-1,cpe:2.3:a:vuci-app-overip-ui:vuci-app-overip-ui:2025-07-02-0eab43c-1:*:*:*:*:*:*:*,feeds/vuci/applications/vuci-app-overip/vuci-app-overip-ui,vuci-app-overip-ui,VuCI Support for OverIP,files=0; exec=0; lib=0; plugin=0; kmod=0; paths=,vuci app overip ui,Teltonika,2025-07-02-0eab43c-1,DIRECT_SUBCOMPONENT_NO_PARENT_INHERITANCE,"VuCI API/UI package is a feature module of the firmware interface, not an independently versioned parent product.",Exact control/list/status: Source=feeds/vuci/applications/vuci-app-overip/vuci-app-overip-ui; role=PLUGIN_OR_MODULE; Description=VuCI Support for OverIP; paths=,OBSERVED_COMPONENT_VERSION_PRESERVED_NO_PARENT_MAPPING,Exact installed control Version equals the SBOM version; no parent product version is inferred.,,,NO_DIRECT_CPE,,,NOT_ENCOUNTERED,,false,false,,,DIRECT_OFFICIAL_CPE_NOT_CONFIRMED,NON_DIRECT_SUBCOMPONENT,N/A,MODERATE,false,,control=/usr/lib/opkg/info/vuci-app-overip-ui.control; list=/usr/lib/opkg/info/vuci-app-overip-ui.list; status_version_matches=True
200136,vuci-app-overview-api,1,cpe:2.3:a:vuci-app-overview-api:vuci-app-overview-api:1:*:*:*:*:*:*:*,feeds/vuci/applications/vuci-app-overview/vuci-app-overview-api,vuci-app-overview-api,VuCI API Support for Overview,files=3; exec=0; lib=0; plugin=1; kmod=0; paths=/usr/lib/lua/api/status/overview.lua | /etc/config/overview | /usr/share/rpcd/acl.d/overview.json,vuci app overview api,Teltonika,1,DIRECT_SUBCOMPONENT_NO_PARENT_INHERITANCE,"VuCI API/UI package is a feature module of the firmware interface, not an independently versioned parent product.",Exact control/list/status: Source=feeds/vuci/applications/vuci-app-overview/vuci-app-overview-api; role=PLUGIN_OR_MODULE; Description=VuCI API Support for Overview; paths=/usr/lib/lua/api/status/overview.lua | /etc/config/overview | /usr/share/rpcd/acl.d/overview.json,OBSERVED_COMPONENT_VERSION_PRESERVED_NO_PARENT_MAPPING,Exact installed control Version equals the SBOM version; no parent product version is inferred.,,,NO_DIRECT_CPE,,,NOT_ENCOUNTERED,,false,false,,,DIRECT_OFFICIAL_CPE_NOT_CONFIRMED,NON_DIRECT_SUBCOMPONENT,N/A,MODERATE,false,,control=/usr/lib/opkg/info/vuci-app-overview-api.control; list=/usr/lib/opkg/info/vuci-app-overview-api.list; status_version_matches=True
200137,vuci-app-overview-ui,2025-07-02-0eab43c-1,cpe:2.3:a:vuci-app-overview-ui:vuci-app-overview-ui:2025-07-02-0eab43c-1:*:*:*:*:*:*:*,feeds/vuci/applications/vuci-app-overview/vuci-app-overview-ui,vuci-app-overview-ui,VuCI UI Support for Overview,files=0; exec=0; lib=0; plugin=0; kmod=0; paths=,vuci app overview ui,Teltonika,2025-07-02-0eab43c-1,DIRECT_SUBCOMPONENT_NO_PARENT_INHERITANCE,"VuCI API/UI package is a feature module of the firmware interface, not an independently versioned parent product.",Exact control/list/status: Source=feeds/vuci/applications/vuci-app-overview/vuci-app-overview-ui; role=PLUGIN_OR_MODULE; Description=VuCI UI Support for Overview; paths=,OBSERVED_COMPONENT_VERSION_PRESERVED_NO_PARENT_MAPPING,Exact installed control Version equals the SBOM version; no parent product version is inferred.,,,NO_DIRECT_CPE,,,NOT_ENCOUNTERED,,false,false,,,DIRECT_OFFICIAL_CPE_NOT_CONFIRMED,NON_DIRECT_SUBCOMPONENT,N/A,MODERATE,false,,control=/usr/lib/opkg/info/vuci-app-overview-ui.control; list=/usr/lib/opkg/info/vuci-app-overview-ui.list; status_version_matches=True
200138,vuci-app-package-manager-api,1,cpe:2.3:a:vuci-app-package-manager-api:vuci-app-package-manager-api:1:*:*:*:*:*:*:*,feeds/vuci/applications/vuci-app-package-manager/vuci-app-package-manager-api,vuci-app-package-manager-api,VuCI API Support for Package Manager,files=8; exec=0; lib=0; plugin=7; kmod=0; paths=/usr/lib/lua/api/services/packages_options.lua | /usr/lib/lua/api/services/packages.lua | /usr/share/rpcd/acl.d/packages.json,vuci app package manager api,Teltonika,1,DIRECT_SUBCOMPONENT_NO_PARENT_INHERITANCE,"VuCI API/UI package is a feature module of the firmware interface, not an independently versioned parent product.",Exact control/list/status: Source=feeds/vuci/applications/vuci-app-package-manager/vuci-app-package-manager-api; role=PLUGIN_OR_MODULE; Description=VuCI API Support for Package Manager; paths=/usr/lib/lua/api/services/packages_options.lua | /usr/lib/lua/api/services/packages.lua | /usr/share/rpcd/acl.d/packages.json,OBSERVED_COMPONENT_VERSION_PRESERVED_NO_PARENT_MAPPING,Exact installed control Version equals the SBOM version; no parent product version is inferred.,,,NO_DIRECT_CPE,,,NOT_ENCOUNTERED,,false,false,,,DIRECT_OFFICIAL_CPE_NOT_CONFIRMED,NON_DIRECT_SUBCOMPONENT,N/A,MODERATE,false,,control=/usr/lib/opkg/info/vuci-app-package-manager-api.control; list=/usr/lib/opkg/info/vuci-app-package-manager-api.list; status_version_matches=True
200139,vuci-app-package-manager-ui,2025-07-02-0eab43c-1,cpe:2.3:a:vuci-app-package-manager-ui:vuci-app-package-manager-ui:2025-07-02-0eab43c-1:*:*:*:*:*:*:*,feeds/vuci/applications/vuci-app-package-manager/vuci-app-package-manager-ui,vuci-app-package-manager-ui,VuCI UI Support for Package Manager,files=0; exec=0; lib=0; plugin=0; kmod=0; paths=,vuci app package manager ui,Teltonika,2025-07-02-0eab43c-1,DIRECT_SUBCOMPONENT_NO_PARENT_INHERITANCE,"VuCI API/UI package is a feature module of the firmware interface, not an independently versioned parent product.",Exact control/list/status: Source=feeds/vuci/applications/vuci-app-package-manager/vuci-app-package-manager-ui; role=PLUGIN_OR_MODULE; Description=VuCI UI Support for Package Manager; paths=,OBSERVED_COMPONENT_VERSION_PRESERVED_NO_PARENT_MAPPING,Exact installed control Version equals the SBOM version; no parent product version is inferred.,,,NO_DIRECT_CPE,,,NOT_ENCOUNTERED,,false,false,,,DIRECT_OFFICIAL_CPE_NOT_CONFIRMED,NON_DIRECT_SUBCOMPONENT,N/A,MODERATE,false,,control=/usr/lib/opkg/info/vuci-app-package-manager-ui.control; list=/usr/lib/opkg/info/vuci-app-package-manager-ui.list; status_version_matches=True
200140,vuci-app-password-policy-api,1,cpe:2.3:a:vuci-app-password-policy-api:vuci-app-password-policy-api:1:*:*:*:*:*:*:*,feeds/vuci/applications/vuci-app-password-policy/vuci-app-password-policy-api,vuci-app-password-policy-api,VuCI API Support for Password Policy,files=2; exec=0; lib=0; plugin=1; kmod=0; paths=/usr/lib/lua/api/system/password_policy.lua | /usr/share/rpcd/acl.d/password_policy.json,vuci app password policy api,Teltonika,1,DIRECT_SUBCOMPONENT_NO_PARENT_INHERITANCE,"VuCI API/UI package is a feature module of the firmware interface, not an independently versioned parent product.",Exact control/list/status: Source=feeds/vuci/applications/vuci-app-password-policy/vuci-app-password-policy-api; role=PLUGIN_OR_MODULE; Description=VuCI API Support for Password Policy; paths=/usr/lib/lua/api/system/password_policy.lua | /usr/share/rpcd/acl.d/password_policy.json,OBSERVED_COMPONENT_VERSION_PRESERVED_NO_PARENT_MAPPING,Exact installed control Version equals the SBOM version; no parent product version is inferred.,,,NO_DIRECT_CPE,,,NOT_ENCOUNTERED,,false,false,,,DIRECT_OFFICIAL_CPE_NOT_CONFIRMED,NON_DIRECT_SUBCOMPONENT,N/A,MODERATE,false,,control=/usr/lib/opkg/info/vuci-app-password-policy-api.control; list=/usr/lib/opkg/info/vuci-app-password-policy-api.list; status_version_matches=True
200141,vuci-app-password-policy-ui,2025-07-02-0eab43c-1,cpe:2.3:a:vuci-app-password-policy-ui:vuci-app-password-policy-ui:2025-07-02-0eab43c-1:*:*:*:*:*:*:*,feeds/vuci/applications/vuci-app-password-policy/vuci-app-password-policy-ui,vuci-app-password-policy-ui,VuCI UI Support for Password Policy,files=0; exec=0; lib=0; plugin=0; kmod=0; paths=,vuci app password policy ui,Teltonika,2025-07-02-0eab43c-1,DIRECT_SUBCOMPONENT_NO_PARENT_INHERITANCE,"VuCI API/UI package is a feature module of the firmware interface, not an independently versioned parent product.",Exact control/list/status: Source=feeds/vuci/applications/vuci-app-password-policy/vuci-app-password-policy-ui; role=PLUGIN_OR_MODULE; Description=VuCI UI Support for Password Policy; paths=,OBSERVED_COMPONENT_VERSION_PRESERVED_NO_PARENT_MAPPING,Exact installed control Version equals the SBOM version; no parent product version is inferred.,,,NO_DIRECT_CPE,,,NOT_ENCOUNTERED,,false,false,,,DIRECT_OFFICIAL_CPE_NOT_CONFIRMED,NON_DIRECT_SUBCOMPONENT,N/A,MODERATE,false,,control=/usr/lib/opkg/info/vuci-app-password-policy-ui.control; list=/usr/lib/opkg/info/vuci-app-password-policy-ui.list; status_version_matches=True
200142,vuci-app-pcom-api,1,cpe:2.3:a:vuci-app-pcom-api:vuci-app-pcom-api:1:*:*:*:*:*:*:*,feeds/vuci/applications/vuci-app-pcom/vuci-app-pcom-api,vuci-app-pcom-api,VuCI API Support for PCOM,files=12; exec=0; lib=0; plugin=11; kmod=0; paths=/usr/lib/lua/api/services/macchina.lua | /usr/lib/lua/api/services/unicloud.lua | /usr/share/rpcd/acl.d/pcom.json,vuci app pcom api,Teltonika,1,DIRECT_SUBCOMPONENT_NO_PARENT_INHERITANCE,"VuCI API/UI package is a feature module of the firmware interface, not an independently versioned parent product.",Exact control/list/status: Source=feeds/vuci/applications/vuci-app-pcom/vuci-app-pcom-api; role=PLUGIN_OR_MODULE; Description=VuCI API Support for PCOM; paths=/usr/lib/lua/api/services/macchina.lua | /usr/lib/lua/api/services/unicloud.lua | /usr/share/rpcd/acl.d/pcom.json,OBSERVED_COMPONENT_VERSION_PRESERVED_NO_PARENT_MAPPING,Exact installed control Version equals the SBOM version; no parent product version is inferred.,,,NO_DIRECT_CPE,,,NOT_ENCOUNTERED,,false,false,,,DIRECT_OFFICIAL_CPE_NOT_CONFIRMED,NON_DIRECT_SUBCOMPONENT,N/A,MODERATE,false,,control=/usr/lib/opkg/info/vuci-app-pcom-api.control; list=/usr/lib/opkg/info/vuci-app-pcom-api.list; status_version_matches=True
200143,vuci-app-pcom-ui,2025-07-02-0eab43c-1,cpe:2.3:a:vuci-app-pcom-ui:vuci-app-pcom-ui:2025-07-02-0eab43c-1:*:*:*:*:*:*:*,feeds/vuci/applications/vuci-app-pcom/vuci-app-pcom-ui,vuci-app-pcom-ui,VuCI UI Support for PCOM,files=0; exec=0; lib=0; plugin=0; kmod=0; paths=,vuci app pcom ui,Teltonika,2025-07-02-0eab43c-1,DIRECT_SUBCOMPONENT_NO_PARENT_INHERITANCE,"VuCI API/UI package is a feature module of the firmware interface, not an independently versioned parent product.",Exact control/list/status: Source=feeds/vuci/applications/vuci-app-pcom/vuci-app-pcom-ui; role=PLUGIN_OR_MODULE; Description=VuCI UI Support for PCOM; paths=,OBSERVED_COMPONENT_VERSION_PRESERVED_NO_PARENT_MAPPING,Exact installed control Version equals the SBOM version; no parent product version is inferred.,,,NO_DIRECT_CPE,,,NOT_ENCOUNTERED,,false,false,,,DIRECT_OFFICIAL_CPE_NOT_CONFIRMED,NON_DIRECT_SUBCOMPONENT,N/A,MODERATE,false,,control=/usr/lib/opkg/info/vuci-app-pcom-ui.control; list=/usr/lib/opkg/info/vuci-app-pcom-ui.list; status_version_matches=True
200144,vuci-app-ports-settings-api,1,cpe:2.3:a:vuci-app-ports-settings-api:vuci-app-ports-settings-api:1:*:*:*:*:*:*:*,feeds/vuci/applications/vuci-app-ports-settings/vuci-app-ports-settings-api,vuci-app-ports-settings-api,VuCI API Support for the Ports,files=2; exec=0; lib=0; plugin=1; kmod=0; paths=/usr/lib/lua/api/network/ports_settings.lua | /usr/share/rpcd/acl.d/ports.json,vuci app ports settings api,Teltonika,1,DIRECT_SUBCOMPONENT_NO_PARENT_INHERITANCE,"VuCI API/UI package is a feature module of the firmware interface, not an independently versioned parent product.",Exact control/list/status: Source=feeds/vuci/applications/vuci-app-ports-settings/vuci-app-ports-settings-api; role=PLUGIN_OR_MODULE; Description=VuCI API Support for the Ports; paths=/usr/lib/lua/api/network/ports_settings.lua | /usr/share/rpcd/acl.d/ports.json,OBSERVED_COMPONENT_VERSION_PRESERVED_NO_PARENT_MAPPING,Exact installed control Version equals the SBOM version; no parent product version is inferred.,,,NO_DIRECT_CPE,,,NOT_ENCOUNTERED,,false,false,,,DIRECT_OFFICIAL_CPE_NOT_CONFIRMED,NON_DIRECT_SUBCOMPONENT,N/A,MODERATE,false,,control=/usr/lib/opkg/info/vuci-app-ports-settings-api.control; list=/usr/lib/opkg/info/vuci-app-ports-settings-api.list; status_version_matches=True
200145,vuci-app-ports-settings-ui,2025-07-02-0eab43c-1,cpe:2.3:a:vuci-app-ports-settings-ui:vuci-app-ports-settings-ui:2025-07-02-0eab43c-1:*:*:*:*:*:*:*,feeds/vuci/applications/vuci-app-ports-settings/vuci-app-ports-settings-ui,vuci-app-ports-settings-ui,VuCI UI Support for the Ports,files=0; exec=0; lib=0; plugin=0; kmod=0; paths=,vuci app ports settings ui,Teltonika,2025-07-02-0eab43c-1,DIRECT_SUBCOMPONENT_NO_PARENT_INHERITANCE,"VuCI API/UI package is a feature module of the firmware interface, not an independently versioned parent product.",Exact control/list/status: Source=feeds/vuci/applications/vuci-app-ports-settings/vuci-app-ports-settings-ui; role=PLUGIN_OR_MODULE; Description=VuCI UI Support for the Ports; paths=,OBSERVED_COMPONENT_VERSION_PRESERVED_NO_PARENT_MAPPING,Exact installed control Version equals the SBOM version; no parent product version is inferred.,,,NO_DIRECT_CPE,,,NOT_ENCOUNTERED,,false,false,,,DIRECT_OFFICIAL_CPE_NOT_CONFIRMED,NON_DIRECT_SUBCOMPONENT,N/A,MODERATE,false,,control=/usr/lib/opkg/info/vuci-app-ports-settings-ui.control; list=/usr/lib/opkg/info/vuci-app-ports-settings-ui.list; status_version_matches=True
200146,vuci-app-pptp-api,1,cpe:2.3:a:vuci-app-pptp-api:vuci-app-pptp-api:1:*:*:*:*:*:*:*,feeds/vuci/applications/vuci-app-pptp/vuci-app-pptp-api,vuci-app-pptp-api,VuCI API Support for PPTP,files=4; exec=0; lib=0; plugin=3; kmod=0; paths=/usr/lib/lua/api/services/pptp_login.lua | /usr/lib/lua/api/services/pptp_client.lua | /usr/share/rpcd/acl.d/pptp.json,vuci app pptp api,Teltonika,1,DIRECT_SUBCOMPONENT_NO_PARENT_INHERITANCE,"VuCI API/UI package is a feature module of the firmware interface, not an independently versioned parent product.",Exact control/list/status: Source=feeds/vuci/applications/vuci-app-pptp/vuci-app-pptp-api; role=PLUGIN_OR_MODULE; Description=VuCI API Support for PPTP; paths=/usr/lib/lua/api/services/pptp_login.lua | /usr/lib/lua/api/services/pptp_client.lua | /usr/share/rpcd/acl.d/pptp.json,OBSERVED_COMPONENT_VERSION_PRESERVED_NO_PARENT_MAPPING,Exact installed control Version equals the SBOM version; no parent product version is inferred.,,,NO_DIRECT_CPE,,,NOT_ENCOUNTERED,,false,false,,,DIRECT_OFFICIAL_CPE_NOT_CONFIRMED,NON_DIRECT_SUBCOMPONENT,N/A,MODERATE,false,,control=/usr/lib/opkg/info/vuci-app-pptp-api.control; list=/usr/lib/opkg/info/vuci-app-pptp-api.list; status_version_matches=True
200147,vuci-app-pptp-ui,2025-07-02-0eab43c-1,cpe:2.3:a:vuci-app-pptp-ui:vuci-app-pptp-ui:2025-07-02-0eab43c-1:*:*:*:*:*:*:*,feeds/vuci/applications/vuci-app-pptp/vuci-app-pptp-ui,vuci-app-pptp-ui,VuCI UI Support for PPTP,files=0; exec=0; lib=0; plugin=0; kmod=0; paths=,vuci app pptp ui,Teltonika,2025-07-02-0eab43c-1,DIRECT_SUBCOMPONENT_NO_PARENT_INHERITANCE,"VuCI API/UI package is a feature module of the firmware interface, not an independently versioned parent product.",Exact control/list/status: Source=feeds/vuci/applications/vuci-app-pptp/vuci-app-pptp-ui; role=PLUGIN_OR_MODULE; Description=VuCI UI Support for PPTP; paths=,OBSERVED_COMPONENT_VERSION_PRESERVED_NO_PARENT_MAPPING,Exact installed control Version equals the SBOM version; no parent product version is inferred.,,,NO_DIRECT_CPE,,,NOT_ENCOUNTERED,,false,false,,,DIRECT_OFFICIAL_CPE_NOT_CONFIRMED,NON_DIRECT_SUBCOMPONENT,N/A,MODERATE,false,,control=/usr/lib/opkg/info/vuci-app-pptp-ui.control; list=/usr/lib/opkg/info/vuci-app-pptp-ui.list; status_version_matches=True
200148,vuci-app-profiles-api,1,cpe:2.3:a:vuci-app-profiles-api:vuci-app-profiles-api:1:*:*:*:*:*:*:*,feeds/vuci/applications/vuci-app-profiles/vuci-app-profiles-api,vuci-app-profiles-api,VuCI API Support for Profiles,files=4; exec=0; lib=0; plugin=3; kmod=0; paths=/usr/lib/lua/api/system/profiles.lua | /usr/lib/lua/api/system/scheduler_general.lua | /usr/share/rpcd/acl.d/profiles.json,vuci app profiles api,Teltonika,1,DIRECT_SUBCOMPONENT_NO_PARENT_INHERITANCE,"VuCI API/UI package is a feature module of the firmware interface, not an independently versioned parent product.",Exact control/list/status: Source=feeds/vuci/applications/vuci-app-profiles/vuci-app-profiles-api; role=PLUGIN_OR_MODULE; Description=VuCI API Support for Profiles; paths=/usr/lib/lua/api/system/profiles.lua | /usr/lib/lua/api/system/scheduler_general.lua | /usr/share/rpcd/acl.d/profiles.json,OBSERVED_COMPONENT_VERSION_PRESERVED_NO_PARENT_MAPPING,Exact installed control Version equals the SBOM version; no parent product version is inferred.,,,NO_DIRECT_CPE,,,NOT_ENCOUNTERED,,false,false,,,DIRECT_OFFICIAL_CPE_NOT_CONFIRMED,NON_DIRECT_SUBCOMPONENT,N/A,MODERATE,false,,control=/usr/lib/opkg/info/vuci-app-profiles-api.control; list=/usr/lib/opkg/info/vuci-app-profiles-api.list; status_version_matches=True
200149,vuci-app-profiles-ui,2025-07-02-0eab43c-1,cpe:2.3:a:vuci-app-profiles-ui:vuci-app-profiles-ui:2025-07-02-0eab43c-1:*:*:*:*:*:*:*,feeds/vuci/applications/vuci-app-profiles/vuci-app-profiles-ui,vuci-app-profiles-ui,VuCI UI Support for Profiles,files=0; exec=0; lib=0; plugin=0; kmod=0; paths=,vuci app profiles ui,Teltonika,2025-07-02-0eab43c-1,DIRECT_SUBCOMPONENT_NO_PARENT_INHERITANCE,"VuCI API/UI package is a feature module of the firmware interface, not an independently versioned parent product.",Exact control/list/status: Source=feeds/vuci/applications/vuci-app-profiles/vuci-app-profiles-ui; role=PLUGIN_OR_MODULE; Description=VuCI UI Support for Profiles; paths=,OBSERVED_COMPONENT_VERSION_PRESERVED_NO_PARENT_MAPPING,Exact installed control Version equals the SBOM version; no parent product version is inferred.,,,NO_DIRECT_CPE,,,NOT_ENCOUNTERED,,false,false,,,DIRECT_OFFICIAL_CPE_NOT_CONFIRMED,NON_DIRECT_SUBCOMPONENT,N/A,MODERATE,false,,control=/usr/lib/opkg/info/vuci-app-profiles-ui.control; list=/usr/lib/opkg/info/vuci-app-profiles-ui.list; status_version_matches=True
200150,vuci-app-realtime-api,1,cpe:2.3:a:vuci-app-realtime-api:vuci-app-realtime-api:1:*:*:*:*:*:*:*,feeds/vuci/applications/vuci-app-realtime/vuci-app-realtime-api,vuci-app-realtime-api,VuCI API Support for Realtime Graphs,files=2; exec=0; lib=0; plugin=1; kmod=0; paths=/usr/lib/lua/api/network/interface_data_usage.lua | /usr/share/rpcd/acl.d/realtime.json,vuci app realtime api,Teltonika,1,DIRECT_SUBCOMPONENT_NO_PARENT_INHERITANCE,"VuCI API/UI package is a feature module of the firmware interface, not an independently versioned parent product.",Exact control/list/status: Source=feeds/vuci/applications/vuci-app-realtime/vuci-app-realtime-api; role=PLUGIN_OR_MODULE; Description=VuCI API Support for Realtime Graphs; paths=/usr/lib/lua/api/network/interface_data_usage.lua | /usr/share/rpcd/acl.d/realtime.json,OBSERVED_COMPONENT_VERSION_PRESERVED_NO_PARENT_MAPPING,Exact installed control Version equals the SBOM version; no parent product version is inferred.,,,NO_DIRECT_CPE,,,NOT_ENCOUNTERED,,false,false,,,DIRECT_OFFICIAL_CPE_NOT_CONFIRMED,NON_DIRECT_SUBCOMPONENT,N/A,MODERATE,false,,control=/usr/lib/opkg/info/vuci-app-realtime-api.control; list=/usr/lib/opkg/info/vuci-app-realtime-api.list; status_version_matches=True
200151,vuci-app-realtime-ui,2025-07-02-0eab43c-1,cpe:2.3:a:vuci-app-realtime-ui:vuci-app-realtime-ui:2025-07-02-0eab43c-1:*:*:*:*:*:*:*,feeds/vuci/applications/vuci-app-realtime/vuci-app-realtime-ui,vuci-app-realtime-ui,VuCI UI Support for Realtime Graphs,files=0; exec=0; lib=0; plugin=0; kmod=0; paths=,vuci app realtime ui,Teltonika,2025-07-02-0eab43c-1,DIRECT_SUBCOMPONENT_NO_PARENT_INHERITANCE,"VuCI API/UI package is a feature module of the firmware interface, not an independently versioned parent product.",Exact control/list/status: Source=feeds/vuci/applications/vuci-app-realtime/vuci-app-realtime-ui; role=PLUGIN_OR_MODULE; Description=VuCI UI Support for Realtime Graphs; paths=,OBSERVED_COMPONENT_VERSION_PRESERVED_NO_PARENT_MAPPING,Exact installed control Version equals the SBOM version; no parent product version is inferred.,,,NO_DIRECT_CPE,,,NOT_ENCOUNTERED,,false,false,,,DIRECT_OFFICIAL_CPE_NOT_CONFIRMED,NON_DIRECT_SUBCOMPONENT,N/A,MODERATE,false,,control=/usr/lib/opkg/info/vuci-app-realtime-ui.control; list=/usr/lib/opkg/info/vuci-app-realtime-ui.list; status_version_matches=True
200152,vuci-app-recipients-api,1,cpe:2.3:a:vuci-app-recipients-api:vuci-app-recipients-api:1:*:*:*:*:*:*:*,feeds/vuci/applications/vuci-app-recipients/vuci-app-recipients-api,vuci-app-recipients-api,VuCI API Support for Recipients,files=4; exec=0; lib=0; plugin=2; kmod=0; paths=/usr/lib/lua/api/system/email_users.lua | /usr/lib/lua/api/system/phone_groups.lua | /etc/config/user_groups | /usr/share/rpcd/acl.d/recipients.json,vuci app recipients api,Teltonika,1,DIRECT_SUBCOMPONENT_NO_PARENT_INHERITANCE,"VuCI API/UI package is a feature module of the firmware interface, not an independently versioned parent product.",Exact control/list/status: Source=feeds/vuci/applications/vuci-app-recipients/vuci-app-recipients-api; role=PLUGIN_OR_MODULE; Description=VuCI API Support for Recipients; paths=/usr/lib/lua/api/system/email_users.lua | /usr/lib/lua/api/system/phone_groups.lua | /etc/config/user_groups | /usr/share/rpcd/acl.d/recipients.json,OBSERVED_COMPONENT_VERSION_PRESERVED_NO_PARENT_MAPPING,Exact installed control Version equals the SBOM version; no parent product version is inferred.,,,NO_DIRECT_CPE,,,NOT_ENCOUNTERED,,false,false,,,DIRECT_OFFICIAL_CPE_NOT_CONFIRMED,NON_DIRECT_SUBCOMPONENT,N/A,MODERATE,false,,control=/usr/lib/opkg/info/vuci-app-recipients-api.control; list=/usr/lib/opkg/info/vuci-app-recipients-api.list; status_version_matches=True
200153,vuci-app-recipients-ui,2025-07-02-0eab43c-1,cpe:2.3:a:vuci-app-recipients-ui:vuci-app-recipients-ui:2025-07-02-0eab43c-1:*:*:*:*:*:*:*,feeds/vuci/applications/vuci-app-recipients/vuci-app-recipients-ui,vuci-app-recipients-ui,VuCI UI Support for Recipients,files=0; exec=0; lib=0; plugin=0; kmod=0; paths=,vuci app recipients ui,Teltonika,2025-07-02-0eab43c-1,DIRECT_SUBCOMPONENT_NO_PARENT_INHERITANCE,"VuCI API/UI package is a feature module of the firmware interface, not an independently versioned parent product.",Exact control/list/status: Source=feeds/vuci/applications/vuci-app-recipients/vuci-app-recipients-ui; role=PLUGIN_OR_MODULE; Description=VuCI UI Support for Recipients; paths=,OBSERVED_COMPONENT_VERSION_PRESERVED_NO_PARENT_MAPPING,Exact installed control Version equals the SBOM version; no parent product version is inferred.,,,NO_DIRECT_CPE,,,NOT_ENCOUNTERED,,false,false,,,DIRECT_OFFICIAL_CPE_NOT_CONFIRMED,NON_DIRECT_SUBCOMPONENT,N/A,MODERATE,false,,control=/usr/lib/opkg/info/vuci-app-recipients-ui.control; list=/usr/lib/opkg/info/vuci-app-recipients-ui.list; status_version_matches=True
200154,vuci-app-reset-ui,2025-07-02-0eab43c-1,cpe:2.3:a:vuci-app-reset-ui:vuci-app-reset-ui:2025-07-02-0eab43c-1:*:*:*:*:*:*:*,feeds/vuci/applications/vuci-app-reset/vuci-app-reset-ui,vuci-app-reset-ui,VuCI UI Support for Reset,files=0; exec=0; lib=0; plugin=0; kmod=0; paths=,vuci app reset ui,Teltonika,2025-07-02-0eab43c-1,DIRECT_SUBCOMPONENT_NO_PARENT_INHERITANCE,"VuCI API/UI package is a feature module of the firmware interface, not an independently versioned parent product.",Exact control/list/status: Source=feeds/vuci/applications/vuci-app-reset/vuci-app-reset-ui; role=PLUGIN_OR_MODULE; Description=VuCI UI Support for Reset; paths=,OBSERVED_COMPONENT_VERSION_PRESERVED_NO_PARENT_MAPPING,Exact installed control Version equals the SBOM version; no parent product version is inferred.,,,NO_DIRECT_CPE,,,NOT_ENCOUNTERED,,false,false,,,DIRECT_OFFICIAL_CPE_NOT_CONFIRMED,NON_DIRECT_SUBCOMPONENT,N/A,MODERATE,false,,control=/usr/lib/opkg/info/vuci-app-reset-ui.control; list=/usr/lib/opkg/info/vuci-app-reset-ui.list; status_version_matches=True
200155,vuci-app-routes-api,1,cpe:2.3:a:vuci-app-routes-api:vuci-app-routes-api:1:*:*:*:*:*:*:*,feeds/vuci/applications/vuci-app-routes/vuci-app-routes-api,vuci-app-routes-api,VuCI API Support Static routes application,files=9; exec=0; lib=0; plugin=8; kmod=0; paths=/usr/lib/lua/api/network/routes/advanced_static_routes/advanced_route_table.lua | /usr/lib/lua/api/network/routes/static_routes/static_route_ipv4.lua | /usr/share/rpcd/acl.d/routes.json,vuci app routes api,Teltonika,1,DIRECT_SUBCOMPONENT_NO_PARENT_INHERITANCE,"VuCI API/UI package is a feature module of the firmware interface, not an independently versioned parent product.",Exact control/list/status: Source=feeds/vuci/applications/vuci-app-routes/vuci-app-routes-api; role=PLUGIN_OR_MODULE; Description=VuCI API Support Static routes application; paths=/usr/lib/lua/api/network/routes/advanced_static_routes/advanced_route_table.lua | /usr/lib/lua/api/network/routes/static_routes/static_route_ipv4.lua | /usr/share/rpcd/acl.d/routes.json,OBSERVED_COMPONENT_VERSION_PRESERVED_NO_PARENT_MAPPING,Exact installed control Version equals the SBOM version; no parent product version is inferred.,,,NO_DIRECT_CPE,,,NOT_ENCOUNTERED,,false,false,,,DIRECT_OFFICIAL_CPE_NOT_CONFIRMED,NON_DIRECT_SUBCOMPONENT,N/A,MODERATE,false,,control=/usr/lib/opkg/info/vuci-app-routes-api.control; list=/usr/lib/opkg/info/vuci-app-routes-api.list; status_version_matches=True
200156,vuci-app-routes-ui,2025-07-02-0eab43c-1,cpe:2.3:a:vuci-app-routes-ui:vuci-app-routes-ui:2025-07-02-0eab43c-1:*:*:*:*:*:*:*,feeds/vuci/applications/vuci-app-routes/vuci-app-routes-ui,vuci-app-routes-ui,VuCI UI Support Static routes application,files=0; exec=0; lib=0; plugin=0; kmod=0; paths=,vuci app routes ui,Teltonika,2025-07-02-0eab43c-1,DIRECT_SUBCOMPONENT_NO_PARENT_INHERITANCE,"VuCI API/UI package is a feature module of the firmware interface, not an independently versioned parent product.",Exact control/list/status: Source=feeds/vuci/applications/vuci-app-routes/vuci-app-routes-ui; role=PLUGIN_OR_MODULE; Description=VuCI UI Support Static routes application; paths=,OBSERVED_COMPONENT_VERSION_PRESERVED_NO_PARENT_MAPPING,Exact installed control Version equals the SBOM version; no parent product version is inferred.,,,NO_DIRECT_CPE,,,NOT_ENCOUNTERED,,false,false,,,DIRECT_OFFICIAL_CPE_NOT_CONFIRMED,NON_DIRECT_SUBCOMPONENT,N/A,MODERATE,false,,control=/usr/lib/opkg/info/vuci-app-routes-ui.control; list=/usr/lib/opkg/info/vuci-app-routes-ui.list; status_version_matches=True
200157,vuci-app-rut-fota-api,1,cpe:2.3:a:vuci-app-rut-fota-api:vuci-app-rut-fota-api:1:*:*:*:*:*:*:*,feeds/vuci/applications/vuci-app-rut-fota/vuci-app-rut-fota-api,vuci-app-rut-fota-api,VuCI API Support for Fota configuration,files=1; exec=0; lib=0; plugin=0; kmod=0; paths=/usr/share/rpcd/acl.d/rut_fota.json,vuci app rut fota api,Teltonika,1,DIRECT_SUBCOMPONENT_NO_PARENT_INHERITANCE,"VuCI API/UI package is a feature module of the firmware interface, not an independently versioned parent product.",Exact control/list/status: Source=feeds/vuci/applications/vuci-app-rut-fota/vuci-app-rut-fota-api; role=PLUGIN_OR_MODULE; Description=VuCI API Support for Fota configuration; paths=/usr/share/rpcd/acl.d/rut_fota.json,OBSERVED_COMPONENT_VERSION_PRESERVED_NO_PARENT_MAPPING,Exact installed control Version equals the SBOM version; no parent product version is inferred.,,,NO_DIRECT_CPE,,,NOT_ENCOUNTERED,,false,false,,,DIRECT_OFFICIAL_CPE_NOT_CONFIRMED,NON_DIRECT_SUBCOMPONENT,N/A,MODERATE,false,,control=/usr/lib/opkg/info/vuci-app-rut-fota-api.control; list=/usr/lib/opkg/info/vuci-app-rut-fota-api.list; status_version_matches=True
200158,vuci-app-rut-fota-ui,2025-07-02-0eab43c-1,cpe:2.3:a:vuci-app-rut-fota-ui:vuci-app-rut-fota-ui:2025-07-02-0eab43c-1:*:*:*:*:*:*:*,feeds/vuci/applications/vuci-app-rut-fota/vuci-app-rut-fota-ui,vuci-app-rut-fota-ui,VuCI UI Support for Fota configuration,files=0; exec=0; lib=0; plugin=0; kmod=0; paths=,vuci app rut fota ui,Teltonika,2025-07-02-0eab43c-1,DIRECT_SUBCOMPONENT_NO_PARENT_INHERITANCE,"VuCI API/UI package is a feature module of the firmware interface, not an independently versioned parent product.",Exact control/list/status: Source=feeds/vuci/applications/vuci-app-rut-fota/vuci-app-rut-fota-ui; role=PLUGIN_OR_MODULE; Description=VuCI UI Support for Fota configuration; paths=,OBSERVED_COMPONENT_VERSION_PRESERVED_NO_PARENT_MAPPING,Exact installed control Version equals the SBOM version; no parent product version is inferred.,,,NO_DIRECT_CPE,,,NOT_ENCOUNTERED,,false,false,,,DIRECT_OFFICIAL_CPE_NOT_CONFIRMED,NON_DIRECT_SUBCOMPONENT,N/A,MODERATE,false,,control=/usr/lib/opkg/info/vuci-app-rut-fota-ui.control; list=/usr/lib/opkg/info/vuci-app-rut-fota-ui.list; status_version_matches=True
200159,vuci-app-services-status-api,1,cpe:2.3:a:vuci-app-services-status-api:vuci-app-services-status-api:1:*:*:*:*:*:*:*,feeds/vuci/applications/vuci-app-services-status/vuci-app-services-status-api,vuci-app-services-status-api,VuCI API Support for Service Status,files=2; exec=0; lib=0; plugin=1; kmod=0; paths=/usr/lib/lua/api/status/services.lua | /usr/share/rpcd/acl.d/service_status.json,vuci app services status api,Teltonika,1,DIRECT_SUBCOMPONENT_NO_PARENT_INHERITANCE,"VuCI API/UI package is a feature module of the firmware interface, not an independently versioned parent product.",Exact control/list/status: Source=feeds/vuci/applications/vuci-app-services-status/vuci-app-services-status-api; role=PLUGIN_OR_MODULE; Description=VuCI API Support for Service Status; paths=/usr/lib/lua/api/status/services.lua | /usr/share/rpcd/acl.d/service_status.json,OBSERVED_COMPONENT_VERSION_PRESERVED_NO_PARENT_MAPPING,Exact installed control Version equals the SBOM version; no parent product version is inferred.,,,NO_DIRECT_CPE,,,NOT_ENCOUNTERED,,false,false,,,DIRECT_OFFICIAL_CPE_NOT_CONFIRMED,NON_DIRECT_SUBCOMPONENT,N/A,MODERATE,false,,control=/usr/lib/opkg/info/vuci-app-services-status-api.control; list=/usr/lib/opkg/info/vuci-app-services-status-api.list; status_version_matches=True
200160,vuci-app-services-status-ui,2025-07-02-0eab43c-1,cpe:2.3:a:vuci-app-services-status-ui:vuci-app-services-status-ui:2025-07-02-0eab43c-1:*:*:*:*:*:*:*,feeds/vuci/applications/vuci-app-services-status/vuci-app-services-status-ui,vuci-app-services-status-ui,VuCI UI Support for Service Status,files=0; exec=0; lib=0; plugin=0; kmod=0; paths=,vuci app services status ui,Teltonika,2025-07-02-0eab43c-1,DIRECT_SUBCOMPONENT_NO_PARENT_INHERITANCE,"VuCI API/UI package is a feature module of the firmware interface, not an independently versioned parent product.",Exact control/list/status: Source=feeds/vuci/applications/vuci-app-services-status/vuci-app-services-status-ui; role=PLUGIN_OR_MODULE; Description=VuCI UI Support for Service Status; paths=,OBSERVED_COMPONENT_VERSION_PRESERVED_NO_PARENT_MAPPING,Exact installed control Version equals the SBOM version; no parent product version is inferred.,,,NO_DIRECT_CPE,,,NOT_ENCOUNTERED,,false,false,,,DIRECT_OFFICIAL_CPE_NOT_CONFIRMED,NON_DIRECT_SUBCOMPONENT,N/A,MODERATE,false,,control=/usr/lib/opkg/info/vuci-app-services-status-ui.control; list=/usr/lib/opkg/info/vuci-app-services-status-ui.list; status_version_matches=True
200161,vuci-app-setup-wizard-api,1,cpe:2.3:a:vuci-app-setup-wizard-api:vuci-app-setup-wizard-api:1:*:*:*:*:*:*:*,feeds/vuci/applications/vuci-app-setup-wizard/vuci-app-setup-wizard-api,vuci-app-setup-wizard-api,VuCI API Support for Setup Wizard,files=1; exec=0; lib=0; plugin=0; kmod=0; paths=/usr/share/rpcd/acl.d/setup_wizard.json,vuci app setup wizard api,Teltonika,1,DIRECT_SUBCOMPONENT_NO_PARENT_INHERITANCE,"VuCI API/UI package is a feature module of the firmware interface, not an independently versioned parent product.",Exact control/list/status: Source=feeds/vuci/applications/vuci-app-setup-wizard/vuci-app-setup-wizard-api; role=PLUGIN_OR_MODULE; Description=VuCI API Support for Setup Wizard; paths=/usr/share/rpcd/acl.d/setup_wizard.json,OBSERVED_COMPONENT_VERSION_PRESERVED_NO_PARENT_MAPPING,Exact installed control Version equals the SBOM version; no parent product version is inferred.,,,NO_DIRECT_CPE,,,NOT_ENCOUNTERED,,false,false,,,DIRECT_OFFICIAL_CPE_NOT_CONFIRMED,NON_DIRECT_SUBCOMPONENT,N/A,MODERATE,false,,control=/usr/lib/opkg/info/vuci-app-setup-wizard-api.control; list=/usr/lib/opkg/info/vuci-app-setup-wizard-api.list; status_version_matches=True
200162,vuci-app-setup-wizard-ui,2025-07-02-0eab43c-1,cpe:2.3:a:vuci-app-setup-wizard-ui:vuci-app-setup-wizard-ui:2025-07-02-0eab43c-1:*:*:*:*:*:*:*,feeds/vuci/applications/vuci-app-setup-wizard/vuci-app-setup-wizard-ui,vuci-app-setup-wizard-ui,VuCI UI Support for Setup Wizard,files=0; exec=0; lib=0; plugin=0; kmod=0; paths=,vuci app setup wizard ui,Teltonika,2025-07-02-0eab43c-1,DIRECT_SUBCOMPONENT_NO_PARENT_INHERITANCE,"VuCI API/UI package is a feature module of the firmware interface, not an independently versioned parent product.",Exact control/list/status: Source=feeds/vuci/applications/vuci-app-setup-wizard/vuci-app-setup-wizard-ui; role=PLUGIN_OR_MODULE; Description=VuCI UI Support for Setup Wizard; paths=,OBSERVED_COMPONENT_VERSION_PRESERVED_NO_PARENT_MAPPING,Exact installed control Version equals the SBOM version; no parent product version is inferred.,,,NO_DIRECT_CPE,,,NOT_ENCOUNTERED,,false,false,,,DIRECT_OFFICIAL_CPE_NOT_CONFIRMED,NON_DIRECT_SUBCOMPONENT,N/A,MODERATE,false,,control=/usr/lib/opkg/info/vuci-app-setup-wizard-ui.control; list=/usr/lib/opkg/info/vuci-app-setup-wizard-ui.list; status_version_matches=True
200163,vuci-app-side-widget-api,1,cpe:2.3:a:vuci-app-side-widget-api:vuci-app-side-widget-api:1:*:*:*:*:*:*:*,feeds/vuci/applications/vuci-app-side-widget/vuci-app-side-widget-api,vuci-app-side-widget-api,VuCI UI Support for Side Widget controller API,files=3; exec=0; lib=0; plugin=1; kmod=0; paths=/usr/lib/lua/api/status/widget.lua | /etc/config/widget | /usr/share/rpcd/acl.d/widget.json,vuci app side widget api,Teltonika,1,DIRECT_SUBCOMPONENT_NO_PARENT_INHERITANCE,"VuCI API/UI package is a feature module of the firmware interface, not an independently versioned parent product.",Exact control/list/status: Source=feeds/vuci/applications/vuci-app-side-widget/vuci-app-side-widget-api; role=PLUGIN_OR_MODULE; Description=VuCI UI Support for Side Widget controller API; paths=/usr/lib/lua/api/status/widget.lua | /etc/config/widget | /usr/share/rpcd/acl.d/widget.json,OBSERVED_COMPONENT_VERSION_PRESERVED_NO_PARENT_MAPPING,Exact installed control Version equals the SBOM version; no parent product version is inferred.,,,NO_DIRECT_CPE,,,NOT_ENCOUNTERED,,false,false,,,DIRECT_OFFICIAL_CPE_NOT_CONFIRMED,NON_DIRECT_SUBCOMPONENT,N/A,MODERATE,false,,control=/usr/lib/opkg/info/vuci-app-side-widget-api.control; list=/usr/lib/opkg/info/vuci-app-side-widget-api.list; status_version_matches=True
200164,vuci-app-side-widget-ui,2025-07-02-0eab43c-1,cpe:2.3:a:vuci-app-side-widget-ui:vuci-app-side-widget-ui:2025-07-02-0eab43c-1:*:*:*:*:*:*:*,feeds/vuci/applications/vuci-app-side-widget/vuci-app-side-widget-ui,vuci-app-side-widget-ui,VuCI UI Support for Side Widget controller,files=0; exec=0; lib=0; plugin=0; kmod=0; paths=,vuci app side widget ui,Teltonika,2025-07-02-0eab43c-1,DIRECT_SUBCOMPONENT_NO_PARENT_INHERITANCE,"VuCI API/UI package is a feature module of the firmware interface, not an independently versioned parent product.",Exact control/list/status: Source=feeds/vuci/applications/vuci-app-side-widget/vuci-app-side-widget-ui; role=PLUGIN_OR_MODULE; Description=VuCI UI Support for Side Widget controller; paths=,OBSERVED_COMPONENT_VERSION_PRESERVED_NO_PARENT_MAPPING,Exact installed control Version equals the SBOM version; no parent product version is inferred.,,,NO_DIRECT_CPE,,,NOT_ENCOUNTERED,,false,false,,,DIRECT_OFFICIAL_CPE_NOT_CONFIRMED,NON_DIRECT_SUBCOMPONENT,N/A,MODERATE,false,,control=/usr/lib/opkg/info/vuci-app-side-widget-ui.control; list=/usr/lib/opkg/info/vuci-app-side-widget-ui.list; status_version_matches=True
200165,vuci-app-strong-swan-api,1,cpe:2.3:a:vuci-app-strong-swan-api:vuci-app-strong-swan-api:1:*:*:*:*:*:*:*,feeds/vuci/applications/vuci-app-strong-swan/vuci-app-strong-swan-api,vuci-app-strong-swan-api,VuCI API Support for strongSwan,files=4; exec=0; lib=0; plugin=3; kmod=0; paths=/usr/lib/lua/api/services/ipsec_global.lua | /usr/lib/lua/api/services/ipsec.lua | /usr/share/rpcd/acl.d/ipsec.json,vuci app strong swan api,Teltonika,1,DIRECT_SUBCOMPONENT_NO_PARENT_INHERITANCE,"VuCI API/UI package is a feature module of the firmware interface, not an independently versioned parent product.",Exact control/list/status: Source=feeds/vuci/applications/vuci-app-strong-swan/vuci-app-strong-swan-api; role=PLUGIN_OR_MODULE; Description=VuCI API Support for strongSwan; paths=/usr/lib/lua/api/services/ipsec_global.lua | /usr/lib/lua/api/services/ipsec.lua | /usr/share/rpcd/acl.d/ipsec.json,OBSERVED_COMPONENT_VERSION_PRESERVED_NO_PARENT_MAPPING,Exact installed control Version equals the SBOM version; no parent product version is inferred.,,,NO_DIRECT_CPE,,,NOT_ENCOUNTERED,,false,false,,,DIRECT_OFFICIAL_CPE_NOT_CONFIRMED,NON_DIRECT_SUBCOMPONENT,N/A,MODERATE,false,,control=/usr/lib/opkg/info/vuci-app-strong-swan-api.control; list=/usr/lib/opkg/info/vuci-app-strong-swan-api.list; status_version_matches=True
200166,vuci-app-strong-swan-ui,2025-07-02-0eab43c-1,cpe:2.3:a:vuci-app-strong-swan-ui:vuci-app-strong-swan-ui:2025-07-02-0eab43c-1:*:*:*:*:*:*:*,feeds/vuci/applications/vuci-app-strong-swan/vuci-app-strong-swan-ui,vuci-app-strong-swan-ui,VuCI UI Support for strongSwan,files=0; exec=0; lib=0; plugin=0; kmod=0; paths=,vuci app strong swan ui,Teltonika,2025-07-02-0eab43c-1,DIRECT_SUBCOMPONENT_NO_PARENT_INHERITANCE,"VuCI API/UI package is a feature module of the firmware interface, not an independently versioned parent product.",Exact control/list/status: Source=feeds/vuci/applications/vuci-app-strong-swan/vuci-app-strong-swan-ui; role=PLUGIN_OR_MODULE; Description=VuCI UI Support for strongSwan; paths=,OBSERVED_COMPONENT_VERSION_PRESERVED_NO_PARENT_MAPPING,Exact installed control Version equals the SBOM version; no parent product version is inferred.,,,NO_DIRECT_CPE,,,NOT_ENCOUNTERED,,false,false,,,DIRECT_OFFICIAL_CPE_NOT_CONFIRMED,NON_DIRECT_SUBCOMPONENT,N/A,MODERATE,false,,control=/usr/lib/opkg/info/vuci-app-strong-swan-ui.control; list=/usr/lib/opkg/info/vuci-app-strong-swan-ui.list; status_version_matches=True
200167,vuci-app-system-info-api,1,cpe:2.3:a:vuci-app-system-info-api:vuci-app-system-info-api:1:*:*:*:*:*:*:*,feeds/vuci/applications/vuci-app-system-info/vuci-app-system-info-api,vuci-app-system-info-api,VuCI API Support for System info,files=3; exec=0; lib=0; plugin=2; kmod=0; paths=/usr/lib/lua/api/system/board.lua | /usr/lib/lua/api/system/status.lua | /usr/share/rpcd/acl.d/system_info.json,vuci app system info api,Teltonika,1,DIRECT_SUBCOMPONENT_NO_PARENT_INHERITANCE,"VuCI API/UI package is a feature module of the firmware interface, not an independently versioned parent product.",Exact control/list/status: Source=feeds/vuci/applications/vuci-app-system-info/vuci-app-system-info-api; role=PLUGIN_OR_MODULE; Description=VuCI API Support for System info; paths=/usr/lib/lua/api/system/board.lua | /usr/lib/lua/api/system/status.lua | /usr/share/rpcd/acl.d/system_info.json,OBSERVED_COMPONENT_VERSION_PRESERVED_NO_PARENT_MAPPING,Exact installed control Version equals the SBOM version; no parent product version is inferred.,,,NO_DIRECT_CPE,,,NOT_ENCOUNTERED,,false,false,,,DIRECT_OFFICIAL_CPE_NOT_CONFIRMED,NON_DIRECT_SUBCOMPONENT,N/A,MODERATE,false,,control=/usr/lib/opkg/info/vuci-app-system-info-api.control; list=/usr/lib/opkg/info/vuci-app-system-info-api.list; status_version_matches=True
200168,vuci-app-system-status-api,1,cpe:2.3:a:vuci-app-system-status-api:vuci-app-system-status-api:1:*:*:*:*:*:*:*,feeds/vuci/applications/vuci-app-system-status/vuci-app-system-status-api,vuci-app-system-status-api,VuCI API Support for System Status,files=1; exec=0; lib=0; plugin=0; kmod=0; paths=/usr/share/rpcd/acl.d/system_status.json,vuci app system status api,Teltonika,1,DIRECT_SUBCOMPONENT_NO_PARENT_INHERITANCE,"VuCI API/UI package is a feature module of the firmware interface, not an independently versioned parent product.",Exact control/list/status: Source=feeds/vuci/applications/vuci-app-system-status/vuci-app-system-status-api; role=PLUGIN_OR_MODULE; Description=VuCI API Support for System Status; paths=/usr/share/rpcd/acl.d/system_status.json,OBSERVED_COMPONENT_VERSION_PRESERVED_NO_PARENT_MAPPING,Exact installed control Version equals the SBOM version; no parent product version is inferred.,,,NO_DIRECT_CPE,,,NOT_ENCOUNTERED,,false,false,,,DIRECT_OFFICIAL_CPE_NOT_CONFIRMED,NON_DIRECT_SUBCOMPONENT,N/A,MODERATE,false,,control=/usr/lib/opkg/info/vuci-app-system-status-api.control; list=/usr/lib/opkg/info/vuci-app-system-status-api.list; status_version_matches=True
200169,vuci-app-system-status-ui,2025-07-02-0eab43c-1,cpe:2.3:a:vuci-app-system-status-ui:vuci-app-system-status-ui:2025-07-02-0eab43c-1:*:*:*:*:*:*:*,feeds/vuci/applications/vuci-app-system-status/vuci-app-system-status-ui,vuci-app-system-status-ui,VuCI UI Support for System Status,files=0; exec=0; lib=0; plugin=0; kmod=0; paths=,vuci app system status ui,Teltonika,2025-07-02-0eab43c-1,DIRECT_SUBCOMPONENT_NO_PARENT_INHERITANCE,"VuCI API/UI package is a feature module of the firmware interface, not an independently versioned parent product.",Exact control/list/status: Source=feeds/vuci/applications/vuci-app-system-status/vuci-app-system-status-ui; role=PLUGIN_OR_MODULE; Description=VuCI UI Support for System Status; paths=,OBSERVED_COMPONENT_VERSION_PRESERVED_NO_PARENT_MAPPING,Exact installed control Version equals the SBOM version; no parent product version is inferred.,,,NO_DIRECT_CPE,,,NOT_ENCOUNTERED,,false,false,,,DIRECT_OFFICIAL_CPE_NOT_CONFIRMED,NON_DIRECT_SUBCOMPONENT,N/A,MODERATE,false,,control=/usr/lib/opkg/info/vuci-app-system-status-ui.control; list=/usr/lib/opkg/info/vuci-app-system-status-ui.list; status_version_matches=True
200170,vuci-app-topology-api,1,cpe:2.3:a:vuci-app-topology-api:vuci-app-topology-api:1:*:*:*:*:*:*:*,feeds/vuci/applications/vuci-app-topology/vuci-app-topology-api,vuci-app-topology-api,VuCI API Support for Network Topology,files=2; exec=0; lib=0; plugin=1; kmod=0; paths=/usr/lib/lua/api/network/topology.lua | /usr/share/rpcd/acl.d/topology.json,vuci app topology api,Teltonika,1,DIRECT_SUBCOMPONENT_NO_PARENT_INHERITANCE,"VuCI API/UI package is a feature module of the firmware interface, not an independently versioned parent product.",Exact control/list/status: Source=feeds/vuci/applications/vuci-app-topology/vuci-app-topology-api; role=PLUGIN_OR_MODULE; Description=VuCI API Support for Network Topology; paths=/usr/lib/lua/api/network/topology.lua | /usr/share/rpcd/acl.d/topology.json,OBSERVED_COMPONENT_VERSION_PRESERVED_NO_PARENT_MAPPING,Exact installed control Version equals the SBOM version; no parent product version is inferred.,,,NO_DIRECT_CPE,,,NOT_ENCOUNTERED,,false,false,,,DIRECT_OFFICIAL_CPE_NOT_CONFIRMED,NON_DIRECT_SUBCOMPONENT,N/A,MODERATE,false,,control=/usr/lib/opkg/info/vuci-app-topology-api.control; list=/usr/lib/opkg/info/vuci-app-topology-api.list; status_version_matches=True
200171,vuci-app-troubleshoot-api,1,cpe:2.3:a:vuci-app-troubleshoot-api:vuci-app-troubleshoot-api:1:*:*:*:*:*:*:*,feeds/vuci/applications/vuci-app-troubleshoot/vuci-app-troubleshoot-api,vuci-app-troubleshoot-api,VuCI API Support for Troubleshoot,files=4; exec=0; lib=0; plugin=3; kmod=0; paths=/usr/lib/lua/api/system/diagnostics.lua | /usr/lib/lua/api/system/logging.lua | /usr/share/rpcd/acl.d/troublehoot.json,vuci app troubleshoot api,Teltonika,1,DIRECT_SUBCOMPONENT_NO_PARENT_INHERITANCE,"VuCI API/UI package is a feature module of the firmware interface, not an independently versioned parent product.",Exact control/list/status: Source=feeds/vuci/applications/vuci-app-troubleshoot/vuci-app-troubleshoot-api; role=PLUGIN_OR_MODULE; Description=VuCI API Support for Troubleshoot; paths=/usr/lib/lua/api/system/diagnostics.lua | /usr/lib/lua/api/system/logging.lua | /usr/share/rpcd/acl.d/troublehoot.json,OBSERVED_COMPONENT_VERSION_PRESERVED_NO_PARENT_MAPPING,Exact installed control Version equals the SBOM version; no parent product version is inferred.,,,NO_DIRECT_CPE,,,NOT_ENCOUNTERED,,false,false,,,DIRECT_OFFICIAL_CPE_NOT_CONFIRMED,NON_DIRECT_SUBCOMPONENT,N/A,MODERATE,false,,control=/usr/lib/opkg/info/vuci-app-troubleshoot-api.control; list=/usr/lib/opkg/info/vuci-app-troubleshoot-api.list; status_version_matches=True
200172,vuci-app-troubleshoot-ui,2025-07-02-0eab43c-1,cpe:2.3:a:vuci-app-troubleshoot-ui:vuci-app-troubleshoot-ui:2025-07-02-0eab43c-1:*:*:*:*:*:*:*,feeds/vuci/applications/vuci-app-troubleshoot/vuci-app-troubleshoot-ui,vuci-app-troubleshoot-ui,VuCI UI Support for Troubleshoot,files=0; exec=0; lib=0; plugin=0; kmod=0; paths=,vuci app troubleshoot ui,Teltonika,2025-07-02-0eab43c-1,DIRECT_SUBCOMPONENT_NO_PARENT_INHERITANCE,"VuCI API/UI package is a feature module of the firmware interface, not an independently versioned parent product.",Exact control/list/status: Source=feeds/vuci/applications/vuci-app-troubleshoot/vuci-app-troubleshoot-ui; role=PLUGIN_OR_MODULE; Description=VuCI UI Support for Troubleshoot; paths=,OBSERVED_COMPONENT_VERSION_PRESERVED_NO_PARENT_MAPPING,Exact installed control Version equals the SBOM version; no parent product version is inferred.,,,NO_DIRECT_CPE,,,NOT_ENCOUNTERED,,false,false,,,DIRECT_OFFICIAL_CPE_NOT_CONFIRMED,NON_DIRECT_SUBCOMPONENT,N/A,MODERATE,false,,control=/usr/lib/opkg/info/vuci-app-troubleshoot-ui.control; list=/usr/lib/opkg/info/vuci-app-troubleshoot-ui.list; status_version_matches=True
200173,vuci-app-ui-api,1,cpe:2.3:a:vuci-app-ui-api:vuci-app-ui-api:1:*:*:*:*:*:*:*,feeds/vuci/applications/vuci-app-ui/vuci-app-ui-api,vuci-app-ui-api,VuCI API Support for WebUI menu info,files=2; exec=0; lib=0; plugin=1; kmod=0; paths=/usr/lib/lua/api/system/ui.lua | /usr/share/rpcd/acl.d/ui.json,vuci app ui api,Teltonika,1,DIRECT_SUBCOMPONENT_NO_PARENT_INHERITANCE,"VuCI API/UI package is a feature module of the firmware interface, not an independently versioned parent product.",Exact control/list/status: Source=feeds/vuci/applications/vuci-app-ui/vuci-app-ui-api; role=PLUGIN_OR_MODULE; Description=VuCI API Support for WebUI menu info; paths=/usr/lib/lua/api/system/ui.lua | /usr/share/rpcd/acl.d/ui.json,OBSERVED_COMPONENT_VERSION_PRESERVED_NO_PARENT_MAPPING,Exact installed control Version equals the SBOM version; no parent product version is inferred.,,,NO_DIRECT_CPE,,,NOT_ENCOUNTERED,,false,false,,,DIRECT_OFFICIAL_CPE_NOT_CONFIRMED,NON_DIRECT_SUBCOMPONENT,N/A,MODERATE,false,,control=/usr/lib/opkg/info/vuci-app-ui-api.control; list=/usr/lib/opkg/info/vuci-app-ui-api.list; status_version_matches=True
200174,vuci-app-usb-tools-api,1,cpe:2.3:a:vuci-app-usb-tools-api:vuci-app-usb-tools-api:1:*:*:*:*:*:*:*,feeds/vuci/applications/vuci-app-usb-tools/vuci-app-usb-tools-api,vuci-app-usb-tools-api,VuCI API Support for USB Tools application,files=3; exec=0; lib=0; plugin=2; kmod=0; paths=/usr/lib/lua/api/services/usb_mounts.lua | /usr/lib/lua/api/services/usb_tools.lua | /usr/share/rpcd/acl.d/usbtools.json,vuci app usb tools api,Teltonika,1,DIRECT_SUBCOMPONENT_NO_PARENT_INHERITANCE,"VuCI API/UI package is a feature module of the firmware interface, not an independently versioned parent product.",Exact control/list/status: Source=feeds/vuci/applications/vuci-app-usb-tools/vuci-app-usb-tools-api; role=PLUGIN_OR_MODULE; Description=VuCI API Support for USB Tools application; paths=/usr/lib/lua/api/services/usb_mounts.lua | /usr/lib/lua/api/services/usb_tools.lua | /usr/share/rpcd/acl.d/usbtools.json,OBSERVED_COMPONENT_VERSION_PRESERVED_NO_PARENT_MAPPING,Exact installed control Version equals the SBOM version; no parent product version is inferred.,,,NO_DIRECT_CPE,,,NOT_ENCOUNTERED,,false,false,,,DIRECT_OFFICIAL_CPE_NOT_CONFIRMED,NON_DIRECT_SUBCOMPONENT,N/A,MODERATE,false,,control=/usr/lib/opkg/info/vuci-app-usb-tools-api.control; list=/usr/lib/opkg/info/vuci-app-usb-tools-api.list; status_version_matches=True
200175,vuci-app-usb-tools-ui,2025-07-02-0eab43c-1,cpe:2.3:a:vuci-app-usb-tools-ui:vuci-app-usb-tools-ui:2025-07-02-0eab43c-1:*:*:*:*:*:*:*,feeds/vuci/applications/vuci-app-usb-tools/vuci-app-usb-tools-ui,vuci-app-usb-tools-ui,VuCI UI Support for USB Tools application,files=0; exec=0; lib=0; plugin=0; kmod=0; paths=,vuci app usb tools ui,Teltonika,2025-07-02-0eab43c-1,DIRECT_SUBCOMPONENT_NO_PARENT_INHERITANCE,"VuCI API/UI package is a feature module of the firmware interface, not an independently versioned parent product.",Exact control/list/status: Source=feeds/vuci/applications/vuci-app-usb-tools/vuci-app-usb-tools-ui; role=PLUGIN_OR_MODULE; Description=VuCI UI Support for USB Tools application; paths=,OBSERVED_COMPONENT_VERSION_PRESERVED_NO_PARENT_MAPPING,Exact installed control Version equals the SBOM version; no parent product version is inferred.,,,NO_DIRECT_CPE,,,NOT_ENCOUNTERED,,false,false,,,DIRECT_OFFICIAL_CPE_NOT_CONFIRMED,NON_DIRECT_SUBCOMPONENT,N/A,MODERATE,false,,control=/usr/lib/opkg/info/vuci-app-usb-tools-ui.control; list=/usr/lib/opkg/info/vuci-app-usb-tools-ui.list; status_version_matches=True
200176,vuci-app-uscripts-api,1,cpe:2.3:a:vuci-app-uscripts-api:vuci-app-uscripts-api:1:*:*:*:*:*:*:*,feeds/vuci/applications/vuci-app-uscripts/vuci-app-uscripts-api,vuci-app-uscripts-api,VuCI API Support for Custom User Scripts,files=2; exec=0; lib=0; plugin=1; kmod=0; paths=/usr/lib/lua/api/system/uscripts.lua | /usr/share/rpcd/acl.d/uscripts.json,vuci app uscripts api,Teltonika,1,DIRECT_SUBCOMPONENT_NO_PARENT_INHERITANCE,"VuCI API/UI package is a feature module of the firmware interface, not an independently versioned parent product.",Exact control/list/status: Source=feeds/vuci/applications/vuci-app-uscripts/vuci-app-uscripts-api; role=PLUGIN_OR_MODULE; Description=VuCI API Support for Custom User Scripts; paths=/usr/lib/lua/api/system/uscripts.lua | /usr/share/rpcd/acl.d/uscripts.json,OBSERVED_COMPONENT_VERSION_PRESERVED_NO_PARENT_MAPPING,Exact installed control Version equals the SBOM version; no parent product version is inferred.,,,NO_DIRECT_CPE,,,NOT_ENCOUNTERED,,false,false,,,DIRECT_OFFICIAL_CPE_NOT_CONFIRMED,NON_DIRECT_SUBCOMPONENT,N/A,MODERATE,false,,control=/usr/lib/opkg/info/vuci-app-uscripts-api.control; list=/usr/lib/opkg/info/vuci-app-uscripts-api.list; status_version_matches=True
200177,vuci-app-uscripts-ui,2025-07-02-0eab43c-1,cpe:2.3:a:vuci-app-uscripts-ui:vuci-app-uscripts-ui:2025-07-02-0eab43c-1:*:*:*:*:*:*:*,feeds/vuci/applications/vuci-app-uscripts/vuci-app-uscripts-ui,vuci-app-uscripts-ui,VuCI UI Support for Custom User Scripts,files=0; exec=0; lib=0; plugin=0; kmod=0; paths=,vuci app uscripts ui,Teltonika,2025-07-02-0eab43c-1,DIRECT_SUBCOMPONENT_NO_PARENT_INHERITANCE,"VuCI API/UI package is a feature module of the firmware interface, not an independently versioned parent product.",Exact control/list/status: Source=feeds/vuci/applications/vuci-app-uscripts/vuci-app-uscripts-ui; role=PLUGIN_OR_MODULE; Description=VuCI UI Support for Custom User Scripts; paths=,OBSERVED_COMPONENT_VERSION_PRESERVED_NO_PARENT_MAPPING,Exact installed control Version equals the SBOM version; no parent product version is inferred.,,,NO_DIRECT_CPE,,,NOT_ENCOUNTERED,,false,false,,,DIRECT_OFFICIAL_CPE_NOT_CONFIRMED,NON_DIRECT_SUBCOMPONENT,N/A,MODERATE,false,,control=/usr/lib/opkg/info/vuci-app-uscripts-ui.control; list=/usr/lib/opkg/info/vuci-app-uscripts-ui.list; status_version_matches=True
200178,vuci-app-vlan-api,1,cpe:2.3:a:vuci-app-vlan-api:vuci-app-vlan-api:1:*:*:*:*:*:*:*,feeds/vuci/applications/vuci-app-vlan/vuci-app-vlan-api,vuci-app-vlan-api,VuCI API Support for VLAN,files=5; exec=0; lib=0; plugin=4; kmod=0; paths=/usr/lib/lua/api/network/vlan/port_based.lua | /usr/lib/lua/api/network/vlan/interface_based.lua | /usr/share/rpcd/acl.d/vlan.json,vuci app vlan api,Teltonika,1,DIRECT_SUBCOMPONENT_NO_PARENT_INHERITANCE,"VuCI API/UI package is a feature module of the firmware interface, not an independently versioned parent product.",Exact control/list/status: Source=feeds/vuci/applications/vuci-app-vlan/vuci-app-vlan-api; role=PLUGIN_OR_MODULE; Description=VuCI API Support for VLAN; paths=/usr/lib/lua/api/network/vlan/port_based.lua | /usr/lib/lua/api/network/vlan/interface_based.lua | /usr/share/rpcd/acl.d/vlan.json,OBSERVED_COMPONENT_VERSION_PRESERVED_NO_PARENT_MAPPING,Exact installed control Version equals the SBOM version; no parent product version is inferred.,,,NO_DIRECT_CPE,,,NOT_ENCOUNTERED,,false,false,,,DIRECT_OFFICIAL_CPE_NOT_CONFIRMED,NON_DIRECT_SUBCOMPONENT,N/A,MODERATE,false,,control=/usr/lib/opkg/info/vuci-app-vlan-api.control; list=/usr/lib/opkg/info/vuci-app-vlan-api.list; status_version_matches=True
200179,vuci-app-vlan-ui,2025-07-02-0eab43c-1,cpe:2.3:a:vuci-app-vlan-ui:vuci-app-vlan-ui:2025-07-02-0eab43c-1:*:*:*:*:*:*:*,feeds/vuci/applications/vuci-app-vlan/vuci-app-vlan-ui,vuci-app-vlan-ui,VuCI UI Support for VLAN,files=0; exec=0; lib=0; plugin=0; kmod=0; paths=,vuci app vlan ui,Teltonika,2025-07-02-0eab43c-1,DIRECT_SUBCOMPONENT_NO_PARENT_INHERITANCE,"VuCI API/UI package is a feature module of the firmware interface, not an independently versioned parent product.",Exact control/list/status: Source=feeds/vuci/applications/vuci-app-vlan/vuci-app-vlan-ui; role=PLUGIN_OR_MODULE; Description=VuCI UI Support for VLAN; paths=,OBSERVED_COMPONENT_VERSION_PRESERVED_NO_PARENT_MAPPING,Exact installed control Version equals the SBOM version; no parent product version is inferred.,,,NO_DIRECT_CPE,,,NOT_ENCOUNTERED,,false,false,,,DIRECT_OFFICIAL_CPE_NOT_CONFIRMED,NON_DIRECT_SUBCOMPONENT,N/A,MODERATE,false,,control=/usr/lib/opkg/info/vuci-app-vlan-ui.control; list=/usr/lib/opkg/info/vuci-app-vlan-ui.list; status_version_matches=True
200180,vuci-app-wireguard-api,1,cpe:2.3:a:vuci-app-wireguard-api:vuci-app-wireguard-api:1:*:*:*:*:*:*:*,feeds/vuci/applications/vuci-app-wireguard/vuci-app-wireguard-api,vuci-app-wireguard-api,VuCI API Support for Wireguard,files=3; exec=0; lib=0; plugin=2; kmod=0; paths=/usr/lib/lua/api/services/wireguard_peer.lua | /usr/lib/lua/api/services/wireguard.lua | /usr/share/rpcd/acl.d/wireguard.json,vuci app wireguard api,Teltonika,1,DIRECT_SUBCOMPONENT_NO_PARENT_INHERITANCE,"VuCI API/UI package is a feature module of the firmware interface, not an independently versioned parent product.",Exact control/list/status: Source=feeds/vuci/applications/vuci-app-wireguard/vuci-app-wireguard-api; role=PLUGIN_OR_MODULE; Description=VuCI API Support for Wireguard; paths=/usr/lib/lua/api/services/wireguard_peer.lua | /usr/lib/lua/api/services/wireguard.lua | /usr/share/rpcd/acl.d/wireguard.json,OBSERVED_COMPONENT_VERSION_PRESERVED_NO_PARENT_MAPPING,Exact installed control Version equals the SBOM version; no parent product version is inferred.,,,NO_DIRECT_CPE,,,NOT_ENCOUNTERED,,false,false,,,DIRECT_OFFICIAL_CPE_NOT_CONFIRMED,NON_DIRECT_SUBCOMPONENT,N/A,MODERATE,false,,control=/usr/lib/opkg/info/vuci-app-wireguard-api.control; list=/usr/lib/opkg/info/vuci-app-wireguard-api.list; status_version_matches=True
200181,vuci-app-wireguard-ui,2025-07-02-0eab43c-1,cpe:2.3:a:vuci-app-wireguard-ui:vuci-app-wireguard-ui:2025-07-02-0eab43c-1:*:*:*:*:*:*:*,feeds/vuci/applications/vuci-app-wireguard/vuci-app-wireguard-ui,vuci-app-wireguard-ui,VuCI UI Support for Wireguard,files=0; exec=0; lib=0; plugin=0; kmod=0; paths=,vuci app wireguard ui,Teltonika,2025-07-02-0eab43c-1,DIRECT_SUBCOMPONENT_NO_PARENT_INHERITANCE,"VuCI API/UI package is a feature module of the firmware interface, not an independently versioned parent product.",Exact control/list/status: Source=feeds/vuci/applications/vuci-app-wireguard/vuci-app-wireguard-ui; role=PLUGIN_OR_MODULE; Description=VuCI UI Support for Wireguard; paths=,OBSERVED_COMPONENT_VERSION_PRESERVED_NO_PARENT_MAPPING,Exact installed control Version equals the SBOM version; no parent product version is inferred.,,,NO_DIRECT_CPE,,,NOT_ENCOUNTERED,,false,false,,,DIRECT_OFFICIAL_CPE_NOT_CONFIRMED,NON_DIRECT_SUBCOMPONENT,N/A,MODERATE,false,,control=/usr/lib/opkg/info/vuci-app-wireguard-ui.control; list=/usr/lib/opkg/info/vuci-app-wireguard-ui.list; status_version_matches=True
200182,vuci-app-wireless-api,1,cpe:2.3:a:vuci-app-wireless-api:vuci-app-wireless-api:1:*:*:*:*:*:*:*,feeds/vuci/applications/vuci-app-wireless/vuci-app-wireless-api,vuci-app-wireless-api,VuCI API Support for Wireless,files=13; exec=0; lib=0; plugin=12; kmod=0; paths=/usr/lib/lua/api/network/wireless_devices_basic.lua | /usr/lib/lua/api/network/supplicant_control.lua | /usr/share/rpcd/acl.d/wireless.json,vuci app wireless api,Teltonika,1,DIRECT_SUBCOMPONENT_NO_PARENT_INHERITANCE,"VuCI API/UI package is a feature module of the firmware interface, not an independently versioned parent product.",Exact control/list/status: Source=feeds/vuci/applications/vuci-app-wireless/vuci-app-wireless-api; role=PLUGIN_OR_MODULE; Description=VuCI API Support for Wireless; paths=/usr/lib/lua/api/network/wireless_devices_basic.lua | /usr/lib/lua/api/network/supplicant_control.lua | /usr/share/rpcd/acl.d/wireless.json,OBSERVED_COMPONENT_VERSION_PRESERVED_NO_PARENT_MAPPING,Exact installed control Version equals the SBOM version; no parent product version is inferred.,,,NO_DIRECT_CPE,,,NOT_ENCOUNTERED,,false,false,,,DIRECT_OFFICIAL_CPE_NOT_CONFIRMED,NON_DIRECT_SUBCOMPONENT,N/A,MODERATE,false,,control=/usr/lib/opkg/info/vuci-app-wireless-api.control; list=/usr/lib/opkg/info/vuci-app-wireless-api.list; status_version_matches=True
200183,vuci-app-wireless-ui,2025-07-02-0eab43c-1,cpe:2.3:a:vuci-app-wireless-ui:vuci-app-wireless-ui:2025-07-02-0eab43c-1:*:*:*:*:*:*:*,feeds/vuci/applications/vuci-app-wireless/vuci-app-wireless-ui,vuci-app-wireless-ui,VuCI UI Support for Wireless,files=0; exec=0; lib=0; plugin=0; kmod=0; paths=,vuci app wireless ui,Teltonika,2025-07-02-0eab43c-1,DIRECT_SUBCOMPONENT_NO_PARENT_INHERITANCE,"VuCI API/UI package is a feature module of the firmware interface, not an independently versioned parent product.",Exact control/list/status: Source=feeds/vuci/applications/vuci-app-wireless/vuci-app-wireless-ui; role=PLUGIN_OR_MODULE; Description=VuCI UI Support for Wireless; paths=,OBSERVED_COMPONENT_VERSION_PRESERVED_NO_PARENT_MAPPING,Exact installed control Version equals the SBOM version; no parent product version is inferred.,,,NO_DIRECT_CPE,,,NOT_ENCOUNTERED,,false,false,,,DIRECT_OFFICIAL_CPE_NOT_CONFIRMED,NON_DIRECT_SUBCOMPONENT,N/A,MODERATE,false,,control=/usr/lib/opkg/info/vuci-app-wireless-ui.control; list=/usr/lib/opkg/info/vuci-app-wireless-ui.list; status_version_matches=True
200184,vuci-ui-core,2025-07-02-0eab43c-3,cpe:2.3:a:vuci-ui-core:vuci-ui-core:2025-07-02-0eab43c-3:*:*:*:*:*:*:*,feeds/vuci/vuci-ui-core,vuci-ui-core,Provides core ui for VuCI,files=81; exec=0; lib=0; plugin=0; kmod=0; paths=/www/assets/app.io-post-get.app-2025-07-02-0eab43c.js.gz | /www/icons/marker.png | /lib/upgrade/keep.d/vuci-ui-core,vuci ui core,Teltonika,2025-07-02-0eab43c-3,DIRECT_SUBCOMPONENT_NO_PARENT_INHERITANCE,"VuCI API/UI package is a feature module of the firmware interface, not an independently versioned parent product.",Exact control/list/status: Source=feeds/vuci/vuci-ui-core; role=PLUGIN_OR_MODULE; Description=Provides core ui for VuCI; paths=/www/assets/app.io-post-get.app-2025-07-02-0eab43c.js.gz | /www/icons/marker.png | /lib/upgrade/keep.d/vuci-ui-core,OBSERVED_COMPONENT_VERSION_PRESERVED_NO_PARENT_MAPPING,Exact installed control Version equals the SBOM version; no parent product version is inferred.,,,NO_DIRECT_CPE,,,NOT_ENCOUNTERED,,false,false,,,DIRECT_OFFICIAL_CPE_NOT_CONFIRMED,NON_DIRECT_SUBCOMPONENT,N/A,MODERATE,false,,control=/usr/lib/opkg/info/vuci-ui-core.control; list=/usr/lib/opkg/info/vuci-ui-core.list; status_version_matches=True
200185,wifi-scripts,1.0-3,cpe:2.3:a:wifi-scripts:wifi-scripts:1.0-3:*:*:*:*:*:*:*,package/network/config/wifi-scripts,wifi-scripts,A set of scripts that handle setup and configuration of Wi-Fi devices.,files=7; exec=2; lib=0; plugin=0; kmod=0; paths=/lib/netifd/wireless/mac80211.sh | /sbin/wifi | /etc/hotplug.d/ieee80211/10-wifi-detect | /lib/functions/caldata.sh | /lib/wifi/mac80211.sh,wifi scripts,OpenWrt/upstream source,1.0-3,DIRECT_SUBCOMPONENT_NO_PARENT_INHERITANCE,"Package payload is a configuration, split support, suite library, or optional subsystem; no parent CPE is inherited.",Exact control/list/status: Source=package/network/config/wifi-scripts; role=UTILITY_OR_CLI_PACKAGE; Description=A set of scripts that handle setup and configuration of Wi-Fi devices.; paths=/lib/netifd/wireless/mac80211.sh | /sbin/wifi | /etc/hotplug.d/ieee80211/10-wifi-detect | /lib/functions/caldata.sh | /lib/wifi/mac80211.sh,OBSERVED_COMPONENT_VERSION_PRESERVED_NO_PARENT_MAPPING,Exact installed control Version equals the SBOM version; no parent product version is inferred.,,,NO_DIRECT_CPE,,,NOT_ENCOUNTERED,,false,false,,,DIRECT_OFFICIAL_CPE_NOT_CONFIRMED,NON_DIRECT_SUBCOMPONENT,N/A,MODERATE,false,,control=/usr/lib/opkg/info/wifi-scripts.control; list=/usr/lib/opkg/info/wifi-scripts.list; status_version_matches=True
200186,wireguard-tools,1.0.20210223-4,cpe:2.3:a:wireguard-tools:wireguard-tools:1.0.20210223-4:*:*:*:*:*:*:*,package/network/utils/wireguard-tools,wireguard-tools,"WireGuard is a novel VPN that runs inside the Linux Kernel and utilizes
state-of-the-art cryptography. It aims to be faster, simpler, leaner, and
more useful than IPSec, while avoiding the massive headache. It intends to
be considerably more performant than OpenVPN.  WireGuard is designed as a
general purpose VPN for running on embedded interfaces and super computers
alike, fit for many different circumstances. It uses UDP.

This package provides the userspace control program for WireGuard,
`wg(8)`, a netifd protocol helper, and a re-resolve watchdog script.",files=4; exec=3; lib=0; plugin=0; kmod=0; paths=/usr/bin/wg | /lib/netifd/proto/wireguard.sh | /usr/share/wireguard/18-wireguard,WireGuard,WireGuard,1.0.20210223,PRODUCT_IDENTITY_CONFIRMED,The exact package description and installed core executable/library identify the named upstream product; package role was not used as a hard gate.,"Source=package/network/utils/wireguard-tools; Description=WireGuard is a novel VPN that runs inside the Linux Kernel and utilizes
state-of-the-art cryptography. It aims to be faster, simpler, leaner, and
more useful than IPSec, while avoiding the massive headache. It intends to
be considerably more performant than OpenVPN.  WireGuard is designed as a
general purpose VPN for running on embedded interfaces and super computers
alike, fit for many different circumstances. It uses UDP.

This package provides the userspace control program for WireGuard,
`wg(8)`, a netifd protocol helper, and a re-resolve watchdog script.; paths=/usr/bin/wg | /lib/netifd/proto/wireguard.sh | /usr/share/wireguard/18-wireguard; siblings=wireguard-tools",PRODUCT_SPECIFIC_UPSTREAM_VERSION_NORMALIZATION,Observed 1.0.20210223-4 was normalized to 1.0.20210223 using the exact package/source structure and product-specific official release evidence.,a:wireguard:wireguard,VERIFIED_UPSTREAM_TO_CPE_FAMILY,VERSION_NOT_IN_DICTIONARY,,,NOT_ENCOUNTERED,,false,false,,cpe:2.3:a:wireguard:wireguard:1.0.20210223:*:*:*:*:*:*:*,VERSION_NOT_IN_DICTIONARY,ACTIVE_FAMILY_EXACT_VERSION_ABSENT,"[""VENDOR"", ""PRODUCT"", ""VERSION""]",MODERATE,true,PROPOSED_GT_CPE_CONFIRMATION,control=/usr/lib/opkg/info/wireguard-tools.control; list=/usr/lib/opkg/info/wireguard-tools.list; status_version_matches=True
200187,wireless-regdb,2021.04.21-1,cpe:2.3:a:wireless-regdb:wireless-regdb:2021.04.21-1:*:*:*:*:*:*:*,package/firmware/wireless-regdb,wireless-regdb,Wireless Regulatory Database,files=1; exec=0; lib=0; plugin=0; kmod=0; paths=/lib/firmware/regulatory.db,wireless regdb,OpenWrt/upstream source,2021.04.21-1,DIRECT_SUBCOMPONENT_NO_PARENT_INHERITANCE,Exact metadata identifies a meta/helper/data artifact rather than an independently mapped software product.,Exact control/list/status: Source=package/firmware/wireless-regdb; role=FIRMWARE_OR_DRIVER_ARTIFACT; Description=Wireless Regulatory Database; paths=/lib/firmware/regulatory.db,OBSERVED_COMPONENT_VERSION_PRESERVED_NO_PARENT_MAPPING,Exact installed control Version equals the SBOM version; no parent product version is inferred.,,,NO_DIRECT_CPE,,,NOT_ENCOUNTERED,,false,false,,,DIRECT_OFFICIAL_CPE_NOT_CONFIRMED,NON_DIRECT_SUBCOMPONENT,N/A,MODERATE,false,,control=/usr/lib/opkg/info/wireless-regdb.control; list=/usr/lib/opkg/info/wireless-regdb.list; status_version_matches=True
200188,wpad-openssl,2023-09-08-e5ccbfc6-11,cpe:2.3:a:wpad-openssl:wpad-openssl:2023-09-08-e5ccbfc6-11:*:*:*:*:*:*:*,package/network/services/hostapd,wpad-openssl,"This package contains a full featured IEEE 802.1x/WPA/EAP/RADIUS
Authenticator and Supplicant",files=5; exec=3; lib=0; plugin=0; kmod=0; paths=/usr/sbin/wpad | /usr/sbin/hostapd | /usr/share/hostap/wpa_supplicant.uc | /usr/share/hostap/hostapd.uc,wpad openssl,upstream project,,UNRESOLVED,"Exact payload identifies software, but the upstream product boundary cannot be fixed reproducibly.","Source=package/network/services/hostapd; Description=This package contains a full featured IEEE 802.1x/WPA/EAP/RADIUS
Authenticator and Supplicant; paths=/usr/sbin/wpad | /usr/sbin/hostapd | /usr/share/hostap/wpa_supplicant.uc | /usr/share/hostap/hostapd.uc",PRODUCT_VERSION_BOUNDARY_UNRESOLVED,Observed package identifier 2023-09-08-e5ccbfc6-11 is retained but not promoted to an upstream product version.,,,UNRESOLVED,,,NOT_ENCOUNTERED,,false,false,,,UNRESOLVED,PRODUCT_BOUNDARY_OR_VERSION_UNRESOLVED,N/A,WEAK,true,UNRESOLVED | WEAK_EVIDENCE | PRODUCT_BOUNDARY_OR_VERSION_UNRESOLVED,control=/usr/lib/opkg/info/wpad-openssl.control; list=/usr/lib/opkg/info/wpad-openssl.list; status_version_matches=True
200189,wwan,2019-04-29-6,cpe:2.3:a:wwan:wwan:2019-04-29-6:*:*:*:*:*:*:*,package/network/utils/wwan,wwan,Generic OpenWrt 3G/4G proto handler,files=3; exec=2; lib=0; plugin=0; kmod=0; paths=/lib/netifd/wwan_up.sh | /lib/netifd/proto/wwan.sh | /lib/functions/modem.sh,wwan,OpenWrt/upstream source,2019-04-29-6,DIRECT_SUBCOMPONENT_NO_PARENT_INHERITANCE,"Package payload is a configuration, split support, suite library, or optional subsystem; no parent CPE is inherited.",Exact control/list/status: Source=package/network/utils/wwan; role=PRODUCT_OR_MAIN_PACKAGE; Description=Generic OpenWrt 3G/4G proto handler; paths=/lib/netifd/wwan_up.sh | /lib/netifd/proto/wwan.sh | /lib/functions/modem.sh,OBSERVED_COMPONENT_VERSION_PRESERVED_NO_PARENT_MAPPING,Exact installed control Version equals the SBOM version; no parent product version is inferred.,,,NO_DIRECT_CPE,,,NOT_ENCOUNTERED,,false,false,,,DIRECT_OFFICIAL_CPE_NOT_CONFIRMED,NON_DIRECT_SUBCOMPONENT,N/A,MODERATE,false,,control=/usr/lib/opkg/info/wwan.control; list=/usr/lib/opkg/info/wwan.list; status_version_matches=True
200190,xfrm,4,cpe:2.3:a:xfrm:xfrm:4:*:*:*:*:*:*:*,package/network/config/xfrm,xfrm,XFRM IPsec Tunnel Interface config support (IPv4 and IPv6) in /etc/config/network.,files=1; exec=1; lib=0; plugin=0; kmod=0; paths=/lib/netifd/proto/xfrm.sh,xfrm,OpenWrt/upstream source,4,DIRECT_SUBCOMPONENT_NO_PARENT_INHERITANCE,"Package payload is a configuration, split support, suite library, or optional subsystem; no parent CPE is inherited.",Exact control/list/status: Source=package/network/config/xfrm; role=PRODUCT_OR_MAIN_PACKAGE; Description=XFRM IPsec Tunnel Interface config support (IPv4 and IPv6) in /etc/config/network.; paths=/lib/netifd/proto/xfrm.sh,OBSERVED_COMPONENT_VERSION_PRESERVED_NO_PARENT_MAPPING,Exact installed control Version equals the SBOM version; no parent product version is inferred.,,,NO_DIRECT_CPE,,,NOT_ENCOUNTERED,,false,false,,,DIRECT_OFFICIAL_CPE_NOT_CONFIRMED,NON_DIRECT_SUBCOMPONENT,N/A,MODERATE,false,,control=/usr/lib/opkg/info/xfrm.control; list=/usr/lib/opkg/info/xfrm.list; status_version_matches=True
200191,xl2tpd,1.3.16-5,cpe:2.3:a:xl2tpd:xl2tpd:1.3.16-5:*:*:*:*:*:*:*,package/network/services/xl2tpd,xl2tpd,"l2tpd is the open source implementation of the L2TP tunneling protocol (RFC2661).
It does implement both LAC and LNS role in a L2TP networking architecture. The
main goal of this protocol is to tunnel PPP frame trough an IP network.",files=15; exec=5; lib=0; plugin=0; kmod=0; paths=/lib/netifd/proto/l2tp.sh | /lib/netifd/l2tp-down | /etc/xl2tpd/xl2tpd.conf | /etc/ppp/options.l2tp | /usr/share/l2tp/19-l2tp.hotplug,xl2tpd,Xelerance,1.3.16,PRODUCT_IDENTITY_CONFIRMED,The exact package description and installed core executable/library identify the named upstream product; package role was not used as a hard gate.,"Source=package/network/services/xl2tpd; Description=l2tpd is the open source implementation of the L2TP tunneling protocol (RFC2661).
It does implement both LAC and LNS role in a L2TP networking architecture. The
main goal of this protocol is to tunnel PPP frame trough an IP network.; paths=/lib/netifd/proto/l2tp.sh | /lib/netifd/l2tp-down | /etc/xl2tpd/xl2tpd.conf | /etc/ppp/options.l2tp | /usr/share/l2tp/19-l2tp.hotplug; siblings=xl2tpd",PRODUCT_SPECIFIC_UPSTREAM_VERSION_NORMALIZATION,Observed 1.3.16-5 was normalized to 1.3.16 using the exact package/source structure and product-specific official release evidence.,a:xelerance:xl2tpd,PROJECT_IDENTITY_TUPLE_NO_DICTIONARY_FAMILY,NO_DIRECT_CPE,,,NOT_ENCOUNTERED,,true,false,,,DIRECT_OFFICIAL_CPE_NOT_CONFIRMED,NO_CPE_REPRESENTATION,N/A,MODERATE,true,PRODUCT_WITHOUT_CONFIRMED_DIRECT_CPE,control=/usr/lib/opkg/info/xl2tpd.control; list=/usr/lib/opkg/info/xl2tpd.list; status_version_matches=True
200192,zlib,1.2.11-4,cpe:2.3:a:zlib:zlib:1.2.11-4:*:*:*:*:*:*:*,package/libs/zlib,zlib,"zlib is a lossless data-compression library.
This package includes the shared library.",files=3; exec=0; lib=3; plugin=0; kmod=0; paths=/usr/lib/libz.so.1.2.11 | /usr/lib/libz.so.1,zlib,zlib,1.2.11,PRODUCT_IDENTITY_CONFIRMED,The exact package description and installed core executable/library identify the named upstream product; package role was not used as a hard gate.,"Source=package/libs/zlib; Description=zlib is a lossless data-compression library.
This package includes the shared library.; paths=/usr/lib/libz.so.1.2.11 | /usr/lib/libz.so.1; siblings=zlib",PRODUCT_SPECIFIC_UPSTREAM_VERSION_NORMALIZATION,Observed 1.2.11-4 was normalized to 1.2.11 using the exact package/source structure and product-specific official release evidence.,a:zlib:zlib,VERIFIED_UPSTREAM_TO_CPE_FAMILY,ACTIVE_EXACT,cpe:2.3:a:zlib:zlib:1.2.11:*:*:*:*:*:*:*,,NOT_ENCOUNTERED,,false,false,,cpe:2.3:a:zlib:zlib:1.2.11:*:*:*:*:*:*:*,OFFICIAL_CPE_MAPPED,ACTIVE_EXACT,"[""VERSION""]",MODERATE,true,PROPOSED_GT_CPE_CONFIRMATION,control=/usr/lib/opkg/info/zlib.control; list=/usr/lib/opkg/info/zlib.list; status_version_matches=True
200193,linux_kernel,5.15.176,cpe:2.3:o:linux:linux_kernel:5.15.176:*:*:*:*:*:*:*,NON_OPKG_DIRECT_ARTIFACT,linux_kernel,properties source_path -> /logs/firmware/binwalk_extracted/firmware.extracted/0/MIPS_OpenWrt_Linux-5.15.176.bin.extracted/0/decompressed.bin; exact firmware uImage identifies Linux 5.15.176; module paths are present under /lib/modules/5.15.176,/logs/firmware/binwalk_extracted/firmware.extracted/0/MIPS_OpenWrt_Linux-5.15.176.bin.extracted/0/decompressed.bin | /logs/firmware/binwalk_extracted/firmware.extracted/260000/squashfs-root/lib/modules/5.15.176/compat.ko | /logs/firmware/binwalk_extracted/firmware.extracted/260000/squashfs-root/lib/modules/5.15.176/ovpn-dco-v2.ko | /logs/firmware/binwalk_extracted/firmware.extracted/260000/squashfs-root/lib/modules/5.15.176/cfg80211.ko | /logs/firmware/binwalk_extracted/firmware.extracted/260000/squashfs-root/lib/modules/5.15.176/pulse_counter.ko | /logs/firmware/binwalk_extracted/firmware.extracted/260000/squashfs-root/lib/modules/5.15.176/gpio-button-hotplug.ko | /logs/firmware/binwalk_extracted/firmware.extracted/260000/squashfs-root/lib/modules/5.15.176/mt7603e.ko | /logs/firmware/binwalk_extracted/firmware.extracted/260000/squashfs-root/lib/modules/5.15.176/tlt_gpio.ko | /logs/firmware/binwalk_extracted/firmware.extracted/260000/squashfs-root/lib/modules/5.15.176/mac80211.ko,Linux kernel,Linux,5.15.176,PRODUCT_IDENTITY_CONFIRMED,Direct exact-firmware detector/banner evidence identifies the product independently of SBOM CPE metadata.,/logs/firmware/binwalk_extracted/firmware.extracted/0/MIPS_OpenWrt_Linux-5.15.176.bin.extracted/0/decompressed.bin | /logs/firmware/binwalk_extracted/firmware.extracted/260000/squashfs-root/lib/modules/5.15.176/compat.ko | /logs/firmware/binwalk_extracted/firmware.extracted/260000/squashfs-root/lib/modules/5.15.176/ovpn-dco-v2.ko | /logs/firmware/binwalk_extracted/firmware.extracted/260000/squashfs-root/lib/modules/5.15.176/cfg80211.ko | /logs/firmware/binwalk_extracted/firmware.extracted/260000/squashfs-root/lib/modules/5.15.176/pulse_counter.ko | /logs/firmware/binwalk_extracted/firmware.extracted/260000/squashfs-root/lib/modules/5.15.176/gpio-button-hotplug.ko | /logs/firmware/binwalk_extracted/firmware.extracted/260000/squashfs-root/lib/modules/5.15.176/mt7603e.ko | /logs/firmware/binwalk_extracted/firmware.extracted/260000/squashfs-root/lib/modules/5.15.176/tlt_gpio.ko | /logs/firmware/binwalk_extracted/firmware.extracted/260000/squashfs-root/lib/modules/5.15.176/mac80211.ko,EXACT_BINARY_PRODUCT_VERSION,Exact firmware evidence identifies Linux kernel 5.15.176.,o:linux:linux_kernel,VERIFIED_UPSTREAM_TO_CPE_FAMILY,ACTIVE_EXACT,cpe:2.3:o:linux:linux_kernel:5.15.176:*:*:*:*:*:*:*,,NOT_ENCOUNTERED,,false,false,,cpe:2.3:o:linux:linux_kernel:5.15.176:*:*:*:*:*:*:*,CPE_CONFIRMED,ACTIVE_EXACT,[],STRONG,true,PROPOSED_GT_CPE_CONFIRMATION,/logs/firmware/binwalk_extracted/firmware.extracted/0/MIPS_OpenWrt_Linux-5.15.176.bin.extracted/0/decompressed.bin | /logs/firmware/binwalk_extracted/firmware.extracted/260000/squashfs-root/lib/modules/5.15.176/compat.ko | /logs/firmware/binwalk_extracted/firmware.extracted/260000/squashfs-root/lib/modules/5.15.176/ovpn-dco-v2.ko | /logs/firmware/binwalk_extracted/firmware.extracted/260000/squashfs-root/lib/modules/5.15.176/cfg80211.ko | /logs/firmware/binwalk_extracted/firmware.extracted/260000/squashfs-root/lib/modules/5.15.176/pulse_counter.ko | /logs/firmware/binwalk_extracted/firmware.extracted/260000/squashfs-root/lib/modules/5.15.176/gpio-button-hotplug.ko | /logs/firmware/binwalk_extracted/firmware.extracted/260000/squashfs-root/lib/modules/5.15.176/mt7603e.ko | /logs/firmware/binwalk_extracted/firmware.extracted/260000/squashfs-root/lib/modules/5.15.176/tlt_gpio.ko | /logs/firmware/binwalk_extracted/firmware.extracted/260000/squashfs-root/lib/modules/5.15.176/mac80211.ko
200194,point-to-point_protocol,2.4.9,cpe:2.3:a:point-to-point_protocol_project:point-to-point_protocol:2.4.9:*:*:*:*:*:*:*,NON_OPKG_DIRECT_ARTIFACT,point-to-point_protocol,properties source_path -> /usr/sbin/pppd; detector identity/version evidence retained from exact firmware,/logs/firmware/binwalk_extracted/firmware.extracted/260000/squashfs-root/usr/sbin/pppd,PPP/pppd,PPP project,2.4.9,PRODUCT_IDENTITY_CONFIRMED,Direct binary analysis identifies the Point-to-Point Protocol daemon product.,/logs/firmware/binwalk_extracted/firmware.extracted/260000/squashfs-root/usr/sbin/pppd,EXACT_BINARY_PRODUCT_VERSION,The detector reports PPP 2.4.9 directly from the exact firmware.,"[[""a"", ""canonical"", ""ppp""], [""a"", ""samba"", ""ppp""]]",MULTIPLE_SEMANTICALLY_POSSIBLE_FAMILIES,NO_DIRECT_CPE,,,NOT_ENCOUNTERED,,false,false,,,DIRECT_OFFICIAL_CPE_NOT_CONFIRMED,CPE_PRODUCT_FAMILY_AMBIGUITY,N/A,STRONG,true,CPE_PRODUCT_FAMILY_AMBIGUITY | PRODUCT_WITHOUT_CONFIRMED_DIRECT_CPE,/logs/firmware/binwalk_extracted/firmware.extracted/260000/squashfs-root/usr/sbin/pppd
200195,sed,4.0,cpe:2.3:a:gnu:sed:4.0:*:*:*:*:*:*:*,NON_OPKG_DIRECT_ARTIFACT,sed,properties source_path -> /bin/busybox; detector identity/version evidence retained from exact firmware,/logs/firmware/binwalk_extracted/firmware.extracted/260000/squashfs-root/bin/busybox,BusyBox sed applet,BusyBox,4.0,DIRECT_SUBCOMPONENT_NO_PARENT_INHERITANCE,"The detector path resolves to the BusyBox multicall binary, not an independently owned sed/udhcp product.",/logs/firmware/binwalk_extracted/firmware.extracted/260000/squashfs-root/bin/busybox,BUNDLED_APPLET_VERSION_ONLY,The detector version is retained for provenance but is not mapped as a standalone product version.,,,NO_DIRECT_CPE,,,NOT_ENCOUNTERED,,false,false,,,DIRECT_OFFICIAL_CPE_NOT_CONFIRMED,NON_DIRECT_SUBCOMPONENT,N/A,STRONG,false,,/logs/firmware/binwalk_extracted/firmware.extracted/260000/squashfs-root/bin/busybox
200196,sqlite,3.41.2,cpe:2.3:a:sqlite:sqlite:3.41.2:*:*:*:*:*:*:*,NON_OPKG_DIRECT_ARTIFACT,sqlite,properties source_path -> /usr/lib/libsqlite3.so.0.8.6; detector identity/version evidence retained from exact firmware,/logs/firmware/binwalk_extracted/firmware.extracted/260000/squashfs-root/usr/lib/libsqlite3.so.0.8.6,SQLite,SQLite,3.41.2,PRODUCT_IDENTITY_CONFIRMED,Direct exact-firmware detector/banner evidence identifies the product independently of SBOM CPE metadata.,/logs/firmware/binwalk_extracted/firmware.extracted/260000/squashfs-root/usr/lib/libsqlite3.so.0.8.6,EXACT_BINARY_PRODUCT_VERSION,Exact firmware evidence identifies SQLite 3.41.2.,a:sqlite:sqlite,VERIFIED_UPSTREAM_TO_CPE_FAMILY,ACTIVE_EXACT,cpe:2.3:a:sqlite:sqlite:3.41.2:*:*:*:*:*:*:*,,NOT_ENCOUNTERED,,false,false,,cpe:2.3:a:sqlite:sqlite:3.41.2:*:*:*:*:*:*:*,CPE_CONFIRMED,ACTIVE_EXACT,[],STRONG,true,PROPOSED_GT_CPE_CONFIRMATION,/logs/firmware/binwalk_extracted/firmware.extracted/260000/squashfs-root/usr/lib/libsqlite3.so.0.8.6
200197,udhcp,1.34.1,cpe:2.3:a:udhcp:udhcp:1.34.1:*:*:*:*:*:*:*,NON_OPKG_DIRECT_ARTIFACT,udhcp,properties source_path -> /bin/busybox; detector identity/version evidence retained from exact firmware,/logs/firmware/binwalk_extracted/firmware.extracted/260000/squashfs-root/bin/busybox,BusyBox udhcp applet,BusyBox,1.34.1,DIRECT_SUBCOMPONENT_NO_PARENT_INHERITANCE,"The detector path resolves to the BusyBox multicall binary, not an independently owned sed/udhcp product.",/logs/firmware/binwalk_extracted/firmware.extracted/260000/squashfs-root/bin/busybox,BUNDLED_APPLET_VERSION_ONLY,The detector version is retained for provenance but is not mapped as a standalone product version.,,,NO_DIRECT_CPE,,,NOT_ENCOUNTERED,,false,false,,,DIRECT_OFFICIAL_CPE_NOT_CONFIRMED,NON_DIRECT_SUBCOMPONENT,N/A,STRONG,false,,/logs/firmware/binwalk_extracted/firmware.extracted/260000/squashfs-root/bin/busybox
200198,wpa_supplicant,2.11,cpe:2.3:a:w1.fi:wpa_supplicant:2.11:*:*:*:*:*:*:*,NON_OPKG_DIRECT_ARTIFACT,wpa_supplicant,properties source_path -> /usr/sbin/wpad; detector identity/version evidence retained from exact firmware,/logs/firmware/binwalk_extracted/firmware.extracted/260000/squashfs-root/usr/sbin/wpad,wpa_supplicant,w1.fi,2.11-devel,PRODUCT_IDENTITY_CONFIRMED,Direct exact-firmware detector/banner evidence identifies the product independently of SBOM CPE metadata.,/logs/firmware/binwalk_extracted/firmware.extracted/260000/squashfs-root/usr/sbin/wpad,PRERELEASE_STATE_MOVED_TO_CPE_UPDATE,"Exact firmware evidence identifies wpa_supplicant 2.11-devel; approved prerelease policy preserves the product version and represents the release state as CPE version=2.11, update=devel.",a:w1.fi:wpa_supplicant,VERIFIED_UPSTREAM_TO_CPE_FAMILY,VERSION_NOT_IN_DICTIONARY,,,NOT_ENCOUNTERED,,false,false,,cpe:2.3:a:w1.fi:wpa_supplicant:2.11:devel:*:*:*:*:*:*,VERSION_NOT_IN_DICTIONARY,ACTIVE_FAMILY_EXACT_PRERELEASE_ABSENT,"[""UPDATE""]",STRONG,true,PROPOSED_GT_CPE_CONFIRMATION,/logs/firmware/binwalk_extracted/firmware.extracted/260000/squashfs-root/usr/sbin/wpad
200199,openwrt,21.02.0:r16279-5cc0535800,cpe:2.3:o:openwrt:openwrt:21.02.0:r16279-5cc0535800:*:*:*:*:*:*,NON_OPKG_DIRECT_ARTIFACT,openwrt,properties source_path -> /etc/openwrt_release; detector identity/version evidence retained from exact firmware,/logs/firmware/binwalk_extracted/firmware.extracted/260000/squashfs-root/etc/openwrt_release,OpenWrt,OpenWrt,21.02.0,PRODUCT_IDENTITY_CONFIRMED,Direct exact-firmware detector/banner evidence identifies the product independently of SBOM CPE metadata.,/logs/firmware/binwalk_extracted/firmware.extracted/260000/squashfs-root/etc/openwrt_release,FIRMWARE_RELEASE_VERSION_WITH_REVISION_SEPARATED,Exact firmware evidence identifies OpenWrt 21.02.0.,o:openwrt:openwrt,VERIFIED_UPSTREAM_TO_CPE_FAMILY,ACTIVE_EXACT,cpe:2.3:o:openwrt:openwrt:21.02.0:-:*:*:*:*:*:*,,NOT_ENCOUNTERED,,false,false,,cpe:2.3:o:openwrt:openwrt:21.02.0:-:*:*:*:*:*:*,OFFICIAL_CPE_MAPPED,ACTIVE_EXACT,"[""UPDATE""]",STRONG,true,PROPOSED_GT_CPE_CONFIRMATION,/logs/firmware/binwalk_extracted/firmware.extracted/260000/squashfs-root/etc/openwrt_release
