component_id,repository,tag,sbom_source_path,bom_ref,component_type,component_name,component_version,publisher,purl,raw_cpe,structural_status,error_message,part_raw,vendor_raw,product_raw,version_raw,update_raw,edition_raw,language_raw,sw_edition_raw,target_sw_raw,target_hw_raw,other_raw
93323,docker.io/library/alpine,3.24.1,pilot/results/sboms/alpine-3.24.1.cdx.json,pkg:apk/alpine/alpine-baselayout@3.7.2-r1?arch=x86_64&distro=alpine-3.24.1&package-id=1e1affaf659b0bd3,library,alpine-baselayout,3.7.2-r1,Natanael Copa <ncopa@alpinelinux.org>,pkg:apk/alpine/alpine-baselayout@3.7.2-r1?arch=x86_64&distro=alpine-3.24.1,cpe:2.3:a:alpine-baselayout:alpine-baselayout:3.7.2-r1:*:*:*:*:*:*:*,STRUCTURALLY_VALID,,a,alpine-baselayout,alpine-baselayout,3.7.2-r1,*,*,*,*,*,*,*
93324,docker.io/library/alpine,3.24.1,pilot/results/sboms/alpine-3.24.1.cdx.json,pkg:apk/alpine/alpine-baselayout-data@3.7.2-r1?arch=x86_64&distro=alpine-3.24.1&package-id=4cc5d861091994fc&upstream=alpine-baselayout,library,alpine-baselayout-data,3.7.2-r1,Natanael Copa <ncopa@alpinelinux.org>,pkg:apk/alpine/alpine-baselayout-data@3.7.2-r1?arch=x86_64&distro=alpine-3.24.1&upstream=alpine-baselayout,cpe:2.3:a:alpine-baselayout-data:alpine-baselayout-data:3.7.2-r1:*:*:*:*:*:*:*,STRUCTURALLY_VALID,,a,alpine-baselayout-data,alpine-baselayout-data,3.7.2-r1,*,*,*,*,*,*,*
93325,docker.io/library/alpine,3.24.1,pilot/results/sboms/alpine-3.24.1.cdx.json,pkg:apk/alpine/alpine-keys@2.6-r0?arch=x86_64&distro=alpine-3.24.1&package-id=0ceaef0670a2bbd9,library,alpine-keys,2.6-r0,Natanael Copa <ncopa@alpinelinux.org>,pkg:apk/alpine/alpine-keys@2.6-r0?arch=x86_64&distro=alpine-3.24.1,cpe:2.3:a:alpine-keys:alpine-keys:2.6-r0:*:*:*:*:*:*:*,STRUCTURALLY_VALID,,a,alpine-keys,alpine-keys,2.6-r0,*,*,*,*,*,*,*
93326,docker.io/library/alpine,3.24.1,pilot/results/sboms/alpine-3.24.1.cdx.json,pkg:apk/alpine/alpine-release@3.24.1-r0?arch=x86_64&distro=alpine-3.24.1&package-id=807a1940110a1826&upstream=alpine-base,library,alpine-release,3.24.1-r0,Natanael Copa <ncopa@alpinelinux.org>,pkg:apk/alpine/alpine-release@3.24.1-r0?arch=x86_64&distro=alpine-3.24.1&upstream=alpine-base,cpe:2.3:a:alpine-release:alpine-release:3.24.1-r0:*:*:*:*:*:*:*,STRUCTURALLY_VALID,,a,alpine-release,alpine-release,3.24.1-r0,*,*,*,*,*,*,*
93327,docker.io/library/alpine,3.24.1,pilot/results/sboms/alpine-3.24.1.cdx.json,pkg:apk/alpine/apk-tools@3.0.6-r0?arch=x86_64&distro=alpine-3.24.1&package-id=d23f3477cd70e30d,library,apk-tools,3.0.6-r0,Natanael Copa <ncopa@alpinelinux.org>,pkg:apk/alpine/apk-tools@3.0.6-r0?arch=x86_64&distro=alpine-3.24.1,cpe:2.3:a:apk-tools:apk-tools:3.0.6-r0:*:*:*:*:*:*:*,STRUCTURALLY_VALID,,a,apk-tools,apk-tools,3.0.6-r0,*,*,*,*,*,*,*
93328,docker.io/library/alpine,3.24.1,pilot/results/sboms/alpine-3.24.1.cdx.json,pkg:apk/alpine/busybox@1.37.0-r31?arch=x86_64&distro=alpine-3.24.1&package-id=fef07e9c95ea2bda,library,busybox,1.37.0-r31,Sören Tempel <soeren+alpine@soeren-tempel.net>,pkg:apk/alpine/busybox@1.37.0-r31?arch=x86_64&distro=alpine-3.24.1,cpe:2.3:a:busybox:busybox:1.37.0-r31:*:*:*:*:*:*:*,STRUCTURALLY_VALID,,a,busybox,busybox,1.37.0-r31,*,*,*,*,*,*,*
93329,docker.io/library/alpine,3.24.1,pilot/results/sboms/alpine-3.24.1.cdx.json,pkg:apk/alpine/busybox-binsh@1.37.0-r31?arch=x86_64&distro=alpine-3.24.1&package-id=915155597fcdee9a&upstream=busybox,library,busybox-binsh,1.37.0-r31,Sören Tempel <soeren+alpine@soeren-tempel.net>,pkg:apk/alpine/busybox-binsh@1.37.0-r31?arch=x86_64&distro=alpine-3.24.1&upstream=busybox,cpe:2.3:a:busybox-binsh:busybox-binsh:1.37.0-r31:*:*:*:*:*:*:*,STRUCTURALLY_VALID,,a,busybox-binsh,busybox-binsh,1.37.0-r31,*,*,*,*,*,*,*
93330,docker.io/library/alpine,3.24.1,pilot/results/sboms/alpine-3.24.1.cdx.json,pkg:apk/alpine/ca-certificates-bundle@20260611-r0?arch=x86_64&distro=alpine-3.24.1&package-id=10ea3158c0ed0be2&upstream=ca-certificates,library,ca-certificates-bundle,20260611-r0,Natanael Copa <ncopa@alpinelinux.org>,pkg:apk/alpine/ca-certificates-bundle@20260611-r0?arch=x86_64&distro=alpine-3.24.1&upstream=ca-certificates,cpe:2.3:a:ca-certificates-bundle:ca-certificates-bundle:20260611-r0:*:*:*:*:*:*:*,STRUCTURALLY_VALID,,a,ca-certificates-bundle,ca-certificates-bundle,20260611-r0,*,*,*,*,*,*,*
93331,docker.io/library/alpine,3.24.1,pilot/results/sboms/alpine-3.24.1.cdx.json,pkg:apk/alpine/libapk@3.0.6-r0?arch=x86_64&distro=alpine-3.24.1&package-id=ef745636bda6d4ea&upstream=apk-tools,library,libapk,3.0.6-r0,Natanael Copa <ncopa@alpinelinux.org>,pkg:apk/alpine/libapk@3.0.6-r0?arch=x86_64&distro=alpine-3.24.1&upstream=apk-tools,cpe:2.3:a:libapk:libapk:3.0.6-r0:*:*:*:*:*:*:*,STRUCTURALLY_VALID,,a,libapk,libapk,3.0.6-r0,*,*,*,*,*,*,*
93332,docker.io/library/alpine,3.24.1,pilot/results/sboms/alpine-3.24.1.cdx.json,pkg:apk/alpine/libcrypto3@3.5.7-r0?arch=x86_64&distro=alpine-3.24.1&package-id=e23c248c64dfa980&upstream=openssl,library,libcrypto3,3.5.7-r0,Natanael Copa <ncopa@alpinelinux.org>,pkg:apk/alpine/libcrypto3@3.5.7-r0?arch=x86_64&distro=alpine-3.24.1&upstream=openssl,cpe:2.3:a:libcrypto3:libcrypto3:3.5.7-r0:*:*:*:*:*:*:*,STRUCTURALLY_VALID,,a,libcrypto3,libcrypto3,3.5.7-r0,*,*,*,*,*,*,*
93333,docker.io/library/alpine,3.24.1,pilot/results/sboms/alpine-3.24.1.cdx.json,pkg:apk/alpine/libssl3@3.5.7-r0?arch=x86_64&distro=alpine-3.24.1&package-id=7de879f497a38539&upstream=openssl,library,libssl3,3.5.7-r0,Natanael Copa <ncopa@alpinelinux.org>,pkg:apk/alpine/libssl3@3.5.7-r0?arch=x86_64&distro=alpine-3.24.1&upstream=openssl,cpe:2.3:a:libssl3:libssl3:3.5.7-r0:*:*:*:*:*:*:*,STRUCTURALLY_VALID,,a,libssl3,libssl3,3.5.7-r0,*,*,*,*,*,*,*
93334,docker.io/library/alpine,3.24.1,pilot/results/sboms/alpine-3.24.1.cdx.json,pkg:apk/alpine/musl@1.2.6-r2?arch=x86_64&distro=alpine-3.24.1&package-id=f7ad0ee8f1c27cb0,library,musl,1.2.6-r2,Natanael Copa <ncopa@alpinelinux.org>,pkg:apk/alpine/musl@1.2.6-r2?arch=x86_64&distro=alpine-3.24.1,cpe:2.3:a:musl-libc:musl:1.2.6-r2:*:*:*:*:*:*:*,STRUCTURALLY_VALID,,a,musl-libc,musl,1.2.6-r2,*,*,*,*,*,*,*
93335,docker.io/library/alpine,3.24.1,pilot/results/sboms/alpine-3.24.1.cdx.json,pkg:apk/alpine/musl-utils@1.2.6-r2?arch=x86_64&distro=alpine-3.24.1&package-id=3b2be12f9ca81c73&upstream=musl,library,musl-utils,1.2.6-r2,Natanael Copa <ncopa@alpinelinux.org>,pkg:apk/alpine/musl-utils@1.2.6-r2?arch=x86_64&distro=alpine-3.24.1&upstream=musl,cpe:2.3:a:musl-utils:musl-utils:1.2.6-r2:*:*:*:*:*:*:*,STRUCTURALLY_VALID,,a,musl-utils,musl-utils,1.2.6-r2,*,*,*,*,*,*,*
93336,docker.io/library/alpine,3.24.1,pilot/results/sboms/alpine-3.24.1.cdx.json,pkg:apk/alpine/scanelf@1.3.9-r1?arch=x86_64&distro=alpine-3.24.1&package-id=c10ef18816140a80&upstream=pax-utils,library,scanelf,1.3.9-r1,Natanael Copa <ncopa@alpinelinux.org>,pkg:apk/alpine/scanelf@1.3.9-r1?arch=x86_64&distro=alpine-3.24.1&upstream=pax-utils,cpe:2.3:a:scanelf:scanelf:1.3.9-r1:*:*:*:*:*:*:*,STRUCTURALLY_VALID,,a,scanelf,scanelf,1.3.9-r1,*,*,*,*,*,*,*
93337,docker.io/library/alpine,3.24.1,pilot/results/sboms/alpine-3.24.1.cdx.json,pkg:apk/alpine/ssl_client@1.37.0-r31?arch=x86_64&distro=alpine-3.24.1&package-id=8a9ef44e1018f213&upstream=busybox,library,ssl_client,1.37.0-r31,Sören Tempel <soeren+alpine@soeren-tempel.net>,pkg:apk/alpine/ssl_client@1.37.0-r31?arch=x86_64&distro=alpine-3.24.1&upstream=busybox,cpe:2.3:a:ssl-client:ssl-client:1.37.0-r31:*:*:*:*:*:*:*,STRUCTURALLY_VALID,,a,ssl-client,ssl-client,1.37.0-r31,*,*,*,*,*,*,*
93338,docker.io/library/alpine,3.24.1,pilot/results/sboms/alpine-3.24.1.cdx.json,pkg:apk/alpine/zlib@1.3.2-r0?arch=x86_64&distro=alpine-3.24.1&package-id=eb222fe89d397776,library,zlib,1.3.2-r0,Natanael Copa <ncopa@alpinelinux.org>,pkg:apk/alpine/zlib@1.3.2-r0?arch=x86_64&distro=alpine-3.24.1,cpe:2.3:a:zlib:zlib:1.3.2-r0:*:*:*:*:*:*:*,STRUCTURALLY_VALID,,a,zlib,zlib,1.3.2-r0,*,*,*,*,*,*,*
93320,docker.io/library/busybox,1.38.0,pilot/results/sboms/busybox-1.38.0.cdx.json,pkg:generic/busybox@1.38.0?package-id=5a5ba7c7211dc63a,application,busybox,1.38.0,,pkg:generic/busybox@1.38.0,cpe:2.3:a:busybox:busybox:1.38.0:*:*:*:*:*:*:*,STRUCTURALLY_VALID,,a,busybox,busybox,1.38.0,*,*,*,*,*,*,*
87412,docker.io/library/memcached,1.6.45,pilot/results/sboms/memcached-1.6.45.cdx.json,pkg:deb/debian/apt@3.0.3?arch=amd64&distro=debian-13.6&package-id=0ea1a43670a5d18e,library,apt,3.0.3,APT Development Team <deity@lists.debian.org>,pkg:deb/debian/apt@3.0.3?arch=amd64&distro=debian-13.6,cpe:2.3:a:apt:apt:3.0.3:*:*:*:*:*:*:*,STRUCTURALLY_VALID,,a,apt,apt,3.0.3,*,*,*,*,*,*,*
87413,docker.io/library/memcached,1.6.45,pilot/results/sboms/memcached-1.6.45.cdx.json,pkg:deb/debian/base-files@13.8%2Bdeb13u6?arch=amd64&distro=debian-13.6&package-id=852e09cf2b9dfd87,library,base-files,13.8+deb13u6,Santiago Vila <sanvila@debian.org>,pkg:deb/debian/base-files@13.8%2Bdeb13u6?arch=amd64&distro=debian-13.6,cpe:2.3:a:base-files:base-files:13.8\+deb13u6:*:*:*:*:*:*:*,STRUCTURALLY_VALID,,a,base-files,base-files,13.8\+deb13u6,*,*,*,*,*,*,*
87414,docker.io/library/memcached,1.6.45,pilot/results/sboms/memcached-1.6.45.cdx.json,pkg:deb/debian/base-passwd@3.6.7?arch=amd64&distro=debian-13.6&package-id=44aca50e14654da9,library,base-passwd,3.6.7,Shadow package maintainers <pkg-shadow-devel@lists.alioth.debian.org>,pkg:deb/debian/base-passwd@3.6.7?arch=amd64&distro=debian-13.6,cpe:2.3:a:base-passwd:base-passwd:3.6.7:*:*:*:*:*:*:*,STRUCTURALLY_VALID,,a,base-passwd,base-passwd,3.6.7,*,*,*,*,*,*,*
87415,docker.io/library/memcached,1.6.45,pilot/results/sboms/memcached-1.6.45.cdx.json,pkg:deb/debian/bash@5.2.37-2%2Bb9?arch=amd64&distro=debian-13.6&package-id=ca6f1c985bc1aba9&upstream=bash%405.2.37-2,library,bash,5.2.37-2+b9,Matthias Klose <doko@debian.org>,pkg:deb/debian/bash@5.2.37-2%2Bb9?arch=amd64&distro=debian-13.6&upstream=bash%405.2.37-2,cpe:2.3:a:bash:bash:5.2.37-2\+b9:*:*:*:*:*:*:*,STRUCTURALLY_VALID,,a,bash,bash,5.2.37-2\+b9,*,*,*,*,*,*,*
87416,docker.io/library/memcached,1.6.45,pilot/results/sboms/memcached-1.6.45.cdx.json,pkg:deb/debian/bsdutils@1%3A2.41-5?arch=amd64&distro=debian-13.6&package-id=15791da16e435065&upstream=util-linux%402.41-5,library,bsdutils,1:2.41-5,Chris Hofstaedtler <zeha@debian.org>,pkg:deb/debian/bsdutils@1%3A2.41-5?arch=amd64&distro=debian-13.6&upstream=util-linux%402.41-5,cpe:2.3:a:bsdutils:bsdutils:1\:2.41-5:*:*:*:*:*:*:*,STRUCTURALLY_VALID,,a,bsdutils,bsdutils,1\:2.41-5,*,*,*,*,*,*,*
87417,docker.io/library/memcached,1.6.45,pilot/results/sboms/memcached-1.6.45.cdx.json,pkg:deb/debian/coreutils@9.7-3?arch=amd64&distro=debian-13.6&package-id=2f8436d480a75c8c,library,coreutils,9.7-3,Michael Stone <mstone@debian.org>,pkg:deb/debian/coreutils@9.7-3?arch=amd64&distro=debian-13.6,cpe:2.3:a:coreutils:coreutils:9.7-3:*:*:*:*:*:*:*,STRUCTURALLY_VALID,,a,coreutils,coreutils,9.7-3,*,*,*,*,*,*,*
87418,docker.io/library/memcached,1.6.45,pilot/results/sboms/memcached-1.6.45.cdx.json,pkg:deb/debian/dash@0.5.12-12?arch=amd64&distro=debian-13.6&package-id=e919b2d690c3a4f3,library,dash,0.5.12-12,Andrej Shadura <andrewsh@debian.org>,pkg:deb/debian/dash@0.5.12-12?arch=amd64&distro=debian-13.6,cpe:2.3:a:dash:dash:0.5.12-12:*:*:*:*:*:*:*,STRUCTURALLY_VALID,,a,dash,dash,0.5.12-12,*,*,*,*,*,*,*
87419,docker.io/library/memcached,1.6.45,pilot/results/sboms/memcached-1.6.45.cdx.json,pkg:deb/debian/debconf@1.5.91?arch=all&distro=debian-13.6&package-id=0f203ecbcf805e2b,library,debconf,1.5.91,Debconf Developers <debconf-devel@lists.alioth.debian.org>,pkg:deb/debian/debconf@1.5.91?arch=all&distro=debian-13.6,cpe:2.3:a:debconf:debconf:1.5.91:*:*:*:*:*:*:*,STRUCTURALLY_VALID,,a,debconf,debconf,1.5.91,*,*,*,*,*,*,*
87420,docker.io/library/memcached,1.6.45,pilot/results/sboms/memcached-1.6.45.cdx.json,pkg:deb/debian/debian-archive-keyring@2025.1?arch=all&distro=debian-13.6&package-id=7991e18ee6aee390,library,debian-archive-keyring,2025.1,Debian Release Team <packages@release.debian.org>,pkg:deb/debian/debian-archive-keyring@2025.1?arch=all&distro=debian-13.6,cpe:2.3:a:debian-archive-keyring:debian-archive-keyring:2025.1:*:*:*:*:*:*:*,STRUCTURALLY_VALID,,a,debian-archive-keyring,debian-archive-keyring,2025.1,*,*,*,*,*,*,*
87421,docker.io/library/memcached,1.6.45,pilot/results/sboms/memcached-1.6.45.cdx.json,pkg:deb/debian/debianutils@5.23.2?arch=amd64&distro=debian-13.6&package-id=1a372c2eb99c9c63,library,debianutils,5.23.2,Ileana Dumitrescu <ileanadumitrescu95@gmail.com>,pkg:deb/debian/debianutils@5.23.2?arch=amd64&distro=debian-13.6,cpe:2.3:a:debianutils:debianutils:5.23.2:*:*:*:*:*:*:*,STRUCTURALLY_VALID,,a,debianutils,debianutils,5.23.2,*,*,*,*,*,*,*
87422,docker.io/library/memcached,1.6.45,pilot/results/sboms/memcached-1.6.45.cdx.json,pkg:deb/debian/diffutils@1%3A3.10-4?arch=amd64&distro=debian-13.6&package-id=928a2837cd45ff34,library,diffutils,1:3.10-4,Santiago Vila <sanvila@debian.org>,pkg:deb/debian/diffutils@1%3A3.10-4?arch=amd64&distro=debian-13.6,cpe:2.3:a:diffutils:diffutils:1\:3.10-4:*:*:*:*:*:*:*,STRUCTURALLY_VALID,,a,diffutils,diffutils,1\:3.10-4,*,*,*,*,*,*,*
87423,docker.io/library/memcached,1.6.45,pilot/results/sboms/memcached-1.6.45.cdx.json,pkg:deb/debian/dpkg@1.22.22?arch=amd64&distro=debian-13.6&package-id=3fcb1891109bbf9a,library,dpkg,1.22.22,Dpkg Developers <debian-dpkg@lists.debian.org>,pkg:deb/debian/dpkg@1.22.22?arch=amd64&distro=debian-13.6,cpe:2.3:a:dpkg:dpkg:1.22.22:*:*:*:*:*:*:*,STRUCTURALLY_VALID,,a,dpkg,dpkg,1.22.22,*,*,*,*,*,*,*
87424,docker.io/library/memcached,1.6.45,pilot/results/sboms/memcached-1.6.45.cdx.json,pkg:deb/debian/findutils@4.10.0-3?arch=amd64&distro=debian-13.6&package-id=d26956c159c0ed3a,library,findutils,4.10.0-3,Andreas Metzler <ametzler@debian.org>,pkg:deb/debian/findutils@4.10.0-3?arch=amd64&distro=debian-13.6,cpe:2.3:a:findutils:findutils:4.10.0-3:*:*:*:*:*:*:*,STRUCTURALLY_VALID,,a,findutils,findutils,4.10.0-3,*,*,*,*,*,*,*
87425,docker.io/library/memcached,1.6.45,pilot/results/sboms/memcached-1.6.45.cdx.json,pkg:deb/debian/gcc-14-base@14.2.0-19?arch=amd64&distro=debian-13.6&package-id=8a928cc6733b8d4c&upstream=gcc-14,library,gcc-14-base,14.2.0-19,Debian GCC Maintainers <debian-gcc@lists.debian.org>,pkg:deb/debian/gcc-14-base@14.2.0-19?arch=amd64&distro=debian-13.6&upstream=gcc-14,cpe:2.3:a:gcc-14-base:gcc-14-base:14.2.0-19:*:*:*:*:*:*:*,STRUCTURALLY_VALID,,a,gcc-14-base,gcc-14-base,14.2.0-19,*,*,*,*,*,*,*
87426,docker.io/library/memcached,1.6.45,pilot/results/sboms/memcached-1.6.45.cdx.json,pkg:deb/debian/grep@3.11-4?arch=amd64&distro=debian-13.6&package-id=a92d218620498fb7,library,grep,3.11-4,Anibal Monsalve Salazar <anibal@debian.org>,pkg:deb/debian/grep@3.11-4?arch=amd64&distro=debian-13.6,cpe:2.3:a:grep:grep:3.11-4:*:*:*:*:*:*:*,STRUCTURALLY_VALID,,a,grep,grep,3.11-4,*,*,*,*,*,*,*
87427,docker.io/library/memcached,1.6.45,pilot/results/sboms/memcached-1.6.45.cdx.json,pkg:deb/debian/gzip@1.13-1?arch=amd64&distro=debian-13.6&package-id=b30644f429eabdac,library,gzip,1.13-1,Milan Kupcevic <milan@debian.org>,pkg:deb/debian/gzip@1.13-1?arch=amd64&distro=debian-13.6,cpe:2.3:a:gzip:gzip:1.13-1:*:*:*:*:*:*:*,STRUCTURALLY_VALID,,a,gzip,gzip,1.13-1,*,*,*,*,*,*,*
87428,docker.io/library/memcached,1.6.45,pilot/results/sboms/memcached-1.6.45.cdx.json,pkg:deb/debian/hostname@3.25?arch=amd64&distro=debian-13.6&package-id=99de93ca9ff6e65f,library,hostname,3.25,Michael Meskes <meskes@debian.org>,pkg:deb/debian/hostname@3.25?arch=amd64&distro=debian-13.6,cpe:2.3:a:hostname:hostname:3.25:*:*:*:*:*:*:*,STRUCTURALLY_VALID,,a,hostname,hostname,3.25,*,*,*,*,*,*,*
87429,docker.io/library/memcached,1.6.45,pilot/results/sboms/memcached-1.6.45.cdx.json,pkg:deb/debian/init-system-helpers@1.69~deb13u1?arch=all&distro=debian-13.6&package-id=40e23b20a464282c,library,init-system-helpers,1.69~deb13u1,Debian systemd Maintainers <pkg-systemd-maintainers@lists.alioth.debian.org>,pkg:deb/debian/init-system-helpers@1.69~deb13u1?arch=all&distro=debian-13.6,cpe:2.3:a:init-system-helpers:init-system-helpers:1.69\~deb13u1:*:*:*:*:*:*:*,STRUCTURALLY_VALID,,a,init-system-helpers,init-system-helpers,1.69\~deb13u1,*,*,*,*,*,*,*
87430,docker.io/library/memcached,1.6.45,pilot/results/sboms/memcached-1.6.45.cdx.json,pkg:deb/debian/libacl1@2.3.2-2%2Bb1?arch=amd64&distro=debian-13.6&package-id=0af6f2d3417a318d&upstream=acl%402.3.2-2,library,libacl1,2.3.2-2+b1,Guillem Jover <guillem@debian.org>,pkg:deb/debian/libacl1@2.3.2-2%2Bb1?arch=amd64&distro=debian-13.6&upstream=acl%402.3.2-2,cpe:2.3:a:libacl1:libacl1:2.3.2-2\+b1:*:*:*:*:*:*:*,STRUCTURALLY_VALID,,a,libacl1,libacl1,2.3.2-2\+b1,*,*,*,*,*,*,*
87431,docker.io/library/memcached,1.6.45,pilot/results/sboms/memcached-1.6.45.cdx.json,pkg:deb/debian/libapt-pkg7.0@3.0.3?arch=amd64&distro=debian-13.6&package-id=25f4161ec6258e4d&upstream=apt,library,libapt-pkg7.0,3.0.3,APT Development Team <deity@lists.debian.org>,pkg:deb/debian/libapt-pkg7.0@3.0.3?arch=amd64&distro=debian-13.6&upstream=apt,cpe:2.3:a:libapt-pkg7.0:libapt-pkg7.0:3.0.3:*:*:*:*:*:*:*,STRUCTURALLY_VALID,,a,libapt-pkg7.0,libapt-pkg7.0,3.0.3,*,*,*,*,*,*,*
87432,docker.io/library/memcached,1.6.45,pilot/results/sboms/memcached-1.6.45.cdx.json,pkg:deb/debian/libattr1@1%3A2.5.2-3?arch=amd64&distro=debian-13.6&package-id=6f2066ac1c2128fd&upstream=attr,library,libattr1,1:2.5.2-3,Guillem Jover <guillem@debian.org>,pkg:deb/debian/libattr1@1%3A2.5.2-3?arch=amd64&distro=debian-13.6&upstream=attr,cpe:2.3:a:libattr1:libattr1:1\:2.5.2-3:*:*:*:*:*:*:*,STRUCTURALLY_VALID,,a,libattr1,libattr1,1\:2.5.2-3,*,*,*,*,*,*,*
87434,docker.io/library/memcached,1.6.45,pilot/results/sboms/memcached-1.6.45.cdx.json,pkg:deb/debian/libaudit1@1%3A4.0.2-2%2Bb2?arch=amd64&distro=debian-13.6&package-id=2ca8f5fa0f4e4bfa&upstream=audit%401%3A4.0.2-2,library,libaudit1,1:4.0.2-2+b2,Laurent Bigonville <bigon@debian.org>,pkg:deb/debian/libaudit1@1%3A4.0.2-2%2Bb2?arch=amd64&distro=debian-13.6&upstream=audit%401%3A4.0.2-2,cpe:2.3:a:libaudit1:libaudit1:1\:4.0.2-2\+b2:*:*:*:*:*:*:*,STRUCTURALLY_VALID,,a,libaudit1,libaudit1,1\:4.0.2-2\+b2,*,*,*,*,*,*,*
87433,docker.io/library/memcached,1.6.45,pilot/results/sboms/memcached-1.6.45.cdx.json,pkg:deb/debian/libaudit-common@1%3A4.0.2-2?arch=all&distro=debian-13.6&package-id=6cb43ac21ec2f2a0&upstream=audit,library,libaudit-common,1:4.0.2-2,Laurent Bigonville <bigon@debian.org>,pkg:deb/debian/libaudit-common@1%3A4.0.2-2?arch=all&distro=debian-13.6&upstream=audit,cpe:2.3:a:libaudit-common:libaudit-common:1\:4.0.2-2:*:*:*:*:*:*:*,STRUCTURALLY_VALID,,a,libaudit-common,libaudit-common,1\:4.0.2-2,*,*,*,*,*,*,*
87435,docker.io/library/memcached,1.6.45,pilot/results/sboms/memcached-1.6.45.cdx.json,pkg:deb/debian/libblkid1@2.41-5?arch=amd64&distro=debian-13.6&package-id=229bfebd2f7fc7f3&upstream=util-linux,library,libblkid1,2.41-5,Chris Hofstaedtler <zeha@debian.org>,pkg:deb/debian/libblkid1@2.41-5?arch=amd64&distro=debian-13.6&upstream=util-linux,cpe:2.3:a:libblkid1:libblkid1:2.41-5:*:*:*:*:*:*:*,STRUCTURALLY_VALID,,a,libblkid1,libblkid1,2.41-5,*,*,*,*,*,*,*
87436,docker.io/library/memcached,1.6.45,pilot/results/sboms/memcached-1.6.45.cdx.json,pkg:deb/debian/libbsd0@0.12.2-2?arch=amd64&distro=debian-13.6&package-id=5421a64a3af7445b&upstream=libbsd,library,libbsd0,0.12.2-2,Guillem Jover <guillem@debian.org>,pkg:deb/debian/libbsd0@0.12.2-2?arch=amd64&distro=debian-13.6&upstream=libbsd,cpe:2.3:a:libbsd0:libbsd0:0.12.2-2:*:*:*:*:*:*:*,STRUCTURALLY_VALID,,a,libbsd0,libbsd0,0.12.2-2,*,*,*,*,*,*,*
87437,docker.io/library/memcached,1.6.45,pilot/results/sboms/memcached-1.6.45.cdx.json,pkg:deb/debian/libbz2-1.0@1.0.8-6?arch=amd64&distro=debian-13.6&package-id=6004b03bf692a003&upstream=bzip2,library,libbz2-1.0,1.0.8-6,Anibal Monsalve Salazar <anibal@debian.org>,pkg:deb/debian/libbz2-1.0@1.0.8-6?arch=amd64&distro=debian-13.6&upstream=bzip2,cpe:2.3:a:libbz2-1.0:libbz2-1.0:1.0.8-6:*:*:*:*:*:*:*,STRUCTURALLY_VALID,,a,libbz2-1.0,libbz2-1.0,1.0.8-6,*,*,*,*,*,*,*
87439,docker.io/library/memcached,1.6.45,pilot/results/sboms/memcached-1.6.45.cdx.json,pkg:deb/debian/libc6@2.41-12%2Bdeb13u3?arch=amd64&distro=debian-13.6&package-id=396f0047ff1f6fad&upstream=glibc,library,libc6,2.41-12+deb13u3,GNU Libc Maintainers <debian-glibc@lists.debian.org>,pkg:deb/debian/libc6@2.41-12%2Bdeb13u3?arch=amd64&distro=debian-13.6&upstream=glibc,cpe:2.3:a:libc6:libc6:2.41-12\+deb13u3:*:*:*:*:*:*:*,STRUCTURALLY_VALID,,a,libc6,libc6,2.41-12\+deb13u3,*,*,*,*,*,*,*
87441,docker.io/library/memcached,1.6.45,pilot/results/sboms/memcached-1.6.45.cdx.json,pkg:deb/debian/libcap2@1%3A2.75-10%2Bdeb13u1%2Bb1?arch=amd64&distro=debian-13.6&package-id=82b01daae666f7f2&upstream=libcap2%401%3A2.75-10%2Bdeb13u1,library,libcap2,1:2.75-10+deb13u1+b1,Christian Kastner <ckk@debian.org>,pkg:deb/debian/libcap2@1%3A2.75-10%2Bdeb13u1%2Bb1?arch=amd64&distro=debian-13.6&upstream=libcap2%401%3A2.75-10%2Bdeb13u1,cpe:2.3:a:libcap2:libcap2:1\:2.75-10\+deb13u1\+b1:*:*:*:*:*:*:*,STRUCTURALLY_VALID,,a,libcap2,libcap2,1\:2.75-10\+deb13u1\+b1,*,*,*,*,*,*,*
87440,docker.io/library/memcached,1.6.45,pilot/results/sboms/memcached-1.6.45.cdx.json,pkg:deb/debian/libcap-ng0@0.8.5-4%2Bb1?arch=amd64&distro=debian-13.6&package-id=b41a5e7ee674f97b&upstream=libcap-ng%400.8.5-4,library,libcap-ng0,0.8.5-4+b1,Håvard F. Aasen <havard.f.aasen@pfft.no>,pkg:deb/debian/libcap-ng0@0.8.5-4%2Bb1?arch=amd64&distro=debian-13.6&upstream=libcap-ng%400.8.5-4,cpe:2.3:a:libcap-ng0:libcap-ng0:0.8.5-4\+b1:*:*:*:*:*:*:*,STRUCTURALLY_VALID,,a,libcap-ng0,libcap-ng0,0.8.5-4\+b1,*,*,*,*,*,*,*
87438,docker.io/library/memcached,1.6.45,pilot/results/sboms/memcached-1.6.45.cdx.json,pkg:deb/debian/libc-bin@2.41-12%2Bdeb13u3?arch=amd64&distro=debian-13.6&package-id=db8f902611567c92&upstream=glibc,library,libc-bin,2.41-12+deb13u3,GNU Libc Maintainers <debian-glibc@lists.debian.org>,pkg:deb/debian/libc-bin@2.41-12%2Bdeb13u3?arch=amd64&distro=debian-13.6&upstream=glibc,cpe:2.3:a:libc-bin:libc-bin:2.41-12\+deb13u3:*:*:*:*:*:*:*,STRUCTURALLY_VALID,,a,libc-bin,libc-bin,2.41-12\+deb13u3,*,*,*,*,*,*,*
87442,docker.io/library/memcached,1.6.45,pilot/results/sboms/memcached-1.6.45.cdx.json,pkg:deb/debian/libcrypt1@1%3A4.4.38-1?arch=amd64&distro=debian-13.6&package-id=757587ed7bd452da&upstream=libxcrypt,library,libcrypt1,1:4.4.38-1,Marco d'Itri <md@linux.it>,pkg:deb/debian/libcrypt1@1%3A4.4.38-1?arch=amd64&distro=debian-13.6&upstream=libxcrypt,cpe:2.3:a:libcrypt1:libcrypt1:1\:4.4.38-1:*:*:*:*:*:*:*,STRUCTURALLY_VALID,,a,libcrypt1,libcrypt1,1\:4.4.38-1,*,*,*,*,*,*,*
87443,docker.io/library/memcached,1.6.45,pilot/results/sboms/memcached-1.6.45.cdx.json,pkg:deb/debian/libdb5.3t64@5.3.28%2Bdfsg2-9?arch=amd64&distro=debian-13.6&package-id=691cff16cd9ac9e6&upstream=db5.3,library,libdb5.3t64,5.3.28+dfsg2-9,Debian QA Group <packages@qa.debian.org>,pkg:deb/debian/libdb5.3t64@5.3.28%2Bdfsg2-9?arch=amd64&distro=debian-13.6&upstream=db5.3,cpe:2.3:a:libdb5.3t64:libdb5.3t64:5.3.28\+dfsg2-9:*:*:*:*:*:*:*,STRUCTURALLY_VALID,,a,libdb5.3t64,libdb5.3t64,5.3.28\+dfsg2-9,*,*,*,*,*,*,*
87444,docker.io/library/memcached,1.6.45,pilot/results/sboms/memcached-1.6.45.cdx.json,pkg:deb/debian/libdebconfclient0@0.280?arch=amd64&distro=debian-13.6&package-id=58dd2cc5f3eff2c7&upstream=cdebconf,library,libdebconfclient0,0.280,Debian Install System Team <debian-boot@lists.debian.org>,pkg:deb/debian/libdebconfclient0@0.280?arch=amd64&distro=debian-13.6&upstream=cdebconf,cpe:2.3:a:libdebconfclient0:libdebconfclient0:0.280:*:*:*:*:*:*:*,STRUCTURALLY_VALID,,a,libdebconfclient0,libdebconfclient0,0.280,*,*,*,*,*,*,*
87445,docker.io/library/memcached,1.6.45,pilot/results/sboms/memcached-1.6.45.cdx.json,pkg:deb/debian/libevent-2.1-7t64@2.1.12-stable-10%2Bb1?arch=amd64&distro=debian-13.6&package-id=eb7c524f6d1e11f1&upstream=libevent%402.1.12-stable-10,library,libevent-2.1-7t64,2.1.12-stable-10+b1,Nicolas Mora <babelouest@debian.org>,pkg:deb/debian/libevent-2.1-7t64@2.1.12-stable-10%2Bb1?arch=amd64&distro=debian-13.6&upstream=libevent%402.1.12-stable-10,cpe:2.3:a:libevent-2.1-7t64:libevent-2.1-7t64:2.1.12-stable-10\+b1:*:*:*:*:*:*:*,STRUCTURALLY_VALID,,a,libevent-2.1-7t64,libevent-2.1-7t64,2.1.12-stable-10\+b1,*,*,*,*,*,*,*
87446,docker.io/library/memcached,1.6.45,pilot/results/sboms/memcached-1.6.45.cdx.json,pkg:deb/debian/libgcc-s1@14.2.0-19?arch=amd64&distro=debian-13.6&package-id=2338ed612a82adf3&upstream=gcc-14,library,libgcc-s1,14.2.0-19,Debian GCC Maintainers <debian-gcc@lists.debian.org>,pkg:deb/debian/libgcc-s1@14.2.0-19?arch=amd64&distro=debian-13.6&upstream=gcc-14,cpe:2.3:a:libgcc-s1:libgcc-s1:14.2.0-19:*:*:*:*:*:*:*,STRUCTURALLY_VALID,,a,libgcc-s1,libgcc-s1,14.2.0-19,*,*,*,*,*,*,*
87447,docker.io/library/memcached,1.6.45,pilot/results/sboms/memcached-1.6.45.cdx.json,pkg:deb/debian/libgmp10@2%3A6.3.0%2Bdfsg-3?arch=amd64&distro=debian-13.6&package-id=1c7a811a4bd26f31&upstream=gmp,library,libgmp10,2:6.3.0+dfsg-3,Debian Science Maintainers <debian-science-maintainers@lists.alioth.debian.org>,pkg:deb/debian/libgmp10@2%3A6.3.0%2Bdfsg-3?arch=amd64&distro=debian-13.6&upstream=gmp,cpe:2.3:a:libgmp10:libgmp10:2\:6.3.0\+dfsg-3:*:*:*:*:*:*:*,STRUCTURALLY_VALID,,a,libgmp10,libgmp10,2\:6.3.0\+dfsg-3,*,*,*,*,*,*,*
87448,docker.io/library/memcached,1.6.45,pilot/results/sboms/memcached-1.6.45.cdx.json,pkg:deb/debian/libhogweed6t64@3.10.1-1?arch=amd64&distro=debian-13.6&package-id=149dfd0fe1a0f504&upstream=nettle,library,libhogweed6t64,3.10.1-1,Magnus Holmgren <holmgren@debian.org>,pkg:deb/debian/libhogweed6t64@3.10.1-1?arch=amd64&distro=debian-13.6&upstream=nettle,cpe:2.3:a:libhogweed6t64:libhogweed6t64:3.10.1-1:*:*:*:*:*:*:*,STRUCTURALLY_VALID,,a,libhogweed6t64,libhogweed6t64,3.10.1-1,*,*,*,*,*,*,*
87449,docker.io/library/memcached,1.6.45,pilot/results/sboms/memcached-1.6.45.cdx.json,pkg:deb/debian/liblastlog2-2@2.41-5?arch=amd64&distro=debian-13.6&package-id=82f554653d484779&upstream=util-linux,library,liblastlog2-2,2.41-5,Chris Hofstaedtler <zeha@debian.org>,pkg:deb/debian/liblastlog2-2@2.41-5?arch=amd64&distro=debian-13.6&upstream=util-linux,cpe:2.3:a:liblastlog2-2:liblastlog2-2:2.41-5:*:*:*:*:*:*:*,STRUCTURALLY_VALID,,a,liblastlog2-2,liblastlog2-2,2.41-5,*,*,*,*,*,*,*
87450,docker.io/library/memcached,1.6.45,pilot/results/sboms/memcached-1.6.45.cdx.json,pkg:deb/debian/liblz4-1@1.10.0-4?arch=amd64&distro=debian-13.6&package-id=4027ba8f2aab9b06&upstream=lz4,library,liblz4-1,1.10.0-4,Nobuhiro Iwamatsu <iwamatsu@debian.org>,pkg:deb/debian/liblz4-1@1.10.0-4?arch=amd64&distro=debian-13.6&upstream=lz4,cpe:2.3:a:liblz4-1:liblz4-1:1.10.0-4:*:*:*:*:*:*:*,STRUCTURALLY_VALID,,a,liblz4-1,liblz4-1,1.10.0-4,*,*,*,*,*,*,*
87451,docker.io/library/memcached,1.6.45,pilot/results/sboms/memcached-1.6.45.cdx.json,pkg:deb/debian/liblzma5@5.8.1-1%2Bdeb13u1?arch=amd64&distro=debian-13.6&package-id=9ade75968c48cc77&upstream=xz-utils,library,liblzma5,5.8.1-1+deb13u1,Sebastian Andrzej Siewior <sebastian@breakpoint.cc>,pkg:deb/debian/liblzma5@5.8.1-1%2Bdeb13u1?arch=amd64&distro=debian-13.6&upstream=xz-utils,cpe:2.3:a:liblzma5:liblzma5:5.8.1-1\+deb13u1:*:*:*:*:*:*:*,STRUCTURALLY_VALID,,a,liblzma5,liblzma5,5.8.1-1\+deb13u1,*,*,*,*,*,*,*
87452,docker.io/library/memcached,1.6.45,pilot/results/sboms/memcached-1.6.45.cdx.json,pkg:deb/debian/libmd0@1.1.0-2%2Bb1?arch=amd64&distro=debian-13.6&package-id=ffd304ab77f359f2&upstream=libmd%401.1.0-2,library,libmd0,1.1.0-2+b1,Guillem Jover <guillem@debian.org>,pkg:deb/debian/libmd0@1.1.0-2%2Bb1?arch=amd64&distro=debian-13.6&upstream=libmd%401.1.0-2,cpe:2.3:a:libmd0:libmd0:1.1.0-2\+b1:*:*:*:*:*:*:*,STRUCTURALLY_VALID,,a,libmd0,libmd0,1.1.0-2\+b1,*,*,*,*,*,*,*
87453,docker.io/library/memcached,1.6.45,pilot/results/sboms/memcached-1.6.45.cdx.json,pkg:deb/debian/libmount1@2.41-5?arch=amd64&distro=debian-13.6&package-id=fb348d32a9e96833&upstream=util-linux,library,libmount1,2.41-5,Chris Hofstaedtler <zeha@debian.org>,pkg:deb/debian/libmount1@2.41-5?arch=amd64&distro=debian-13.6&upstream=util-linux,cpe:2.3:a:libmount1:libmount1:2.41-5:*:*:*:*:*:*:*,STRUCTURALLY_VALID,,a,libmount1,libmount1,2.41-5,*,*,*,*,*,*,*
87454,docker.io/library/memcached,1.6.45,pilot/results/sboms/memcached-1.6.45.cdx.json,pkg:deb/debian/libnettle8t64@3.10.1-1?arch=amd64&distro=debian-13.6&package-id=830df7dec0785e1a&upstream=nettle,library,libnettle8t64,3.10.1-1,Magnus Holmgren <holmgren@debian.org>,pkg:deb/debian/libnettle8t64@3.10.1-1?arch=amd64&distro=debian-13.6&upstream=nettle,cpe:2.3:a:libnettle8t64:libnettle8t64:3.10.1-1:*:*:*:*:*:*:*,STRUCTURALLY_VALID,,a,libnettle8t64,libnettle8t64,3.10.1-1,*,*,*,*,*,*,*
87458,docker.io/library/memcached,1.6.45,pilot/results/sboms/memcached-1.6.45.cdx.json,pkg:deb/debian/libpam0g@1.7.0-5?arch=amd64&distro=debian-13.6&package-id=1c6c7728b37b94de&upstream=pam,library,libpam0g,1.7.0-5,Sam Hartman <hartmans@debian.org>,pkg:deb/debian/libpam0g@1.7.0-5?arch=amd64&distro=debian-13.6&upstream=pam,cpe:2.3:a:libpam0g:libpam0g:1.7.0-5:*:*:*:*:*:*:*,STRUCTURALLY_VALID,,a,libpam0g,libpam0g,1.7.0-5,*,*,*,*,*,*,*
87455,docker.io/library/memcached,1.6.45,pilot/results/sboms/memcached-1.6.45.cdx.json,pkg:deb/debian/libpam-modules@1.7.0-5?arch=amd64&distro=debian-13.6&package-id=1f32975dfd37be95&upstream=pam,library,libpam-modules,1.7.0-5,Sam Hartman <hartmans@debian.org>,pkg:deb/debian/libpam-modules@1.7.0-5?arch=amd64&distro=debian-13.6&upstream=pam,cpe:2.3:a:libpam-modules:libpam-modules:1.7.0-5:*:*:*:*:*:*:*,STRUCTURALLY_VALID,,a,libpam-modules,libpam-modules,1.7.0-5,*,*,*,*,*,*,*
87456,docker.io/library/memcached,1.6.45,pilot/results/sboms/memcached-1.6.45.cdx.json,pkg:deb/debian/libpam-modules-bin@1.7.0-5?arch=amd64&distro=debian-13.6&package-id=cb7fdbb7b6a04bdc&upstream=pam,library,libpam-modules-bin,1.7.0-5,Sam Hartman <hartmans@debian.org>,pkg:deb/debian/libpam-modules-bin@1.7.0-5?arch=amd64&distro=debian-13.6&upstream=pam,cpe:2.3:a:libpam-modules-bin:libpam-modules-bin:1.7.0-5:*:*:*:*:*:*:*,STRUCTURALLY_VALID,,a,libpam-modules-bin,libpam-modules-bin,1.7.0-5,*,*,*,*,*,*,*
87457,docker.io/library/memcached,1.6.45,pilot/results/sboms/memcached-1.6.45.cdx.json,pkg:deb/debian/libpam-runtime@1.7.0-5?arch=all&distro=debian-13.6&package-id=eb5873c5c35e21b8&upstream=pam,library,libpam-runtime,1.7.0-5,Sam Hartman <hartmans@debian.org>,pkg:deb/debian/libpam-runtime@1.7.0-5?arch=all&distro=debian-13.6&upstream=pam,cpe:2.3:a:libpam-runtime:libpam-runtime:1.7.0-5:*:*:*:*:*:*:*,STRUCTURALLY_VALID,,a,libpam-runtime,libpam-runtime,1.7.0-5,*,*,*,*,*,*,*
87459,docker.io/library/memcached,1.6.45,pilot/results/sboms/memcached-1.6.45.cdx.json,pkg:deb/debian/libpcre2-8-0@10.46-1~deb13u1?arch=amd64&distro=debian-13.6&package-id=c8ce23e36f4d6bca&upstream=pcre2,library,libpcre2-8-0,10.46-1~deb13u1,Matthew Vernon <matthew@debian.org>,pkg:deb/debian/libpcre2-8-0@10.46-1~deb13u1?arch=amd64&distro=debian-13.6&upstream=pcre2,cpe:2.3:a:libpcre2-8-0:libpcre2-8-0:10.46-1\~deb13u1:*:*:*:*:*:*:*,STRUCTURALLY_VALID,,a,libpcre2-8-0,libpcre2-8-0,10.46-1\~deb13u1,*,*,*,*,*,*,*
87460,docker.io/library/memcached,1.6.45,pilot/results/sboms/memcached-1.6.45.cdx.json,pkg:deb/debian/libsasl2-2@2.1.28%2Bdfsg1-9?arch=amd64&distro=debian-13.6&package-id=0fa9072a5bfd36b6&upstream=cyrus-sasl2,library,libsasl2-2,2.1.28+dfsg1-9,Debian Cyrus Team <team+cyrus@tracker.debian.org>,pkg:deb/debian/libsasl2-2@2.1.28%2Bdfsg1-9?arch=amd64&distro=debian-13.6&upstream=cyrus-sasl2,cpe:2.3:a:libsasl2-2:libsasl2-2:2.1.28\+dfsg1-9:*:*:*:*:*:*:*,STRUCTURALLY_VALID,,a,libsasl2-2,libsasl2-2,2.1.28\+dfsg1-9,*,*,*,*,*,*,*
87461,docker.io/library/memcached,1.6.45,pilot/results/sboms/memcached-1.6.45.cdx.json,pkg:deb/debian/libsasl2-modules@2.1.28%2Bdfsg1-9?arch=amd64&distro=debian-13.6&package-id=49a4d8c55005c2cf&upstream=cyrus-sasl2,library,libsasl2-modules,2.1.28+dfsg1-9,Debian Cyrus Team <team+cyrus@tracker.debian.org>,pkg:deb/debian/libsasl2-modules@2.1.28%2Bdfsg1-9?arch=amd64&distro=debian-13.6&upstream=cyrus-sasl2,cpe:2.3:a:libsasl2-modules:libsasl2-modules:2.1.28\+dfsg1-9:*:*:*:*:*:*:*,STRUCTURALLY_VALID,,a,libsasl2-modules,libsasl2-modules,2.1.28\+dfsg1-9,*,*,*,*,*,*,*
87462,docker.io/library/memcached,1.6.45,pilot/results/sboms/memcached-1.6.45.cdx.json,pkg:deb/debian/libsasl2-modules-db@2.1.28%2Bdfsg1-9?arch=amd64&distro=debian-13.6&package-id=175bd219d71968b9&upstream=cyrus-sasl2,library,libsasl2-modules-db,2.1.28+dfsg1-9,Debian Cyrus Team <team+cyrus@tracker.debian.org>,pkg:deb/debian/libsasl2-modules-db@2.1.28%2Bdfsg1-9?arch=amd64&distro=debian-13.6&upstream=cyrus-sasl2,cpe:2.3:a:libsasl2-modules-db:libsasl2-modules-db:2.1.28\+dfsg1-9:*:*:*:*:*:*:*,STRUCTURALLY_VALID,,a,libsasl2-modules-db,libsasl2-modules-db,2.1.28\+dfsg1-9,*,*,*,*,*,*,*
87463,docker.io/library/memcached,1.6.45,pilot/results/sboms/memcached-1.6.45.cdx.json,pkg:deb/debian/libseccomp2@2.6.0-2?arch=amd64&distro=debian-13.6&package-id=484580cc24603555&upstream=libseccomp,library,libseccomp2,2.6.0-2,Kees Cook <kees@debian.org>,pkg:deb/debian/libseccomp2@2.6.0-2?arch=amd64&distro=debian-13.6&upstream=libseccomp,cpe:2.3:a:libseccomp2:libseccomp2:2.6.0-2:*:*:*:*:*:*:*,STRUCTURALLY_VALID,,a,libseccomp2,libseccomp2,2.6.0-2,*,*,*,*,*,*,*
87464,docker.io/library/memcached,1.6.45,pilot/results/sboms/memcached-1.6.45.cdx.json,pkg:deb/debian/libselinux1@3.8.1-1?arch=amd64&distro=debian-13.6&package-id=519cd66aedc85adf&upstream=libselinux,library,libselinux1,3.8.1-1,Debian SELinux maintainers <selinux-devel@lists.alioth.debian.org>,pkg:deb/debian/libselinux1@3.8.1-1?arch=amd64&distro=debian-13.6&upstream=libselinux,cpe:2.3:a:libselinux1:libselinux1:3.8.1-1:*:*:*:*:*:*:*,STRUCTURALLY_VALID,,a,libselinux1,libselinux1,3.8.1-1,*,*,*,*,*,*,*
87466,docker.io/library/memcached,1.6.45,pilot/results/sboms/memcached-1.6.45.cdx.json,pkg:deb/debian/libsemanage2@3.8.1-1?arch=amd64&distro=debian-13.6&package-id=48d5af32889b375b&upstream=libsemanage,library,libsemanage2,3.8.1-1,Debian SELinux maintainers <selinux-devel@lists.alioth.debian.org>,pkg:deb/debian/libsemanage2@3.8.1-1?arch=amd64&distro=debian-13.6&upstream=libsemanage,cpe:2.3:a:libsemanage2:libsemanage2:3.8.1-1:*:*:*:*:*:*:*,STRUCTURALLY_VALID,,a,libsemanage2,libsemanage2,3.8.1-1,*,*,*,*,*,*,*
87465,docker.io/library/memcached,1.6.45,pilot/results/sboms/memcached-1.6.45.cdx.json,pkg:deb/debian/libsemanage-common@3.8.1-1?arch=all&distro=debian-13.6&package-id=c638ea9ec05d410a&upstream=libsemanage,library,libsemanage-common,3.8.1-1,Debian SELinux maintainers <selinux-devel@lists.alioth.debian.org>,pkg:deb/debian/libsemanage-common@3.8.1-1?arch=all&distro=debian-13.6&upstream=libsemanage,cpe:2.3:a:libsemanage-common:libsemanage-common:3.8.1-1:*:*:*:*:*:*:*,STRUCTURALLY_VALID,,a,libsemanage-common,libsemanage-common,3.8.1-1,*,*,*,*,*,*,*
87467,docker.io/library/memcached,1.6.45,pilot/results/sboms/memcached-1.6.45.cdx.json,pkg:deb/debian/libsepol2@3.8.1-1?arch=amd64&distro=debian-13.6&package-id=3392d9f030dfa725&upstream=libsepol,library,libsepol2,3.8.1-1,Debian SELinux maintainers <selinux-devel@lists.alioth.debian.org>,pkg:deb/debian/libsepol2@3.8.1-1?arch=amd64&distro=debian-13.6&upstream=libsepol,cpe:2.3:a:libsepol2:libsepol2:3.8.1-1:*:*:*:*:*:*:*,STRUCTURALLY_VALID,,a,libsepol2,libsepol2,3.8.1-1,*,*,*,*,*,*,*
87468,docker.io/library/memcached,1.6.45,pilot/results/sboms/memcached-1.6.45.cdx.json,pkg:deb/debian/libsmartcols1@2.41-5?arch=amd64&distro=debian-13.6&package-id=a8b3fa3699849e35&upstream=util-linux,library,libsmartcols1,2.41-5,Chris Hofstaedtler <zeha@debian.org>,pkg:deb/debian/libsmartcols1@2.41-5?arch=amd64&distro=debian-13.6&upstream=util-linux,cpe:2.3:a:libsmartcols1:libsmartcols1:2.41-5:*:*:*:*:*:*:*,STRUCTURALLY_VALID,,a,libsmartcols1,libsmartcols1,2.41-5,*,*,*,*,*,*,*
87469,docker.io/library/memcached,1.6.45,pilot/results/sboms/memcached-1.6.45.cdx.json,pkg:deb/debian/libsqlite3-0@3.46.1-7%2Bdeb13u1?arch=amd64&distro=debian-13.6&package-id=0e674e420f2bfafa&upstream=sqlite3,library,libsqlite3-0,3.46.1-7+deb13u1,Laszlo Boszormenyi (GCS) <gcs@debian.org>,pkg:deb/debian/libsqlite3-0@3.46.1-7%2Bdeb13u1?arch=amd64&distro=debian-13.6&upstream=sqlite3,cpe:2.3:a:libsqlite3-0:libsqlite3-0:3.46.1-7\+deb13u1:*:*:*:*:*:*:*,STRUCTURALLY_VALID,,a,libsqlite3-0,libsqlite3-0,3.46.1-7\+deb13u1,*,*,*,*,*,*,*
87470,docker.io/library/memcached,1.6.45,pilot/results/sboms/memcached-1.6.45.cdx.json,pkg:deb/debian/libssl3t64@3.5.6-1~deb13u2?arch=amd64&distro=debian-13.6&package-id=b53f18d1bacb9feb&upstream=openssl,library,libssl3t64,3.5.6-1~deb13u2,Debian OpenSSL Team <pkg-openssl-devel@alioth-lists.debian.net>,pkg:deb/debian/libssl3t64@3.5.6-1~deb13u2?arch=amd64&distro=debian-13.6&upstream=openssl,cpe:2.3:a:libssl3t64:libssl3t64:3.5.6-1\~deb13u2:*:*:*:*:*:*:*,STRUCTURALLY_VALID,,a,libssl3t64,libssl3t64,3.5.6-1\~deb13u2,*,*,*,*,*,*,*
87471,docker.io/library/memcached,1.6.45,pilot/results/sboms/memcached-1.6.45.cdx.json,pkg:deb/debian/libstdc%2B%2B6@14.2.0-19?arch=amd64&distro=debian-13.6&package-id=7dc961cf921ecd08&upstream=gcc-14,library,libstdc++6,14.2.0-19,Debian GCC Maintainers <debian-gcc@lists.debian.org>,pkg:deb/debian/libstdc%2B%2B6@14.2.0-19?arch=amd64&distro=debian-13.6&upstream=gcc-14,cpe:2.3:a:libstdc\+\+6:libstdc\+\+6:14.2.0-19:*:*:*:*:*:*:*,STRUCTURALLY_VALID,,a,libstdc\+\+6,libstdc\+\+6,14.2.0-19,*,*,*,*,*,*,*
87472,docker.io/library/memcached,1.6.45,pilot/results/sboms/memcached-1.6.45.cdx.json,pkg:deb/debian/libsystemd0@257.13-1~deb13u1?arch=amd64&distro=debian-13.6&package-id=8bfae933fd40ea5d&upstream=systemd,library,libsystemd0,257.13-1~deb13u1,Debian systemd Maintainers <pkg-systemd-maintainers@lists.alioth.debian.org>,pkg:deb/debian/libsystemd0@257.13-1~deb13u1?arch=amd64&distro=debian-13.6&upstream=systemd,cpe:2.3:a:libsystemd0:libsystemd0:257.13-1\~deb13u1:*:*:*:*:*:*:*,STRUCTURALLY_VALID,,a,libsystemd0,libsystemd0,257.13-1\~deb13u1,*,*,*,*,*,*,*
87473,docker.io/library/memcached,1.6.45,pilot/results/sboms/memcached-1.6.45.cdx.json,pkg:deb/debian/libtinfo6@6.5%2B20250216-2?arch=amd64&distro=debian-13.6&package-id=7402a3d31bb024db&upstream=ncurses,library,libtinfo6,6.5+20250216-2,Ncurses Maintainers <ncurses@packages.debian.org>,pkg:deb/debian/libtinfo6@6.5%2B20250216-2?arch=amd64&distro=debian-13.6&upstream=ncurses,cpe:2.3:a:libtinfo6:libtinfo6:6.5\+20250216-2:*:*:*:*:*:*:*,STRUCTURALLY_VALID,,a,libtinfo6,libtinfo6,6.5\+20250216-2,*,*,*,*,*,*,*
87474,docker.io/library/memcached,1.6.45,pilot/results/sboms/memcached-1.6.45.cdx.json,pkg:deb/debian/libudev1@257.13-1~deb13u1?arch=amd64&distro=debian-13.6&package-id=4468281f476fc994&upstream=systemd,library,libudev1,257.13-1~deb13u1,Debian systemd Maintainers <pkg-systemd-maintainers@lists.alioth.debian.org>,pkg:deb/debian/libudev1@257.13-1~deb13u1?arch=amd64&distro=debian-13.6&upstream=systemd,cpe:2.3:a:libudev1:libudev1:257.13-1\~deb13u1:*:*:*:*:*:*:*,STRUCTURALLY_VALID,,a,libudev1,libudev1,257.13-1\~deb13u1,*,*,*,*,*,*,*
87475,docker.io/library/memcached,1.6.45,pilot/results/sboms/memcached-1.6.45.cdx.json,pkg:deb/debian/libuuid1@2.41-5?arch=amd64&distro=debian-13.6&package-id=a8a27df4740c7b35&upstream=util-linux,library,libuuid1,2.41-5,Chris Hofstaedtler <zeha@debian.org>,pkg:deb/debian/libuuid1@2.41-5?arch=amd64&distro=debian-13.6&upstream=util-linux,cpe:2.3:a:libuuid1:libuuid1:2.41-5:*:*:*:*:*:*:*,STRUCTURALLY_VALID,,a,libuuid1,libuuid1,2.41-5,*,*,*,*,*,*,*
87476,docker.io/library/memcached,1.6.45,pilot/results/sboms/memcached-1.6.45.cdx.json,pkg:deb/debian/libxxhash0@0.8.3-2?arch=amd64&distro=debian-13.6&package-id=8047a2247d2d0e45&upstream=xxhash,library,libxxhash0,0.8.3-2,Josue Ortega <josue@debian.org>,pkg:deb/debian/libxxhash0@0.8.3-2?arch=amd64&distro=debian-13.6&upstream=xxhash,cpe:2.3:a:libxxhash0:libxxhash0:0.8.3-2:*:*:*:*:*:*:*,STRUCTURALLY_VALID,,a,libxxhash0,libxxhash0,0.8.3-2,*,*,*,*,*,*,*
87477,docker.io/library/memcached,1.6.45,pilot/results/sboms/memcached-1.6.45.cdx.json,pkg:deb/debian/libzstd1@1.5.7%2Bdfsg-1?arch=amd64&distro=debian-13.6&package-id=a054cdb90cdf7119&upstream=libzstd,library,libzstd1,1.5.7+dfsg-1,RPM packaging team <team+pkg-rpm@tracker.debian.org>,pkg:deb/debian/libzstd1@1.5.7%2Bdfsg-1?arch=amd64&distro=debian-13.6&upstream=libzstd,cpe:2.3:a:libzstd1:libzstd1:1.5.7\+dfsg-1:*:*:*:*:*:*:*,STRUCTURALLY_VALID,,a,libzstd1,libzstd1,1.5.7\+dfsg-1,*,*,*,*,*,*,*
87478,docker.io/library/memcached,1.6.45,pilot/results/sboms/memcached-1.6.45.cdx.json,pkg:deb/debian/login@1%3A4.16.0-2%2Breally2.41-5?arch=amd64&distro=debian-13.6&package-id=dd4a8fd9dddb7191&upstream=util-linux%402.41-5,library,login,1:4.16.0-2+really2.41-5,Chris Hofstaedtler <zeha@debian.org>,pkg:deb/debian/login@1%3A4.16.0-2%2Breally2.41-5?arch=amd64&distro=debian-13.6&upstream=util-linux%402.41-5,cpe:2.3:a:login:login:1\:4.16.0-2\+really2.41-5:*:*:*:*:*:*:*,STRUCTURALLY_VALID,,a,login,login,1\:4.16.0-2\+really2.41-5,*,*,*,*,*,*,*
87479,docker.io/library/memcached,1.6.45,pilot/results/sboms/memcached-1.6.45.cdx.json,pkg:deb/debian/login.defs@1%3A4.17.4-2?arch=all&distro=debian-13.6&package-id=893ab677af71bedc&upstream=shadow,library,login.defs,1:4.17.4-2,Shadow package maintainers <pkg-shadow-devel@lists.alioth.debian.org>,pkg:deb/debian/login.defs@1%3A4.17.4-2?arch=all&distro=debian-13.6&upstream=shadow,cpe:2.3:a:login.defs:login.defs:1\:4.17.4-2:*:*:*:*:*:*:*,STRUCTURALLY_VALID,,a,login.defs,login.defs,1\:4.17.4-2,*,*,*,*,*,*,*
87480,docker.io/library/memcached,1.6.45,pilot/results/sboms/memcached-1.6.45.cdx.json,pkg:deb/debian/mawk@1.3.4.20250131-1?arch=amd64&distro=debian-13.6&package-id=d66f7150f339b011,library,mawk,1.3.4.20250131-1,Boyuan Yang <byang@debian.org>,pkg:deb/debian/mawk@1.3.4.20250131-1?arch=amd64&distro=debian-13.6,cpe:2.3:a:mawk:mawk:1.3.4.20250131-1:*:*:*:*:*:*:*,STRUCTURALLY_VALID,,a,mawk,mawk,1.3.4.20250131-1,*,*,*,*,*,*,*
87481,docker.io/library/memcached,1.6.45,pilot/results/sboms/memcached-1.6.45.cdx.json,pkg:generic/memcached@1.6.45?package-id=0820add4a524a474,application,memcached,1.6.45,,pkg:generic/memcached@1.6.45,cpe:2.3:a:memcached:memcached:1.6.45:*:*:*:*:*:*:*,STRUCTURALLY_VALID,,a,memcached,memcached,1.6.45,*,*,*,*,*,*,*
87482,docker.io/library/memcached,1.6.45,pilot/results/sboms/memcached-1.6.45.cdx.json,pkg:deb/debian/mount@2.41-5?arch=amd64&distro=debian-13.6&package-id=0875fd1d871c7e1b&upstream=util-linux,library,mount,2.41-5,Chris Hofstaedtler <zeha@debian.org>,pkg:deb/debian/mount@2.41-5?arch=amd64&distro=debian-13.6&upstream=util-linux,cpe:2.3:a:mount:mount:2.41-5:*:*:*:*:*:*:*,STRUCTURALLY_VALID,,a,mount,mount,2.41-5,*,*,*,*,*,*,*
87483,docker.io/library/memcached,1.6.45,pilot/results/sboms/memcached-1.6.45.cdx.json,pkg:deb/debian/ncurses-base@6.5%2B20250216-2?arch=all&distro=debian-13.6&package-id=3f9378db54aaac9e&upstream=ncurses,library,ncurses-base,6.5+20250216-2,Ncurses Maintainers <ncurses@packages.debian.org>,pkg:deb/debian/ncurses-base@6.5%2B20250216-2?arch=all&distro=debian-13.6&upstream=ncurses,cpe:2.3:a:ncurses-base:ncurses-base:6.5\+20250216-2:*:*:*:*:*:*:*,STRUCTURALLY_VALID,,a,ncurses-base,ncurses-base,6.5\+20250216-2,*,*,*,*,*,*,*
87484,docker.io/library/memcached,1.6.45,pilot/results/sboms/memcached-1.6.45.cdx.json,pkg:deb/debian/ncurses-bin@6.5%2B20250216-2?arch=amd64&distro=debian-13.6&package-id=e96cb50e09a471e0&upstream=ncurses,library,ncurses-bin,6.5+20250216-2,Ncurses Maintainers <ncurses@packages.debian.org>,pkg:deb/debian/ncurses-bin@6.5%2B20250216-2?arch=amd64&distro=debian-13.6&upstream=ncurses,cpe:2.3:a:ncurses-bin:ncurses-bin:6.5\+20250216-2:*:*:*:*:*:*:*,STRUCTURALLY_VALID,,a,ncurses-bin,ncurses-bin,6.5\+20250216-2,*,*,*,*,*,*,*
87485,docker.io/library/memcached,1.6.45,pilot/results/sboms/memcached-1.6.45.cdx.json,pkg:deb/debian/openssl-provider-legacy@3.5.6-1~deb13u2?arch=amd64&distro=debian-13.6&package-id=3278b1eea0a38ab7&upstream=openssl,library,openssl-provider-legacy,3.5.6-1~deb13u2,Debian OpenSSL Team <pkg-openssl-devel@alioth-lists.debian.net>,pkg:deb/debian/openssl-provider-legacy@3.5.6-1~deb13u2?arch=amd64&distro=debian-13.6&upstream=openssl,cpe:2.3:a:openssl-provider-legacy:openssl-provider-legacy:3.5.6-1\~deb13u2:*:*:*:*:*:*:*,STRUCTURALLY_VALID,,a,openssl-provider-legacy,openssl-provider-legacy,3.5.6-1\~deb13u2,*,*,*,*,*,*,*
87486,docker.io/library/memcached,1.6.45,pilot/results/sboms/memcached-1.6.45.cdx.json,pkg:deb/debian/passwd@1%3A4.17.4-2?arch=amd64&distro=debian-13.6&package-id=a0c2eaa9ca5431ff&upstream=shadow,library,passwd,1:4.17.4-2,Shadow package maintainers <pkg-shadow-devel@lists.alioth.debian.org>,pkg:deb/debian/passwd@1%3A4.17.4-2?arch=amd64&distro=debian-13.6&upstream=shadow,cpe:2.3:a:passwd:passwd:1\:4.17.4-2:*:*:*:*:*:*:*,STRUCTURALLY_VALID,,a,passwd,passwd,1\:4.17.4-2,*,*,*,*,*,*,*
87487,docker.io/library/memcached,1.6.45,pilot/results/sboms/memcached-1.6.45.cdx.json,pkg:deb/debian/perl-base@5.40.1-6?arch=amd64&distro=debian-13.6&package-id=c9a7a6c12ce9a73e&upstream=perl,library,perl-base,5.40.1-6,Niko Tyni <ntyni@debian.org>,pkg:deb/debian/perl-base@5.40.1-6?arch=amd64&distro=debian-13.6&upstream=perl,cpe:2.3:a:perl-base:perl-base:5.40.1-6:*:*:*:*:*:*:*,STRUCTURALLY_VALID,,a,perl-base,perl-base,5.40.1-6,*,*,*,*,*,*,*
87488,docker.io/library/memcached,1.6.45,pilot/results/sboms/memcached-1.6.45.cdx.json,pkg:deb/debian/sed@4.9-2%2Bdeb13u1?arch=amd64&distro=debian-13.6&package-id=095aaa03979d18fd,library,sed,4.9-2+deb13u1,Clint Adams <clint@debian.org>,pkg:deb/debian/sed@4.9-2%2Bdeb13u1?arch=amd64&distro=debian-13.6,cpe:2.3:a:sed:sed:4.9-2\+deb13u1:*:*:*:*:*:*:*,STRUCTURALLY_VALID,,a,sed,sed,4.9-2\+deb13u1,*,*,*,*,*,*,*
87489,docker.io/library/memcached,1.6.45,pilot/results/sboms/memcached-1.6.45.cdx.json,pkg:deb/debian/sqv@1.3.0-3%2Bb2?arch=amd64&distro=debian-13.6&package-id=2c6d91dc7bbd50cb&upstream=rust-sequoia-sqv%401.3.0-3,library,sqv,1.3.0-3+b2,Debian Rust Maintainers <pkg-rust-maintainers@alioth-lists.debian.net>,pkg:deb/debian/sqv@1.3.0-3%2Bb2?arch=amd64&distro=debian-13.6&upstream=rust-sequoia-sqv%401.3.0-3,cpe:2.3:a:sqv:sqv:1.3.0-3\+b2:*:*:*:*:*:*:*,STRUCTURALLY_VALID,,a,sqv,sqv,1.3.0-3\+b2,*,*,*,*,*,*,*
87490,docker.io/library/memcached,1.6.45,pilot/results/sboms/memcached-1.6.45.cdx.json,pkg:deb/debian/sysvinit-utils@3.14-4?arch=amd64&distro=debian-13.6&package-id=199f374ab128923e&upstream=sysvinit,library,sysvinit-utils,3.14-4,Debian sysvinit maintainers <debian-init-diversity@chiark.greenend.org.uk>,pkg:deb/debian/sysvinit-utils@3.14-4?arch=amd64&distro=debian-13.6&upstream=sysvinit,cpe:2.3:a:sysvinit-utils:sysvinit-utils:3.14-4:*:*:*:*:*:*:*,STRUCTURALLY_VALID,,a,sysvinit-utils,sysvinit-utils,3.14-4,*,*,*,*,*,*,*
87491,docker.io/library/memcached,1.6.45,pilot/results/sboms/memcached-1.6.45.cdx.json,pkg:deb/debian/tar@1.35%2Bdfsg-3.1?arch=amd64&distro=debian-13.6&package-id=213d133cc46bf69b,library,tar,1.35+dfsg-3.1,Janos Lenart <ocsi@debian.org>,pkg:deb/debian/tar@1.35%2Bdfsg-3.1?arch=amd64&distro=debian-13.6,cpe:2.3:a:tar:tar:1.35\+dfsg-3.1:*:*:*:*:*:*:*,STRUCTURALLY_VALID,,a,tar,tar,1.35\+dfsg-3.1,*,*,*,*,*,*,*
87492,docker.io/library/memcached,1.6.45,pilot/results/sboms/memcached-1.6.45.cdx.json,pkg:deb/debian/tzdata@2026b-0%2Bdeb13u1?arch=all&distro=debian-13.6&package-id=c6c8689fd91c54f1,library,tzdata,2026b-0+deb13u1,GNU Libc Maintainers <debian-glibc@lists.debian.org>,pkg:deb/debian/tzdata@2026b-0%2Bdeb13u1?arch=all&distro=debian-13.6,cpe:2.3:a:tzdata:tzdata:2026b-0\+deb13u1:*:*:*:*:*:*:*,STRUCTURALLY_VALID,,a,tzdata,tzdata,2026b-0\+deb13u1,*,*,*,*,*,*,*
87493,docker.io/library/memcached,1.6.45,pilot/results/sboms/memcached-1.6.45.cdx.json,pkg:deb/debian/util-linux@2.41-5?arch=amd64&distro=debian-13.6&package-id=afc98bf002d364bb,library,util-linux,2.41-5,Chris Hofstaedtler <zeha@debian.org>,pkg:deb/debian/util-linux@2.41-5?arch=amd64&distro=debian-13.6,cpe:2.3:a:util-linux:util-linux:2.41-5:*:*:*:*:*:*:*,STRUCTURALLY_VALID,,a,util-linux,util-linux,2.41-5,*,*,*,*,*,*,*
87494,docker.io/library/memcached,1.6.45,pilot/results/sboms/memcached-1.6.45.cdx.json,pkg:deb/debian/zlib1g@1%3A1.3.dfsg%2Breally1.3.1-1%2Bb1?arch=amd64&distro=debian-13.6&package-id=8a1ec6d9372df578&upstream=zlib%401%3A1.3.dfsg%2Breally1.3.1-1,library,zlib1g,1:1.3.dfsg+really1.3.1-1+b1,Mark Brown <broonie@debian.org>,pkg:deb/debian/zlib1g@1%3A1.3.dfsg%2Breally1.3.1-1%2Bb1?arch=amd64&distro=debian-13.6&upstream=zlib%401%3A1.3.dfsg%2Breally1.3.1-1,cpe:2.3:a:zlib1g:zlib1g:1\:1.3.dfsg\+really1.3.1-1\+b1:*:*:*:*:*:*:*,STRUCTURALLY_VALID,,a,zlib1g,zlib1g,1\:1.3.dfsg\+really1.3.1-1\+b1,*,*,*,*,*,*,*
150875,docker.io/library/mysql,9.7.1,pilot/results/sboms/mysql-9.7.1.cdx.json,pkg:rpm/ol/alternatives@1.24-2.0.1.el9?arch=x86_64&distro=ol-9.8&package-id=19667415c054ce45&upstream=chkconfig-1.24-2.0.1.el9.src.rpm,library,alternatives,1.24-2.0.1.el9,Oracle America,pkg:rpm/ol/alternatives@1.24-2.0.1.el9?arch=x86_64&distro=ol-9.8&upstream=chkconfig-1.24-2.0.1.el9.src.rpm,cpe:2.3:a:oracleamerica:alternatives:1.24-2.0.1.el9:*:*:*:*:*:*:*,STRUCTURALLY_VALID,,a,oracleamerica,alternatives,1.24-2.0.1.el9,*,*,*,*,*,*,*
150876,docker.io/library/mysql,9.7.1,pilot/results/sboms/mysql-9.7.1.cdx.json,pkg:pypi/antlr4-python3-runtime@4.13.2?package-id=2cb6207d98f19f4c,library,antlr4-python3-runtime,4.13.2,,pkg:pypi/antlr4-python3-runtime@4.13.2,cpe:2.3:a:eric_vergnaud_\<eric_vergnaud_project:python-antlr4-python3-runtime:4.13.2:*:*:*:*:*:*:*,STRUCTURALLY_VALID,,a,eric_vergnaud_\<eric_vergnaud_project,python-antlr4-python3-runtime,4.13.2,*,*,*,*,*,*,*
150877,docker.io/library/mysql,9.7.1,pilot/results/sboms/mysql-9.7.1.cdx.json,pkg:rpm/ol/audit-libs@3.1.5-8.0.1.el9?arch=x86_64&distro=ol-9.8&package-id=972923029228bac7&upstream=audit-3.1.5-8.0.1.el9.src.rpm,library,audit-libs,3.1.5-8.0.1.el9,Oracle America,pkg:rpm/ol/audit-libs@3.1.5-8.0.1.el9?arch=x86_64&distro=ol-9.8&upstream=audit-3.1.5-8.0.1.el9.src.rpm,cpe:2.3:a:oracleamerica:audit-libs:3.1.5-8.0.1.el9:*:*:*:*:*:*:*,STRUCTURALLY_VALID,,a,oracleamerica,audit-libs,3.1.5-8.0.1.el9,*,*,*,*,*,*,*
150878,docker.io/library/mysql,9.7.1,pilot/results/sboms/mysql-9.7.1.cdx.json,pkg:rpm/ol/basesystem@11-13.el9?arch=noarch&distro=ol-9.8&package-id=7d571be377f7ec01&upstream=basesystem-11-13.el9.src.rpm,library,basesystem,11-13.el9,Oracle America,pkg:rpm/ol/basesystem@11-13.el9?arch=noarch&distro=ol-9.8&upstream=basesystem-11-13.el9.src.rpm,cpe:2.3:a:oracleamerica:basesystem:11-13.el9:*:*:*:*:*:*:*,STRUCTURALLY_VALID,,a,oracleamerica,basesystem,11-13.el9,*,*,*,*,*,*,*
150879,docker.io/library/mysql,9.7.1,pilot/results/sboms/mysql-9.7.1.cdx.json,pkg:rpm/ol/bash@5.1.8-9.el9?arch=x86_64&distro=ol-9.8&package-id=d1c49b193023a1f5&upstream=bash-5.1.8-9.el9.src.rpm,library,bash,5.1.8-9.el9,Oracle America,pkg:rpm/ol/bash@5.1.8-9.el9?arch=x86_64&distro=ol-9.8&upstream=bash-5.1.8-9.el9.src.rpm,cpe:2.3:a:oracleamerica:bash:5.1.8-9.el9:*:*:*:*:*:*:*,STRUCTURALLY_VALID,,a,oracleamerica,bash,5.1.8-9.el9,*,*,*,*,*,*,*
150880,docker.io/library/mysql,9.7.1,pilot/results/sboms/mysql-9.7.1.cdx.json,pkg:pypi/bcrypt@5.0.0?package-id=8e336a838604f6e4,library,bcrypt,5.0.0,,pkg:pypi/bcrypt@5.0.0,cpe:2.3:a:python_cryptographic_authority_developers_\<cryptography_dev_project:python-bcrypt:5.0.0:*:*:*:*:*:*:*,STRUCTURALLY_VALID,,a,python_cryptographic_authority_developers_\<cryptography_dev_project,python-bcrypt,5.0.0,*,*,*,*,*,*,*
150881,docker.io/library/mysql,9.7.1,pilot/results/sboms/mysql-9.7.1.cdx.json,pkg:rpm/ol/bzip2@1.0.8-11.el9?arch=x86_64&distro=ol-9.8&package-id=e2ee5bbadfbcd691&upstream=bzip2-1.0.8-11.el9.src.rpm,library,bzip2,1.0.8-11.el9,Oracle America,pkg:rpm/ol/bzip2@1.0.8-11.el9?arch=x86_64&distro=ol-9.8&upstream=bzip2-1.0.8-11.el9.src.rpm,cpe:2.3:a:oracleamerica:bzip2:1.0.8-11.el9:*:*:*:*:*:*:*,STRUCTURALLY_VALID,,a,oracleamerica,bzip2,1.0.8-11.el9,*,*,*,*,*,*,*
150882,docker.io/library/mysql,9.7.1,pilot/results/sboms/mysql-9.7.1.cdx.json,pkg:rpm/ol/bzip2-libs@1.0.8-11.el9?arch=x86_64&distro=ol-9.8&package-id=37db3184b315fa7a&upstream=bzip2-1.0.8-11.el9.src.rpm,library,bzip2-libs,1.0.8-11.el9,Oracle America,pkg:rpm/ol/bzip2-libs@1.0.8-11.el9?arch=x86_64&distro=ol-9.8&upstream=bzip2-1.0.8-11.el9.src.rpm,cpe:2.3:a:oracleamerica:bzip2-libs:1.0.8-11.el9:*:*:*:*:*:*:*,STRUCTURALLY_VALID,,a,oracleamerica,bzip2-libs,1.0.8-11.el9,*,*,*,*,*,*,*
150883,docker.io/library/mysql,9.7.1,pilot/results/sboms/mysql-9.7.1.cdx.json,pkg:rpm/ol/ca-certificates@2025.2.80_v9.0.305-91.el9?arch=noarch&distro=ol-9.8&package-id=e36770ef8f33ccc9&upstream=ca-certificates-2025.2.80_v9.0.305-91.el9.src.rpm,library,ca-certificates,2025.2.80_v9.0.305-91.el9,Oracle America,pkg:rpm/ol/ca-certificates@2025.2.80_v9.0.305-91.el9?arch=noarch&distro=ol-9.8&upstream=ca-certificates-2025.2.80_v9.0.305-91.el9.src.rpm,cpe:2.3:a:ca-certificates:ca-certificates:2025.2.80_v9.0.305-91.el9:*:*:*:*:*:*:*,STRUCTURALLY_VALID,,a,ca-certificates,ca-certificates,2025.2.80_v9.0.305-91.el9,*,*,*,*,*,*,*
150884,docker.io/library/mysql,9.7.1,pilot/results/sboms/mysql-9.7.1.cdx.json,pkg:pypi/certifi@2026.2.25?package-id=e69948dfc4f752a7,library,certifi,2026.2.25,,pkg:pypi/certifi@2026.2.25,cpe:2.3:a:certifi:certifi:2026.2.25:*:*:*:*:python:*:*,STRUCTURALLY_VALID,,a,certifi,certifi,2026.2.25,*,*,*,*,python,*,*
150885,docker.io/library/mysql,9.7.1,pilot/results/sboms/mysql-9.7.1.cdx.json,pkg:pypi/cffi@2.0.0?package-id=56df7cad8619f8b0,library,cffi,2.0.0,,pkg:pypi/cffi@2.0.0,"cpe:2.3:a:armin_rigo\,_maciej_fijalkowski_project:python-cffi:2.0.0:*:*:*:*:*:*:*",STRUCTURALLY_VALID,,a,"armin_rigo\,_maciej_fijalkowski_project",python-cffi,2.0.0,*,*,*,*,*,*,*
150886,docker.io/library/mysql,9.7.1,pilot/results/sboms/mysql-9.7.1.cdx.json,pkg:pypi/circuitbreaker@2.1.3?package-id=95aa46a8374956f8,library,circuitbreaker,2.1.3,,pkg:pypi/circuitbreaker@2.1.3,cpe:2.3:a:fabian_fuelling_project:python-circuitbreaker:2.1.3:*:*:*:*:*:*:*,STRUCTURALLY_VALID,,a,fabian_fuelling_project,python-circuitbreaker,2.1.3,*,*,*,*,*,*,*
150887,docker.io/library/mysql,9.7.1,pilot/results/sboms/mysql-9.7.1.cdx.json,pkg:rpm/ol/coreutils-single@8.32-41.0.1.el9_8?arch=x86_64&distro=ol-9.8&package-id=8466aedb7bd089d2&upstream=coreutils-8.32-41.0.1.el9_8.src.rpm,library,coreutils-single,8.32-41.0.1.el9_8,Oracle America,pkg:rpm/ol/coreutils-single@8.32-41.0.1.el9_8?arch=x86_64&distro=ol-9.8&upstream=coreutils-8.32-41.0.1.el9_8.src.rpm,cpe:2.3:a:coreutils-single:coreutils-single:8.32-41.0.1.el9_8:*:*:*:*:*:*:*,STRUCTURALLY_VALID,,a,coreutils-single,coreutils-single,8.32-41.0.1.el9_8,*,*,*,*,*,*,*
150889,docker.io/library/mysql,9.7.1,pilot/results/sboms/mysql-9.7.1.cdx.json,pkg:pypi/cryptography@46.0.5?package-id=0492ae3da0402370,library,cryptography,46.0.5,,pkg:pypi/cryptography@46.0.5,cpe:2.3:a:cryptography.io:cryptography:46.0.5:*:*:*:*:python:*:*,STRUCTURALLY_VALID,,a,cryptography.io,cryptography,46.0.5,*,*,*,*,python,*,*
150888,docker.io/library/mysql,9.7.1,pilot/results/sboms/mysql-9.7.1.cdx.json,pkg:rpm/ol/crypto-policies@20260224-1.0.1.gitea0f072.el9_8?arch=noarch&distro=ol-9.8&package-id=c6d01bd3c6d2529c&upstream=crypto-policies-20260224-1.0.1.gitea0f072.el9_8.src.rpm,library,crypto-policies,20260224-1.0.1.gitea0f072.el9_8,Oracle America,pkg:rpm/ol/crypto-policies@20260224-1.0.1.gitea0f072.el9_8?arch=noarch&distro=ol-9.8&upstream=crypto-policies-20260224-1.0.1.gitea0f072.el9_8.src.rpm,cpe:2.3:a:crypto-policies:crypto-policies:20260224-1.0.1.gitea0f072.el9_8:*:*:*:*:*:*:*,STRUCTURALLY_VALID,,a,crypto-policies,crypto-policies,20260224-1.0.1.gitea0f072.el9_8,*,*,*,*,*,*,*
150890,docker.io/library/mysql,9.7.1,pilot/results/sboms/mysql-9.7.1.cdx.json,pkg:rpm/ol/curl@7.76.1-40.el9?arch=x86_64&distro=ol-9.8&package-id=fa8088ecd417f66f&upstream=curl-7.76.1-40.el9.src.rpm,library,curl,7.76.1-40.el9,Oracle America,pkg:rpm/ol/curl@7.76.1-40.el9?arch=x86_64&distro=ol-9.8&upstream=curl-7.76.1-40.el9.src.rpm,cpe:2.3:a:oracleamerica:curl:7.76.1-40.el9:*:*:*:*:*:*:*,STRUCTURALLY_VALID,,a,oracleamerica,curl,7.76.1-40.el9,*,*,*,*,*,*,*
150891,docker.io/library/mysql,9.7.1,pilot/results/sboms/mysql-9.7.1.cdx.json,pkg:rpm/ol/cyrus-sasl-lib@2.1.27-22.el9?arch=x86_64&distro=ol-9.8&package-id=0adb654dc8496bb1&upstream=cyrus-sasl-2.1.27-22.el9.src.rpm,library,cyrus-sasl-lib,2.1.27-22.el9,Oracle America,pkg:rpm/ol/cyrus-sasl-lib@2.1.27-22.el9?arch=x86_64&distro=ol-9.8&upstream=cyrus-sasl-2.1.27-22.el9.src.rpm,cpe:2.3:a:cyrus-sasl-lib:cyrus-sasl-lib:2.1.27-22.el9:*:*:*:*:*:*:*,STRUCTURALLY_VALID,,a,cyrus-sasl-lib,cyrus-sasl-lib,2.1.27-22.el9,*,*,*,*,*,*,*
150892,docker.io/library/mysql,9.7.1,pilot/results/sboms/mysql-9.7.1.cdx.json,pkg:rpm/ol/dnf-data@4.14.0-34.0.1.el9_8?arch=noarch&distro=ol-9.8&package-id=d7987909f5506991&upstream=dnf-4.14.0-34.0.1.el9_8.src.rpm,library,dnf-data,4.14.0-34.0.1.el9_8,Oracle America,pkg:rpm/ol/dnf-data@4.14.0-34.0.1.el9_8?arch=noarch&distro=ol-9.8&upstream=dnf-4.14.0-34.0.1.el9_8.src.rpm,cpe:2.3:a:oracleamerica:dnf-data:4.14.0-34.0.1.el9_8:*:*:*:*:*:*:*,STRUCTURALLY_VALID,,a,oracleamerica,dnf-data,4.14.0-34.0.1.el9_8,*,*,*,*,*,*,*
150893,docker.io/library/mysql,9.7.1,pilot/results/sboms/mysql-9.7.1.cdx.json,pkg:rpm/ol/file-libs@5.39-17.el9?arch=x86_64&distro=ol-9.8&package-id=c70195337f4de206&upstream=file-5.39-17.el9.src.rpm,library,file-libs,5.39-17.el9,Oracle America,pkg:rpm/ol/file-libs@5.39-17.el9?arch=x86_64&distro=ol-9.8&upstream=file-5.39-17.el9.src.rpm,cpe:2.3:a:oracleamerica:file-libs:5.39-17.el9:*:*:*:*:*:*:*,STRUCTURALLY_VALID,,a,oracleamerica,file-libs,5.39-17.el9,*,*,*,*,*,*,*
150894,docker.io/library/mysql,9.7.1,pilot/results/sboms/mysql-9.7.1.cdx.json,pkg:rpm/ol/filesystem@3.16-5.el9?arch=x86_64&distro=ol-9.8&package-id=a6251d91b58adf7f&upstream=filesystem-3.16-5.el9.src.rpm,library,filesystem,3.16-5.el9,Oracle America,pkg:rpm/ol/filesystem@3.16-5.el9?arch=x86_64&distro=ol-9.8&upstream=filesystem-3.16-5.el9.src.rpm,cpe:2.3:a:oracleamerica:filesystem:3.16-5.el9:*:*:*:*:*:*:*,STRUCTURALLY_VALID,,a,oracleamerica,filesystem,3.16-5.el9,*,*,*,*,*,*,*
150895,docker.io/library/mysql,9.7.1,pilot/results/sboms/mysql-9.7.1.cdx.json,pkg:rpm/ol/findutils@4.8.0-7.el9?arch=x86_64&distro=ol-9.8&epoch=1&package-id=f685b1c099027d82&upstream=findutils-4.8.0-7.el9.src.rpm,library,findutils,1:4.8.0-7.el9,Oracle America,pkg:rpm/ol/findutils@4.8.0-7.el9?arch=x86_64&distro=ol-9.8&epoch=1&upstream=findutils-4.8.0-7.el9.src.rpm,cpe:2.3:a:oracleamerica:findutils:1\:4.8.0-7.el9:*:*:*:*:*:*:*,STRUCTURALLY_VALID,,a,oracleamerica,findutils,1\:4.8.0-7.el9,*,*,*,*,*,*,*
150896,docker.io/library/mysql,9.7.1,pilot/results/sboms/mysql-9.7.1.cdx.json,pkg:rpm/ol/gawk@5.1.0-6.el9?arch=x86_64&distro=ol-9.8&package-id=5947b7735846326a&upstream=gawk-5.1.0-6.el9.src.rpm,library,gawk,5.1.0-6.el9,Oracle America,pkg:rpm/ol/gawk@5.1.0-6.el9?arch=x86_64&distro=ol-9.8&upstream=gawk-5.1.0-6.el9.src.rpm,cpe:2.3:a:oracleamerica:gawk:5.1.0-6.el9:*:*:*:*:*:*:*,STRUCTURALLY_VALID,,a,oracleamerica,gawk,5.1.0-6.el9,*,*,*,*,*,*,*
150897,docker.io/library/mysql,9.7.1,pilot/results/sboms/mysql-9.7.1.cdx.json,pkg:rpm/ol/gdbm-libs@1.23-1.el9?arch=x86_64&distro=ol-9.8&epoch=1&package-id=12ee78d3a7b15a88&upstream=gdbm-1.23-1.el9.src.rpm,library,gdbm-libs,1:1.23-1.el9,Oracle America,pkg:rpm/ol/gdbm-libs@1.23-1.el9?arch=x86_64&distro=ol-9.8&epoch=1&upstream=gdbm-1.23-1.el9.src.rpm,cpe:2.3:a:oracleamerica:gdbm-libs:1\:1.23-1.el9:*:*:*:*:*:*:*,STRUCTURALLY_VALID,,a,oracleamerica,gdbm-libs,1\:1.23-1.el9,*,*,*,*,*,*,*
150898,docker.io/library/mysql,9.7.1,pilot/results/sboms/mysql-9.7.1.cdx.json,pkg:golang/github.com/moby/sys/user@v0.1.0?package-id=d2a8da7f933cc6b6,library,github.com/moby/sys/user,v0.1.0,,pkg:golang/github.com/moby/sys/user@v0.1.0,cpe:2.3:a:moby:sys\/user:v0.1.0:*:*:*:*:*:*:*,STRUCTURALLY_VALID,,a,moby,sys\/user,v0.1.0,*,*,*,*,*,*,*
150899,docker.io/library/mysql,9.7.1,pilot/results/sboms/mysql-9.7.1.cdx.json,pkg:golang/github.com/tianon/gosu@v1.19.0?package-id=4e0a698656ebcb5a,library,github.com/tianon/gosu,v1.19.0,,pkg:golang/github.com/tianon/gosu@v1.19.0,cpe:2.3:a:tianon:gosu:v1.19.0:*:*:*:*:*:*:*,STRUCTURALLY_VALID,,a,tianon,gosu,v1.19.0,*,*,*,*,*,*,*
150900,docker.io/library/mysql,9.7.1,pilot/results/sboms/mysql-9.7.1.cdx.json,pkg:rpm/ol/glib2@2.68.4-19.el9_8.2?arch=x86_64&distro=ol-9.8&package-id=35037989b060b5bc&upstream=glib2-2.68.4-19.el9_8.2.src.rpm,library,glib2,2.68.4-19.el9_8.2,Oracle America,pkg:rpm/ol/glib2@2.68.4-19.el9_8.2?arch=x86_64&distro=ol-9.8&upstream=glib2-2.68.4-19.el9_8.2.src.rpm,cpe:2.3:a:oracleamerica:glib2:2.68.4-19.el9_8.2:*:*:*:*:*:*:*,STRUCTURALLY_VALID,,a,oracleamerica,glib2,2.68.4-19.el9_8.2,*,*,*,*,*,*,*
150901,docker.io/library/mysql,9.7.1,pilot/results/sboms/mysql-9.7.1.cdx.json,pkg:rpm/ol/glibc@2.34-274.0.1.el9_8?arch=x86_64&distro=ol-9.8&package-id=8efd233b555761aa&upstream=glibc-2.34-274.0.1.el9_8.src.rpm,library,glibc,2.34-274.0.1.el9_8,Oracle America,pkg:rpm/ol/glibc@2.34-274.0.1.el9_8?arch=x86_64&distro=ol-9.8&upstream=glibc-2.34-274.0.1.el9_8.src.rpm,cpe:2.3:a:oracleamerica:glibc:2.34-274.0.1.el9_8:*:*:*:*:*:*:*,STRUCTURALLY_VALID,,a,oracleamerica,glibc,2.34-274.0.1.el9_8,*,*,*,*,*,*,*
150902,docker.io/library/mysql,9.7.1,pilot/results/sboms/mysql-9.7.1.cdx.json,pkg:rpm/ol/glibc-common@2.34-274.0.1.el9_8?arch=x86_64&distro=ol-9.8&package-id=8258cbf831410b32&upstream=glibc-2.34-274.0.1.el9_8.src.rpm,library,glibc-common,2.34-274.0.1.el9_8,Oracle America,pkg:rpm/ol/glibc-common@2.34-274.0.1.el9_8?arch=x86_64&distro=ol-9.8&upstream=glibc-2.34-274.0.1.el9_8.src.rpm,cpe:2.3:a:oracleamerica:glibc-common:2.34-274.0.1.el9_8:*:*:*:*:*:*:*,STRUCTURALLY_VALID,,a,oracleamerica,glibc-common,2.34-274.0.1.el9_8,*,*,*,*,*,*,*
150903,docker.io/library/mysql,9.7.1,pilot/results/sboms/mysql-9.7.1.cdx.json,pkg:rpm/ol/glibc-minimal-langpack@2.34-274.0.1.el9_8?arch=x86_64&distro=ol-9.8&package-id=b9009cc779191783&upstream=glibc-2.34-274.0.1.el9_8.src.rpm,library,glibc-minimal-langpack,2.34-274.0.1.el9_8,Oracle America,pkg:rpm/ol/glibc-minimal-langpack@2.34-274.0.1.el9_8?arch=x86_64&distro=ol-9.8&upstream=glibc-2.34-274.0.1.el9_8.src.rpm,cpe:2.3:a:glibc-minimal-langpack:glibc-minimal-langpack:2.34-274.0.1.el9_8:*:*:*:*:*:*:*,STRUCTURALLY_VALID,,a,glibc-minimal-langpack,glibc-minimal-langpack,2.34-274.0.1.el9_8,*,*,*,*,*,*,*
150904,docker.io/library/mysql,9.7.1,pilot/results/sboms/mysql-9.7.1.cdx.json,pkg:rpm/ol/gmp@6.2.0-13.el9?arch=x86_64&distro=ol-9.8&epoch=1&package-id=6c746a9e405a7b8b&upstream=gmp-6.2.0-13.el9.src.rpm,library,gmp,1:6.2.0-13.el9,Oracle America,pkg:rpm/ol/gmp@6.2.0-13.el9?arch=x86_64&distro=ol-9.8&epoch=1&upstream=gmp-6.2.0-13.el9.src.rpm,cpe:2.3:a:oracleamerica:gmp:1\:6.2.0-13.el9:*:*:*:*:*:*:*,STRUCTURALLY_VALID,,a,oracleamerica,gmp,1\:6.2.0-13.el9,*,*,*,*,*,*,*
150905,docker.io/library/mysql,9.7.1,pilot/results/sboms/mysql-9.7.1.cdx.json,pkg:rpm/ol/gnupg2@2.3.3-5.el9_7?arch=x86_64&distro=ol-9.8&package-id=8373d7c9d3e6e1a5&upstream=gnupg2-2.3.3-5.el9_7.src.rpm,library,gnupg2,2.3.3-5.el9_7,Oracle America,pkg:rpm/ol/gnupg2@2.3.3-5.el9_7?arch=x86_64&distro=ol-9.8&upstream=gnupg2-2.3.3-5.el9_7.src.rpm,cpe:2.3:a:oracleamerica:gnupg2:2.3.3-5.el9_7:*:*:*:*:*:*:*,STRUCTURALLY_VALID,,a,oracleamerica,gnupg2,2.3.3-5.el9_7,*,*,*,*,*,*,*
150906,docker.io/library/mysql,9.7.1,pilot/results/sboms/mysql-9.7.1.cdx.json,pkg:rpm/ol/gnutls@3.8.10-4.el9_8?arch=x86_64&distro=ol-9.8&package-id=16c62e0328060146&upstream=gnutls-3.8.10-4.el9_8.src.rpm,library,gnutls,3.8.10-4.el9_8,Oracle America,pkg:rpm/ol/gnutls@3.8.10-4.el9_8?arch=x86_64&distro=ol-9.8&upstream=gnutls-3.8.10-4.el9_8.src.rpm,cpe:2.3:a:oracleamerica:gnutls:3.8.10-4.el9_8:*:*:*:*:*:*:*,STRUCTURALLY_VALID,,a,oracleamerica,gnutls,3.8.10-4.el9_8,*,*,*,*,*,*,*
150907,docker.io/library/mysql,9.7.1,pilot/results/sboms/mysql-9.7.1.cdx.json,pkg:rpm/ol/gobject-introspection@1.68.0-11.el9?arch=x86_64&distro=ol-9.8&package-id=ea05021ed8fc3789&upstream=gobject-introspection-1.68.0-11.el9.src.rpm,library,gobject-introspection,1.68.0-11.el9,Oracle America,pkg:rpm/ol/gobject-introspection@1.68.0-11.el9?arch=x86_64&distro=ol-9.8&upstream=gobject-introspection-1.68.0-11.el9.src.rpm,cpe:2.3:a:gobject-introspection:gobject-introspection:1.68.0-11.el9:*:*:*:*:*:*:*,STRUCTURALLY_VALID,,a,gobject-introspection,gobject-introspection,1.68.0-11.el9,*,*,*,*,*,*,*
150908,docker.io/library/mysql,9.7.1,pilot/results/sboms/mysql-9.7.1.cdx.json,pkg:golang/golang.org/x/sys@v0.1.0?package-id=1f7c407a4dbe7f15,library,golang.org/x/sys,v0.1.0,,pkg:golang/golang.org/x/sys@v0.1.0,cpe:2.3:a:golang:x\/sys:v0.1.0:*:*:*:*:*:*:*,STRUCTURALLY_VALID,,a,golang,x\/sys,v0.1.0,*,*,*,*,*,*,*
150911,docker.io/library/mysql,9.7.1,pilot/results/sboms/mysql-9.7.1.cdx.json,pkg:rpm/ol/gpgme@1.15.1-6.el9?arch=x86_64&distro=ol-9.8&package-id=10a993b578c4cac1&upstream=gpgme-1.15.1-6.el9.src.rpm,library,gpgme,1.15.1-6.el9,Oracle America,pkg:rpm/ol/gpgme@1.15.1-6.el9?arch=x86_64&distro=ol-9.8&upstream=gpgme-1.15.1-6.el9.src.rpm,cpe:2.3:a:oracleamerica:gpgme:1.15.1-6.el9:*:*:*:*:*:*:*,STRUCTURALLY_VALID,,a,oracleamerica,gpgme,1.15.1-6.el9,*,*,*,*,*,*,*
150909,docker.io/library/mysql,9.7.1,pilot/results/sboms/mysql-9.7.1.cdx.json,pkg:rpm/ol/gpg-pubkey@8b4efbe6-629ec292?distro=ol-9.8&package-id=93822249a790ecb0,library,gpg-pubkey,8b4efbe6-629ec292,,pkg:rpm/ol/gpg-pubkey@8b4efbe6-629ec292?distro=ol-9.8,cpe:2.3:a:gpg-pubkey:gpg-pubkey:8b4efbe6-629ec292:*:*:*:*:*:*:*,STRUCTURALLY_VALID,,a,gpg-pubkey,gpg-pubkey,8b4efbe6-629ec292,*,*,*,*,*,*,*
150910,docker.io/library/mysql,9.7.1,pilot/results/sboms/mysql-9.7.1.cdx.json,pkg:rpm/ol/gpg-pubkey@8d8b756f-629e59ec?distro=ol-9.8&package-id=09450fd175b7804a,library,gpg-pubkey,8d8b756f-629e59ec,,pkg:rpm/ol/gpg-pubkey@8d8b756f-629e59ec?distro=ol-9.8,cpe:2.3:a:gpg-pubkey:gpg-pubkey:8d8b756f-629e59ec:*:*:*:*:*:*:*,STRUCTURALLY_VALID,,a,gpg-pubkey,gpg-pubkey,8d8b756f-629e59ec,*,*,*,*,*,*,*
150912,docker.io/library/mysql,9.7.1,pilot/results/sboms/mysql-9.7.1.cdx.json,pkg:rpm/ol/grep@3.6-5.el9?arch=x86_64&distro=ol-9.8&package-id=a69762a654246084&upstream=grep-3.6-5.el9.src.rpm,library,grep,3.6-5.el9,Oracle America,pkg:rpm/ol/grep@3.6-5.el9?arch=x86_64&distro=ol-9.8&upstream=grep-3.6-5.el9.src.rpm,cpe:2.3:a:oracleamerica:grep:3.6-5.el9:*:*:*:*:*:*:*,STRUCTURALLY_VALID,,a,oracleamerica,grep,3.6-5.el9,*,*,*,*,*,*,*
150913,docker.io/library/mysql,9.7.1,pilot/results/sboms/mysql-9.7.1.cdx.json,pkg:rpm/ol/gzip@1.12-1.el9?arch=x86_64&distro=ol-9.8&package-id=68c89ec156f63367&upstream=gzip-1.12-1.el9.src.rpm,library,gzip,1.12-1.el9,Oracle America,pkg:rpm/ol/gzip@1.12-1.el9?arch=x86_64&distro=ol-9.8&upstream=gzip-1.12-1.el9.src.rpm,cpe:2.3:a:oracleamerica:gzip:1.12-1.el9:*:*:*:*:*:*:*,STRUCTURALLY_VALID,,a,oracleamerica,gzip,1.12-1.el9,*,*,*,*,*,*,*
150914,docker.io/library/mysql,9.7.1,pilot/results/sboms/mysql-9.7.1.cdx.json,pkg:npm/heatwave-chat@1.0.1?package-id=c698a1ece4feed62,library,heatwave-chat,1.0.1,,pkg:npm/heatwave-chat@1.0.1,cpe:2.3:a:heatwave-chat:heatwave-chat:1.0.1:*:*:*:*:*:*:*,STRUCTURALLY_VALID,,a,heatwave-chat,heatwave-chat,1.0.1,*,*,*,*,*,*,*
150915,docker.io/library/mysql,9.7.1,pilot/results/sboms/mysql-9.7.1.cdx.json,pkg:pypi/invoke@2.2.1?package-id=b026a695531c2573,library,invoke,2.2.1,,pkg:pypi/invoke@2.2.1,cpe:2.3:a:jeff_forcier_project:python-invoke:2.2.1:*:*:*:*:*:*:*,STRUCTURALLY_VALID,,a,jeff_forcier_project,python-invoke,2.2.1,*,*,*,*,*,*,*
150916,docker.io/library/mysql,9.7.1,pilot/results/sboms/mysql-9.7.1.cdx.json,pkg:rpm/ol/json-c@0.14-11.el9?arch=x86_64&distro=ol-9.8&package-id=0c7dc2892ff3fe71&upstream=json-c-0.14-11.el9.src.rpm,library,json-c,0.14-11.el9,Oracle America,pkg:rpm/ol/json-c@0.14-11.el9?arch=x86_64&distro=ol-9.8&upstream=json-c-0.14-11.el9.src.rpm,cpe:2.3:a:oracleamerica:json-c:0.14-11.el9:*:*:*:*:*:*:*,STRUCTURALLY_VALID,,a,oracleamerica,json-c,0.14-11.el9,*,*,*,*,*,*,*
150917,docker.io/library/mysql,9.7.1,pilot/results/sboms/mysql-9.7.1.cdx.json,pkg:rpm/ol/keyutils-libs@1.6.3-1.el9?arch=x86_64&distro=ol-9.8&package-id=069f81e7eecd1de2&upstream=keyutils-1.6.3-1.el9.src.rpm,library,keyutils-libs,1.6.3-1.el9,Oracle America,pkg:rpm/ol/keyutils-libs@1.6.3-1.el9?arch=x86_64&distro=ol-9.8&upstream=keyutils-1.6.3-1.el9.src.rpm,cpe:2.3:a:keyutils-libs:keyutils-libs:1.6.3-1.el9:*:*:*:*:*:*:*,STRUCTURALLY_VALID,,a,keyutils-libs,keyutils-libs,1.6.3-1.el9,*,*,*,*,*,*,*
150918,docker.io/library/mysql,9.7.1,pilot/results/sboms/mysql-9.7.1.cdx.json,pkg:rpm/ol/krb5-libs@1.21.1-10.0.1.el9_8?arch=x86_64&distro=ol-9.8&package-id=b8bf6cd319b56f7c&upstream=krb5-1.21.1-10.0.1.el9_8.src.rpm,library,krb5-libs,1.21.1-10.0.1.el9_8,Oracle America,pkg:rpm/ol/krb5-libs@1.21.1-10.0.1.el9_8?arch=x86_64&distro=ol-9.8&upstream=krb5-1.21.1-10.0.1.el9_8.src.rpm,cpe:2.3:a:oracleamerica:krb5-libs:1.21.1-10.0.1.el9_8:*:*:*:*:*:*:*,STRUCTURALLY_VALID,,a,oracleamerica,krb5-libs,1.21.1-10.0.1.el9_8,*,*,*,*,*,*,*
150919,docker.io/library/mysql,9.7.1,pilot/results/sboms/mysql-9.7.1.cdx.json,pkg:rpm/ol/libacl@2.4.0-1.el9_8?arch=x86_64&distro=ol-9.8&package-id=6fa3a0c2c20d3560&upstream=acl-2.4.0-1.el9_8.src.rpm,library,libacl,2.4.0-1.el9_8,Oracle America,pkg:rpm/ol/libacl@2.4.0-1.el9_8?arch=x86_64&distro=ol-9.8&upstream=acl-2.4.0-1.el9_8.src.rpm,cpe:2.3:a:oracleamerica:libacl:2.4.0-1.el9_8:*:*:*:*:*:*:*,STRUCTURALLY_VALID,,a,oracleamerica,libacl,2.4.0-1.el9_8,*,*,*,*,*,*,*
150920,docker.io/library/mysql,9.7.1,pilot/results/sboms/mysql-9.7.1.cdx.json,pkg:rpm/ol/libaio@0.3.111-13.el9?arch=x86_64&distro=ol-9.8&package-id=b8a31e288b90fd5e&upstream=libaio-0.3.111-13.el9.src.rpm,library,libaio,0.3.111-13.el9,Oracle America,pkg:rpm/ol/libaio@0.3.111-13.el9?arch=x86_64&distro=ol-9.8&upstream=libaio-0.3.111-13.el9.src.rpm,cpe:2.3:a:oracleamerica:libaio:0.3.111-13.el9:*:*:*:*:*:*:*,STRUCTURALLY_VALID,,a,oracleamerica,libaio,0.3.111-13.el9,*,*,*,*,*,*,*
150921,docker.io/library/mysql,9.7.1,pilot/results/sboms/mysql-9.7.1.cdx.json,pkg:rpm/ol/libarchive@3.5.3-9.el9_7?arch=x86_64&distro=ol-9.8&package-id=9607a931fe39ccc1&upstream=libarchive-3.5.3-9.el9_7.src.rpm,library,libarchive,3.5.3-9.el9_7,Oracle America,pkg:rpm/ol/libarchive@3.5.3-9.el9_7?arch=x86_64&distro=ol-9.8&upstream=libarchive-3.5.3-9.el9_7.src.rpm,cpe:2.3:a:oracleamerica:libarchive:3.5.3-9.el9_7:*:*:*:*:*:*:*,STRUCTURALLY_VALID,,a,oracleamerica,libarchive,3.5.3-9.el9_7,*,*,*,*,*,*,*
150922,docker.io/library/mysql,9.7.1,pilot/results/sboms/mysql-9.7.1.cdx.json,pkg:rpm/ol/libassuan@2.5.5-3.el9?arch=x86_64&distro=ol-9.8&package-id=316534f3f17f4d97&upstream=libassuan-2.5.5-3.el9.src.rpm,library,libassuan,2.5.5-3.el9,Oracle America,pkg:rpm/ol/libassuan@2.5.5-3.el9?arch=x86_64&distro=ol-9.8&upstream=libassuan-2.5.5-3.el9.src.rpm,cpe:2.3:a:oracleamerica:libassuan:2.5.5-3.el9:*:*:*:*:*:*:*,STRUCTURALLY_VALID,,a,oracleamerica,libassuan,2.5.5-3.el9,*,*,*,*,*,*,*
150923,docker.io/library/mysql,9.7.1,pilot/results/sboms/mysql-9.7.1.cdx.json,pkg:rpm/ol/libattr@2.5.1-3.el9?arch=x86_64&distro=ol-9.8&package-id=33f8c140273d97ac&upstream=attr-2.5.1-3.el9.src.rpm,library,libattr,2.5.1-3.el9,Oracle America,pkg:rpm/ol/libattr@2.5.1-3.el9?arch=x86_64&distro=ol-9.8&upstream=attr-2.5.1-3.el9.src.rpm,cpe:2.3:a:oracleamerica:libattr:2.5.1-3.el9:*:*:*:*:*:*:*,STRUCTURALLY_VALID,,a,oracleamerica,libattr,2.5.1-3.el9,*,*,*,*,*,*,*
150924,docker.io/library/mysql,9.7.1,pilot/results/sboms/mysql-9.7.1.cdx.json,pkg:rpm/ol/libblkid@2.37.4-25.0.1.el9?arch=x86_64&distro=ol-9.8&package-id=884d1670ee8b951d&upstream=util-linux-2.37.4-25.0.1.el9.src.rpm,library,libblkid,2.37.4-25.0.1.el9,Oracle America,pkg:rpm/ol/libblkid@2.37.4-25.0.1.el9?arch=x86_64&distro=ol-9.8&upstream=util-linux-2.37.4-25.0.1.el9.src.rpm,cpe:2.3:a:oracleamerica:libblkid:2.37.4-25.0.1.el9:*:*:*:*:*:*:*,STRUCTURALLY_VALID,,a,oracleamerica,libblkid,2.37.4-25.0.1.el9,*,*,*,*,*,*,*
150925,docker.io/library/mysql,9.7.1,pilot/results/sboms/mysql-9.7.1.cdx.json,pkg:rpm/ol/libbrotli@1.0.9-9.el9_7?arch=x86_64&distro=ol-9.8&package-id=d890a6e5031e9fb0&upstream=brotli-1.0.9-9.el9_7.src.rpm,library,libbrotli,1.0.9-9.el9_7,Oracle America,pkg:rpm/ol/libbrotli@1.0.9-9.el9_7?arch=x86_64&distro=ol-9.8&upstream=brotli-1.0.9-9.el9_7.src.rpm,cpe:2.3:a:oracleamerica:libbrotli:1.0.9-9.el9_7:*:*:*:*:*:*:*,STRUCTURALLY_VALID,,a,oracleamerica,libbrotli,1.0.9-9.el9_7,*,*,*,*,*,*,*
150926,docker.io/library/mysql,9.7.1,pilot/results/sboms/mysql-9.7.1.cdx.json,pkg:rpm/ol/libcap@2.48-10.el9_8.1?arch=x86_64&distro=ol-9.8&package-id=d02a8048d7c4c804&upstream=libcap-2.48-10.el9_8.1.src.rpm,library,libcap,2.48-10.el9_8.1,Oracle America,pkg:rpm/ol/libcap@2.48-10.el9_8.1?arch=x86_64&distro=ol-9.8&upstream=libcap-2.48-10.el9_8.1.src.rpm,cpe:2.3:a:oracleamerica:libcap:2.48-10.el9_8.1:*:*:*:*:*:*:*,STRUCTURALLY_VALID,,a,oracleamerica,libcap,2.48-10.el9_8.1,*,*,*,*,*,*,*
150927,docker.io/library/mysql,9.7.1,pilot/results/sboms/mysql-9.7.1.cdx.json,pkg:rpm/ol/libcap-ng@0.8.2-7.el9?arch=x86_64&distro=ol-9.8&package-id=359304cc4f79a176&upstream=libcap-ng-0.8.2-7.el9.src.rpm,library,libcap-ng,0.8.2-7.el9,Oracle America,pkg:rpm/ol/libcap-ng@0.8.2-7.el9?arch=x86_64&distro=ol-9.8&upstream=libcap-ng-0.8.2-7.el9.src.rpm,cpe:2.3:a:oracleamerica:libcap-ng:0.8.2-7.el9:*:*:*:*:*:*:*,STRUCTURALLY_VALID,,a,oracleamerica,libcap-ng,0.8.2-7.el9,*,*,*,*,*,*,*
150928,docker.io/library/mysql,9.7.1,pilot/results/sboms/mysql-9.7.1.cdx.json,pkg:rpm/ol/libcom_err@1.46.5-8.el9?arch=x86_64&distro=ol-9.8&package-id=54a1a8770a613eab&upstream=e2fsprogs-1.46.5-8.el9.src.rpm,library,libcom_err,1.46.5-8.el9,Oracle America,pkg:rpm/ol/libcom_err@1.46.5-8.el9?arch=x86_64&distro=ol-9.8&upstream=e2fsprogs-1.46.5-8.el9.src.rpm,cpe:2.3:a:oracleamerica:libcom-err:1.46.5-8.el9:*:*:*:*:*:*:*,STRUCTURALLY_VALID,,a,oracleamerica,libcom-err,1.46.5-8.el9,*,*,*,*,*,*,*
150929,docker.io/library/mysql,9.7.1,pilot/results/sboms/mysql-9.7.1.cdx.json,pkg:rpm/ol/libcurl@7.76.1-40.el9?arch=x86_64&distro=ol-9.8&package-id=1ba849c7113038ef&upstream=curl-7.76.1-40.el9.src.rpm,library,libcurl,7.76.1-40.el9,Oracle America,pkg:rpm/ol/libcurl@7.76.1-40.el9?arch=x86_64&distro=ol-9.8&upstream=curl-7.76.1-40.el9.src.rpm,cpe:2.3:a:oracleamerica:libcurl:7.76.1-40.el9:*:*:*:*:*:*:*,STRUCTURALLY_VALID,,a,oracleamerica,libcurl,7.76.1-40.el9,*,*,*,*,*,*,*
150930,docker.io/library/mysql,9.7.1,pilot/results/sboms/mysql-9.7.1.cdx.json,pkg:rpm/ol/libdnf@0.69.0-18.0.1.el9?arch=x86_64&distro=ol-9.8&package-id=141ee2b087ee302d&upstream=libdnf-0.69.0-18.0.1.el9.src.rpm,library,libdnf,0.69.0-18.0.1.el9,Oracle America,pkg:rpm/ol/libdnf@0.69.0-18.0.1.el9?arch=x86_64&distro=ol-9.8&upstream=libdnf-0.69.0-18.0.1.el9.src.rpm,cpe:2.3:a:oracleamerica:libdnf:0.69.0-18.0.1.el9:*:*:*:*:*:*:*,STRUCTURALLY_VALID,,a,oracleamerica,libdnf,0.69.0-18.0.1.el9,*,*,*,*,*,*,*
150931,docker.io/library/mysql,9.7.1,pilot/results/sboms/mysql-9.7.1.cdx.json,pkg:rpm/ol/libevent@2.1.12-8.el9_4?arch=x86_64&distro=ol-9.8&package-id=e52ffd0289836fb6&upstream=libevent-2.1.12-8.el9_4.src.rpm,library,libevent,2.1.12-8.el9_4,Oracle America,pkg:rpm/ol/libevent@2.1.12-8.el9_4?arch=x86_64&distro=ol-9.8&upstream=libevent-2.1.12-8.el9_4.src.rpm,cpe:2.3:a:oracleamerica:libevent:2.1.12-8.el9_4:*:*:*:*:*:*:*,STRUCTURALLY_VALID,,a,oracleamerica,libevent,2.1.12-8.el9_4,*,*,*,*,*,*,*
150932,docker.io/library/mysql,9.7.1,pilot/results/sboms/mysql-9.7.1.cdx.json,pkg:rpm/ol/libffi@3.4.2-8.el9?arch=x86_64&distro=ol-9.8&package-id=ef6e9335f99d05ab&upstream=libffi-3.4.2-8.el9.src.rpm,library,libffi,3.4.2-8.el9,Oracle America,pkg:rpm/ol/libffi@3.4.2-8.el9?arch=x86_64&distro=ol-9.8&upstream=libffi-3.4.2-8.el9.src.rpm,cpe:2.3:a:oracleamerica:libffi:3.4.2-8.el9:*:*:*:*:*:*:*,STRUCTURALLY_VALID,,a,oracleamerica,libffi,3.4.2-8.el9,*,*,*,*,*,*,*
150933,docker.io/library/mysql,9.7.1,pilot/results/sboms/mysql-9.7.1.cdx.json,pkg:rpm/ol/libgcc@11.5.0-14.0.1.el9?arch=x86_64&distro=ol-9.8&package-id=21f815ed4283c06f&upstream=gcc-11.5.0-14.0.1.el9.src.rpm,library,libgcc,11.5.0-14.0.1.el9,Oracle America,pkg:rpm/ol/libgcc@11.5.0-14.0.1.el9?arch=x86_64&distro=ol-9.8&upstream=gcc-11.5.0-14.0.1.el9.src.rpm,cpe:2.3:a:oracleamerica:libgcc:11.5.0-14.0.1.el9:*:*:*:*:*:*:*,STRUCTURALLY_VALID,,a,oracleamerica,libgcc,11.5.0-14.0.1.el9,*,*,*,*,*,*,*
150934,docker.io/library/mysql,9.7.1,pilot/results/sboms/mysql-9.7.1.cdx.json,pkg:rpm/ol/libgcrypt@1.10.0-11.el9?arch=x86_64&distro=ol-9.8&package-id=eb196ee7b8a86fd8&upstream=libgcrypt-1.10.0-11.el9.src.rpm,library,libgcrypt,1.10.0-11.el9,Oracle America,pkg:rpm/ol/libgcrypt@1.10.0-11.el9?arch=x86_64&distro=ol-9.8&upstream=libgcrypt-1.10.0-11.el9.src.rpm,cpe:2.3:a:oracleamerica:libgcrypt:1.10.0-11.el9:*:*:*:*:*:*:*,STRUCTURALLY_VALID,,a,oracleamerica,libgcrypt,1.10.0-11.el9,*,*,*,*,*,*,*
150935,docker.io/library/mysql,9.7.1,pilot/results/sboms/mysql-9.7.1.cdx.json,pkg:rpm/ol/libgpg-error@1.42-5.el9?arch=x86_64&distro=ol-9.8&package-id=a01f4211f210b282&upstream=libgpg-error-1.42-5.el9.src.rpm,library,libgpg-error,1.42-5.el9,Oracle America,pkg:rpm/ol/libgpg-error@1.42-5.el9?arch=x86_64&distro=ol-9.8&upstream=libgpg-error-1.42-5.el9.src.rpm,cpe:2.3:a:oracleamerica:libgpg-error:1.42-5.el9:*:*:*:*:*:*:*,STRUCTURALLY_VALID,,a,oracleamerica,libgpg-error,1.42-5.el9,*,*,*,*,*,*,*
150936,docker.io/library/mysql,9.7.1,pilot/results/sboms/mysql-9.7.1.cdx.json,pkg:rpm/ol/libidn2@2.3.0-7.el9?arch=x86_64&distro=ol-9.8&package-id=870550da2396dc18&upstream=libidn2-2.3.0-7.el9.src.rpm,library,libidn2,2.3.0-7.el9,Oracle America,pkg:rpm/ol/libidn2@2.3.0-7.el9?arch=x86_64&distro=ol-9.8&upstream=libidn2-2.3.0-7.el9.src.rpm,cpe:2.3:a:oracleamerica:libidn2:2.3.0-7.el9:*:*:*:*:*:*:*,STRUCTURALLY_VALID,,a,oracleamerica,libidn2,2.3.0-7.el9,*,*,*,*,*,*,*
150937,docker.io/library/mysql,9.7.1,pilot/results/sboms/mysql-9.7.1.cdx.json,pkg:rpm/ol/libksba@1.5.1-7.el9?arch=x86_64&distro=ol-9.8&package-id=792adad8f6fdc9d9&upstream=libksba-1.5.1-7.el9.src.rpm,library,libksba,1.5.1-7.el9,Oracle America,pkg:rpm/ol/libksba@1.5.1-7.el9?arch=x86_64&distro=ol-9.8&upstream=libksba-1.5.1-7.el9.src.rpm,cpe:2.3:a:oracleamerica:libksba:1.5.1-7.el9:*:*:*:*:*:*:*,STRUCTURALLY_VALID,,a,oracleamerica,libksba,1.5.1-7.el9,*,*,*,*,*,*,*
150938,docker.io/library/mysql,9.7.1,pilot/results/sboms/mysql-9.7.1.cdx.json,pkg:rpm/ol/libmodulemd@2.13.0-2.el9?arch=x86_64&distro=ol-9.8&package-id=725853e06f25cb7e&upstream=libmodulemd-2.13.0-2.el9.src.rpm,library,libmodulemd,2.13.0-2.el9,Oracle America,pkg:rpm/ol/libmodulemd@2.13.0-2.el9?arch=x86_64&distro=ol-9.8&upstream=libmodulemd-2.13.0-2.el9.src.rpm,cpe:2.3:a:oracleamerica:libmodulemd:2.13.0-2.el9:*:*:*:*:*:*:*,STRUCTURALLY_VALID,,a,oracleamerica,libmodulemd,2.13.0-2.el9,*,*,*,*,*,*,*
150939,docker.io/library/mysql,9.7.1,pilot/results/sboms/mysql-9.7.1.cdx.json,pkg:rpm/ol/libmount@2.37.4-25.0.1.el9?arch=x86_64&distro=ol-9.8&package-id=052378710b855d8f&upstream=util-linux-2.37.4-25.0.1.el9.src.rpm,library,libmount,2.37.4-25.0.1.el9,Oracle America,pkg:rpm/ol/libmount@2.37.4-25.0.1.el9?arch=x86_64&distro=ol-9.8&upstream=util-linux-2.37.4-25.0.1.el9.src.rpm,cpe:2.3:a:oracleamerica:libmount:2.37.4-25.0.1.el9:*:*:*:*:*:*:*,STRUCTURALLY_VALID,,a,oracleamerica,libmount,2.37.4-25.0.1.el9,*,*,*,*,*,*,*
150940,docker.io/library/mysql,9.7.1,pilot/results/sboms/mysql-9.7.1.cdx.json,pkg:rpm/ol/libnghttp2@1.43.0-6.el9_8.1?arch=x86_64&distro=ol-9.8&package-id=892fb7685ee6c2fd&upstream=nghttp2-1.43.0-6.el9_8.1.src.rpm,library,libnghttp2,1.43.0-6.el9_8.1,Oracle America,pkg:rpm/ol/libnghttp2@1.43.0-6.el9_8.1?arch=x86_64&distro=ol-9.8&upstream=nghttp2-1.43.0-6.el9_8.1.src.rpm,cpe:2.3:a:oracleamerica:libnghttp2:1.43.0-6.el9_8.1:*:*:*:*:*:*:*,STRUCTURALLY_VALID,,a,oracleamerica,libnghttp2,1.43.0-6.el9_8.1,*,*,*,*,*,*,*
150941,docker.io/library/mysql,9.7.1,pilot/results/sboms/mysql-9.7.1.cdx.json,pkg:rpm/ol/libpeas@1.30.0-4.el9?arch=x86_64&distro=ol-9.8&package-id=0834b87f51456f0c&upstream=libpeas-1.30.0-4.el9.src.rpm,library,libpeas,1.30.0-4.el9,Oracle America,pkg:rpm/ol/libpeas@1.30.0-4.el9?arch=x86_64&distro=ol-9.8&upstream=libpeas-1.30.0-4.el9.src.rpm,cpe:2.3:a:oracleamerica:libpeas:1.30.0-4.el9:*:*:*:*:*:*:*,STRUCTURALLY_VALID,,a,oracleamerica,libpeas,1.30.0-4.el9,*,*,*,*,*,*,*
150942,docker.io/library/mysql,9.7.1,pilot/results/sboms/mysql-9.7.1.cdx.json,pkg:rpm/ol/libpsl@0.21.1-5.el9?arch=x86_64&distro=ol-9.8&package-id=db43c019050d0462&upstream=libpsl-0.21.1-5.el9.src.rpm,library,libpsl,0.21.1-5.el9,Oracle America,pkg:rpm/ol/libpsl@0.21.1-5.el9?arch=x86_64&distro=ol-9.8&upstream=libpsl-0.21.1-5.el9.src.rpm,cpe:2.3:a:oracleamerica:libpsl:0.21.1-5.el9:*:*:*:*:*:*:*,STRUCTURALLY_VALID,,a,oracleamerica,libpsl,0.21.1-5.el9,*,*,*,*,*,*,*
150943,docker.io/library/mysql,9.7.1,pilot/results/sboms/mysql-9.7.1.cdx.json,pkg:rpm/ol/librepo@1.19.0-1.el9?arch=x86_64&distro=ol-9.8&package-id=94f34787ecf2138e&upstream=librepo-1.19.0-1.el9.src.rpm,library,librepo,1.19.0-1.el9,Oracle America,pkg:rpm/ol/librepo@1.19.0-1.el9?arch=x86_64&distro=ol-9.8&upstream=librepo-1.19.0-1.el9.src.rpm,cpe:2.3:a:oracleamerica:librepo:1.19.0-1.el9:*:*:*:*:*:*:*,STRUCTURALLY_VALID,,a,oracleamerica,librepo,1.19.0-1.el9,*,*,*,*,*,*,*
150944,docker.io/library/mysql,9.7.1,pilot/results/sboms/mysql-9.7.1.cdx.json,pkg:rpm/ol/libreport-filesystem@2.15.2-6.0.3.el9?arch=noarch&distro=ol-9.8&package-id=1819a6ad01fb1e48&upstream=libreport-2.15.2-6.0.3.el9.src.rpm,library,libreport-filesystem,2.15.2-6.0.3.el9,Oracle America,pkg:rpm/ol/libreport-filesystem@2.15.2-6.0.3.el9?arch=noarch&distro=ol-9.8&upstream=libreport-2.15.2-6.0.3.el9.src.rpm,cpe:2.3:a:libreport-filesystem:libreport-filesystem:2.15.2-6.0.3.el9:*:*:*:*:*:*:*,STRUCTURALLY_VALID,,a,libreport-filesystem,libreport-filesystem,2.15.2-6.0.3.el9,*,*,*,*,*,*,*
150945,docker.io/library/mysql,9.7.1,pilot/results/sboms/mysql-9.7.1.cdx.json,pkg:rpm/ol/libselinux@3.6-3.el9?arch=x86_64&distro=ol-9.8&package-id=87eb303f9d55df3e&upstream=libselinux-3.6-3.el9.src.rpm,library,libselinux,3.6-3.el9,Oracle America,pkg:rpm/ol/libselinux@3.6-3.el9?arch=x86_64&distro=ol-9.8&upstream=libselinux-3.6-3.el9.src.rpm,cpe:2.3:a:oracleamerica:libselinux:3.6-3.el9:*:*:*:*:*:*:*,STRUCTURALLY_VALID,,a,oracleamerica,libselinux,3.6-3.el9,*,*,*,*,*,*,*
150946,docker.io/library/mysql,9.7.1,pilot/results/sboms/mysql-9.7.1.cdx.json,pkg:rpm/ol/libsemanage@3.6-5.el9_6?arch=x86_64&distro=ol-9.8&package-id=458f9a1998cf6726&upstream=libsemanage-3.6-5.el9_6.src.rpm,library,libsemanage,3.6-5.el9_6,Oracle America,pkg:rpm/ol/libsemanage@3.6-5.el9_6?arch=x86_64&distro=ol-9.8&upstream=libsemanage-3.6-5.el9_6.src.rpm,cpe:2.3:a:oracleamerica:libsemanage:3.6-5.el9_6:*:*:*:*:*:*:*,STRUCTURALLY_VALID,,a,oracleamerica,libsemanage,3.6-5.el9_6,*,*,*,*,*,*,*
150947,docker.io/library/mysql,9.7.1,pilot/results/sboms/mysql-9.7.1.cdx.json,pkg:rpm/ol/libsepol@3.6-3.el9?arch=x86_64&distro=ol-9.8&package-id=a07eb71df0927aa0&upstream=libsepol-3.6-3.el9.src.rpm,library,libsepol,3.6-3.el9,Oracle America,pkg:rpm/ol/libsepol@3.6-3.el9?arch=x86_64&distro=ol-9.8&upstream=libsepol-3.6-3.el9.src.rpm,cpe:2.3:a:oracleamerica:libsepol:3.6-3.el9:*:*:*:*:*:*:*,STRUCTURALLY_VALID,,a,oracleamerica,libsepol,3.6-3.el9,*,*,*,*,*,*,*
150948,docker.io/library/mysql,9.7.1,pilot/results/sboms/mysql-9.7.1.cdx.json,pkg:rpm/ol/libsigsegv@2.13-4.el9?arch=x86_64&distro=ol-9.8&package-id=0f3c9567b4d5825f&upstream=libsigsegv-2.13-4.el9.src.rpm,library,libsigsegv,2.13-4.el9,Oracle America,pkg:rpm/ol/libsigsegv@2.13-4.el9?arch=x86_64&distro=ol-9.8&upstream=libsigsegv-2.13-4.el9.src.rpm,cpe:2.3:a:oracleamerica:libsigsegv:2.13-4.el9:*:*:*:*:*:*:*,STRUCTURALLY_VALID,,a,oracleamerica,libsigsegv,2.13-4.el9,*,*,*,*,*,*,*
150949,docker.io/library/mysql,9.7.1,pilot/results/sboms/mysql-9.7.1.cdx.json,pkg:rpm/ol/libsmartcols@2.37.4-25.0.1.el9?arch=x86_64&distro=ol-9.8&package-id=54ce506734069c5d&upstream=util-linux-2.37.4-25.0.1.el9.src.rpm,library,libsmartcols,2.37.4-25.0.1.el9,Oracle America,pkg:rpm/ol/libsmartcols@2.37.4-25.0.1.el9?arch=x86_64&distro=ol-9.8&upstream=util-linux-2.37.4-25.0.1.el9.src.rpm,cpe:2.3:a:oracleamerica:libsmartcols:2.37.4-25.0.1.el9:*:*:*:*:*:*:*,STRUCTURALLY_VALID,,a,oracleamerica,libsmartcols,2.37.4-25.0.1.el9,*,*,*,*,*,*,*
150950,docker.io/library/mysql,9.7.1,pilot/results/sboms/mysql-9.7.1.cdx.json,pkg:rpm/ol/libsolv@0.7.24-6.el9_8?arch=x86_64&distro=ol-9.8&package-id=e08925937f8a7acc&upstream=libsolv-0.7.24-6.el9_8.src.rpm,library,libsolv,0.7.24-6.el9_8,Oracle America,pkg:rpm/ol/libsolv@0.7.24-6.el9_8?arch=x86_64&distro=ol-9.8&upstream=libsolv-0.7.24-6.el9_8.src.rpm,cpe:2.3:a:oracleamerica:libsolv:0.7.24-6.el9_8:*:*:*:*:*:*:*,STRUCTURALLY_VALID,,a,oracleamerica,libsolv,0.7.24-6.el9_8,*,*,*,*,*,*,*
150951,docker.io/library/mysql,9.7.1,pilot/results/sboms/mysql-9.7.1.cdx.json,pkg:rpm/ol/libssh@0.10.4-18.el9?arch=x86_64&distro=ol-9.8&package-id=b8395ac6c76cff12&upstream=libssh-0.10.4-18.el9.src.rpm,library,libssh,0.10.4-18.el9,Oracle America,pkg:rpm/ol/libssh@0.10.4-18.el9?arch=x86_64&distro=ol-9.8&upstream=libssh-0.10.4-18.el9.src.rpm,cpe:2.3:a:oracleamerica:libssh:0.10.4-18.el9:*:*:*:*:*:*:*,STRUCTURALLY_VALID,,a,oracleamerica,libssh,0.10.4-18.el9,*,*,*,*,*,*,*
150952,docker.io/library/mysql,9.7.1,pilot/results/sboms/mysql-9.7.1.cdx.json,pkg:rpm/ol/libssh-config@0.10.4-18.el9?arch=noarch&distro=ol-9.8&package-id=05e94c3ef2a8ccc1&upstream=libssh-0.10.4-18.el9.src.rpm,library,libssh-config,0.10.4-18.el9,Oracle America,pkg:rpm/ol/libssh-config@0.10.4-18.el9?arch=noarch&distro=ol-9.8&upstream=libssh-0.10.4-18.el9.src.rpm,cpe:2.3:a:libssh-config:libssh-config:0.10.4-18.el9:*:*:*:*:*:*:*,STRUCTURALLY_VALID,,a,libssh-config,libssh-config,0.10.4-18.el9,*,*,*,*,*,*,*
150953,docker.io/library/mysql,9.7.1,pilot/results/sboms/mysql-9.7.1.cdx.json,pkg:rpm/ol/libstdc%2B%2B@11.5.0-14.0.1.el9?arch=x86_64&distro=ol-9.8&package-id=776a2193d6471b8b&upstream=gcc-11.5.0-14.0.1.el9.src.rpm,library,libstdc++,11.5.0-14.0.1.el9,Oracle America,pkg:rpm/ol/libstdc%2B%2B@11.5.0-14.0.1.el9?arch=x86_64&distro=ol-9.8&upstream=gcc-11.5.0-14.0.1.el9.src.rpm,cpe:2.3:a:oracleamerica:libstdc\+\+:11.5.0-14.0.1.el9:*:*:*:*:*:*:*,STRUCTURALLY_VALID,,a,oracleamerica,libstdc\+\+,11.5.0-14.0.1.el9,*,*,*,*,*,*,*
150954,docker.io/library/mysql,9.7.1,pilot/results/sboms/mysql-9.7.1.cdx.json,pkg:rpm/ol/libtasn1@4.16.0-10.el9_8?arch=x86_64&distro=ol-9.8&package-id=544dbe3dbd6adb28&upstream=libtasn1-4.16.0-10.el9_8.src.rpm,library,libtasn1,4.16.0-10.el9_8,Oracle America,pkg:rpm/ol/libtasn1@4.16.0-10.el9_8?arch=x86_64&distro=ol-9.8&upstream=libtasn1-4.16.0-10.el9_8.src.rpm,cpe:2.3:a:oracleamerica:libtasn1:4.16.0-10.el9_8:*:*:*:*:*:*:*,STRUCTURALLY_VALID,,a,oracleamerica,libtasn1,4.16.0-10.el9_8,*,*,*,*,*,*,*
150955,docker.io/library/mysql,9.7.1,pilot/results/sboms/mysql-9.7.1.cdx.json,pkg:rpm/ol/libtirpc@1.3.3-9.el9?arch=x86_64&distro=ol-9.8&package-id=c55c04c03d7fd39f&upstream=libtirpc-1.3.3-9.el9.src.rpm,library,libtirpc,1.3.3-9.el9,Oracle America,pkg:rpm/ol/libtirpc@1.3.3-9.el9?arch=x86_64&distro=ol-9.8&upstream=libtirpc-1.3.3-9.el9.src.rpm,cpe:2.3:a:oracleamerica:libtirpc:1.3.3-9.el9:*:*:*:*:*:*:*,STRUCTURALLY_VALID,,a,oracleamerica,libtirpc,1.3.3-9.el9,*,*,*,*,*,*,*
150956,docker.io/library/mysql,9.7.1,pilot/results/sboms/mysql-9.7.1.cdx.json,pkg:rpm/ol/libtool-ltdl@2.4.6-46.el9?arch=x86_64&distro=ol-9.8&package-id=c87a6f553cd6eee0&upstream=libtool-2.4.6-46.el9.src.rpm,library,libtool-ltdl,2.4.6-46.el9,Oracle America,pkg:rpm/ol/libtool-ltdl@2.4.6-46.el9?arch=x86_64&distro=ol-9.8&upstream=libtool-2.4.6-46.el9.src.rpm,cpe:2.3:a:oracleamerica:libtool-ltdl:2.4.6-46.el9:*:*:*:*:*:*:*,STRUCTURALLY_VALID,,a,oracleamerica,libtool-ltdl,2.4.6-46.el9,*,*,*,*,*,*,*
150957,docker.io/library/mysql,9.7.1,pilot/results/sboms/mysql-9.7.1.cdx.json,pkg:rpm/ol/libunistring@0.9.10-15.el9?arch=x86_64&distro=ol-9.8&package-id=b4a0eb059a83616f&upstream=libunistring-0.9.10-15.el9.src.rpm,library,libunistring,0.9.10-15.el9,Oracle America,pkg:rpm/ol/libunistring@0.9.10-15.el9?arch=x86_64&distro=ol-9.8&upstream=libunistring-0.9.10-15.el9.src.rpm,cpe:2.3:a:oracleamerica:libunistring:0.9.10-15.el9:*:*:*:*:*:*:*,STRUCTURALLY_VALID,,a,oracleamerica,libunistring,0.9.10-15.el9,*,*,*,*,*,*,*
150958,docker.io/library/mysql,9.7.1,pilot/results/sboms/mysql-9.7.1.cdx.json,pkg:rpm/ol/libuuid@2.37.4-25.0.1.el9?arch=x86_64&distro=ol-9.8&package-id=3851e714f0f03882&upstream=util-linux-2.37.4-25.0.1.el9.src.rpm,library,libuuid,2.37.4-25.0.1.el9,Oracle America,pkg:rpm/ol/libuuid@2.37.4-25.0.1.el9?arch=x86_64&distro=ol-9.8&upstream=util-linux-2.37.4-25.0.1.el9.src.rpm,cpe:2.3:a:oracleamerica:libuuid:2.37.4-25.0.1.el9:*:*:*:*:*:*:*,STRUCTURALLY_VALID,,a,oracleamerica,libuuid,2.37.4-25.0.1.el9,*,*,*,*,*,*,*
150959,docker.io/library/mysql,9.7.1,pilot/results/sboms/mysql-9.7.1.cdx.json,pkg:rpm/ol/libverto@0.3.2-3.el9?arch=x86_64&distro=ol-9.8&package-id=917269fc351f3499&upstream=libverto-0.3.2-3.el9.src.rpm,library,libverto,0.3.2-3.el9,Oracle America,pkg:rpm/ol/libverto@0.3.2-3.el9?arch=x86_64&distro=ol-9.8&upstream=libverto-0.3.2-3.el9.src.rpm,cpe:2.3:a:oracleamerica:libverto:0.3.2-3.el9:*:*:*:*:*:*:*,STRUCTURALLY_VALID,,a,oracleamerica,libverto,0.3.2-3.el9,*,*,*,*,*,*,*
150960,docker.io/library/mysql,9.7.1,pilot/results/sboms/mysql-9.7.1.cdx.json,pkg:rpm/ol/libxcrypt@4.4.18-3.el9?arch=x86_64&distro=ol-9.8&package-id=4ba8777652a56a71&upstream=libxcrypt-4.4.18-3.el9.src.rpm,library,libxcrypt,4.4.18-3.el9,Oracle America,pkg:rpm/ol/libxcrypt@4.4.18-3.el9?arch=x86_64&distro=ol-9.8&upstream=libxcrypt-4.4.18-3.el9.src.rpm,cpe:2.3:a:oracleamerica:libxcrypt:4.4.18-3.el9:*:*:*:*:*:*:*,STRUCTURALLY_VALID,,a,oracleamerica,libxcrypt,4.4.18-3.el9,*,*,*,*,*,*,*
150961,docker.io/library/mysql,9.7.1,pilot/results/sboms/mysql-9.7.1.cdx.json,pkg:rpm/ol/libxml2@2.9.13-14.el9_8.2?arch=x86_64&distro=ol-9.8&package-id=beadd071d85993ea&upstream=libxml2-2.9.13-14.el9_8.2.src.rpm,library,libxml2,2.9.13-14.el9_8.2,Oracle America,pkg:rpm/ol/libxml2@2.9.13-14.el9_8.2?arch=x86_64&distro=ol-9.8&upstream=libxml2-2.9.13-14.el9_8.2.src.rpm,cpe:2.3:a:oracleamerica:libxml2:2.9.13-14.el9_8.2:*:*:*:*:*:*:*,STRUCTURALLY_VALID,,a,oracleamerica,libxml2,2.9.13-14.el9_8.2,*,*,*,*,*,*,*
150962,docker.io/library/mysql,9.7.1,pilot/results/sboms/mysql-9.7.1.cdx.json,pkg:rpm/ol/libyaml@0.2.5-7.el9?arch=x86_64&distro=ol-9.8&package-id=353a3755d5581664&upstream=libyaml-0.2.5-7.el9.src.rpm,library,libyaml,0.2.5-7.el9,Oracle America,pkg:rpm/ol/libyaml@0.2.5-7.el9?arch=x86_64&distro=ol-9.8&upstream=libyaml-0.2.5-7.el9.src.rpm,cpe:2.3:a:oracleamerica:libyaml:0.2.5-7.el9:*:*:*:*:*:*:*,STRUCTURALLY_VALID,,a,oracleamerica,libyaml,0.2.5-7.el9,*,*,*,*,*,*,*
150963,docker.io/library/mysql,9.7.1,pilot/results/sboms/mysql-9.7.1.cdx.json,pkg:rpm/ol/libzstd@1.5.5-1.el9?arch=x86_64&distro=ol-9.8&package-id=5e27d00f2823caa7&upstream=zstd-1.5.5-1.el9.src.rpm,library,libzstd,1.5.5-1.el9,Oracle America,pkg:rpm/ol/libzstd@1.5.5-1.el9?arch=x86_64&distro=ol-9.8&upstream=zstd-1.5.5-1.el9.src.rpm,cpe:2.3:a:oracleamerica:libzstd:1.5.5-1.el9:*:*:*:*:*:*:*,STRUCTURALLY_VALID,,a,oracleamerica,libzstd,1.5.5-1.el9,*,*,*,*,*,*,*
150964,docker.io/library/mysql,9.7.1,pilot/results/sboms/mysql-9.7.1.cdx.json,pkg:rpm/ol/lua-libs@5.4.4-4.el9?arch=x86_64&distro=ol-9.8&package-id=05fe187acf0f93f1&upstream=lua-5.4.4-4.el9.src.rpm,library,lua-libs,5.4.4-4.el9,Oracle America,pkg:rpm/ol/lua-libs@5.4.4-4.el9?arch=x86_64&distro=ol-9.8&upstream=lua-5.4.4-4.el9.src.rpm,cpe:2.3:a:oracleamerica:lua-libs:5.4.4-4.el9:*:*:*:*:*:*:*,STRUCTURALLY_VALID,,a,oracleamerica,lua-libs,5.4.4-4.el9,*,*,*,*,*,*,*
150965,docker.io/library/mysql,9.7.1,pilot/results/sboms/mysql-9.7.1.cdx.json,pkg:rpm/ol/lz4-libs@1.9.3-5.el9?arch=x86_64&distro=ol-9.8&package-id=2eff937bcd7e0da5&upstream=lz4-1.9.3-5.el9.src.rpm,library,lz4-libs,1.9.3-5.el9,Oracle America,pkg:rpm/ol/lz4-libs@1.9.3-5.el9?arch=x86_64&distro=ol-9.8&upstream=lz4-1.9.3-5.el9.src.rpm,cpe:2.3:a:oracleamerica:lz4-libs:1.9.3-5.el9:*:*:*:*:*:*:*,STRUCTURALLY_VALID,,a,oracleamerica,lz4-libs,1.9.3-5.el9,*,*,*,*,*,*,*
150966,docker.io/library/mysql,9.7.1,pilot/results/sboms/mysql-9.7.1.cdx.json,pkg:rpm/ol/microdnf@3.9.1-3.el9?arch=x86_64&distro=ol-9.8&package-id=a5eb019e5ed30264&upstream=microdnf-3.9.1-3.el9.src.rpm,library,microdnf,3.9.1-3.el9,Oracle America,pkg:rpm/ol/microdnf@3.9.1-3.el9?arch=x86_64&distro=ol-9.8&upstream=microdnf-3.9.1-3.el9.src.rpm,cpe:2.3:a:oracleamerica:microdnf:3.9.1-3.el9:*:*:*:*:*:*:*,STRUCTURALLY_VALID,,a,oracleamerica,microdnf,3.9.1-3.el9,*,*,*,*,*,*,*
150967,docker.io/library/mysql,9.7.1,pilot/results/sboms/mysql-9.7.1.cdx.json,pkg:npm/migration-shell-plugin@1.0.0?package-id=a87d7cd38337a41a,library,migration-shell-plugin,1.0.0,,pkg:npm/migration-shell-plugin@1.0.0,cpe:2.3:a:migration-shell-plugin:migration-shell-plugin:1.0.0:*:*:*:*:*:*:*,STRUCTURALLY_VALID,,a,migration-shell-plugin,migration-shell-plugin,1.0.0,*,*,*,*,*,*,*
150968,docker.io/library/mysql,9.7.1,pilot/results/sboms/mysql-9.7.1.cdx.json,pkg:rpm/ol/mpfr@4.1.0-10.el9?arch=x86_64&distro=ol-9.8&package-id=44436af9276dfe6a&upstream=mpfr-4.1.0-10.el9.src.rpm,library,mpfr,4.1.0-10.el9,Oracle America,pkg:rpm/ol/mpfr@4.1.0-10.el9?arch=x86_64&distro=ol-9.8&upstream=mpfr-4.1.0-10.el9.src.rpm,cpe:2.3:a:oracleamerica:mpfr:4.1.0-10.el9:*:*:*:*:*:*:*,STRUCTURALLY_VALID,,a,oracleamerica,mpfr,4.1.0-10.el9,*,*,*,*,*,*,*
150969,docker.io/library/mysql,9.7.1,pilot/results/sboms/mysql-9.7.1.cdx.json,pkg:npm/mrs-notes@1.0.1?package-id=dec85fc001629428,library,mrs-notes,1.0.1,,pkg:npm/mrs-notes@1.0.1,cpe:2.3:a:mrs-notes:mrs-notes:1.0.1:*:*:*:*:*:*:*,STRUCTURALLY_VALID,,a,mrs-notes,mrs-notes,1.0.1,*,*,*,*,*,*,*
150970,docker.io/library/mysql,9.7.1,pilot/results/sboms/mysql-9.7.1.cdx.json,pkg:npm/mrs-scripts-example@1.0.0?package-id=baac1bb6b267cd40,library,mrs-scripts-example,1.0.0,,pkg:npm/mrs-scripts-example@1.0.0,cpe:2.3:a:mrs-scripts-example:mrs-scripts-example:1.0.0:*:*:*:*:*:*:*,STRUCTURALLY_VALID,,a,mrs-scripts-example,mrs-scripts-example,1.0.0,*,*,*,*,*,*,*
150971,docker.io/library/mysql,9.7.1,pilot/results/sboms/mysql-9.7.1.cdx.json,pkg:npm/mrs-sdk@0.1.3?package-id=65831b44f7224b76,library,mrs-sdk,0.1.3,,pkg:npm/mrs-sdk@0.1.3,cpe:2.3:a:mrs-sdk:mrs-sdk:0.1.3:*:*:*:*:*:*:*,STRUCTURALLY_VALID,,a,mrs-sdk,mrs-sdk,0.1.3,*,*,*,*,*,*,*
150972,docker.io/library/mysql,9.7.1,pilot/results/sboms/mysql-9.7.1.cdx.json,pkg:npm/mrs-shell-plugin@1.0.0?package-id=f068012103e8a497,library,mrs-shell-plugin,1.0.0,,pkg:npm/mrs-shell-plugin@1.0.0,cpe:2.3:a:mrs-shell-plugin:mrs-shell-plugin:1.0.0:*:*:*:*:*:*:*,STRUCTURALLY_VALID,,a,mrs-shell-plugin,mrs-shell-plugin,1.0.0,*,*,*,*,*,*,*
150973,docker.io/library/mysql,9.7.1,pilot/results/sboms/mysql-9.7.1.cdx.json,pkg:npm/msm-shell-plugin@1.0.0?package-id=77679f5636e04323,library,msm-shell-plugin,1.0.0,,pkg:npm/msm-shell-plugin@1.0.0,cpe:2.3:a:msm-shell-plugin:msm-shell-plugin:1.0.0:*:*:*:*:*:*:*,STRUCTURALLY_VALID,,a,msm-shell-plugin,msm-shell-plugin,1.0.0,*,*,*,*,*,*,*
150974,docker.io/library/mysql,9.7.1,pilot/results/sboms/mysql-9.7.1.cdx.json,pkg:rpm/ol/mysql-community-server-minimal@9.7.1-1.el9?arch=x86_64&distro=ol-9.8&package-id=992d2e110437a126&upstream=mysql-community-minimal-9.7.1-1.el9.src.rpm,library,mysql-community-server-minimal,9.7.1-1.el9,Oracle and/or its affiliates,pkg:rpm/ol/mysql-community-server-minimal@9.7.1-1.el9?arch=x86_64&distro=ol-9.8&upstream=mysql-community-minimal-9.7.1-1.el9.src.rpm,cpe:2.3:a:mysql-community-server-minimal:mysql-community-server-minimal:9.7.1-1.el9:*:*:*:*:*:*:*,STRUCTURALLY_VALID,,a,mysql-community-server-minimal,mysql-community-server-minimal,9.7.1-1.el9,*,*,*,*,*,*,*
150975,docker.io/library/mysql,9.7.1,pilot/results/sboms/mysql-9.7.1.cdx.json,pkg:rpm/ol/mysql-shell@9.7.1-1.el9?arch=x86_64&distro=ol-9.8&package-id=447a26db521f26a1&upstream=mysql-shell-9.7.1-1.el9.src.rpm,library,mysql-shell,9.7.1-1.el9,,pkg:rpm/ol/mysql-shell@9.7.1-1.el9?arch=x86_64&distro=ol-9.8&upstream=mysql-shell-9.7.1-1.el9.src.rpm,cpe:2.3:a:mysql-shell:mysql-shell:9.7.1-1.el9:*:*:*:*:*:*:*,STRUCTURALLY_VALID,,a,mysql-shell,mysql-shell,9.7.1-1.el9,*,*,*,*,*,*,*
150976,docker.io/library/mysql,9.7.1,pilot/results/sboms/mysql-9.7.1.cdx.json,pkg:rpm/ol/ncurses-base@6.2-12.20210508.el9?arch=noarch&distro=ol-9.8&package-id=9285b637ecee492c&upstream=ncurses-6.2-12.20210508.el9.src.rpm,library,ncurses-base,6.2-12.20210508.el9,Oracle America,pkg:rpm/ol/ncurses-base@6.2-12.20210508.el9?arch=noarch&distro=ol-9.8&upstream=ncurses-6.2-12.20210508.el9.src.rpm,cpe:2.3:a:oracleamerica:ncurses-base:6.2-12.20210508.el9:*:*:*:*:*:*:*,STRUCTURALLY_VALID,,a,oracleamerica,ncurses-base,6.2-12.20210508.el9,*,*,*,*,*,*,*
150977,docker.io/library/mysql,9.7.1,pilot/results/sboms/mysql-9.7.1.cdx.json,pkg:rpm/ol/ncurses-libs@6.2-12.20210508.el9?arch=x86_64&distro=ol-9.8&package-id=e46dcdaf566bfbd0&upstream=ncurses-6.2-12.20210508.el9.src.rpm,library,ncurses-libs,6.2-12.20210508.el9,Oracle America,pkg:rpm/ol/ncurses-libs@6.2-12.20210508.el9?arch=x86_64&distro=ol-9.8&upstream=ncurses-6.2-12.20210508.el9.src.rpm,cpe:2.3:a:oracleamerica:ncurses-libs:6.2-12.20210508.el9:*:*:*:*:*:*:*,STRUCTURALLY_VALID,,a,oracleamerica,ncurses-libs,6.2-12.20210508.el9,*,*,*,*,*,*,*
150978,docker.io/library/mysql,9.7.1,pilot/results/sboms/mysql-9.7.1.cdx.json,pkg:rpm/ol/nettle@3.10.1-1.el9?arch=x86_64&distro=ol-9.8&package-id=79c03703a0235caf&upstream=nettle-3.10.1-1.el9.src.rpm,library,nettle,3.10.1-1.el9,Oracle America,pkg:rpm/ol/nettle@3.10.1-1.el9?arch=x86_64&distro=ol-9.8&upstream=nettle-3.10.1-1.el9.src.rpm,cpe:2.3:a:oracleamerica:nettle:3.10.1-1.el9:*:*:*:*:*:*:*,STRUCTURALLY_VALID,,a,oracleamerica,nettle,3.10.1-1.el9,*,*,*,*,*,*,*
150979,docker.io/library/mysql,9.7.1,pilot/results/sboms/mysql-9.7.1.cdx.json,pkg:rpm/ol/npth@1.6-8.el9?arch=x86_64&distro=ol-9.8&package-id=e62bfb32660615ba&upstream=npth-1.6-8.el9.src.rpm,library,npth,1.6-8.el9,Oracle America,pkg:rpm/ol/npth@1.6-8.el9?arch=x86_64&distro=ol-9.8&upstream=npth-1.6-8.el9.src.rpm,cpe:2.3:a:oracleamerica:npth:1.6-8.el9:*:*:*:*:*:*:*,STRUCTURALLY_VALID,,a,oracleamerica,npth,1.6-8.el9,*,*,*,*,*,*,*
150980,docker.io/library/mysql,9.7.1,pilot/results/sboms/mysql-9.7.1.cdx.json,pkg:pypi/oci@2.168.2?package-id=78a982f23a0d1291,library,oci,2.168.2,,pkg:pypi/oci@2.168.2,cpe:2.3:a:oracle_\<joe_levy_project:python-oci:2.168.2:*:*:*:*:*:*:*,STRUCTURALLY_VALID,,a,oracle_\<joe_levy_project,python-oci,2.168.2,*,*,*,*,*,*,*
151024,docker.io/library/mysql,9.7.1,pilot/results/sboms/mysql-9.7.1.cdx.json,os:ol@9.8,operating-system,ol,9.8,,,cpe:2.3:o:oracle:linux:9:8:server:*:*:*:*:*,STRUCTURALLY_VALID,,o,oracle,linux,9,8,server,*,*,*,*,*
150981,docker.io/library/mysql,9.7.1,pilot/results/sboms/mysql-9.7.1.cdx.json,pkg:rpm/ol/openldap@2.6.8-4.el9?arch=x86_64&distro=ol-9.8&package-id=0ee4f8cc5e263b73&upstream=openldap-2.6.8-4.el9.src.rpm,library,openldap,2.6.8-4.el9,Oracle America,pkg:rpm/ol/openldap@2.6.8-4.el9?arch=x86_64&distro=ol-9.8&upstream=openldap-2.6.8-4.el9.src.rpm,cpe:2.3:a:oracleamerica:openldap:2.6.8-4.el9:*:*:*:*:*:*:*,STRUCTURALLY_VALID,,a,oracleamerica,openldap,2.6.8-4.el9,*,*,*,*,*,*,*
150982,docker.io/library/mysql,9.7.1,pilot/results/sboms/mysql-9.7.1.cdx.json,pkg:rpm/ol/openssl@3.5.5-5.0.1.el9_8?arch=x86_64&distro=ol-9.8&epoch=1&package-id=cc52fb014a404426&upstream=openssl-3.5.5-5.0.1.el9_8.src.rpm,library,openssl,1:3.5.5-5.0.1.el9_8,Oracle America,pkg:rpm/ol/openssl@3.5.5-5.0.1.el9_8?arch=x86_64&distro=ol-9.8&epoch=1&upstream=openssl-3.5.5-5.0.1.el9_8.src.rpm,cpe:2.3:a:oracleamerica:openssl:1\:3.5.5-5.0.1.el9_8:*:*:*:*:*:*:*,STRUCTURALLY_VALID,,a,oracleamerica,openssl,1\:3.5.5-5.0.1.el9_8,*,*,*,*,*,*,*
150983,docker.io/library/mysql,9.7.1,pilot/results/sboms/mysql-9.7.1.cdx.json,pkg:rpm/ol/openssl-fips-provider@3.0.7-8.0.1.el9?arch=x86_64&distro=ol-9.8&package-id=efe0f66103b9d827&upstream=openssl-fips-provider-3.0.7-8.0.1.el9.src.rpm,library,openssl-fips-provider,3.0.7-8.0.1.el9,Oracle America,pkg:rpm/ol/openssl-fips-provider@3.0.7-8.0.1.el9?arch=x86_64&distro=ol-9.8&upstream=openssl-fips-provider-3.0.7-8.0.1.el9.src.rpm,cpe:2.3:a:openssl-fips-provider:openssl-fips-provider:3.0.7-8.0.1.el9:*:*:*:*:*:*:*,STRUCTURALLY_VALID,,a,openssl-fips-provider,openssl-fips-provider,3.0.7-8.0.1.el9,*,*,*,*,*,*,*
150984,docker.io/library/mysql,9.7.1,pilot/results/sboms/mysql-9.7.1.cdx.json,pkg:rpm/ol/openssl-fips-provider-so@3.0.7-8.0.1.el9?arch=x86_64&distro=ol-9.8&package-id=2ec3b1bd40988749&upstream=openssl-fips-provider-3.0.7-8.0.1.el9.src.rpm,library,openssl-fips-provider-so,3.0.7-8.0.1.el9,Oracle America,pkg:rpm/ol/openssl-fips-provider-so@3.0.7-8.0.1.el9?arch=x86_64&distro=ol-9.8&upstream=openssl-fips-provider-3.0.7-8.0.1.el9.src.rpm,cpe:2.3:a:openssl-fips-provider-so:openssl-fips-provider-so:3.0.7-8.0.1.el9:*:*:*:*:*:*:*,STRUCTURALLY_VALID,,a,openssl-fips-provider-so,openssl-fips-provider-so,3.0.7-8.0.1.el9,*,*,*,*,*,*,*
150985,docker.io/library/mysql,9.7.1,pilot/results/sboms/mysql-9.7.1.cdx.json,pkg:rpm/ol/openssl-libs@3.5.5-5.0.1.el9_8?arch=x86_64&distro=ol-9.8&epoch=1&package-id=8ecbeb54b744b009&upstream=openssl-3.5.5-5.0.1.el9_8.src.rpm,library,openssl-libs,1:3.5.5-5.0.1.el9_8,Oracle America,pkg:rpm/ol/openssl-libs@3.5.5-5.0.1.el9_8?arch=x86_64&distro=ol-9.8&epoch=1&upstream=openssl-3.5.5-5.0.1.el9_8.src.rpm,cpe:2.3:a:oracleamerica:openssl-libs:1\:3.5.5-5.0.1.el9_8:*:*:*:*:*:*:*,STRUCTURALLY_VALID,,a,oracleamerica,openssl-libs,1\:3.5.5-5.0.1.el9_8,*,*,*,*,*,*,*
150986,docker.io/library/mysql,9.7.1,pilot/results/sboms/mysql-9.7.1.cdx.json,pkg:rpm/ol/oraclelinux-release@9.8-1.0.7.el9?arch=x86_64&distro=ol-9.8&epoch=9&package-id=ecd6d08921616394&upstream=oraclelinux-release-9.8-1.0.7.el9.src.rpm,library,oraclelinux-release,9:9.8-1.0.7.el9,Oracle America,pkg:rpm/ol/oraclelinux-release@9.8-1.0.7.el9?arch=x86_64&distro=ol-9.8&epoch=9&upstream=oraclelinux-release-9.8-1.0.7.el9.src.rpm,cpe:2.3:a:oraclelinux-release:oraclelinux-release:9\:9.8-1.0.7.el9:*:*:*:*:*:*:*,STRUCTURALLY_VALID,,a,oraclelinux-release,oraclelinux-release,9\:9.8-1.0.7.el9,*,*,*,*,*,*,*
150987,docker.io/library/mysql,9.7.1,pilot/results/sboms/mysql-9.7.1.cdx.json,pkg:rpm/ol/oraclelinux-release-el9@1.0-29.el9?arch=x86_64&distro=ol-9.8&package-id=f4cb72bc3f330028&upstream=oraclelinux-release-el9-1.0-29.el9.src.rpm,library,oraclelinux-release-el9,1.0-29.el9,Oracle America,pkg:rpm/ol/oraclelinux-release-el9@1.0-29.el9?arch=x86_64&distro=ol-9.8&upstream=oraclelinux-release-el9-1.0-29.el9.src.rpm,cpe:2.3:a:oraclelinux-release-el9:oraclelinux-release-el9:1.0-29.el9:*:*:*:*:*:*:*,STRUCTURALLY_VALID,,a,oraclelinux-release-el9,oraclelinux-release-el9,1.0-29.el9,*,*,*,*,*,*,*
150988,docker.io/library/mysql,9.7.1,pilot/results/sboms/mysql-9.7.1.cdx.json,pkg:rpm/ol/p11-kit@0.26.2-1.el9?arch=x86_64&distro=ol-9.8&package-id=3bf90a0ba3957128&upstream=p11-kit-0.26.2-1.el9.src.rpm,library,p11-kit,0.26.2-1.el9,Oracle America,pkg:rpm/ol/p11-kit@0.26.2-1.el9?arch=x86_64&distro=ol-9.8&upstream=p11-kit-0.26.2-1.el9.src.rpm,cpe:2.3:a:oracleamerica:p11-kit:0.26.2-1.el9:*:*:*:*:*:*:*,STRUCTURALLY_VALID,,a,oracleamerica,p11-kit,0.26.2-1.el9,*,*,*,*,*,*,*
150989,docker.io/library/mysql,9.7.1,pilot/results/sboms/mysql-9.7.1.cdx.json,pkg:rpm/ol/p11-kit-trust@0.26.2-1.el9?arch=x86_64&distro=ol-9.8&package-id=65f08a6ac42488b4&upstream=p11-kit-0.26.2-1.el9.src.rpm,library,p11-kit-trust,0.26.2-1.el9,Oracle America,pkg:rpm/ol/p11-kit-trust@0.26.2-1.el9?arch=x86_64&distro=ol-9.8&upstream=p11-kit-0.26.2-1.el9.src.rpm,cpe:2.3:a:oracleamerica:p11-kit-trust:0.26.2-1.el9:*:*:*:*:*:*:*,STRUCTURALLY_VALID,,a,oracleamerica,p11-kit-trust,0.26.2-1.el9,*,*,*,*,*,*,*
150990,docker.io/library/mysql,9.7.1,pilot/results/sboms/mysql-9.7.1.cdx.json,pkg:pypi/paramiko@4.0.0?package-id=095b0abc1b17ae1b,library,paramiko,4.0.0,,pkg:pypi/paramiko@4.0.0,cpe:2.3:a:jeff_forcier_\<jeff_project:python-paramiko:4.0.0:*:*:*:*:*:*:*,STRUCTURALLY_VALID,,a,jeff_forcier_\<jeff_project,python-paramiko,4.0.0,*,*,*,*,*,*,*
150991,docker.io/library/mysql,9.7.1,pilot/results/sboms/mysql-9.7.1.cdx.json,pkg:rpm/ol/pcre@8.44-4.el9?arch=x86_64&distro=ol-9.8&package-id=7d356baafb3a75a0&upstream=pcre-8.44-4.el9.src.rpm,library,pcre,8.44-4.el9,Oracle America,pkg:rpm/ol/pcre@8.44-4.el9?arch=x86_64&distro=ol-9.8&upstream=pcre-8.44-4.el9.src.rpm,cpe:2.3:a:oracleamerica:pcre:8.44-4.el9:*:*:*:*:*:*:*,STRUCTURALLY_VALID,,a,oracleamerica,pcre,8.44-4.el9,*,*,*,*,*,*,*
150992,docker.io/library/mysql,9.7.1,pilot/results/sboms/mysql-9.7.1.cdx.json,pkg:rpm/ol/pcre2@10.40-6.0.1.el9?arch=x86_64&distro=ol-9.8&package-id=7039700c36980fe6&upstream=pcre2-10.40-6.0.1.el9.src.rpm,library,pcre2,10.40-6.0.1.el9,Oracle America,pkg:rpm/ol/pcre2@10.40-6.0.1.el9?arch=x86_64&distro=ol-9.8&upstream=pcre2-10.40-6.0.1.el9.src.rpm,cpe:2.3:a:oracleamerica:pcre2:10.40-6.0.1.el9:*:*:*:*:*:*:*,STRUCTURALLY_VALID,,a,oracleamerica,pcre2,10.40-6.0.1.el9,*,*,*,*,*,*,*
150993,docker.io/library/mysql,9.7.1,pilot/results/sboms/mysql-9.7.1.cdx.json,pkg:rpm/ol/pcre2-syntax@10.40-6.0.1.el9?arch=noarch&distro=ol-9.8&package-id=a3bdf1a0c1ef879d&upstream=pcre2-10.40-6.0.1.el9.src.rpm,library,pcre2-syntax,10.40-6.0.1.el9,Oracle America,pkg:rpm/ol/pcre2-syntax@10.40-6.0.1.el9?arch=noarch&distro=ol-9.8&upstream=pcre2-10.40-6.0.1.el9.src.rpm,cpe:2.3:a:oracleamerica:pcre2-syntax:10.40-6.0.1.el9:*:*:*:*:*:*:*,STRUCTURALLY_VALID,,a,oracleamerica,pcre2-syntax,10.40-6.0.1.el9,*,*,*,*,*,*,*
150994,docker.io/library/mysql,9.7.1,pilot/results/sboms/mysql-9.7.1.cdx.json,pkg:pypi/pip@25.3?package-id=acb8e55e306c16c4,library,pip,25.3,,pkg:pypi/pip@25.3,cpe:2.3:a:pip_developers_\<distutils_sig_project:python-pip:25.3:*:*:*:*:*:*:*,STRUCTURALLY_VALID,,a,pip_developers_\<distutils_sig_project,python-pip,25.3,*,*,*,*,*,*,*
150995,docker.io/library/mysql,9.7.1,pilot/results/sboms/mysql-9.7.1.cdx.json,pkg:rpm/ol/popt@1.18-8.el9?arch=x86_64&distro=ol-9.8&package-id=e7466964de2944a3&upstream=popt-1.18-8.el9.src.rpm,library,popt,1.18-8.el9,Oracle America,pkg:rpm/ol/popt@1.18-8.el9?arch=x86_64&distro=ol-9.8&upstream=popt-1.18-8.el9.src.rpm,cpe:2.3:a:oracleamerica:popt:1.18-8.el9:*:*:*:*:*:*:*,STRUCTURALLY_VALID,,a,oracleamerica,popt,1.18-8.el9,*,*,*,*,*,*,*
150996,docker.io/library/mysql,9.7.1,pilot/results/sboms/mysql-9.7.1.cdx.json,pkg:rpm/ol/publicsuffix-list-dafsa@20210518-3.el9?arch=noarch&distro=ol-9.8&package-id=428da087a17a7999&upstream=publicsuffix-list-20210518-3.el9.src.rpm,library,publicsuffix-list-dafsa,20210518-3.el9,Oracle America,pkg:rpm/ol/publicsuffix-list-dafsa@20210518-3.el9?arch=noarch&distro=ol-9.8&upstream=publicsuffix-list-20210518-3.el9.src.rpm,cpe:2.3:a:publicsuffix-list-dafsa:publicsuffix-list-dafsa:20210518-3.el9:*:*:*:*:*:*:*,STRUCTURALLY_VALID,,a,publicsuffix-list-dafsa,publicsuffix-list-dafsa,20210518-3.el9,*,*,*,*,*,*,*
150997,docker.io/library/mysql,9.7.1,pilot/results/sboms/mysql-9.7.1.cdx.json,pkg:pypi/pycparser@3.0?package-id=a3044ee31a7e27f8,library,pycparser,3.0,,pkg:pypi/pycparser@3.0,cpe:2.3:a:eli_bendersky_\<eliben_project:python-pycparser:3.0:*:*:*:*:*:*:*,STRUCTURALLY_VALID,,a,eli_bendersky_\<eliben_project,python-pycparser,3.0,*,*,*,*,*,*,*
150998,docker.io/library/mysql,9.7.1,pilot/results/sboms/mysql-9.7.1.cdx.json,pkg:pypi/pynacl@1.6.2?package-id=2e0b6f4b87af15d3,library,pynacl,1.6.2,,pkg:pypi/pynacl@1.6.2,cpe:2.3:a:pynacl_developers_\<cryptography_dev_project:python-pynacl:1.6.2:*:*:*:*:*:*:*,STRUCTURALLY_VALID,,a,pynacl_developers_\<cryptography_dev_project,python-pynacl,1.6.2,*,*,*,*,*,*,*
150999,docker.io/library/mysql,9.7.1,pilot/results/sboms/mysql-9.7.1.cdx.json,pkg:pypi/pyopenssl@25.3.0?package-id=db7028ea1f5dbfaa,library,pyopenssl,25.3.0,,pkg:pypi/pyopenssl@25.3.0,cpe:2.3:a:pyopenssl_developers_project:python-pyopenssl:25.3.0:*:*:*:*:*:*:*,STRUCTURALLY_VALID,,a,pyopenssl_developers_project,python-pyopenssl,25.3.0,*,*,*,*,*,*,*
151000,docker.io/library/mysql,9.7.1,pilot/results/sboms/mysql-9.7.1.cdx.json,pkg:pypi/python-dateutil@2.9.0.post0?package-id=9fa9532ee27cd856,library,python-dateutil,2.9.0.post0,,pkg:pypi/python-dateutil@2.9.0.post0,cpe:2.3:a:gustavo_niemeyer_project:python-dateutil:2.9.0.post0:*:*:*:*:*:*:*,STRUCTURALLY_VALID,,a,gustavo_niemeyer_project,python-dateutil,2.9.0.post0,*,*,*,*,*,*,*
151001,docker.io/library/mysql,9.7.1,pilot/results/sboms/mysql-9.7.1.cdx.json,pkg:pypi/pytz@2026.1.post1?package-id=ef00891928b3bc78,library,pytz,2026.1.post1,,pkg:pypi/pytz@2026.1.post1,cpe:2.3:a:stuart_bishop_project:python-pytz:2026.1.post1:*:*:*:*:*:*:*,STRUCTURALLY_VALID,,a,stuart_bishop_project,python-pytz,2026.1.post1,*,*,*,*,*,*,*
151002,docker.io/library/mysql,9.7.1,pilot/results/sboms/mysql-9.7.1.cdx.json,pkg:pypi/pyyaml@6.0.2?package-id=da899dd131751f18,library,pyyaml,6.0.2,,pkg:pypi/pyyaml@6.0.2,cpe:2.3:a:kirill_simonov_project:python-pyyaml:6.0.2:*:*:*:*:*:*:*,STRUCTURALLY_VALID,,a,kirill_simonov_project,python-pyyaml,6.0.2,*,*,*,*,*,*,*
151003,docker.io/library/mysql,9.7.1,pilot/results/sboms/mysql-9.7.1.cdx.json,pkg:rpm/ol/readline@8.1-4.el9?arch=x86_64&distro=ol-9.8&package-id=77861b70213c6620&upstream=readline-8.1-4.el9.src.rpm,library,readline,8.1-4.el9,Oracle America,pkg:rpm/ol/readline@8.1-4.el9?arch=x86_64&distro=ol-9.8&upstream=readline-8.1-4.el9.src.rpm,cpe:2.3:a:oracleamerica:readline:8.1-4.el9:*:*:*:*:*:*:*,STRUCTURALLY_VALID,,a,oracleamerica,readline,8.1-4.el9,*,*,*,*,*,*,*
151004,docker.io/library/mysql,9.7.1,pilot/results/sboms/mysql-9.7.1.cdx.json,pkg:rpm/ol/redhat-release@9.8-0.7.0.1.el9?arch=x86_64&distro=ol-9.8&epoch=3&package-id=ccf67a6e674d73ad&upstream=redhat-release-9.8-0.7.0.1.el9.src.rpm,library,redhat-release,3:9.8-0.7.0.1.el9,Oracle America,pkg:rpm/ol/redhat-release@9.8-0.7.0.1.el9?arch=x86_64&distro=ol-9.8&epoch=3&upstream=redhat-release-9.8-0.7.0.1.el9.src.rpm,cpe:2.3:a:redhat-release:redhat-release:3\:9.8-0.7.0.1.el9:*:*:*:*:*:*:*,STRUCTURALLY_VALID,,a,redhat-release,redhat-release,3\:9.8-0.7.0.1.el9,*,*,*,*,*,*,*
151005,docker.io/library/mysql,9.7.1,pilot/results/sboms/mysql-9.7.1.cdx.json,pkg:rpm/ol/rpm@4.16.1.3-40.el9?arch=x86_64&distro=ol-9.8&package-id=f0deed6cf9b1b42a&upstream=rpm-4.16.1.3-40.el9.src.rpm,library,rpm,4.16.1.3-40.el9,Oracle America,pkg:rpm/ol/rpm@4.16.1.3-40.el9?arch=x86_64&distro=ol-9.8&upstream=rpm-4.16.1.3-40.el9.src.rpm,cpe:2.3:a:oracleamerica:rpm:4.16.1.3-40.el9:*:*:*:*:*:*:*,STRUCTURALLY_VALID,,a,oracleamerica,rpm,4.16.1.3-40.el9,*,*,*,*,*,*,*
151006,docker.io/library/mysql,9.7.1,pilot/results/sboms/mysql-9.7.1.cdx.json,pkg:rpm/ol/rpm-libs@4.16.1.3-40.el9?arch=x86_64&distro=ol-9.8&package-id=079881d77a307598&upstream=rpm-4.16.1.3-40.el9.src.rpm,library,rpm-libs,4.16.1.3-40.el9,Oracle America,pkg:rpm/ol/rpm-libs@4.16.1.3-40.el9?arch=x86_64&distro=ol-9.8&upstream=rpm-4.16.1.3-40.el9.src.rpm,cpe:2.3:a:oracleamerica:rpm-libs:4.16.1.3-40.el9:*:*:*:*:*:*:*,STRUCTURALLY_VALID,,a,oracleamerica,rpm-libs,4.16.1.3-40.el9,*,*,*,*,*,*,*
151007,docker.io/library/mysql,9.7.1,pilot/results/sboms/mysql-9.7.1.cdx.json,pkg:rpm/ol/sed@4.8-10.el9?arch=x86_64&distro=ol-9.8&package-id=65c11dde4f2816d6&upstream=sed-4.8-10.el9.src.rpm,library,sed,4.8-10.el9,Oracle America,pkg:rpm/ol/sed@4.8-10.el9?arch=x86_64&distro=ol-9.8&upstream=sed-4.8-10.el9.src.rpm,cpe:2.3:a:oracleamerica:sed:4.8-10.el9:*:*:*:*:*:*:*,STRUCTURALLY_VALID,,a,oracleamerica,sed,4.8-10.el9,*,*,*,*,*,*,*
151008,docker.io/library/mysql,9.7.1,pilot/results/sboms/mysql-9.7.1.cdx.json,pkg:rpm/ol/setup@2.13.7-10.el9?arch=noarch&distro=ol-9.8&package-id=e4059535f95e00d5&upstream=setup-2.13.7-10.el9.src.rpm,library,setup,2.13.7-10.el9,Oracle America,pkg:rpm/ol/setup@2.13.7-10.el9?arch=noarch&distro=ol-9.8&upstream=setup-2.13.7-10.el9.src.rpm,cpe:2.3:a:oracleamerica:setup:2.13.7-10.el9:*:*:*:*:*:*:*,STRUCTURALLY_VALID,,a,oracleamerica,setup,2.13.7-10.el9,*,*,*,*,*,*,*
151009,docker.io/library/mysql,9.7.1,pilot/results/sboms/mysql-9.7.1.cdx.json,pkg:rpm/ol/shadow-utils@4.9-16.el9?arch=x86_64&distro=ol-9.8&epoch=2&package-id=569935a7d95103e2&upstream=shadow-utils-4.9-16.el9.src.rpm,library,shadow-utils,2:4.9-16.el9,Oracle America,pkg:rpm/ol/shadow-utils@4.9-16.el9?arch=x86_64&distro=ol-9.8&epoch=2&upstream=shadow-utils-4.9-16.el9.src.rpm,cpe:2.3:a:oracleamerica:shadow-utils:2\:4.9-16.el9:*:*:*:*:*:*:*,STRUCTURALLY_VALID,,a,oracleamerica,shadow-utils,2\:4.9-16.el9,*,*,*,*,*,*,*
151010,docker.io/library/mysql,9.7.1,pilot/results/sboms/mysql-9.7.1.cdx.json,pkg:pypi/six@1.17.0?package-id=3d7e05b82a364205,library,six,1.17.0,,pkg:pypi/six@1.17.0,cpe:2.3:a:benjamin_peterson_project:python-six:1.17.0:*:*:*:*:*:*:*,STRUCTURALLY_VALID,,a,benjamin_peterson_project,python-six,1.17.0,*,*,*,*,*,*,*
151011,docker.io/library/mysql,9.7.1,pilot/results/sboms/mysql-9.7.1.cdx.json,pkg:rpm/ol/sqlite-libs@3.34.1-10.el9_8?arch=x86_64&distro=ol-9.8&package-id=8298b44ce2c4e2ff&upstream=sqlite-3.34.1-10.el9_8.src.rpm,library,sqlite-libs,3.34.1-10.el9_8,Oracle America,pkg:rpm/ol/sqlite-libs@3.34.1-10.el9_8?arch=x86_64&distro=ol-9.8&upstream=sqlite-3.34.1-10.el9_8.src.rpm,cpe:2.3:a:oracleamerica:sqlite-libs:3.34.1-10.el9_8:*:*:*:*:*:*:*,STRUCTURALLY_VALID,,a,oracleamerica,sqlite-libs,3.34.1-10.el9_8,*,*,*,*,*,*,*
151012,docker.io/library/mysql,9.7.1,pilot/results/sboms/mysql-9.7.1.cdx.json,pkg:golang/stdlib@1.24.6?package-id=c5726b35636bdfbb,library,stdlib,go1.24.6,,pkg:golang/stdlib@1.24.6,cpe:2.3:a:golang:go:1.24.6:-:*:*:*:*:*:*,STRUCTURALLY_VALID,,a,golang,go,1.24.6,-,*,*,*,*,*,*
151013,docker.io/library/mysql,9.7.1,pilot/results/sboms/mysql-9.7.1.cdx.json,pkg:pypi/svg-py@1.6.0?package-id=4a50e1c28b346308,library,svg-py,1.6.0,,pkg:pypi/svg-py@1.6.0,cpe:2.3:a:python-svg-py:python-svg-py:1.6.0:*:*:*:*:*:*:*,STRUCTURALLY_VALID,,a,python-svg-py,python-svg-py,1.6.0,*,*,*,*,*,*,*
151014,docker.io/library/mysql,9.7.1,pilot/results/sboms/mysql-9.7.1.cdx.json,pkg:rpm/ol/systemd-libs@252-67.0.1.el9_8.4?arch=x86_64&distro=ol-9.8&package-id=7af604f9622e7323&upstream=systemd-252-67.0.1.el9_8.4.src.rpm,library,systemd-libs,252-67.0.1.el9_8.4,Oracle America,pkg:rpm/ol/systemd-libs@252-67.0.1.el9_8.4?arch=x86_64&distro=ol-9.8&upstream=systemd-252-67.0.1.el9_8.4.src.rpm,cpe:2.3:a:oracleamerica:systemd-libs:252-67.0.1.el9_8.4:*:*:*:*:*:*:*,STRUCTURALLY_VALID,,a,oracleamerica,systemd-libs,252-67.0.1.el9_8.4,*,*,*,*,*,*,*
151015,docker.io/library/mysql,9.7.1,pilot/results/sboms/mysql-9.7.1.cdx.json,pkg:rpm/ol/tar@1.34-11.el9?arch=x86_64&distro=ol-9.8&epoch=2&package-id=5eb7006b90658eb7&upstream=tar-1.34-11.el9.src.rpm,library,tar,2:1.34-11.el9,Oracle America,pkg:rpm/ol/tar@1.34-11.el9?arch=x86_64&distro=ol-9.8&epoch=2&upstream=tar-1.34-11.el9.src.rpm,cpe:2.3:a:oracleamerica:tar:2\:1.34-11.el9:*:*:*:*:*:*:*,STRUCTURALLY_VALID,,a,oracleamerica,tar,2\:1.34-11.el9,*,*,*,*,*,*,*
151016,docker.io/library/mysql,9.7.1,pilot/results/sboms/mysql-9.7.1.cdx.json,pkg:pypi/typing-extensions@4.15.0?package-id=60213f0ccea97fe2,library,typing-extensions,4.15.0,,pkg:pypi/typing-extensions@4.15.0,cpe:2.3:a:python-typing-extensions:python-typing-extensions:4.15.0:*:*:*:*:*:*:*,STRUCTURALLY_VALID,,a,python-typing-extensions,python-typing-extensions,4.15.0,*,*,*,*,*,*,*
151017,docker.io/library/mysql,9.7.1,pilot/results/sboms/mysql-9.7.1.cdx.json,pkg:rpm/ol/tzdata@2026b-1.el9?arch=noarch&distro=ol-9.8&package-id=84966fd005e2647b&upstream=tzdata-2026b-1.el9.src.rpm,library,tzdata,2026b-1.el9,Oracle America,pkg:rpm/ol/tzdata@2026b-1.el9?arch=noarch&distro=ol-9.8&upstream=tzdata-2026b-1.el9.src.rpm,cpe:2.3:a:oracleamerica:tzdata:2026b-1.el9:*:*:*:*:*:*:*,STRUCTURALLY_VALID,,a,oracleamerica,tzdata,2026b-1.el9,*,*,*,*,*,*,*
151018,docker.io/library/mysql,9.7.1,pilot/results/sboms/mysql-9.7.1.cdx.json,pkg:pypi/urllib3@2.6.3?package-id=6b8986433b590494,library,urllib3,2.6.3,,pkg:pypi/urllib3@2.6.3,cpe:2.3:a:python:urllib3:2.6.3:*:*:*:*:*:*:*,STRUCTURALLY_VALID,,a,python,urllib3,2.6.3,*,*,*,*,*,*,*
151019,docker.io/library/mysql,9.7.1,pilot/results/sboms/mysql-9.7.1.cdx.json,pkg:npm/utils-shell-plugin@1.0.0?package-id=21ff2028882bd391,library,utils-shell-plugin,1.0.0,,pkg:npm/utils-shell-plugin@1.0.0,cpe:2.3:a:utils-shell-plugin:utils-shell-plugin:1.0.0:*:*:*:*:*:*:*,STRUCTURALLY_VALID,,a,utils-shell-plugin,utils-shell-plugin,1.0.0,*,*,*,*,*,*,*
151020,docker.io/library/mysql,9.7.1,pilot/results/sboms/mysql-9.7.1.cdx.json,pkg:rpm/ol/xz@5.2.5-8.el9_0?arch=x86_64&distro=ol-9.8&package-id=369c8510331fbd0b&upstream=xz-5.2.5-8.el9_0.src.rpm,library,xz,5.2.5-8.el9_0,Oracle America,pkg:rpm/ol/xz@5.2.5-8.el9_0?arch=x86_64&distro=ol-9.8&upstream=xz-5.2.5-8.el9_0.src.rpm,cpe:2.3:a:oracleamerica:xz:5.2.5-8.el9_0:*:*:*:*:*:*:*,STRUCTURALLY_VALID,,a,oracleamerica,xz,5.2.5-8.el9_0,*,*,*,*,*,*,*
151021,docker.io/library/mysql,9.7.1,pilot/results/sboms/mysql-9.7.1.cdx.json,pkg:rpm/ol/xz-libs@5.2.5-8.el9_0?arch=x86_64&distro=ol-9.8&package-id=5211803fa6f2a355&upstream=xz-5.2.5-8.el9_0.src.rpm,library,xz-libs,5.2.5-8.el9_0,Oracle America,pkg:rpm/ol/xz-libs@5.2.5-8.el9_0?arch=x86_64&distro=ol-9.8&upstream=xz-5.2.5-8.el9_0.src.rpm,cpe:2.3:a:oracleamerica:xz-libs:5.2.5-8.el9_0:*:*:*:*:*:*:*,STRUCTURALLY_VALID,,a,oracleamerica,xz-libs,5.2.5-8.el9_0,*,*,*,*,*,*,*
151022,docker.io/library/mysql,9.7.1,pilot/results/sboms/mysql-9.7.1.cdx.json,pkg:rpm/ol/zlib@1.2.11-40.el9?arch=x86_64&distro=ol-9.8&package-id=853211c99ae9b8bf&upstream=zlib-1.2.11-40.el9.src.rpm,library,zlib,1.2.11-40.el9,Oracle America,pkg:rpm/ol/zlib@1.2.11-40.el9?arch=x86_64&distro=ol-9.8&upstream=zlib-1.2.11-40.el9.src.rpm,cpe:2.3:a:oracleamerica:zlib:1.2.11-40.el9:*:*:*:*:*:*:*,STRUCTURALLY_VALID,,a,oracleamerica,zlib,1.2.11-40.el9,*,*,*,*,*,*,*
151023,docker.io/library/mysql,9.7.1,pilot/results/sboms/mysql-9.7.1.cdx.json,pkg:rpm/ol/zstd@1.5.5-1.el9?arch=x86_64&distro=ol-9.8&package-id=e8e632da4adeaf74&upstream=zstd-1.5.5-1.el9.src.rpm,library,zstd,1.5.5-1.el9,Oracle America,pkg:rpm/ol/zstd@1.5.5-1.el9?arch=x86_64&distro=ol-9.8&upstream=zstd-1.5.5-1.el9.src.rpm,cpe:2.3:a:oracleamerica:zstd:1.5.5-1.el9:*:*:*:*:*:*:*,STRUCTURALLY_VALID,,a,oracleamerica,zstd,1.5.5-1.el9,*,*,*,*,*,*,*
89941,docker.io/library/nginx,1.30.4,pilot/results/sboms/nginx-1.30.4.cdx.json,pkg:deb/debian/apt@3.0.3?arch=amd64&distro=debian-13.6&package-id=0ea1a43670a5d18e,library,apt,3.0.3,APT Development Team <deity@lists.debian.org>,pkg:deb/debian/apt@3.0.3?arch=amd64&distro=debian-13.6,cpe:2.3:a:apt:apt:3.0.3:*:*:*:*:*:*:*,STRUCTURALLY_VALID,,a,apt,apt,3.0.3,*,*,*,*,*,*,*
89942,docker.io/library/nginx,1.30.4,pilot/results/sboms/nginx-1.30.4.cdx.json,pkg:deb/debian/base-files@13.8%2Bdeb13u6?arch=amd64&distro=debian-13.6&package-id=852e09cf2b9dfd87,library,base-files,13.8+deb13u6,Santiago Vila <sanvila@debian.org>,pkg:deb/debian/base-files@13.8%2Bdeb13u6?arch=amd64&distro=debian-13.6,cpe:2.3:a:base-files:base-files:13.8\+deb13u6:*:*:*:*:*:*:*,STRUCTURALLY_VALID,,a,base-files,base-files,13.8\+deb13u6,*,*,*,*,*,*,*
89943,docker.io/library/nginx,1.30.4,pilot/results/sboms/nginx-1.30.4.cdx.json,pkg:deb/debian/base-passwd@3.6.7?arch=amd64&distro=debian-13.6&package-id=44aca50e14654da9,library,base-passwd,3.6.7,Shadow package maintainers <pkg-shadow-devel@lists.alioth.debian.org>,pkg:deb/debian/base-passwd@3.6.7?arch=amd64&distro=debian-13.6,cpe:2.3:a:base-passwd:base-passwd:3.6.7:*:*:*:*:*:*:*,STRUCTURALLY_VALID,,a,base-passwd,base-passwd,3.6.7,*,*,*,*,*,*,*
89944,docker.io/library/nginx,1.30.4,pilot/results/sboms/nginx-1.30.4.cdx.json,pkg:deb/debian/bash@5.2.37-2%2Bb9?arch=amd64&distro=debian-13.6&package-id=ca6f1c985bc1aba9&upstream=bash%405.2.37-2,library,bash,5.2.37-2+b9,Matthias Klose <doko@debian.org>,pkg:deb/debian/bash@5.2.37-2%2Bb9?arch=amd64&distro=debian-13.6&upstream=bash%405.2.37-2,cpe:2.3:a:bash:bash:5.2.37-2\+b9:*:*:*:*:*:*:*,STRUCTURALLY_VALID,,a,bash,bash,5.2.37-2\+b9,*,*,*,*,*,*,*
89945,docker.io/library/nginx,1.30.4,pilot/results/sboms/nginx-1.30.4.cdx.json,pkg:deb/debian/bsdutils@1%3A2.41-5?arch=amd64&distro=debian-13.6&package-id=15791da16e435065&upstream=util-linux%402.41-5,library,bsdutils,1:2.41-5,Chris Hofstaedtler <zeha@debian.org>,pkg:deb/debian/bsdutils@1%3A2.41-5?arch=amd64&distro=debian-13.6&upstream=util-linux%402.41-5,cpe:2.3:a:bsdutils:bsdutils:1\:2.41-5:*:*:*:*:*:*:*,STRUCTURALLY_VALID,,a,bsdutils,bsdutils,1\:2.41-5,*,*,*,*,*,*,*
89946,docker.io/library/nginx,1.30.4,pilot/results/sboms/nginx-1.30.4.cdx.json,pkg:deb/debian/ca-certificates@20250419?arch=all&distro=debian-13.6&package-id=f80dc4f1a1be6794,library,ca-certificates,20250419,Julien Cristau <jcristau@debian.org>,pkg:deb/debian/ca-certificates@20250419?arch=all&distro=debian-13.6,cpe:2.3:a:ca-certificates:ca-certificates:20250419:*:*:*:*:*:*:*,STRUCTURALLY_VALID,,a,ca-certificates,ca-certificates,20250419,*,*,*,*,*,*,*
89947,docker.io/library/nginx,1.30.4,pilot/results/sboms/nginx-1.30.4.cdx.json,pkg:deb/debian/coreutils@9.7-3?arch=amd64&distro=debian-13.6&package-id=2f8436d480a75c8c,library,coreutils,9.7-3,Michael Stone <mstone@debian.org>,pkg:deb/debian/coreutils@9.7-3?arch=amd64&distro=debian-13.6,cpe:2.3:a:coreutils:coreutils:9.7-3:*:*:*:*:*:*:*,STRUCTURALLY_VALID,,a,coreutils,coreutils,9.7-3,*,*,*,*,*,*,*
89948,docker.io/library/nginx,1.30.4,pilot/results/sboms/nginx-1.30.4.cdx.json,pkg:deb/debian/curl@8.14.1-2%2Bdeb13u4?arch=amd64&distro=debian-13.6&package-id=042b1fb7243a134f,library,curl,8.14.1-2+deb13u4,Debian Curl Maintainers <team+curl@tracker.debian.org>,pkg:deb/debian/curl@8.14.1-2%2Bdeb13u4?arch=amd64&distro=debian-13.6,cpe:2.3:a:curl:curl:8.14.1-2\+deb13u4:*:*:*:*:*:*:*,STRUCTURALLY_VALID,,a,curl,curl,8.14.1-2\+deb13u4,*,*,*,*,*,*,*
89949,docker.io/library/nginx,1.30.4,pilot/results/sboms/nginx-1.30.4.cdx.json,pkg:deb/debian/dash@0.5.12-12?arch=amd64&distro=debian-13.6&package-id=e919b2d690c3a4f3,library,dash,0.5.12-12,Andrej Shadura <andrewsh@debian.org>,pkg:deb/debian/dash@0.5.12-12?arch=amd64&distro=debian-13.6,cpe:2.3:a:dash:dash:0.5.12-12:*:*:*:*:*:*:*,STRUCTURALLY_VALID,,a,dash,dash,0.5.12-12,*,*,*,*,*,*,*
89950,docker.io/library/nginx,1.30.4,pilot/results/sboms/nginx-1.30.4.cdx.json,pkg:deb/debian/debconf@1.5.91?arch=all&distro=debian-13.6&package-id=0f203ecbcf805e2b,library,debconf,1.5.91,Debconf Developers <debconf-devel@lists.alioth.debian.org>,pkg:deb/debian/debconf@1.5.91?arch=all&distro=debian-13.6,cpe:2.3:a:debconf:debconf:1.5.91:*:*:*:*:*:*:*,STRUCTURALLY_VALID,,a,debconf,debconf,1.5.91,*,*,*,*,*,*,*
89951,docker.io/library/nginx,1.30.4,pilot/results/sboms/nginx-1.30.4.cdx.json,pkg:deb/debian/debian-archive-keyring@2025.1?arch=all&distro=debian-13.6&package-id=7991e18ee6aee390,library,debian-archive-keyring,2025.1,Debian Release Team <packages@release.debian.org>,pkg:deb/debian/debian-archive-keyring@2025.1?arch=all&distro=debian-13.6,cpe:2.3:a:debian-archive-keyring:debian-archive-keyring:2025.1:*:*:*:*:*:*:*,STRUCTURALLY_VALID,,a,debian-archive-keyring,debian-archive-keyring,2025.1,*,*,*,*,*,*,*
89952,docker.io/library/nginx,1.30.4,pilot/results/sboms/nginx-1.30.4.cdx.json,pkg:deb/debian/debianutils@5.23.2?arch=amd64&distro=debian-13.6&package-id=1a372c2eb99c9c63,library,debianutils,5.23.2,Ileana Dumitrescu <ileanadumitrescu95@gmail.com>,pkg:deb/debian/debianutils@5.23.2?arch=amd64&distro=debian-13.6,cpe:2.3:a:debianutils:debianutils:5.23.2:*:*:*:*:*:*:*,STRUCTURALLY_VALID,,a,debianutils,debianutils,5.23.2,*,*,*,*,*,*,*
89953,docker.io/library/nginx,1.30.4,pilot/results/sboms/nginx-1.30.4.cdx.json,pkg:deb/debian/diffutils@1%3A3.10-4?arch=amd64&distro=debian-13.6&package-id=928a2837cd45ff34,library,diffutils,1:3.10-4,Santiago Vila <sanvila@debian.org>,pkg:deb/debian/diffutils@1%3A3.10-4?arch=amd64&distro=debian-13.6,cpe:2.3:a:diffutils:diffutils:1\:3.10-4:*:*:*:*:*:*:*,STRUCTURALLY_VALID,,a,diffutils,diffutils,1\:3.10-4,*,*,*,*,*,*,*
89954,docker.io/library/nginx,1.30.4,pilot/results/sboms/nginx-1.30.4.cdx.json,pkg:deb/debian/dpkg@1.22.22?arch=amd64&distro=debian-13.6&package-id=3fcb1891109bbf9a,library,dpkg,1.22.22,Dpkg Developers <debian-dpkg@lists.debian.org>,pkg:deb/debian/dpkg@1.22.22?arch=amd64&distro=debian-13.6,cpe:2.3:a:dpkg:dpkg:1.22.22:*:*:*:*:*:*:*,STRUCTURALLY_VALID,,a,dpkg,dpkg,1.22.22,*,*,*,*,*,*,*
89955,docker.io/library/nginx,1.30.4,pilot/results/sboms/nginx-1.30.4.cdx.json,pkg:deb/debian/findutils@4.10.0-3?arch=amd64&distro=debian-13.6&package-id=d26956c159c0ed3a,library,findutils,4.10.0-3,Andreas Metzler <ametzler@debian.org>,pkg:deb/debian/findutils@4.10.0-3?arch=amd64&distro=debian-13.6,cpe:2.3:a:findutils:findutils:4.10.0-3:*:*:*:*:*:*:*,STRUCTURALLY_VALID,,a,findutils,findutils,4.10.0-3,*,*,*,*,*,*,*
89956,docker.io/library/nginx,1.30.4,pilot/results/sboms/nginx-1.30.4.cdx.json,pkg:deb/debian/fontconfig-config@2.15.0-2.3?arch=amd64&distro=debian-13.6&package-id=8bf37589951e0cc1&upstream=fontconfig,library,fontconfig-config,2.15.0-2.3,Debian freedesktop.org maintainers <pkg-freedesktop-maintainers@lists.alioth.debian.org>,pkg:deb/debian/fontconfig-config@2.15.0-2.3?arch=amd64&distro=debian-13.6&upstream=fontconfig,cpe:2.3:a:fontconfig-config:fontconfig-config:2.15.0-2.3:*:*:*:*:*:*:*,STRUCTURALLY_VALID,,a,fontconfig-config,fontconfig-config,2.15.0-2.3,*,*,*,*,*,*,*
89957,docker.io/library/nginx,1.30.4,pilot/results/sboms/nginx-1.30.4.cdx.json,pkg:deb/debian/fonts-dejavu-core@2.37-8?arch=all&distro=debian-13.6&package-id=c784ac1ecc2fa94f&upstream=fonts-dejavu,library,fonts-dejavu-core,2.37-8,Debian Fonts Task Force <debian-fonts@lists.debian.org>,pkg:deb/debian/fonts-dejavu-core@2.37-8?arch=all&distro=debian-13.6&upstream=fonts-dejavu,cpe:2.3:a:fonts-dejavu-core:fonts-dejavu-core:2.37-8:*:*:*:*:*:*:*,STRUCTURALLY_VALID,,a,fonts-dejavu-core,fonts-dejavu-core,2.37-8,*,*,*,*,*,*,*
89958,docker.io/library/nginx,1.30.4,pilot/results/sboms/nginx-1.30.4.cdx.json,pkg:deb/debian/fonts-dejavu-mono@2.37-8?arch=all&distro=debian-13.6&package-id=e0afbe4a78df6b17&upstream=fonts-dejavu,library,fonts-dejavu-mono,2.37-8,Debian Fonts Task Force <debian-fonts@lists.debian.org>,pkg:deb/debian/fonts-dejavu-mono@2.37-8?arch=all&distro=debian-13.6&upstream=fonts-dejavu,cpe:2.3:a:fonts-dejavu-mono:fonts-dejavu-mono:2.37-8:*:*:*:*:*:*:*,STRUCTURALLY_VALID,,a,fonts-dejavu-mono,fonts-dejavu-mono,2.37-8,*,*,*,*,*,*,*
89959,docker.io/library/nginx,1.30.4,pilot/results/sboms/nginx-1.30.4.cdx.json,pkg:deb/debian/gcc-14-base@14.2.0-19?arch=amd64&distro=debian-13.6&package-id=8a928cc6733b8d4c&upstream=gcc-14,library,gcc-14-base,14.2.0-19,Debian GCC Maintainers <debian-gcc@lists.debian.org>,pkg:deb/debian/gcc-14-base@14.2.0-19?arch=amd64&distro=debian-13.6&upstream=gcc-14,cpe:2.3:a:gcc-14-base:gcc-14-base:14.2.0-19:*:*:*:*:*:*:*,STRUCTURALLY_VALID,,a,gcc-14-base,gcc-14-base,14.2.0-19,*,*,*,*,*,*,*
89960,docker.io/library/nginx,1.30.4,pilot/results/sboms/nginx-1.30.4.cdx.json,pkg:deb/debian/gettext-base@0.23.1-2?arch=amd64&distro=debian-13.6&package-id=476b278d8e15c2d9&upstream=gettext,library,gettext-base,0.23.1-2,Santiago Vila <sanvila@debian.org>,pkg:deb/debian/gettext-base@0.23.1-2?arch=amd64&distro=debian-13.6&upstream=gettext,cpe:2.3:a:gettext-base:gettext-base:0.23.1-2:*:*:*:*:*:*:*,STRUCTURALLY_VALID,,a,gettext-base,gettext-base,0.23.1-2,*,*,*,*,*,*,*
89961,docker.io/library/nginx,1.30.4,pilot/results/sboms/nginx-1.30.4.cdx.json,pkg:deb/debian/grep@3.11-4?arch=amd64&distro=debian-13.6&package-id=a92d218620498fb7,library,grep,3.11-4,Anibal Monsalve Salazar <anibal@debian.org>,pkg:deb/debian/grep@3.11-4?arch=amd64&distro=debian-13.6,cpe:2.3:a:grep:grep:3.11-4:*:*:*:*:*:*:*,STRUCTURALLY_VALID,,a,grep,grep,3.11-4,*,*,*,*,*,*,*
89962,docker.io/library/nginx,1.30.4,pilot/results/sboms/nginx-1.30.4.cdx.json,pkg:deb/debian/gzip@1.13-1?arch=amd64&distro=debian-13.6&package-id=b30644f429eabdac,library,gzip,1.13-1,Milan Kupcevic <milan@debian.org>,pkg:deb/debian/gzip@1.13-1?arch=amd64&distro=debian-13.6,cpe:2.3:a:gzip:gzip:1.13-1:*:*:*:*:*:*:*,STRUCTURALLY_VALID,,a,gzip,gzip,1.13-1,*,*,*,*,*,*,*
89963,docker.io/library/nginx,1.30.4,pilot/results/sboms/nginx-1.30.4.cdx.json,pkg:deb/debian/hostname@3.25?arch=amd64&distro=debian-13.6&package-id=99de93ca9ff6e65f,library,hostname,3.25,Michael Meskes <meskes@debian.org>,pkg:deb/debian/hostname@3.25?arch=amd64&distro=debian-13.6,cpe:2.3:a:hostname:hostname:3.25:*:*:*:*:*:*:*,STRUCTURALLY_VALID,,a,hostname,hostname,3.25,*,*,*,*,*,*,*
89964,docker.io/library/nginx,1.30.4,pilot/results/sboms/nginx-1.30.4.cdx.json,pkg:deb/debian/init-system-helpers@1.69~deb13u1?arch=all&distro=debian-13.6&package-id=40e23b20a464282c,library,init-system-helpers,1.69~deb13u1,Debian systemd Maintainers <pkg-systemd-maintainers@lists.alioth.debian.org>,pkg:deb/debian/init-system-helpers@1.69~deb13u1?arch=all&distro=debian-13.6,cpe:2.3:a:init-system-helpers:init-system-helpers:1.69\~deb13u1:*:*:*:*:*:*:*,STRUCTURALLY_VALID,,a,init-system-helpers,init-system-helpers,1.69\~deb13u1,*,*,*,*,*,*,*
89965,docker.io/library/nginx,1.30.4,pilot/results/sboms/nginx-1.30.4.cdx.json,pkg:deb/debian/libabsl20240722@20240722.0-4?arch=amd64&distro=debian-13.6&package-id=473e7f824c782030&upstream=abseil,library,libabsl20240722,20240722.0-4,Benjamin Barenblat <bbaren@debian.org>,pkg:deb/debian/libabsl20240722@20240722.0-4?arch=amd64&distro=debian-13.6&upstream=abseil,cpe:2.3:a:libabsl20240722:libabsl20240722:20240722.0-4:*:*:*:*:*:*:*,STRUCTURALLY_VALID,,a,libabsl20240722,libabsl20240722,20240722.0-4,*,*,*,*,*,*,*
89966,docker.io/library/nginx,1.30.4,pilot/results/sboms/nginx-1.30.4.cdx.json,pkg:deb/debian/libacl1@2.3.2-2%2Bb1?arch=amd64&distro=debian-13.6&package-id=0af6f2d3417a318d&upstream=acl%402.3.2-2,library,libacl1,2.3.2-2+b1,Guillem Jover <guillem@debian.org>,pkg:deb/debian/libacl1@2.3.2-2%2Bb1?arch=amd64&distro=debian-13.6&upstream=acl%402.3.2-2,cpe:2.3:a:libacl1:libacl1:2.3.2-2\+b1:*:*:*:*:*:*:*,STRUCTURALLY_VALID,,a,libacl1,libacl1,2.3.2-2\+b1,*,*,*,*,*,*,*
89967,docker.io/library/nginx,1.30.4,pilot/results/sboms/nginx-1.30.4.cdx.json,pkg:deb/debian/libaom3@3.12.1-1?arch=amd64&distro=debian-13.6&package-id=e81dcbe3dc66808f&upstream=aom,library,libaom3,3.12.1-1,Debian Multimedia Maintainers <debian-multimedia@lists.debian.org>,pkg:deb/debian/libaom3@3.12.1-1?arch=amd64&distro=debian-13.6&upstream=aom,cpe:2.3:a:libaom3:libaom3:3.12.1-1:*:*:*:*:*:*:*,STRUCTURALLY_VALID,,a,libaom3,libaom3,3.12.1-1,*,*,*,*,*,*,*
89968,docker.io/library/nginx,1.30.4,pilot/results/sboms/nginx-1.30.4.cdx.json,pkg:deb/debian/libapt-pkg7.0@3.0.3?arch=amd64&distro=debian-13.6&package-id=25f4161ec6258e4d&upstream=apt,library,libapt-pkg7.0,3.0.3,APT Development Team <deity@lists.debian.org>,pkg:deb/debian/libapt-pkg7.0@3.0.3?arch=amd64&distro=debian-13.6&upstream=apt,cpe:2.3:a:libapt-pkg7.0:libapt-pkg7.0:3.0.3:*:*:*:*:*:*:*,STRUCTURALLY_VALID,,a,libapt-pkg7.0,libapt-pkg7.0,3.0.3,*,*,*,*,*,*,*
89969,docker.io/library/nginx,1.30.4,pilot/results/sboms/nginx-1.30.4.cdx.json,pkg:deb/debian/libattr1@1%3A2.5.2-3?arch=amd64&distro=debian-13.6&package-id=6f2066ac1c2128fd&upstream=attr,library,libattr1,1:2.5.2-3,Guillem Jover <guillem@debian.org>,pkg:deb/debian/libattr1@1%3A2.5.2-3?arch=amd64&distro=debian-13.6&upstream=attr,cpe:2.3:a:libattr1:libattr1:1\:2.5.2-3:*:*:*:*:*:*:*,STRUCTURALLY_VALID,,a,libattr1,libattr1,1\:2.5.2-3,*,*,*,*,*,*,*
89971,docker.io/library/nginx,1.30.4,pilot/results/sboms/nginx-1.30.4.cdx.json,pkg:deb/debian/libaudit1@1%3A4.0.2-2%2Bb2?arch=amd64&distro=debian-13.6&package-id=2ca8f5fa0f4e4bfa&upstream=audit%401%3A4.0.2-2,library,libaudit1,1:4.0.2-2+b2,Laurent Bigonville <bigon@debian.org>,pkg:deb/debian/libaudit1@1%3A4.0.2-2%2Bb2?arch=amd64&distro=debian-13.6&upstream=audit%401%3A4.0.2-2,cpe:2.3:a:libaudit1:libaudit1:1\:4.0.2-2\+b2:*:*:*:*:*:*:*,STRUCTURALLY_VALID,,a,libaudit1,libaudit1,1\:4.0.2-2\+b2,*,*,*,*,*,*,*
89970,docker.io/library/nginx,1.30.4,pilot/results/sboms/nginx-1.30.4.cdx.json,pkg:deb/debian/libaudit-common@1%3A4.0.2-2?arch=all&distro=debian-13.6&package-id=6cb43ac21ec2f2a0&upstream=audit,library,libaudit-common,1:4.0.2-2,Laurent Bigonville <bigon@debian.org>,pkg:deb/debian/libaudit-common@1%3A4.0.2-2?arch=all&distro=debian-13.6&upstream=audit,cpe:2.3:a:libaudit-common:libaudit-common:1\:4.0.2-2:*:*:*:*:*:*:*,STRUCTURALLY_VALID,,a,libaudit-common,libaudit-common,1\:4.0.2-2,*,*,*,*,*,*,*
89972,docker.io/library/nginx,1.30.4,pilot/results/sboms/nginx-1.30.4.cdx.json,pkg:deb/debian/libavif16@1.2.1-1.2?arch=amd64&distro=debian-13.6&package-id=80cc5e7bde3da38e&upstream=libavif,library,libavif16,1.2.1-1.2,Debian Multimedia Maintainers <debian-multimedia@lists.debian.org>,pkg:deb/debian/libavif16@1.2.1-1.2?arch=amd64&distro=debian-13.6&upstream=libavif,cpe:2.3:a:libavif16:libavif16:1.2.1-1.2:*:*:*:*:*:*:*,STRUCTURALLY_VALID,,a,libavif16,libavif16,1.2.1-1.2,*,*,*,*,*,*,*
89973,docker.io/library/nginx,1.30.4,pilot/results/sboms/nginx-1.30.4.cdx.json,pkg:deb/debian/libblkid1@2.41-5?arch=amd64&distro=debian-13.6&package-id=229bfebd2f7fc7f3&upstream=util-linux,library,libblkid1,2.41-5,Chris Hofstaedtler <zeha@debian.org>,pkg:deb/debian/libblkid1@2.41-5?arch=amd64&distro=debian-13.6&upstream=util-linux,cpe:2.3:a:libblkid1:libblkid1:2.41-5:*:*:*:*:*:*:*,STRUCTURALLY_VALID,,a,libblkid1,libblkid1,2.41-5,*,*,*,*,*,*,*
89974,docker.io/library/nginx,1.30.4,pilot/results/sboms/nginx-1.30.4.cdx.json,pkg:deb/debian/libbrotli1@1.1.0-2%2Bb7?arch=amd64&distro=debian-13.6&package-id=58e0161987100787&upstream=brotli%401.1.0-2,library,libbrotli1,1.1.0-2+b7,Tomasz Buchert <tomasz@debian.org>,pkg:deb/debian/libbrotli1@1.1.0-2%2Bb7?arch=amd64&distro=debian-13.6&upstream=brotli%401.1.0-2,cpe:2.3:a:libbrotli1:libbrotli1:1.1.0-2\+b7:*:*:*:*:*:*:*,STRUCTURALLY_VALID,,a,libbrotli1,libbrotli1,1.1.0-2\+b7,*,*,*,*,*,*,*
89975,docker.io/library/nginx,1.30.4,pilot/results/sboms/nginx-1.30.4.cdx.json,pkg:deb/debian/libbsd0@0.12.2-2?arch=amd64&distro=debian-13.6&package-id=5421a64a3af7445b&upstream=libbsd,library,libbsd0,0.12.2-2,Guillem Jover <guillem@debian.org>,pkg:deb/debian/libbsd0@0.12.2-2?arch=amd64&distro=debian-13.6&upstream=libbsd,cpe:2.3:a:libbsd0:libbsd0:0.12.2-2:*:*:*:*:*:*:*,STRUCTURALLY_VALID,,a,libbsd0,libbsd0,0.12.2-2,*,*,*,*,*,*,*
89976,docker.io/library/nginx,1.30.4,pilot/results/sboms/nginx-1.30.4.cdx.json,pkg:deb/debian/libbz2-1.0@1.0.8-6?arch=amd64&distro=debian-13.6&package-id=6004b03bf692a003&upstream=bzip2,library,libbz2-1.0,1.0.8-6,Anibal Monsalve Salazar <anibal@debian.org>,pkg:deb/debian/libbz2-1.0@1.0.8-6?arch=amd64&distro=debian-13.6&upstream=bzip2,cpe:2.3:a:libbz2-1.0:libbz2-1.0:1.0.8-6:*:*:*:*:*:*:*,STRUCTURALLY_VALID,,a,libbz2-1.0,libbz2-1.0,1.0.8-6,*,*,*,*,*,*,*
89978,docker.io/library/nginx,1.30.4,pilot/results/sboms/nginx-1.30.4.cdx.json,pkg:deb/debian/libc6@2.41-12%2Bdeb13u3?arch=amd64&distro=debian-13.6&package-id=396f0047ff1f6fad&upstream=glibc,library,libc6,2.41-12+deb13u3,GNU Libc Maintainers <debian-glibc@lists.debian.org>,pkg:deb/debian/libc6@2.41-12%2Bdeb13u3?arch=amd64&distro=debian-13.6&upstream=glibc,cpe:2.3:a:libc6:libc6:2.41-12\+deb13u3:*:*:*:*:*:*:*,STRUCTURALLY_VALID,,a,libc6,libc6,2.41-12\+deb13u3,*,*,*,*,*,*,*
89980,docker.io/library/nginx,1.30.4,pilot/results/sboms/nginx-1.30.4.cdx.json,pkg:deb/debian/libcap2@1%3A2.75-10%2Bdeb13u1%2Bb1?arch=amd64&distro=debian-13.6&package-id=82b01daae666f7f2&upstream=libcap2%401%3A2.75-10%2Bdeb13u1,library,libcap2,1:2.75-10+deb13u1+b1,Christian Kastner <ckk@debian.org>,pkg:deb/debian/libcap2@1%3A2.75-10%2Bdeb13u1%2Bb1?arch=amd64&distro=debian-13.6&upstream=libcap2%401%3A2.75-10%2Bdeb13u1,cpe:2.3:a:libcap2:libcap2:1\:2.75-10\+deb13u1\+b1:*:*:*:*:*:*:*,STRUCTURALLY_VALID,,a,libcap2,libcap2,1\:2.75-10\+deb13u1\+b1,*,*,*,*,*,*,*
89979,docker.io/library/nginx,1.30.4,pilot/results/sboms/nginx-1.30.4.cdx.json,pkg:deb/debian/libcap-ng0@0.8.5-4%2Bb1?arch=amd64&distro=debian-13.6&package-id=b41a5e7ee674f97b&upstream=libcap-ng%400.8.5-4,library,libcap-ng0,0.8.5-4+b1,Håvard F. Aasen <havard.f.aasen@pfft.no>,pkg:deb/debian/libcap-ng0@0.8.5-4%2Bb1?arch=amd64&distro=debian-13.6&upstream=libcap-ng%400.8.5-4,cpe:2.3:a:libcap-ng0:libcap-ng0:0.8.5-4\+b1:*:*:*:*:*:*:*,STRUCTURALLY_VALID,,a,libcap-ng0,libcap-ng0,0.8.5-4\+b1,*,*,*,*,*,*,*
89977,docker.io/library/nginx,1.30.4,pilot/results/sboms/nginx-1.30.4.cdx.json,pkg:deb/debian/libc-bin@2.41-12%2Bdeb13u3?arch=amd64&distro=debian-13.6&package-id=db8f902611567c92&upstream=glibc,library,libc-bin,2.41-12+deb13u3,GNU Libc Maintainers <debian-glibc@lists.debian.org>,pkg:deb/debian/libc-bin@2.41-12%2Bdeb13u3?arch=amd64&distro=debian-13.6&upstream=glibc,cpe:2.3:a:libc-bin:libc-bin:2.41-12\+deb13u3:*:*:*:*:*:*:*,STRUCTURALLY_VALID,,a,libc-bin,libc-bin,2.41-12\+deb13u3,*,*,*,*,*,*,*
89981,docker.io/library/nginx,1.30.4,pilot/results/sboms/nginx-1.30.4.cdx.json,pkg:deb/debian/libcom-err2@1.47.2-3%2Bb11?arch=amd64&distro=debian-13.6&package-id=2fd2760db44cf33c&upstream=e2fsprogs%401.47.2-3,library,libcom-err2,1.47.2-3+b11,Theodore Y. Ts'o <tytso@mit.edu>,pkg:deb/debian/libcom-err2@1.47.2-3%2Bb11?arch=amd64&distro=debian-13.6&upstream=e2fsprogs%401.47.2-3,cpe:2.3:a:libcom-err2:libcom-err2:1.47.2-3\+b11:*:*:*:*:*:*:*,STRUCTURALLY_VALID,,a,libcom-err2,libcom-err2,1.47.2-3\+b11,*,*,*,*,*,*,*
89982,docker.io/library/nginx,1.30.4,pilot/results/sboms/nginx-1.30.4.cdx.json,pkg:deb/debian/libcrypt1@1%3A4.4.38-1?arch=amd64&distro=debian-13.6&package-id=757587ed7bd452da&upstream=libxcrypt,library,libcrypt1,1:4.4.38-1,Marco d'Itri <md@linux.it>,pkg:deb/debian/libcrypt1@1%3A4.4.38-1?arch=amd64&distro=debian-13.6&upstream=libxcrypt,cpe:2.3:a:libcrypt1:libcrypt1:1\:4.4.38-1:*:*:*:*:*:*:*,STRUCTURALLY_VALID,,a,libcrypt1,libcrypt1,1\:4.4.38-1,*,*,*,*,*,*,*
89983,docker.io/library/nginx,1.30.4,pilot/results/sboms/nginx-1.30.4.cdx.json,pkg:deb/debian/libcurl4t64@8.14.1-2%2Bdeb13u4?arch=amd64&distro=debian-13.6&package-id=88034aca81b68a91&upstream=curl,library,libcurl4t64,8.14.1-2+deb13u4,Debian Curl Maintainers <team+curl@tracker.debian.org>,pkg:deb/debian/libcurl4t64@8.14.1-2%2Bdeb13u4?arch=amd64&distro=debian-13.6&upstream=curl,cpe:2.3:a:libcurl4t64:libcurl4t64:8.14.1-2\+deb13u4:*:*:*:*:*:*:*,STRUCTURALLY_VALID,,a,libcurl4t64,libcurl4t64,8.14.1-2\+deb13u4,*,*,*,*,*,*,*
89984,docker.io/library/nginx,1.30.4,pilot/results/sboms/nginx-1.30.4.cdx.json,pkg:deb/debian/libdav1d7@1.5.1-1?arch=amd64&distro=debian-13.6&package-id=42873541216d9324&upstream=dav1d,library,libdav1d7,1.5.1-1,Debian Multimedia Maintainers <debian-multimedia@lists.debian.org>,pkg:deb/debian/libdav1d7@1.5.1-1?arch=amd64&distro=debian-13.6&upstream=dav1d,cpe:2.3:a:libdav1d7:libdav1d7:1.5.1-1:*:*:*:*:*:*:*,STRUCTURALLY_VALID,,a,libdav1d7,libdav1d7,1.5.1-1,*,*,*,*,*,*,*
89985,docker.io/library/nginx,1.30.4,pilot/results/sboms/nginx-1.30.4.cdx.json,pkg:deb/debian/libdb5.3t64@5.3.28%2Bdfsg2-9?arch=amd64&distro=debian-13.6&package-id=691cff16cd9ac9e6&upstream=db5.3,library,libdb5.3t64,5.3.28+dfsg2-9,Debian QA Group <packages@qa.debian.org>,pkg:deb/debian/libdb5.3t64@5.3.28%2Bdfsg2-9?arch=amd64&distro=debian-13.6&upstream=db5.3,cpe:2.3:a:libdb5.3t64:libdb5.3t64:5.3.28\+dfsg2-9:*:*:*:*:*:*:*,STRUCTURALLY_VALID,,a,libdb5.3t64,libdb5.3t64,5.3.28\+dfsg2-9,*,*,*,*,*,*,*
89986,docker.io/library/nginx,1.30.4,pilot/results/sboms/nginx-1.30.4.cdx.json,pkg:deb/debian/libde265-0@1.0.15-1%2Bb3?arch=amd64&distro=debian-13.6&package-id=3f4845e6ba93b386&upstream=libde265%401.0.15-1,library,libde265-0,1.0.15-1+b3,Debian Multimedia Maintainers <debian-multimedia@lists.debian.org>,pkg:deb/debian/libde265-0@1.0.15-1%2Bb3?arch=amd64&distro=debian-13.6&upstream=libde265%401.0.15-1,cpe:2.3:a:libde265-0:libde265-0:1.0.15-1\+b3:*:*:*:*:*:*:*,STRUCTURALLY_VALID,,a,libde265-0,libde265-0,1.0.15-1\+b3,*,*,*,*,*,*,*
89987,docker.io/library/nginx,1.30.4,pilot/results/sboms/nginx-1.30.4.cdx.json,pkg:deb/debian/libdebconfclient0@0.280?arch=amd64&distro=debian-13.6&package-id=58dd2cc5f3eff2c7&upstream=cdebconf,library,libdebconfclient0,0.280,Debian Install System Team <debian-boot@lists.debian.org>,pkg:deb/debian/libdebconfclient0@0.280?arch=amd64&distro=debian-13.6&upstream=cdebconf,cpe:2.3:a:libdebconfclient0:libdebconfclient0:0.280:*:*:*:*:*:*:*,STRUCTURALLY_VALID,,a,libdebconfclient0,libdebconfclient0,0.280,*,*,*,*,*,*,*
89988,docker.io/library/nginx,1.30.4,pilot/results/sboms/nginx-1.30.4.cdx.json,pkg:deb/debian/libdeflate0@1.23-2?arch=amd64&distro=debian-13.6&package-id=8c15808188fc5564&upstream=libdeflate,library,libdeflate0,1.23-2,Deflate Team <libdeflate@packages.debian.org>,pkg:deb/debian/libdeflate0@1.23-2?arch=amd64&distro=debian-13.6&upstream=libdeflate,cpe:2.3:a:libdeflate0:libdeflate0:1.23-2:*:*:*:*:*:*:*,STRUCTURALLY_VALID,,a,libdeflate0,libdeflate0,1.23-2,*,*,*,*,*,*,*
89989,docker.io/library/nginx,1.30.4,pilot/results/sboms/nginx-1.30.4.cdx.json,pkg:deb/debian/libedit2@3.1-20250104-1?arch=amd64&distro=debian-13.6&package-id=fc1e1bc32510c1ca&upstream=libedit,library,libedit2,3.1-20250104-1,LLVM Packaging Team <pkg-llvm-team@lists.alioth.debian.org>,pkg:deb/debian/libedit2@3.1-20250104-1?arch=amd64&distro=debian-13.6&upstream=libedit,cpe:2.3:a:libedit2:libedit2:3.1-20250104-1:*:*:*:*:*:*:*,STRUCTURALLY_VALID,,a,libedit2,libedit2,3.1-20250104-1,*,*,*,*,*,*,*
89990,docker.io/library/nginx,1.30.4,pilot/results/sboms/nginx-1.30.4.cdx.json,pkg:deb/debian/libexpat1@2.7.1-2?arch=amd64&distro=debian-13.6&package-id=2255c264345ef554&upstream=expat,library,libexpat1,2.7.1-2,Laszlo Boszormenyi (GCS) <gcs@debian.org>,pkg:deb/debian/libexpat1@2.7.1-2?arch=amd64&distro=debian-13.6&upstream=expat,cpe:2.3:a:libexpat1:libexpat1:2.7.1-2:*:*:*:*:*:*:*,STRUCTURALLY_VALID,,a,libexpat1,libexpat1,2.7.1-2,*,*,*,*,*,*,*
89991,docker.io/library/nginx,1.30.4,pilot/results/sboms/nginx-1.30.4.cdx.json,pkg:deb/debian/libffi8@3.4.8-2?arch=amd64&distro=debian-13.6&package-id=f169b5e0007ecadc&upstream=libffi,library,libffi8,3.4.8-2,Debian GCC Maintainers <debian-gcc@lists.debian.org>,pkg:deb/debian/libffi8@3.4.8-2?arch=amd64&distro=debian-13.6&upstream=libffi,cpe:2.3:a:libffi8:libffi8:3.4.8-2:*:*:*:*:*:*:*,STRUCTURALLY_VALID,,a,libffi8,libffi8,3.4.8-2,*,*,*,*,*,*,*
89992,docker.io/library/nginx,1.30.4,pilot/results/sboms/nginx-1.30.4.cdx.json,pkg:deb/debian/libfontconfig1@2.15.0-2.3?arch=amd64&distro=debian-13.6&package-id=fa71edb7311736de&upstream=fontconfig,library,libfontconfig1,2.15.0-2.3,Debian freedesktop.org maintainers <pkg-freedesktop-maintainers@lists.alioth.debian.org>,pkg:deb/debian/libfontconfig1@2.15.0-2.3?arch=amd64&distro=debian-13.6&upstream=fontconfig,cpe:2.3:a:libfontconfig1:libfontconfig1:2.15.0-2.3:*:*:*:*:*:*:*,STRUCTURALLY_VALID,,a,libfontconfig1,libfontconfig1,2.15.0-2.3,*,*,*,*,*,*,*
89993,docker.io/library/nginx,1.30.4,pilot/results/sboms/nginx-1.30.4.cdx.json,pkg:deb/debian/libfreetype6@2.13.3%2Bdfsg-1%2Bdeb13u1?arch=amd64&distro=debian-13.6&package-id=fcb706650c034eda&upstream=freetype,library,libfreetype6,2.13.3+dfsg-1+deb13u1,Hugh McMaster <hmc@debian.org>,pkg:deb/debian/libfreetype6@2.13.3%2Bdfsg-1%2Bdeb13u1?arch=amd64&distro=debian-13.6&upstream=freetype,cpe:2.3:a:libfreetype6:libfreetype6:2.13.3\+dfsg-1\+deb13u1:*:*:*:*:*:*:*,STRUCTURALLY_VALID,,a,libfreetype6,libfreetype6,2.13.3\+dfsg-1\+deb13u1,*,*,*,*,*,*,*
89994,docker.io/library/nginx,1.30.4,pilot/results/sboms/nginx-1.30.4.cdx.json,pkg:deb/debian/libgav1-1@0.19.0-3%2Bb1?arch=amd64&distro=debian-13.6&package-id=607dcef0868b0e88&upstream=libgav1%400.19.0-3,library,libgav1-1,0.19.0-3+b1,Debian Multimedia Maintainers <debian-multimedia@lists.debian.org>,pkg:deb/debian/libgav1-1@0.19.0-3%2Bb1?arch=amd64&distro=debian-13.6&upstream=libgav1%400.19.0-3,cpe:2.3:a:libgav1-1:libgav1-1:0.19.0-3\+b1:*:*:*:*:*:*:*,STRUCTURALLY_VALID,,a,libgav1-1,libgav1-1,0.19.0-3\+b1,*,*,*,*,*,*,*
89995,docker.io/library/nginx,1.30.4,pilot/results/sboms/nginx-1.30.4.cdx.json,pkg:deb/debian/libgcc-s1@14.2.0-19?arch=amd64&distro=debian-13.6&package-id=2338ed612a82adf3&upstream=gcc-14,library,libgcc-s1,14.2.0-19,Debian GCC Maintainers <debian-gcc@lists.debian.org>,pkg:deb/debian/libgcc-s1@14.2.0-19?arch=amd64&distro=debian-13.6&upstream=gcc-14,cpe:2.3:a:libgcc-s1:libgcc-s1:14.2.0-19:*:*:*:*:*:*:*,STRUCTURALLY_VALID,,a,libgcc-s1,libgcc-s1,14.2.0-19,*,*,*,*,*,*,*
89996,docker.io/library/nginx,1.30.4,pilot/results/sboms/nginx-1.30.4.cdx.json,pkg:deb/debian/libgcrypt20@1.11.0-7%2Bdeb13u1?arch=amd64&distro=debian-13.6&package-id=32738b09752b2320,library,libgcrypt20,1.11.0-7+deb13u1,Debian GnuTLS Maintainers <pkg-gnutls-maint@lists.alioth.debian.org>,pkg:deb/debian/libgcrypt20@1.11.0-7%2Bdeb13u1?arch=amd64&distro=debian-13.6,cpe:2.3:a:libgcrypt20:libgcrypt20:1.11.0-7\+deb13u1:*:*:*:*:*:*:*,STRUCTURALLY_VALID,,a,libgcrypt20,libgcrypt20,1.11.0-7\+deb13u1,*,*,*,*,*,*,*
89997,docker.io/library/nginx,1.30.4,pilot/results/sboms/nginx-1.30.4.cdx.json,pkg:deb/debian/libgd3@2.3.3-13?arch=amd64&distro=debian-13.6&package-id=c4c0cc45e35ae892&upstream=libgd2,library,libgd3,2.3.3-13,GD Team <team+gd@tracker.debian.org>,pkg:deb/debian/libgd3@2.3.3-13?arch=amd64&distro=debian-13.6&upstream=libgd2,cpe:2.3:a:libgd3:libgd3:2.3.3-13:*:*:*:*:*:*:*,STRUCTURALLY_VALID,,a,libgd3,libgd3,2.3.3-13,*,*,*,*,*,*,*
89998,docker.io/library/nginx,1.30.4,pilot/results/sboms/nginx-1.30.4.cdx.json,pkg:deb/debian/libgeoip1t64@1.6.12-11.2~deb13u1?arch=amd64&distro=debian-13.6&package-id=210057ab9284d200&upstream=geoip,library,libgeoip1t64,1.6.12-11.2~deb13u1,Patrick Matthäi <pmatthaei@debian.org>,pkg:deb/debian/libgeoip1t64@1.6.12-11.2~deb13u1?arch=amd64&distro=debian-13.6&upstream=geoip,cpe:2.3:a:libgeoip1t64:libgeoip1t64:1.6.12-11.2\~deb13u1:*:*:*:*:*:*:*,STRUCTURALLY_VALID,,a,libgeoip1t64,libgeoip1t64,1.6.12-11.2\~deb13u1,*,*,*,*,*,*,*
89999,docker.io/library/nginx,1.30.4,pilot/results/sboms/nginx-1.30.4.cdx.json,pkg:deb/debian/libgmp10@2%3A6.3.0%2Bdfsg-3?arch=amd64&distro=debian-13.6&package-id=1c7a811a4bd26f31&upstream=gmp,library,libgmp10,2:6.3.0+dfsg-3,Debian Science Maintainers <debian-science-maintainers@lists.alioth.debian.org>,pkg:deb/debian/libgmp10@2%3A6.3.0%2Bdfsg-3?arch=amd64&distro=debian-13.6&upstream=gmp,cpe:2.3:a:libgmp10:libgmp10:2\:6.3.0\+dfsg-3:*:*:*:*:*:*:*,STRUCTURALLY_VALID,,a,libgmp10,libgmp10,2\:6.3.0\+dfsg-3,*,*,*,*,*,*,*
90000,docker.io/library/nginx,1.30.4,pilot/results/sboms/nginx-1.30.4.cdx.json,pkg:deb/debian/libgnutls30t64@3.8.9-3%2Bdeb13u4?arch=amd64&distro=debian-13.6&package-id=809ea4b423ef5f0e&upstream=gnutls28,library,libgnutls30t64,3.8.9-3+deb13u4,Debian GnuTLS Maintainers <pkg-gnutls-maint@lists.alioth.debian.org>,pkg:deb/debian/libgnutls30t64@3.8.9-3%2Bdeb13u4?arch=amd64&distro=debian-13.6&upstream=gnutls28,cpe:2.3:a:libgnutls30t64:libgnutls30t64:3.8.9-3\+deb13u4:*:*:*:*:*:*:*,STRUCTURALLY_VALID,,a,libgnutls30t64,libgnutls30t64,3.8.9-3\+deb13u4,*,*,*,*,*,*,*
90001,docker.io/library/nginx,1.30.4,pilot/results/sboms/nginx-1.30.4.cdx.json,pkg:deb/debian/libgomp1@14.2.0-19?arch=amd64&distro=debian-13.6&package-id=71d32d5417d636ce&upstream=gcc-14,library,libgomp1,14.2.0-19,Debian GCC Maintainers <debian-gcc@lists.debian.org>,pkg:deb/debian/libgomp1@14.2.0-19?arch=amd64&distro=debian-13.6&upstream=gcc-14,cpe:2.3:a:libgomp1:libgomp1:14.2.0-19:*:*:*:*:*:*:*,STRUCTURALLY_VALID,,a,libgomp1,libgomp1,14.2.0-19,*,*,*,*,*,*,*
90002,docker.io/library/nginx,1.30.4,pilot/results/sboms/nginx-1.30.4.cdx.json,pkg:deb/debian/libgpg-error0@1.51-4?arch=amd64&distro=debian-13.6&package-id=9a4d2bd621a6c19e&upstream=libgpg-error,library,libgpg-error0,1.51-4,Debian GnuPG Maintainers <pkg-gnupg-maint@lists.alioth.debian.org>,pkg:deb/debian/libgpg-error0@1.51-4?arch=amd64&distro=debian-13.6&upstream=libgpg-error,cpe:2.3:a:libgpg-error0:libgpg-error0:1.51-4:*:*:*:*:*:*:*,STRUCTURALLY_VALID,,a,libgpg-error0,libgpg-error0,1.51-4,*,*,*,*,*,*,*
90003,docker.io/library/nginx,1.30.4,pilot/results/sboms/nginx-1.30.4.cdx.json,pkg:deb/debian/libgssapi-krb5-2@1.21.3-5%2Bdeb13u1?arch=amd64&distro=debian-13.6&package-id=daa1f8dfeee1793b&upstream=krb5,library,libgssapi-krb5-2,1.21.3-5+deb13u1,Sam Hartman <hartmans@debian.org>,pkg:deb/debian/libgssapi-krb5-2@1.21.3-5%2Bdeb13u1?arch=amd64&distro=debian-13.6&upstream=krb5,cpe:2.3:a:libgssapi-krb5-2:libgssapi-krb5-2:1.21.3-5\+deb13u1:*:*:*:*:*:*:*,STRUCTURALLY_VALID,,a,libgssapi-krb5-2,libgssapi-krb5-2,1.21.3-5\+deb13u1,*,*,*,*,*,*,*
90006,docker.io/library/nginx,1.30.4,pilot/results/sboms/nginx-1.30.4.cdx.json,pkg:deb/debian/libheif1@1.19.8-1?arch=amd64&distro=debian-13.6&package-id=b34abce69fafc7c8&upstream=libheif,library,libheif1,1.19.8-1,Debian Multimedia Maintainers <debian-multimedia@lists.debian.org>,pkg:deb/debian/libheif1@1.19.8-1?arch=amd64&distro=debian-13.6&upstream=libheif,cpe:2.3:a:libheif1:libheif1:1.19.8-1:*:*:*:*:*:*:*,STRUCTURALLY_VALID,,a,libheif1,libheif1,1.19.8-1,*,*,*,*,*,*,*
90004,docker.io/library/nginx,1.30.4,pilot/results/sboms/nginx-1.30.4.cdx.json,pkg:deb/debian/libheif-plugin-dav1d@1.19.8-1?arch=amd64&distro=debian-13.6&package-id=7dac0d5c3396088c&upstream=libheif,library,libheif-plugin-dav1d,1.19.8-1,Debian Multimedia Maintainers <debian-multimedia@lists.debian.org>,pkg:deb/debian/libheif-plugin-dav1d@1.19.8-1?arch=amd64&distro=debian-13.6&upstream=libheif,cpe:2.3:a:libheif-plugin-dav1d:libheif-plugin-dav1d:1.19.8-1:*:*:*:*:*:*:*,STRUCTURALLY_VALID,,a,libheif-plugin-dav1d,libheif-plugin-dav1d,1.19.8-1,*,*,*,*,*,*,*
90005,docker.io/library/nginx,1.30.4,pilot/results/sboms/nginx-1.30.4.cdx.json,pkg:deb/debian/libheif-plugin-libde265@1.19.8-1?arch=amd64&distro=debian-13.6&package-id=63aa2a2d20ffdcef&upstream=libheif,library,libheif-plugin-libde265,1.19.8-1,Debian Multimedia Maintainers <debian-multimedia@lists.debian.org>,pkg:deb/debian/libheif-plugin-libde265@1.19.8-1?arch=amd64&distro=debian-13.6&upstream=libheif,cpe:2.3:a:libheif-plugin-libde265:libheif-plugin-libde265:1.19.8-1:*:*:*:*:*:*:*,STRUCTURALLY_VALID,,a,libheif-plugin-libde265,libheif-plugin-libde265,1.19.8-1,*,*,*,*,*,*,*
90007,docker.io/library/nginx,1.30.4,pilot/results/sboms/nginx-1.30.4.cdx.json,pkg:deb/debian/libhogweed6t64@3.10.1-1?arch=amd64&distro=debian-13.6&package-id=149dfd0fe1a0f504&upstream=nettle,library,libhogweed6t64,3.10.1-1,Magnus Holmgren <holmgren@debian.org>,pkg:deb/debian/libhogweed6t64@3.10.1-1?arch=amd64&distro=debian-13.6&upstream=nettle,cpe:2.3:a:libhogweed6t64:libhogweed6t64:3.10.1-1:*:*:*:*:*:*:*,STRUCTURALLY_VALID,,a,libhogweed6t64,libhogweed6t64,3.10.1-1,*,*,*,*,*,*,*
90008,docker.io/library/nginx,1.30.4,pilot/results/sboms/nginx-1.30.4.cdx.json,pkg:deb/debian/libidn2-0@2.3.8-2?arch=amd64&distro=debian-13.6&package-id=310f287fe307ac10&upstream=libidn2,library,libidn2-0,2.3.8-2,Debian Libidn team <help-libidn@gnu.org>,pkg:deb/debian/libidn2-0@2.3.8-2?arch=amd64&distro=debian-13.6&upstream=libidn2,cpe:2.3:a:libidn2-0:libidn2-0:2.3.8-2:*:*:*:*:*:*:*,STRUCTURALLY_VALID,,a,libidn2-0,libidn2-0,2.3.8-2,*,*,*,*,*,*,*
90009,docker.io/library/nginx,1.30.4,pilot/results/sboms/nginx-1.30.4.cdx.json,pkg:deb/debian/libimagequant0@2.18.0-1%2Bb2?arch=amd64&distro=debian-13.6&package-id=7da865479aa0f907&upstream=libimagequant%402.18.0-1,library,libimagequant0,2.18.0-1+b2,Debian PhotoTools Maintainers <pkg-phototools-devel@lists.alioth.debian.org>,pkg:deb/debian/libimagequant0@2.18.0-1%2Bb2?arch=amd64&distro=debian-13.6&upstream=libimagequant%402.18.0-1,cpe:2.3:a:libimagequant0:libimagequant0:2.18.0-1\+b2:*:*:*:*:*:*:*,STRUCTURALLY_VALID,,a,libimagequant0,libimagequant0,2.18.0-1\+b2,*,*,*,*,*,*,*
90010,docker.io/library/nginx,1.30.4,pilot/results/sboms/nginx-1.30.4.cdx.json,pkg:maven/libintl/libintl@0.23.1?package-id=dfcaa3158ae9e4c9,library,libintl,0.23.1,,pkg:maven/libintl/libintl@0.23.1,cpe:2.3:a:libintl:libintl:0.23.1:*:*:*:*:*:*:*,STRUCTURALLY_VALID,,a,libintl,libintl,0.23.1,*,*,*,*,*,*,*
90011,docker.io/library/nginx,1.30.4,pilot/results/sboms/nginx-1.30.4.cdx.json,pkg:deb/debian/libjbig0@2.1-6.1%2Bb2?arch=amd64&distro=debian-13.6&package-id=65d9e9ce270d33b1&upstream=jbigkit%402.1-6.1,library,libjbig0,2.1-6.1+b2,Michael van der Kolff <mvanderkolff@gmail.com>,pkg:deb/debian/libjbig0@2.1-6.1%2Bb2?arch=amd64&distro=debian-13.6&upstream=jbigkit%402.1-6.1,cpe:2.3:a:libjbig0:libjbig0:2.1-6.1\+b2:*:*:*:*:*:*:*,STRUCTURALLY_VALID,,a,libjbig0,libjbig0,2.1-6.1\+b2,*,*,*,*,*,*,*
90012,docker.io/library/nginx,1.30.4,pilot/results/sboms/nginx-1.30.4.cdx.json,pkg:deb/debian/libjpeg62-turbo@1%3A2.1.5-4?arch=amd64&distro=debian-13.6&package-id=3598c43f07127b4b&upstream=libjpeg-turbo,library,libjpeg62-turbo,1:2.1.5-4,Ondřej Surý <ondrej@debian.org>,pkg:deb/debian/libjpeg62-turbo@1%3A2.1.5-4?arch=amd64&distro=debian-13.6&upstream=libjpeg-turbo,cpe:2.3:a:libjpeg62-turbo:libjpeg62-turbo:1\:2.1.5-4:*:*:*:*:*:*:*,STRUCTURALLY_VALID,,a,libjpeg62-turbo,libjpeg62-turbo,1\:2.1.5-4,*,*,*,*,*,*,*
90013,docker.io/library/nginx,1.30.4,pilot/results/sboms/nginx-1.30.4.cdx.json,pkg:deb/debian/libk5crypto3@1.21.3-5%2Bdeb13u1?arch=amd64&distro=debian-13.6&package-id=c5f7e9443917908e&upstream=krb5,library,libk5crypto3,1.21.3-5+deb13u1,Sam Hartman <hartmans@debian.org>,pkg:deb/debian/libk5crypto3@1.21.3-5%2Bdeb13u1?arch=amd64&distro=debian-13.6&upstream=krb5,cpe:2.3:a:libk5crypto3:libk5crypto3:1.21.3-5\+deb13u1:*:*:*:*:*:*:*,STRUCTURALLY_VALID,,a,libk5crypto3,libk5crypto3,1.21.3-5\+deb13u1,*,*,*,*,*,*,*
90014,docker.io/library/nginx,1.30.4,pilot/results/sboms/nginx-1.30.4.cdx.json,pkg:deb/debian/libkeyutils1@1.6.3-6?arch=amd64&distro=debian-13.6&package-id=6581ff8346184554&upstream=keyutils,library,libkeyutils1,1.6.3-6,Christian Kastner <ckk@debian.org>,pkg:deb/debian/libkeyutils1@1.6.3-6?arch=amd64&distro=debian-13.6&upstream=keyutils,cpe:2.3:a:libkeyutils1:libkeyutils1:1.6.3-6:*:*:*:*:*:*:*,STRUCTURALLY_VALID,,a,libkeyutils1,libkeyutils1,1.6.3-6,*,*,*,*,*,*,*
90015,docker.io/library/nginx,1.30.4,pilot/results/sboms/nginx-1.30.4.cdx.json,pkg:deb/debian/libkrb5-3@1.21.3-5%2Bdeb13u1?arch=amd64&distro=debian-13.6&package-id=0d7d9accbe1a77b1&upstream=krb5,library,libkrb5-3,1.21.3-5+deb13u1,Sam Hartman <hartmans@debian.org>,pkg:deb/debian/libkrb5-3@1.21.3-5%2Bdeb13u1?arch=amd64&distro=debian-13.6&upstream=krb5,cpe:2.3:a:libkrb5-3:libkrb5-3:1.21.3-5\+deb13u1:*:*:*:*:*:*:*,STRUCTURALLY_VALID,,a,libkrb5-3,libkrb5-3,1.21.3-5\+deb13u1,*,*,*,*,*,*,*
90016,docker.io/library/nginx,1.30.4,pilot/results/sboms/nginx-1.30.4.cdx.json,pkg:deb/debian/libkrb5support0@1.21.3-5%2Bdeb13u1?arch=amd64&distro=debian-13.6&package-id=dcbb71b238b6d3d6&upstream=krb5,library,libkrb5support0,1.21.3-5+deb13u1,Sam Hartman <hartmans@debian.org>,pkg:deb/debian/libkrb5support0@1.21.3-5%2Bdeb13u1?arch=amd64&distro=debian-13.6&upstream=krb5,cpe:2.3:a:libkrb5support0:libkrb5support0:1.21.3-5\+deb13u1:*:*:*:*:*:*:*,STRUCTURALLY_VALID,,a,libkrb5support0,libkrb5support0,1.21.3-5\+deb13u1,*,*,*,*,*,*,*
90017,docker.io/library/nginx,1.30.4,pilot/results/sboms/nginx-1.30.4.cdx.json,pkg:deb/debian/liblastlog2-2@2.41-5?arch=amd64&distro=debian-13.6&package-id=82f554653d484779&upstream=util-linux,library,liblastlog2-2,2.41-5,Chris Hofstaedtler <zeha@debian.org>,pkg:deb/debian/liblastlog2-2@2.41-5?arch=amd64&distro=debian-13.6&upstream=util-linux,cpe:2.3:a:liblastlog2-2:liblastlog2-2:2.41-5:*:*:*:*:*:*:*,STRUCTURALLY_VALID,,a,liblastlog2-2,liblastlog2-2,2.41-5,*,*,*,*,*,*,*
90018,docker.io/library/nginx,1.30.4,pilot/results/sboms/nginx-1.30.4.cdx.json,pkg:deb/debian/libldap2@2.6.10%2Bdfsg-1?arch=amd64&distro=debian-13.6&package-id=614dd2dfa62b9595&upstream=openldap,library,libldap2,2.6.10+dfsg-1,Debian OpenLDAP Maintainers <pkg-openldap-devel@lists.alioth.debian.org>,pkg:deb/debian/libldap2@2.6.10%2Bdfsg-1?arch=amd64&distro=debian-13.6&upstream=openldap,cpe:2.3:a:libldap2:libldap2:2.6.10\+dfsg-1:*:*:*:*:*:*:*,STRUCTURALLY_VALID,,a,libldap2,libldap2,2.6.10\+dfsg-1,*,*,*,*,*,*,*
90019,docker.io/library/nginx,1.30.4,pilot/results/sboms/nginx-1.30.4.cdx.json,pkg:deb/debian/liblerc4@4.0.0%2Bds-5?arch=amd64&distro=debian-13.6&package-id=923d18c3ea7d725b&upstream=lerc,library,liblerc4,4.0.0+ds-5,Debian GIS Project <pkg-grass-devel@lists.alioth.debian.org>,pkg:deb/debian/liblerc4@4.0.0%2Bds-5?arch=amd64&distro=debian-13.6&upstream=lerc,cpe:2.3:a:liblerc4:liblerc4:4.0.0\+ds-5:*:*:*:*:*:*:*,STRUCTURALLY_VALID,,a,liblerc4,liblerc4,4.0.0\+ds-5,*,*,*,*,*,*,*
90020,docker.io/library/nginx,1.30.4,pilot/results/sboms/nginx-1.30.4.cdx.json,pkg:deb/debian/liblz4-1@1.10.0-4?arch=amd64&distro=debian-13.6&package-id=4027ba8f2aab9b06&upstream=lz4,library,liblz4-1,1.10.0-4,Nobuhiro Iwamatsu <iwamatsu@debian.org>,pkg:deb/debian/liblz4-1@1.10.0-4?arch=amd64&distro=debian-13.6&upstream=lz4,cpe:2.3:a:liblz4-1:liblz4-1:1.10.0-4:*:*:*:*:*:*:*,STRUCTURALLY_VALID,,a,liblz4-1,liblz4-1,1.10.0-4,*,*,*,*,*,*,*
90021,docker.io/library/nginx,1.30.4,pilot/results/sboms/nginx-1.30.4.cdx.json,pkg:deb/debian/liblzma5@5.8.1-1%2Bdeb13u1?arch=amd64&distro=debian-13.6&package-id=9ade75968c48cc77&upstream=xz-utils,library,liblzma5,5.8.1-1+deb13u1,Sebastian Andrzej Siewior <sebastian@breakpoint.cc>,pkg:deb/debian/liblzma5@5.8.1-1%2Bdeb13u1?arch=amd64&distro=debian-13.6&upstream=xz-utils,cpe:2.3:a:liblzma5:liblzma5:5.8.1-1\+deb13u1:*:*:*:*:*:*:*,STRUCTURALLY_VALID,,a,liblzma5,liblzma5,5.8.1-1\+deb13u1,*,*,*,*,*,*,*
90022,docker.io/library/nginx,1.30.4,pilot/results/sboms/nginx-1.30.4.cdx.json,pkg:deb/debian/libmd0@1.1.0-2%2Bb1?arch=amd64&distro=debian-13.6&package-id=ffd304ab77f359f2&upstream=libmd%401.1.0-2,library,libmd0,1.1.0-2+b1,Guillem Jover <guillem@debian.org>,pkg:deb/debian/libmd0@1.1.0-2%2Bb1?arch=amd64&distro=debian-13.6&upstream=libmd%401.1.0-2,cpe:2.3:a:libmd0:libmd0:1.1.0-2\+b1:*:*:*:*:*:*:*,STRUCTURALLY_VALID,,a,libmd0,libmd0,1.1.0-2\+b1,*,*,*,*,*,*,*
90023,docker.io/library/nginx,1.30.4,pilot/results/sboms/nginx-1.30.4.cdx.json,pkg:deb/debian/libmount1@2.41-5?arch=amd64&distro=debian-13.6&package-id=fb348d32a9e96833&upstream=util-linux,library,libmount1,2.41-5,Chris Hofstaedtler <zeha@debian.org>,pkg:deb/debian/libmount1@2.41-5?arch=amd64&distro=debian-13.6&upstream=util-linux,cpe:2.3:a:libmount1:libmount1:2.41-5:*:*:*:*:*:*:*,STRUCTURALLY_VALID,,a,libmount1,libmount1,2.41-5,*,*,*,*,*,*,*
90024,docker.io/library/nginx,1.30.4,pilot/results/sboms/nginx-1.30.4.cdx.json,pkg:deb/debian/libnettle8t64@3.10.1-1?arch=amd64&distro=debian-13.6&package-id=830df7dec0785e1a&upstream=nettle,library,libnettle8t64,3.10.1-1,Magnus Holmgren <holmgren@debian.org>,pkg:deb/debian/libnettle8t64@3.10.1-1?arch=amd64&distro=debian-13.6&upstream=nettle,cpe:2.3:a:libnettle8t64:libnettle8t64:3.10.1-1:*:*:*:*:*:*:*,STRUCTURALLY_VALID,,a,libnettle8t64,libnettle8t64,3.10.1-1,*,*,*,*,*,*,*
90025,docker.io/library/nginx,1.30.4,pilot/results/sboms/nginx-1.30.4.cdx.json,pkg:deb/debian/libnghttp2-14@1.64.0-1.1%2Bdeb13u1?arch=amd64&distro=debian-13.6&package-id=de3bcbf9daefbcfb&upstream=nghttp2,library,libnghttp2-14,1.64.0-1.1+deb13u1,Tomasz Buchert <tomasz@debian.org>,pkg:deb/debian/libnghttp2-14@1.64.0-1.1%2Bdeb13u1?arch=amd64&distro=debian-13.6&upstream=nghttp2,cpe:2.3:a:libnghttp2-14:libnghttp2-14:1.64.0-1.1\+deb13u1:*:*:*:*:*:*:*,STRUCTURALLY_VALID,,a,libnghttp2-14,libnghttp2-14,1.64.0-1.1\+deb13u1,*,*,*,*,*,*,*
90026,docker.io/library/nginx,1.30.4,pilot/results/sboms/nginx-1.30.4.cdx.json,pkg:deb/debian/libnghttp3-9@1.8.0-1?arch=amd64&distro=debian-13.6&package-id=bd0ec430893cc174&upstream=nghttp3,library,libnghttp3-9,1.8.0-1,Debian Curl Maintainers <team+curl@tracker.debian.org>,pkg:deb/debian/libnghttp3-9@1.8.0-1?arch=amd64&distro=debian-13.6&upstream=nghttp3,cpe:2.3:a:libnghttp3-9:libnghttp3-9:1.8.0-1:*:*:*:*:*:*:*,STRUCTURALLY_VALID,,a,libnghttp3-9,libnghttp3-9,1.8.0-1,*,*,*,*,*,*,*
90027,docker.io/library/nginx,1.30.4,pilot/results/sboms/nginx-1.30.4.cdx.json,pkg:deb/debian/libp11-kit0@0.25.5-3?arch=amd64&distro=debian-13.6&package-id=21af26782f8669a0&upstream=p11-kit,library,libp11-kit0,0.25.5-3,Debian GnuTLS Maintainers <pkg-gnutls-maint@lists.alioth.debian.org>,pkg:deb/debian/libp11-kit0@0.25.5-3?arch=amd64&distro=debian-13.6&upstream=p11-kit,cpe:2.3:a:libp11-kit0:libp11-kit0:0.25.5-3:*:*:*:*:*:*:*,STRUCTURALLY_VALID,,a,libp11-kit0,libp11-kit0,0.25.5-3,*,*,*,*,*,*,*
90031,docker.io/library/nginx,1.30.4,pilot/results/sboms/nginx-1.30.4.cdx.json,pkg:deb/debian/libpam0g@1.7.0-5?arch=amd64&distro=debian-13.6&package-id=1c6c7728b37b94de&upstream=pam,library,libpam0g,1.7.0-5,Sam Hartman <hartmans@debian.org>,pkg:deb/debian/libpam0g@1.7.0-5?arch=amd64&distro=debian-13.6&upstream=pam,cpe:2.3:a:libpam0g:libpam0g:1.7.0-5:*:*:*:*:*:*:*,STRUCTURALLY_VALID,,a,libpam0g,libpam0g,1.7.0-5,*,*,*,*,*,*,*
90028,docker.io/library/nginx,1.30.4,pilot/results/sboms/nginx-1.30.4.cdx.json,pkg:deb/debian/libpam-modules@1.7.0-5?arch=amd64&distro=debian-13.6&package-id=1f32975dfd37be95&upstream=pam,library,libpam-modules,1.7.0-5,Sam Hartman <hartmans@debian.org>,pkg:deb/debian/libpam-modules@1.7.0-5?arch=amd64&distro=debian-13.6&upstream=pam,cpe:2.3:a:libpam-modules:libpam-modules:1.7.0-5:*:*:*:*:*:*:*,STRUCTURALLY_VALID,,a,libpam-modules,libpam-modules,1.7.0-5,*,*,*,*,*,*,*
90029,docker.io/library/nginx,1.30.4,pilot/results/sboms/nginx-1.30.4.cdx.json,pkg:deb/debian/libpam-modules-bin@1.7.0-5?arch=amd64&distro=debian-13.6&package-id=cb7fdbb7b6a04bdc&upstream=pam,library,libpam-modules-bin,1.7.0-5,Sam Hartman <hartmans@debian.org>,pkg:deb/debian/libpam-modules-bin@1.7.0-5?arch=amd64&distro=debian-13.6&upstream=pam,cpe:2.3:a:libpam-modules-bin:libpam-modules-bin:1.7.0-5:*:*:*:*:*:*:*,STRUCTURALLY_VALID,,a,libpam-modules-bin,libpam-modules-bin,1.7.0-5,*,*,*,*,*,*,*
90030,docker.io/library/nginx,1.30.4,pilot/results/sboms/nginx-1.30.4.cdx.json,pkg:deb/debian/libpam-runtime@1.7.0-5?arch=all&distro=debian-13.6&package-id=eb5873c5c35e21b8&upstream=pam,library,libpam-runtime,1.7.0-5,Sam Hartman <hartmans@debian.org>,pkg:deb/debian/libpam-runtime@1.7.0-5?arch=all&distro=debian-13.6&upstream=pam,cpe:2.3:a:libpam-runtime:libpam-runtime:1.7.0-5:*:*:*:*:*:*:*,STRUCTURALLY_VALID,,a,libpam-runtime,libpam-runtime,1.7.0-5,*,*,*,*,*,*,*
90032,docker.io/library/nginx,1.30.4,pilot/results/sboms/nginx-1.30.4.cdx.json,pkg:deb/debian/libpcre2-8-0@10.46-1~deb13u1?arch=amd64&distro=debian-13.6&package-id=c8ce23e36f4d6bca&upstream=pcre2,library,libpcre2-8-0,10.46-1~deb13u1,Matthew Vernon <matthew@debian.org>,pkg:deb/debian/libpcre2-8-0@10.46-1~deb13u1?arch=amd64&distro=debian-13.6&upstream=pcre2,cpe:2.3:a:libpcre2-8-0:libpcre2-8-0:10.46-1\~deb13u1:*:*:*:*:*:*:*,STRUCTURALLY_VALID,,a,libpcre2-8-0,libpcre2-8-0,10.46-1\~deb13u1,*,*,*,*,*,*,*
90033,docker.io/library/nginx,1.30.4,pilot/results/sboms/nginx-1.30.4.cdx.json,pkg:deb/debian/libpng16-16t64@1.6.48-1%2Bdeb13u5?arch=amd64&distro=debian-13.6&package-id=f04491801b5f5c94&upstream=libpng1.6,library,libpng16-16t64,1.6.48-1+deb13u5,Maintainers of libpng1.6 packages <libpng1.6@packages.debian.org>,pkg:deb/debian/libpng16-16t64@1.6.48-1%2Bdeb13u5?arch=amd64&distro=debian-13.6&upstream=libpng1.6,cpe:2.3:a:libpng16-16t64:libpng16-16t64:1.6.48-1\+deb13u5:*:*:*:*:*:*:*,STRUCTURALLY_VALID,,a,libpng16-16t64,libpng16-16t64,1.6.48-1\+deb13u5,*,*,*,*,*,*,*
90034,docker.io/library/nginx,1.30.4,pilot/results/sboms/nginx-1.30.4.cdx.json,pkg:deb/debian/libpsl5t64@0.21.2-1.1%2Bb1?arch=amd64&distro=debian-13.6&package-id=f3fb8b815e7283a5&upstream=libpsl%400.21.2-1.1,library,libpsl5t64,0.21.2-1.1+b1,Tim Rühsen <tim.ruehsen@gmx.de>,pkg:deb/debian/libpsl5t64@0.21.2-1.1%2Bb1?arch=amd64&distro=debian-13.6&upstream=libpsl%400.21.2-1.1,cpe:2.3:a:libpsl5t64:libpsl5t64:0.21.2-1.1\+b1:*:*:*:*:*:*:*,STRUCTURALLY_VALID,,a,libpsl5t64,libpsl5t64,0.21.2-1.1\+b1,*,*,*,*,*,*,*
90035,docker.io/library/nginx,1.30.4,pilot/results/sboms/nginx-1.30.4.cdx.json,pkg:deb/debian/librav1e0.7@0.7.1-9%2Bb2?arch=amd64&distro=debian-13.6&package-id=272459fcdcb41480&upstream=rust-rav1e%400.7.1-9,library,librav1e0.7,0.7.1-9+b2,Debian Rust Maintainers <pkg-rust-maintainers@alioth-lists.debian.net>,pkg:deb/debian/librav1e0.7@0.7.1-9%2Bb2?arch=amd64&distro=debian-13.6&upstream=rust-rav1e%400.7.1-9,cpe:2.3:a:librav1e0.7:librav1e0.7:0.7.1-9\+b2:*:*:*:*:*:*:*,STRUCTURALLY_VALID,,a,librav1e0.7,librav1e0.7,0.7.1-9\+b2,*,*,*,*,*,*,*
90036,docker.io/library/nginx,1.30.4,pilot/results/sboms/nginx-1.30.4.cdx.json,pkg:deb/debian/librtmp1@2.4%2B20151223.gitfa8646d.1-2%2Bb5?arch=amd64&distro=debian-13.6&package-id=2b58e4bc7ff2f416&upstream=rtmpdump%402.4%2B20151223.gitfa8646d.1-2,library,librtmp1,2.4+20151223.gitfa8646d.1-2+b5,Debian Multimedia Maintainers <debian-multimedia@lists.debian.org>,pkg:deb/debian/librtmp1@2.4%2B20151223.gitfa8646d.1-2%2Bb5?arch=amd64&distro=debian-13.6&upstream=rtmpdump%402.4%2B20151223.gitfa8646d.1-2,cpe:2.3:a:librtmp1:librtmp1:2.4\+20151223.gitfa8646d.1-2\+b5:*:*:*:*:*:*:*,STRUCTURALLY_VALID,,a,librtmp1,librtmp1,2.4\+20151223.gitfa8646d.1-2\+b5,*,*,*,*,*,*,*
90037,docker.io/library/nginx,1.30.4,pilot/results/sboms/nginx-1.30.4.cdx.json,pkg:deb/debian/libsasl2-2@2.1.28%2Bdfsg1-9?arch=amd64&distro=debian-13.6&package-id=0fa9072a5bfd36b6&upstream=cyrus-sasl2,library,libsasl2-2,2.1.28+dfsg1-9,Debian Cyrus Team <team+cyrus@tracker.debian.org>,pkg:deb/debian/libsasl2-2@2.1.28%2Bdfsg1-9?arch=amd64&distro=debian-13.6&upstream=cyrus-sasl2,cpe:2.3:a:libsasl2-2:libsasl2-2:2.1.28\+dfsg1-9:*:*:*:*:*:*:*,STRUCTURALLY_VALID,,a,libsasl2-2,libsasl2-2,2.1.28\+dfsg1-9,*,*,*,*,*,*,*
90038,docker.io/library/nginx,1.30.4,pilot/results/sboms/nginx-1.30.4.cdx.json,pkg:deb/debian/libsasl2-modules-db@2.1.28%2Bdfsg1-9?arch=amd64&distro=debian-13.6&package-id=175bd219d71968b9&upstream=cyrus-sasl2,library,libsasl2-modules-db,2.1.28+dfsg1-9,Debian Cyrus Team <team+cyrus@tracker.debian.org>,pkg:deb/debian/libsasl2-modules-db@2.1.28%2Bdfsg1-9?arch=amd64&distro=debian-13.6&upstream=cyrus-sasl2,cpe:2.3:a:libsasl2-modules-db:libsasl2-modules-db:2.1.28\+dfsg1-9:*:*:*:*:*:*:*,STRUCTURALLY_VALID,,a,libsasl2-modules-db,libsasl2-modules-db,2.1.28\+dfsg1-9,*,*,*,*,*,*,*
90039,docker.io/library/nginx,1.30.4,pilot/results/sboms/nginx-1.30.4.cdx.json,pkg:deb/debian/libseccomp2@2.6.0-2?arch=amd64&distro=debian-13.6&package-id=484580cc24603555&upstream=libseccomp,library,libseccomp2,2.6.0-2,Kees Cook <kees@debian.org>,pkg:deb/debian/libseccomp2@2.6.0-2?arch=amd64&distro=debian-13.6&upstream=libseccomp,cpe:2.3:a:libseccomp2:libseccomp2:2.6.0-2:*:*:*:*:*:*:*,STRUCTURALLY_VALID,,a,libseccomp2,libseccomp2,2.6.0-2,*,*,*,*,*,*,*
90040,docker.io/library/nginx,1.30.4,pilot/results/sboms/nginx-1.30.4.cdx.json,pkg:deb/debian/libselinux1@3.8.1-1?arch=amd64&distro=debian-13.6&package-id=519cd66aedc85adf&upstream=libselinux,library,libselinux1,3.8.1-1,Debian SELinux maintainers <selinux-devel@lists.alioth.debian.org>,pkg:deb/debian/libselinux1@3.8.1-1?arch=amd64&distro=debian-13.6&upstream=libselinux,cpe:2.3:a:libselinux1:libselinux1:3.8.1-1:*:*:*:*:*:*:*,STRUCTURALLY_VALID,,a,libselinux1,libselinux1,3.8.1-1,*,*,*,*,*,*,*
90042,docker.io/library/nginx,1.30.4,pilot/results/sboms/nginx-1.30.4.cdx.json,pkg:deb/debian/libsemanage2@3.8.1-1?arch=amd64&distro=debian-13.6&package-id=48d5af32889b375b&upstream=libsemanage,library,libsemanage2,3.8.1-1,Debian SELinux maintainers <selinux-devel@lists.alioth.debian.org>,pkg:deb/debian/libsemanage2@3.8.1-1?arch=amd64&distro=debian-13.6&upstream=libsemanage,cpe:2.3:a:libsemanage2:libsemanage2:3.8.1-1:*:*:*:*:*:*:*,STRUCTURALLY_VALID,,a,libsemanage2,libsemanage2,3.8.1-1,*,*,*,*,*,*,*
90041,docker.io/library/nginx,1.30.4,pilot/results/sboms/nginx-1.30.4.cdx.json,pkg:deb/debian/libsemanage-common@3.8.1-1?arch=all&distro=debian-13.6&package-id=c638ea9ec05d410a&upstream=libsemanage,library,libsemanage-common,3.8.1-1,Debian SELinux maintainers <selinux-devel@lists.alioth.debian.org>,pkg:deb/debian/libsemanage-common@3.8.1-1?arch=all&distro=debian-13.6&upstream=libsemanage,cpe:2.3:a:libsemanage-common:libsemanage-common:3.8.1-1:*:*:*:*:*:*:*,STRUCTURALLY_VALID,,a,libsemanage-common,libsemanage-common,3.8.1-1,*,*,*,*,*,*,*
90043,docker.io/library/nginx,1.30.4,pilot/results/sboms/nginx-1.30.4.cdx.json,pkg:deb/debian/libsepol2@3.8.1-1?arch=amd64&distro=debian-13.6&package-id=3392d9f030dfa725&upstream=libsepol,library,libsepol2,3.8.1-1,Debian SELinux maintainers <selinux-devel@lists.alioth.debian.org>,pkg:deb/debian/libsepol2@3.8.1-1?arch=amd64&distro=debian-13.6&upstream=libsepol,cpe:2.3:a:libsepol2:libsepol2:3.8.1-1:*:*:*:*:*:*:*,STRUCTURALLY_VALID,,a,libsepol2,libsepol2,3.8.1-1,*,*,*,*,*,*,*
90044,docker.io/library/nginx,1.30.4,pilot/results/sboms/nginx-1.30.4.cdx.json,pkg:deb/debian/libsharpyuv0@1.5.0-0.1?arch=amd64&distro=debian-13.6&package-id=cd741ba79a397558&upstream=libwebp,library,libsharpyuv0,1.5.0-0.1,Jeff Breidenbach <jab@debian.org>,pkg:deb/debian/libsharpyuv0@1.5.0-0.1?arch=amd64&distro=debian-13.6&upstream=libwebp,cpe:2.3:a:libsharpyuv0:libsharpyuv0:1.5.0-0.1:*:*:*:*:*:*:*,STRUCTURALLY_VALID,,a,libsharpyuv0,libsharpyuv0,1.5.0-0.1,*,*,*,*,*,*,*
90045,docker.io/library/nginx,1.30.4,pilot/results/sboms/nginx-1.30.4.cdx.json,pkg:deb/debian/libsmartcols1@2.41-5?arch=amd64&distro=debian-13.6&package-id=a8b3fa3699849e35&upstream=util-linux,library,libsmartcols1,2.41-5,Chris Hofstaedtler <zeha@debian.org>,pkg:deb/debian/libsmartcols1@2.41-5?arch=amd64&distro=debian-13.6&upstream=util-linux,cpe:2.3:a:libsmartcols1:libsmartcols1:2.41-5:*:*:*:*:*:*:*,STRUCTURALLY_VALID,,a,libsmartcols1,libsmartcols1,2.41-5,*,*,*,*,*,*,*
90046,docker.io/library/nginx,1.30.4,pilot/results/sboms/nginx-1.30.4.cdx.json,pkg:deb/debian/libsqlite3-0@3.46.1-7%2Bdeb13u1?arch=amd64&distro=debian-13.6&package-id=0e674e420f2bfafa&upstream=sqlite3,library,libsqlite3-0,3.46.1-7+deb13u1,Laszlo Boszormenyi (GCS) <gcs@debian.org>,pkg:deb/debian/libsqlite3-0@3.46.1-7%2Bdeb13u1?arch=amd64&distro=debian-13.6&upstream=sqlite3,cpe:2.3:a:libsqlite3-0:libsqlite3-0:3.46.1-7\+deb13u1:*:*:*:*:*:*:*,STRUCTURALLY_VALID,,a,libsqlite3-0,libsqlite3-0,3.46.1-7\+deb13u1,*,*,*,*,*,*,*
90047,docker.io/library/nginx,1.30.4,pilot/results/sboms/nginx-1.30.4.cdx.json,pkg:deb/debian/libssh2-1t64@1.11.1-1%2Bdeb13u1?arch=amd64&distro=debian-13.6&package-id=99d64a21b6e327fd&upstream=libssh2,library,libssh2-1t64,1.11.1-1+deb13u1,Nicolas Mora <babelouest@debian.org>,pkg:deb/debian/libssh2-1t64@1.11.1-1%2Bdeb13u1?arch=amd64&distro=debian-13.6&upstream=libssh2,cpe:2.3:a:libssh2-1t64:libssh2-1t64:1.11.1-1\+deb13u1:*:*:*:*:*:*:*,STRUCTURALLY_VALID,,a,libssh2-1t64,libssh2-1t64,1.11.1-1\+deb13u1,*,*,*,*,*,*,*
90048,docker.io/library/nginx,1.30.4,pilot/results/sboms/nginx-1.30.4.cdx.json,pkg:deb/debian/libssl3t64@3.5.6-1~deb13u2?arch=amd64&distro=debian-13.6&package-id=b53f18d1bacb9feb&upstream=openssl,library,libssl3t64,3.5.6-1~deb13u2,Debian OpenSSL Team <pkg-openssl-devel@alioth-lists.debian.net>,pkg:deb/debian/libssl3t64@3.5.6-1~deb13u2?arch=amd64&distro=debian-13.6&upstream=openssl,cpe:2.3:a:libssl3t64:libssl3t64:3.5.6-1\~deb13u2:*:*:*:*:*:*:*,STRUCTURALLY_VALID,,a,libssl3t64,libssl3t64,3.5.6-1\~deb13u2,*,*,*,*,*,*,*
90049,docker.io/library/nginx,1.30.4,pilot/results/sboms/nginx-1.30.4.cdx.json,pkg:deb/debian/libstdc%2B%2B6@14.2.0-19?arch=amd64&distro=debian-13.6&package-id=7dc961cf921ecd08&upstream=gcc-14,library,libstdc++6,14.2.0-19,Debian GCC Maintainers <debian-gcc@lists.debian.org>,pkg:deb/debian/libstdc%2B%2B6@14.2.0-19?arch=amd64&distro=debian-13.6&upstream=gcc-14,cpe:2.3:a:libstdc\+\+6:libstdc\+\+6:14.2.0-19:*:*:*:*:*:*:*,STRUCTURALLY_VALID,,a,libstdc\+\+6,libstdc\+\+6,14.2.0-19,*,*,*,*,*,*,*
90050,docker.io/library/nginx,1.30.4,pilot/results/sboms/nginx-1.30.4.cdx.json,pkg:deb/debian/libsvtav1enc2@2.3.0%2Bdfsg-1?arch=amd64&distro=debian-13.6&package-id=8e1442920feeeefa&upstream=svt-av1,library,libsvtav1enc2,2.3.0+dfsg-1,Debian Multimedia Maintainers <debian-multimedia@lists.debian.org>,pkg:deb/debian/libsvtav1enc2@2.3.0%2Bdfsg-1?arch=amd64&distro=debian-13.6&upstream=svt-av1,cpe:2.3:a:libsvtav1enc2:libsvtav1enc2:2.3.0\+dfsg-1:*:*:*:*:*:*:*,STRUCTURALLY_VALID,,a,libsvtav1enc2,libsvtav1enc2,2.3.0\+dfsg-1,*,*,*,*,*,*,*
90051,docker.io/library/nginx,1.30.4,pilot/results/sboms/nginx-1.30.4.cdx.json,pkg:deb/debian/libsystemd0@257.13-1~deb13u1?arch=amd64&distro=debian-13.6&package-id=8bfae933fd40ea5d&upstream=systemd,library,libsystemd0,257.13-1~deb13u1,Debian systemd Maintainers <pkg-systemd-maintainers@lists.alioth.debian.org>,pkg:deb/debian/libsystemd0@257.13-1~deb13u1?arch=amd64&distro=debian-13.6&upstream=systemd,cpe:2.3:a:libsystemd0:libsystemd0:257.13-1\~deb13u1:*:*:*:*:*:*:*,STRUCTURALLY_VALID,,a,libsystemd0,libsystemd0,257.13-1\~deb13u1,*,*,*,*,*,*,*
90052,docker.io/library/nginx,1.30.4,pilot/results/sboms/nginx-1.30.4.cdx.json,pkg:deb/debian/libtasn1-6@4.20.0-2%2Bdeb13u1?arch=amd64&distro=debian-13.6&package-id=46682377babaf93f,library,libtasn1-6,4.20.0-2+deb13u1,Debian GnuTLS Maintainers <pkg-gnutls-maint@lists.alioth.debian.org>,pkg:deb/debian/libtasn1-6@4.20.0-2%2Bdeb13u1?arch=amd64&distro=debian-13.6,cpe:2.3:a:libtasn1-6:libtasn1-6:4.20.0-2\+deb13u1:*:*:*:*:*:*:*,STRUCTURALLY_VALID,,a,libtasn1-6,libtasn1-6,4.20.0-2\+deb13u1,*,*,*,*,*,*,*
90053,docker.io/library/nginx,1.30.4,pilot/results/sboms/nginx-1.30.4.cdx.json,pkg:deb/debian/libtiff6@4.7.0-3%2Bdeb13u2?arch=amd64&distro=debian-13.6&package-id=1f0cfa47905a3da8&upstream=tiff,library,libtiff6,4.7.0-3+deb13u2,Laszlo Boszormenyi (GCS) <gcs@debian.org>,pkg:deb/debian/libtiff6@4.7.0-3%2Bdeb13u2?arch=amd64&distro=debian-13.6&upstream=tiff,cpe:2.3:a:libtiff6:libtiff6:4.7.0-3\+deb13u2:*:*:*:*:*:*:*,STRUCTURALLY_VALID,,a,libtiff6,libtiff6,4.7.0-3\+deb13u2,*,*,*,*,*,*,*
90054,docker.io/library/nginx,1.30.4,pilot/results/sboms/nginx-1.30.4.cdx.json,pkg:deb/debian/libtinfo6@6.5%2B20250216-2?arch=amd64&distro=debian-13.6&package-id=7402a3d31bb024db&upstream=ncurses,library,libtinfo6,6.5+20250216-2,Ncurses Maintainers <ncurses@packages.debian.org>,pkg:deb/debian/libtinfo6@6.5%2B20250216-2?arch=amd64&distro=debian-13.6&upstream=ncurses,cpe:2.3:a:libtinfo6:libtinfo6:6.5\+20250216-2:*:*:*:*:*:*:*,STRUCTURALLY_VALID,,a,libtinfo6,libtinfo6,6.5\+20250216-2,*,*,*,*,*,*,*
90055,docker.io/library/nginx,1.30.4,pilot/results/sboms/nginx-1.30.4.cdx.json,pkg:deb/debian/libudev1@257.13-1~deb13u1?arch=amd64&distro=debian-13.6&package-id=4468281f476fc994&upstream=systemd,library,libudev1,257.13-1~deb13u1,Debian systemd Maintainers <pkg-systemd-maintainers@lists.alioth.debian.org>,pkg:deb/debian/libudev1@257.13-1~deb13u1?arch=amd64&distro=debian-13.6&upstream=systemd,cpe:2.3:a:libudev1:libudev1:257.13-1\~deb13u1:*:*:*:*:*:*:*,STRUCTURALLY_VALID,,a,libudev1,libudev1,257.13-1\~deb13u1,*,*,*,*,*,*,*
90056,docker.io/library/nginx,1.30.4,pilot/results/sboms/nginx-1.30.4.cdx.json,pkg:deb/debian/libunistring5@1.3-2?arch=amd64&distro=debian-13.6&package-id=38cd4368751ca52c&upstream=libunistring,library,libunistring5,1.3-2,Jörg Frings-Fürst <debian@jff.email>,pkg:deb/debian/libunistring5@1.3-2?arch=amd64&distro=debian-13.6&upstream=libunistring,cpe:2.3:a:libunistring5:libunistring5:1.3-2:*:*:*:*:*:*:*,STRUCTURALLY_VALID,,a,libunistring5,libunistring5,1.3-2,*,*,*,*,*,*,*
90057,docker.io/library/nginx,1.30.4,pilot/results/sboms/nginx-1.30.4.cdx.json,pkg:deb/debian/libuuid1@2.41-5?arch=amd64&distro=debian-13.6&package-id=a8a27df4740c7b35&upstream=util-linux,library,libuuid1,2.41-5,Chris Hofstaedtler <zeha@debian.org>,pkg:deb/debian/libuuid1@2.41-5?arch=amd64&distro=debian-13.6&upstream=util-linux,cpe:2.3:a:libuuid1:libuuid1:2.41-5:*:*:*:*:*:*:*,STRUCTURALLY_VALID,,a,libuuid1,libuuid1,2.41-5,*,*,*,*,*,*,*
90058,docker.io/library/nginx,1.30.4,pilot/results/sboms/nginx-1.30.4.cdx.json,pkg:deb/debian/libwebp7@1.5.0-0.1?arch=amd64&distro=debian-13.6&package-id=2f0f8011797cf4fe&upstream=libwebp,library,libwebp7,1.5.0-0.1,Jeff Breidenbach <jab@debian.org>,pkg:deb/debian/libwebp7@1.5.0-0.1?arch=amd64&distro=debian-13.6&upstream=libwebp,cpe:2.3:a:libwebp7:libwebp7:1.5.0-0.1:*:*:*:*:*:*:*,STRUCTURALLY_VALID,,a,libwebp7,libwebp7,1.5.0-0.1,*,*,*,*,*,*,*
90059,docker.io/library/nginx,1.30.4,pilot/results/sboms/nginx-1.30.4.cdx.json,pkg:deb/debian/libx11-6@2%3A1.8.12-1?arch=amd64&distro=debian-13.6&package-id=ea4018933b7b4ef6&upstream=libx11,library,libx11-6,2:1.8.12-1,Debian X Strike Force <debian-x@lists.debian.org>,pkg:deb/debian/libx11-6@2%3A1.8.12-1?arch=amd64&distro=debian-13.6&upstream=libx11,cpe:2.3:a:libx11-6:libx11-6:2\:1.8.12-1:*:*:*:*:*:*:*,STRUCTURALLY_VALID,,a,libx11-6,libx11-6,2\:1.8.12-1,*,*,*,*,*,*,*
90060,docker.io/library/nginx,1.30.4,pilot/results/sboms/nginx-1.30.4.cdx.json,pkg:deb/debian/libx11-data@2%3A1.8.12-1?arch=all&distro=debian-13.6&package-id=25c33176f8e0362a&upstream=libx11,library,libx11-data,2:1.8.12-1,Debian X Strike Force <debian-x@lists.debian.org>,pkg:deb/debian/libx11-data@2%3A1.8.12-1?arch=all&distro=debian-13.6&upstream=libx11,cpe:2.3:a:libx11-data:libx11-data:2\:1.8.12-1:*:*:*:*:*:*:*,STRUCTURALLY_VALID,,a,libx11-data,libx11-data,2\:1.8.12-1,*,*,*,*,*,*,*
90061,docker.io/library/nginx,1.30.4,pilot/results/sboms/nginx-1.30.4.cdx.json,pkg:deb/debian/libxau6@1%3A1.0.11-1?arch=amd64&distro=debian-13.6&package-id=aad04b1e645cb798&upstream=libxau,library,libxau6,1:1.0.11-1,Debian X Strike Force <debian-x@lists.debian.org>,pkg:deb/debian/libxau6@1%3A1.0.11-1?arch=amd64&distro=debian-13.6&upstream=libxau,cpe:2.3:a:libxau6:libxau6:1\:1.0.11-1:*:*:*:*:*:*:*,STRUCTURALLY_VALID,,a,libxau6,libxau6,1\:1.0.11-1,*,*,*,*,*,*,*
90062,docker.io/library/nginx,1.30.4,pilot/results/sboms/nginx-1.30.4.cdx.json,pkg:deb/debian/libxcb1@1.17.0-2%2Bb1?arch=amd64&distro=debian-13.6&package-id=e06e36ba33793c64&upstream=libxcb%401.17.0-2,library,libxcb1,1.17.0-2+b1,Debian X Strike Force <debian-x@lists.debian.org>,pkg:deb/debian/libxcb1@1.17.0-2%2Bb1?arch=amd64&distro=debian-13.6&upstream=libxcb%401.17.0-2,cpe:2.3:a:libxcb1:libxcb1:1.17.0-2\+b1:*:*:*:*:*:*:*,STRUCTURALLY_VALID,,a,libxcb1,libxcb1,1.17.0-2\+b1,*,*,*,*,*,*,*
90063,docker.io/library/nginx,1.30.4,pilot/results/sboms/nginx-1.30.4.cdx.json,pkg:deb/debian/libxdmcp6@1%3A1.1.5-1?arch=amd64&distro=debian-13.6&package-id=f714d826c26260ab&upstream=libxdmcp,library,libxdmcp6,1:1.1.5-1,Debian X Strike Force <debian-x@lists.debian.org>,pkg:deb/debian/libxdmcp6@1%3A1.1.5-1?arch=amd64&distro=debian-13.6&upstream=libxdmcp,cpe:2.3:a:libxdmcp6:libxdmcp6:1\:1.1.5-1:*:*:*:*:*:*:*,STRUCTURALLY_VALID,,a,libxdmcp6,libxdmcp6,1\:1.1.5-1,*,*,*,*,*,*,*
90064,docker.io/library/nginx,1.30.4,pilot/results/sboms/nginx-1.30.4.cdx.json,pkg:deb/debian/libxml2@2.12.7%2Bdfsg%2Breally2.9.14-2.1%2Bdeb13u3?arch=amd64&distro=debian-13.6&package-id=74e0d2fced48138b,library,libxml2,2.12.7+dfsg+really2.9.14-2.1+deb13u3,Debian XML/SGML Group <debian-xml-sgml-pkgs@lists.alioth.debian.org>,pkg:deb/debian/libxml2@2.12.7%2Bdfsg%2Breally2.9.14-2.1%2Bdeb13u3?arch=amd64&distro=debian-13.6,cpe:2.3:a:libxml2:libxml2:2.12.7\+dfsg\+really2.9.14-2.1\+deb13u3:*:*:*:*:*:*:*,STRUCTURALLY_VALID,,a,libxml2,libxml2,2.12.7\+dfsg\+really2.9.14-2.1\+deb13u3,*,*,*,*,*,*,*
90065,docker.io/library/nginx,1.30.4,pilot/results/sboms/nginx-1.30.4.cdx.json,pkg:deb/debian/libxpm4@1%3A3.5.17-1%2Bdeb13u1?arch=amd64&distro=debian-13.6&package-id=5dcddbd284bbdcb0&upstream=libxpm,library,libxpm4,1:3.5.17-1+deb13u1,Debian X Strike Force <debian-x@lists.debian.org>,pkg:deb/debian/libxpm4@1%3A3.5.17-1%2Bdeb13u1?arch=amd64&distro=debian-13.6&upstream=libxpm,cpe:2.3:a:libxpm4:libxpm4:1\:3.5.17-1\+deb13u1:*:*:*:*:*:*:*,STRUCTURALLY_VALID,,a,libxpm4,libxpm4,1\:3.5.17-1\+deb13u1,*,*,*,*,*,*,*
90066,docker.io/library/nginx,1.30.4,pilot/results/sboms/nginx-1.30.4.cdx.json,pkg:deb/debian/libxslt1.1@1.1.35-1.2%2Bdeb13u3?arch=amd64&distro=debian-13.6&package-id=a316acb628a29c97&upstream=libxslt,library,libxslt1.1,1.1.35-1.2+deb13u3,Debian XML/SGML Group <debian-xml-sgml-pkgs@lists.alioth.debian.org>,pkg:deb/debian/libxslt1.1@1.1.35-1.2%2Bdeb13u3?arch=amd64&distro=debian-13.6&upstream=libxslt,cpe:2.3:a:libxslt1.1:libxslt1.1:1.1.35-1.2\+deb13u3:*:*:*:*:*:*:*,STRUCTURALLY_VALID,,a,libxslt1.1,libxslt1.1,1.1.35-1.2\+deb13u3,*,*,*,*,*,*,*
90067,docker.io/library/nginx,1.30.4,pilot/results/sboms/nginx-1.30.4.cdx.json,pkg:deb/debian/libxxhash0@0.8.3-2?arch=amd64&distro=debian-13.6&package-id=8047a2247d2d0e45&upstream=xxhash,library,libxxhash0,0.8.3-2,Josue Ortega <josue@debian.org>,pkg:deb/debian/libxxhash0@0.8.3-2?arch=amd64&distro=debian-13.6&upstream=xxhash,cpe:2.3:a:libxxhash0:libxxhash0:0.8.3-2:*:*:*:*:*:*:*,STRUCTURALLY_VALID,,a,libxxhash0,libxxhash0,0.8.3-2,*,*,*,*,*,*,*
90068,docker.io/library/nginx,1.30.4,pilot/results/sboms/nginx-1.30.4.cdx.json,pkg:deb/debian/libyuv0@0.0.1904.20250204-1?arch=amd64&distro=debian-13.6&package-id=fe559bed0551e9be&upstream=libyuv,library,libyuv0,0.0.1904.20250204-1,Debian Multimedia Maintainers <debian-multimedia@lists.debian.org>,pkg:deb/debian/libyuv0@0.0.1904.20250204-1?arch=amd64&distro=debian-13.6&upstream=libyuv,cpe:2.3:a:libyuv0:libyuv0:0.0.1904.20250204-1:*:*:*:*:*:*:*,STRUCTURALLY_VALID,,a,libyuv0,libyuv0,0.0.1904.20250204-1,*,*,*,*,*,*,*
90069,docker.io/library/nginx,1.30.4,pilot/results/sboms/nginx-1.30.4.cdx.json,pkg:deb/debian/libzstd1@1.5.7%2Bdfsg-1?arch=amd64&distro=debian-13.6&package-id=a054cdb90cdf7119&upstream=libzstd,library,libzstd1,1.5.7+dfsg-1,RPM packaging team <team+pkg-rpm@tracker.debian.org>,pkg:deb/debian/libzstd1@1.5.7%2Bdfsg-1?arch=amd64&distro=debian-13.6&upstream=libzstd,cpe:2.3:a:libzstd1:libzstd1:1.5.7\+dfsg-1:*:*:*:*:*:*:*,STRUCTURALLY_VALID,,a,libzstd1,libzstd1,1.5.7\+dfsg-1,*,*,*,*,*,*,*
90070,docker.io/library/nginx,1.30.4,pilot/results/sboms/nginx-1.30.4.cdx.json,pkg:deb/debian/login@1%3A4.16.0-2%2Breally2.41-5?arch=amd64&distro=debian-13.6&package-id=dd4a8fd9dddb7191&upstream=util-linux%402.41-5,library,login,1:4.16.0-2+really2.41-5,Chris Hofstaedtler <zeha@debian.org>,pkg:deb/debian/login@1%3A4.16.0-2%2Breally2.41-5?arch=amd64&distro=debian-13.6&upstream=util-linux%402.41-5,cpe:2.3:a:login:login:1\:4.16.0-2\+really2.41-5:*:*:*:*:*:*:*,STRUCTURALLY_VALID,,a,login,login,1\:4.16.0-2\+really2.41-5,*,*,*,*,*,*,*
90071,docker.io/library/nginx,1.30.4,pilot/results/sboms/nginx-1.30.4.cdx.json,pkg:deb/debian/login.defs@1%3A4.17.4-2?arch=all&distro=debian-13.6&package-id=893ab677af71bedc&upstream=shadow,library,login.defs,1:4.17.4-2,Shadow package maintainers <pkg-shadow-devel@lists.alioth.debian.org>,pkg:deb/debian/login.defs@1%3A4.17.4-2?arch=all&distro=debian-13.6&upstream=shadow,cpe:2.3:a:login.defs:login.defs:1\:4.17.4-2:*:*:*:*:*:*:*,STRUCTURALLY_VALID,,a,login.defs,login.defs,1\:4.17.4-2,*,*,*,*,*,*,*
90072,docker.io/library/nginx,1.30.4,pilot/results/sboms/nginx-1.30.4.cdx.json,pkg:deb/debian/mawk@1.3.4.20250131-1?arch=amd64&distro=debian-13.6&package-id=d66f7150f339b011,library,mawk,1.3.4.20250131-1,Boyuan Yang <byang@debian.org>,pkg:deb/debian/mawk@1.3.4.20250131-1?arch=amd64&distro=debian-13.6,cpe:2.3:a:mawk:mawk:1.3.4.20250131-1:*:*:*:*:*:*:*,STRUCTURALLY_VALID,,a,mawk,mawk,1.3.4.20250131-1,*,*,*,*,*,*,*
90073,docker.io/library/nginx,1.30.4,pilot/results/sboms/nginx-1.30.4.cdx.json,pkg:deb/debian/mount@2.41-5?arch=amd64&distro=debian-13.6&package-id=0875fd1d871c7e1b&upstream=util-linux,library,mount,2.41-5,Chris Hofstaedtler <zeha@debian.org>,pkg:deb/debian/mount@2.41-5?arch=amd64&distro=debian-13.6&upstream=util-linux,cpe:2.3:a:mount:mount:2.41-5:*:*:*:*:*:*:*,STRUCTURALLY_VALID,,a,mount,mount,2.41-5,*,*,*,*,*,*,*
90074,docker.io/library/nginx,1.30.4,pilot/results/sboms/nginx-1.30.4.cdx.json,pkg:deb/debian/ncurses-base@6.5%2B20250216-2?arch=all&distro=debian-13.6&package-id=3f9378db54aaac9e&upstream=ncurses,library,ncurses-base,6.5+20250216-2,Ncurses Maintainers <ncurses@packages.debian.org>,pkg:deb/debian/ncurses-base@6.5%2B20250216-2?arch=all&distro=debian-13.6&upstream=ncurses,cpe:2.3:a:ncurses-base:ncurses-base:6.5\+20250216-2:*:*:*:*:*:*:*,STRUCTURALLY_VALID,,a,ncurses-base,ncurses-base,6.5\+20250216-2,*,*,*,*,*,*,*
90075,docker.io/library/nginx,1.30.4,pilot/results/sboms/nginx-1.30.4.cdx.json,pkg:deb/debian/ncurses-bin@6.5%2B20250216-2?arch=amd64&distro=debian-13.6&package-id=e96cb50e09a471e0&upstream=ncurses,library,ncurses-bin,6.5+20250216-2,Ncurses Maintainers <ncurses@packages.debian.org>,pkg:deb/debian/ncurses-bin@6.5%2B20250216-2?arch=amd64&distro=debian-13.6&upstream=ncurses,cpe:2.3:a:ncurses-bin:ncurses-bin:6.5\+20250216-2:*:*:*:*:*:*:*,STRUCTURALLY_VALID,,a,ncurses-bin,ncurses-bin,6.5\+20250216-2,*,*,*,*,*,*,*
90076,docker.io/library/nginx,1.30.4,pilot/results/sboms/nginx-1.30.4.cdx.json,pkg:deb/debian/nginx@1.30.4-1~trixie?arch=amd64&distro=debian-13.6&package-id=5cd3f7f089f06ae3,library,nginx,1.30.4-1~trixie,NGINX Packaging <nginx-packaging@f5.com>,pkg:deb/debian/nginx@1.30.4-1~trixie?arch=amd64&distro=debian-13.6,cpe:2.3:a:nginx:nginx:1.30.4-1\~trixie:*:*:*:*:*:*:*,STRUCTURALLY_VALID,,a,nginx,nginx,1.30.4-1\~trixie,*,*,*,*,*,*,*
90077,docker.io/library/nginx,1.30.4,pilot/results/sboms/nginx-1.30.4.cdx.json,pkg:deb/debian/nginx-module-acme@1.30.4%2B0.4.1-1~trixie?arch=amd64&distro=debian-13.6&package-id=7cf29e3768560b3c,library,nginx-module-acme,1.30.4+0.4.1-1~trixie,NGINX Packaging <nginx-packaging@f5.com>,pkg:deb/debian/nginx-module-acme@1.30.4%2B0.4.1-1~trixie?arch=amd64&distro=debian-13.6,cpe:2.3:a:nginx-module-acme:nginx-module-acme:1.30.4\+0.4.1-1\~trixie:*:*:*:*:*:*:*,STRUCTURALLY_VALID,,a,nginx-module-acme,nginx-module-acme,1.30.4\+0.4.1-1\~trixie,*,*,*,*,*,*,*
90078,docker.io/library/nginx,1.30.4,pilot/results/sboms/nginx-1.30.4.cdx.json,pkg:deb/debian/nginx-module-geoip@1.30.4-1~trixie?arch=amd64&distro=debian-13.6&package-id=45f5bab4bc6dda97,library,nginx-module-geoip,1.30.4-1~trixie,NGINX Packaging <nginx-packaging@f5.com>,pkg:deb/debian/nginx-module-geoip@1.30.4-1~trixie?arch=amd64&distro=debian-13.6,cpe:2.3:a:nginx-module-geoip:nginx-module-geoip:1.30.4-1\~trixie:*:*:*:*:*:*:*,STRUCTURALLY_VALID,,a,nginx-module-geoip,nginx-module-geoip,1.30.4-1\~trixie,*,*,*,*,*,*,*
90079,docker.io/library/nginx,1.30.4,pilot/results/sboms/nginx-1.30.4.cdx.json,pkg:deb/debian/nginx-module-image-filter@1.30.4-1~trixie?arch=amd64&distro=debian-13.6&package-id=2c34977d729881e9,library,nginx-module-image-filter,1.30.4-1~trixie,NGINX Packaging <nginx-packaging@f5.com>,pkg:deb/debian/nginx-module-image-filter@1.30.4-1~trixie?arch=amd64&distro=debian-13.6,cpe:2.3:a:nginx-module-image-filter:nginx-module-image-filter:1.30.4-1\~trixie:*:*:*:*:*:*:*,STRUCTURALLY_VALID,,a,nginx-module-image-filter,nginx-module-image-filter,1.30.4-1\~trixie,*,*,*,*,*,*,*
90080,docker.io/library/nginx,1.30.4,pilot/results/sboms/nginx-1.30.4.cdx.json,pkg:deb/debian/nginx-module-njs@1.30.4%2B1.0.0-1~trixie?arch=amd64&distro=debian-13.6&package-id=f8446bd2a1d48348,library,nginx-module-njs,1.30.4+1.0.0-1~trixie,NGINX Packaging <nginx-packaging@f5.com>,pkg:deb/debian/nginx-module-njs@1.30.4%2B1.0.0-1~trixie?arch=amd64&distro=debian-13.6,cpe:2.3:a:nginx-module-njs:nginx-module-njs:1.30.4\+1.0.0-1\~trixie:*:*:*:*:*:*:*,STRUCTURALLY_VALID,,a,nginx-module-njs,nginx-module-njs,1.30.4\+1.0.0-1\~trixie,*,*,*,*,*,*,*
90081,docker.io/library/nginx,1.30.4,pilot/results/sboms/nginx-1.30.4.cdx.json,pkg:deb/debian/nginx-module-xslt@1.30.4-1~trixie?arch=amd64&distro=debian-13.6&package-id=be251b7dbbf7584f,library,nginx-module-xslt,1.30.4-1~trixie,NGINX Packaging <nginx-packaging@f5.com>,pkg:deb/debian/nginx-module-xslt@1.30.4-1~trixie?arch=amd64&distro=debian-13.6,cpe:2.3:a:nginx-module-xslt:nginx-module-xslt:1.30.4-1\~trixie:*:*:*:*:*:*:*,STRUCTURALLY_VALID,,a,nginx-module-xslt,nginx-module-xslt,1.30.4-1\~trixie,*,*,*,*,*,*,*
90082,docker.io/library/nginx,1.30.4,pilot/results/sboms/nginx-1.30.4.cdx.json,pkg:deb/debian/openssl@3.5.6-1~deb13u2?arch=amd64&distro=debian-13.6&package-id=f6113e6cdbf866f3,library,openssl,3.5.6-1~deb13u2,Debian OpenSSL Team <pkg-openssl-devel@alioth-lists.debian.net>,pkg:deb/debian/openssl@3.5.6-1~deb13u2?arch=amd64&distro=debian-13.6,cpe:2.3:a:openssl:openssl:3.5.6-1\~deb13u2:*:*:*:*:*:*:*,STRUCTURALLY_VALID,,a,openssl,openssl,3.5.6-1\~deb13u2,*,*,*,*,*,*,*
90083,docker.io/library/nginx,1.30.4,pilot/results/sboms/nginx-1.30.4.cdx.json,pkg:deb/debian/openssl-provider-legacy@3.5.6-1~deb13u2?arch=amd64&distro=debian-13.6&package-id=3278b1eea0a38ab7&upstream=openssl,library,openssl-provider-legacy,3.5.6-1~deb13u2,Debian OpenSSL Team <pkg-openssl-devel@alioth-lists.debian.net>,pkg:deb/debian/openssl-provider-legacy@3.5.6-1~deb13u2?arch=amd64&distro=debian-13.6&upstream=openssl,cpe:2.3:a:openssl-provider-legacy:openssl-provider-legacy:3.5.6-1\~deb13u2:*:*:*:*:*:*:*,STRUCTURALLY_VALID,,a,openssl-provider-legacy,openssl-provider-legacy,3.5.6-1\~deb13u2,*,*,*,*,*,*,*
90084,docker.io/library/nginx,1.30.4,pilot/results/sboms/nginx-1.30.4.cdx.json,pkg:deb/debian/passwd@1%3A4.17.4-2?arch=amd64&distro=debian-13.6&package-id=a0c2eaa9ca5431ff&upstream=shadow,library,passwd,1:4.17.4-2,Shadow package maintainers <pkg-shadow-devel@lists.alioth.debian.org>,pkg:deb/debian/passwd@1%3A4.17.4-2?arch=amd64&distro=debian-13.6&upstream=shadow,cpe:2.3:a:passwd:passwd:1\:4.17.4-2:*:*:*:*:*:*:*,STRUCTURALLY_VALID,,a,passwd,passwd,1\:4.17.4-2,*,*,*,*,*,*,*
90085,docker.io/library/nginx,1.30.4,pilot/results/sboms/nginx-1.30.4.cdx.json,pkg:deb/debian/perl-base@5.40.1-6?arch=amd64&distro=debian-13.6&package-id=c9a7a6c12ce9a73e&upstream=perl,library,perl-base,5.40.1-6,Niko Tyni <ntyni@debian.org>,pkg:deb/debian/perl-base@5.40.1-6?arch=amd64&distro=debian-13.6&upstream=perl,cpe:2.3:a:perl-base:perl-base:5.40.1-6:*:*:*:*:*:*:*,STRUCTURALLY_VALID,,a,perl-base,perl-base,5.40.1-6,*,*,*,*,*,*,*
90086,docker.io/library/nginx,1.30.4,pilot/results/sboms/nginx-1.30.4.cdx.json,pkg:deb/debian/sed@4.9-2%2Bdeb13u1?arch=amd64&distro=debian-13.6&package-id=095aaa03979d18fd,library,sed,4.9-2+deb13u1,Clint Adams <clint@debian.org>,pkg:deb/debian/sed@4.9-2%2Bdeb13u1?arch=amd64&distro=debian-13.6,cpe:2.3:a:sed:sed:4.9-2\+deb13u1:*:*:*:*:*:*:*,STRUCTURALLY_VALID,,a,sed,sed,4.9-2\+deb13u1,*,*,*,*,*,*,*
90087,docker.io/library/nginx,1.30.4,pilot/results/sboms/nginx-1.30.4.cdx.json,pkg:deb/debian/sqv@1.3.0-3%2Bb2?arch=amd64&distro=debian-13.6&package-id=2c6d91dc7bbd50cb&upstream=rust-sequoia-sqv%401.3.0-3,library,sqv,1.3.0-3+b2,Debian Rust Maintainers <pkg-rust-maintainers@alioth-lists.debian.net>,pkg:deb/debian/sqv@1.3.0-3%2Bb2?arch=amd64&distro=debian-13.6&upstream=rust-sequoia-sqv%401.3.0-3,cpe:2.3:a:sqv:sqv:1.3.0-3\+b2:*:*:*:*:*:*:*,STRUCTURALLY_VALID,,a,sqv,sqv,1.3.0-3\+b2,*,*,*,*,*,*,*
90088,docker.io/library/nginx,1.30.4,pilot/results/sboms/nginx-1.30.4.cdx.json,pkg:deb/debian/sysvinit-utils@3.14-4?arch=amd64&distro=debian-13.6&package-id=199f374ab128923e&upstream=sysvinit,library,sysvinit-utils,3.14-4,Debian sysvinit maintainers <debian-init-diversity@chiark.greenend.org.uk>,pkg:deb/debian/sysvinit-utils@3.14-4?arch=amd64&distro=debian-13.6&upstream=sysvinit,cpe:2.3:a:sysvinit-utils:sysvinit-utils:3.14-4:*:*:*:*:*:*:*,STRUCTURALLY_VALID,,a,sysvinit-utils,sysvinit-utils,3.14-4,*,*,*,*,*,*,*
90089,docker.io/library/nginx,1.30.4,pilot/results/sboms/nginx-1.30.4.cdx.json,pkg:deb/debian/tar@1.35%2Bdfsg-3.1?arch=amd64&distro=debian-13.6&package-id=213d133cc46bf69b,library,tar,1.35+dfsg-3.1,Janos Lenart <ocsi@debian.org>,pkg:deb/debian/tar@1.35%2Bdfsg-3.1?arch=amd64&distro=debian-13.6,cpe:2.3:a:tar:tar:1.35\+dfsg-3.1:*:*:*:*:*:*:*,STRUCTURALLY_VALID,,a,tar,tar,1.35\+dfsg-3.1,*,*,*,*,*,*,*
90090,docker.io/library/nginx,1.30.4,pilot/results/sboms/nginx-1.30.4.cdx.json,pkg:deb/debian/tzdata@2026b-0%2Bdeb13u1?arch=all&distro=debian-13.6&package-id=c6c8689fd91c54f1,library,tzdata,2026b-0+deb13u1,GNU Libc Maintainers <debian-glibc@lists.debian.org>,pkg:deb/debian/tzdata@2026b-0%2Bdeb13u1?arch=all&distro=debian-13.6,cpe:2.3:a:tzdata:tzdata:2026b-0\+deb13u1:*:*:*:*:*:*:*,STRUCTURALLY_VALID,,a,tzdata,tzdata,2026b-0\+deb13u1,*,*,*,*,*,*,*
90091,docker.io/library/nginx,1.30.4,pilot/results/sboms/nginx-1.30.4.cdx.json,pkg:deb/debian/util-linux@2.41-5?arch=amd64&distro=debian-13.6&package-id=afc98bf002d364bb,library,util-linux,2.41-5,Chris Hofstaedtler <zeha@debian.org>,pkg:deb/debian/util-linux@2.41-5?arch=amd64&distro=debian-13.6,cpe:2.3:a:util-linux:util-linux:2.41-5:*:*:*:*:*:*:*,STRUCTURALLY_VALID,,a,util-linux,util-linux,2.41-5,*,*,*,*,*,*,*
90092,docker.io/library/nginx,1.30.4,pilot/results/sboms/nginx-1.30.4.cdx.json,pkg:deb/debian/zlib1g@1%3A1.3.dfsg%2Breally1.3.1-1%2Bb1?arch=amd64&distro=debian-13.6&package-id=8a1ec6d9372df578&upstream=zlib%401%3A1.3.dfsg%2Breally1.3.1-1,library,zlib1g,1:1.3.dfsg+really1.3.1-1+b1,Mark Brown <broonie@debian.org>,pkg:deb/debian/zlib1g@1%3A1.3.dfsg%2Breally1.3.1-1%2Bb1?arch=amd64&distro=debian-13.6&upstream=zlib%401%3A1.3.dfsg%2Breally1.3.1-1,cpe:2.3:a:zlib1g:zlib1g:1\:1.3.dfsg\+really1.3.1-1\+b1:*:*:*:*:*:*:*,STRUCTURALLY_VALID,,a,zlib1g,zlib1g,1\:1.3.dfsg\+really1.3.1-1\+b1,*,*,*,*,*,*,*
130708,docker.io/library/node,24.18.0,pilot/results/sboms/node-24.18.0.cdx.json,pkg:npm/abbrev@4.0.0?package-id=38ed466dbfd0d3e9,library,abbrev,4.0.0,,pkg:npm/abbrev@4.0.0,cpe:2.3:a:abbrev:abbrev:4.0.0:*:*:*:*:*:*:*,STRUCTURALLY_VALID,,a,abbrev,abbrev,4.0.0,*,*,*,*,*,*,*
130709,docker.io/library/node,24.18.0,pilot/results/sboms/node-24.18.0.cdx.json,pkg:deb/debian/adduser@3.134?arch=all&distro=debian-12.15&package-id=c02171bf930643dd,library,adduser,3.134,Debian Adduser Developers <adduser@packages.debian.org>,pkg:deb/debian/adduser@3.134?arch=all&distro=debian-12.15,cpe:2.3:a:adduser:adduser:3.134:*:*:*:*:*:*:*,STRUCTURALLY_VALID,,a,adduser,adduser,3.134,*,*,*,*,*,*,*
130710,docker.io/library/node,24.18.0,pilot/results/sboms/node-24.18.0.cdx.json,pkg:npm/agent-base@7.1.4?package-id=ee8808d3b210993d,library,agent-base,7.1.4,,pkg:npm/agent-base@7.1.4,cpe:2.3:a:TooTallNate:agent-base:7.1.4:*:*:*:*:*:*:*,STRUCTURALLY_VALID,,a,TooTallNate,agent-base,7.1.4,*,*,*,*,*,*,*
130711,docker.io/library/node,24.18.0,pilot/results/sboms/node-24.18.0.cdx.json,pkg:npm/aproba@2.1.0?package-id=b8ae699cee9dd088,library,aproba,2.1.0,,pkg:npm/aproba@2.1.0,cpe:2.3:a:aproba:aproba:2.1.0:*:*:*:*:*:*:*,STRUCTURALLY_VALID,,a,aproba,aproba,2.1.0,*,*,*,*,*,*,*
130712,docker.io/library/node,24.18.0,pilot/results/sboms/node-24.18.0.cdx.json,pkg:deb/debian/apt@2.6.1?arch=amd64&distro=debian-12.15&package-id=cd0a6d87e2b9c130,library,apt,2.6.1,APT Development Team <deity@lists.debian.org>,pkg:deb/debian/apt@2.6.1?arch=amd64&distro=debian-12.15,cpe:2.3:a:apt:apt:2.6.1:*:*:*:*:*:*:*,STRUCTURALLY_VALID,,a,apt,apt,2.6.1,*,*,*,*,*,*,*
130713,docker.io/library/node,24.18.0,pilot/results/sboms/node-24.18.0.cdx.json,pkg:npm/archy@1.0.0?package-id=bb676c74822bc312,library,archy,1.0.0,,pkg:npm/archy@1.0.0,cpe:2.3:a:substack:archy:1.0.0:*:*:*:*:*:*:*,STRUCTURALLY_VALID,,a,substack,archy,1.0.0,*,*,*,*,*,*,*
130714,docker.io/library/node,24.18.0,pilot/results/sboms/node-24.18.0.cdx.json,pkg:deb/debian/autoconf@2.71-3?arch=all&distro=debian-12.15&package-id=73871dde77a64d26,library,autoconf,2.71-3,Debian QA Group <packages@qa.debian.org>,pkg:deb/debian/autoconf@2.71-3?arch=all&distro=debian-12.15,cpe:2.3:a:autoconf:autoconf:2.71-3:*:*:*:*:*:*:*,STRUCTURALLY_VALID,,a,autoconf,autoconf,2.71-3,*,*,*,*,*,*,*
130715,docker.io/library/node,24.18.0,pilot/results/sboms/node-24.18.0.cdx.json,pkg:deb/debian/automake@1%3A1.16.5-1.3?arch=all&distro=debian-12.15&package-id=5091062496c07305&upstream=automake-1.16,library,automake,1:1.16.5-1.3,Eric Dorland <eric@debian.org>,pkg:deb/debian/automake@1%3A1.16.5-1.3?arch=all&distro=debian-12.15&upstream=automake-1.16,cpe:2.3:a:automake:automake:1\:1.16.5-1.3:*:*:*:*:*:*:*,STRUCTURALLY_VALID,,a,automake,automake,1\:1.16.5-1.3,*,*,*,*,*,*,*
130716,docker.io/library/node,24.18.0,pilot/results/sboms/node-24.18.0.cdx.json,pkg:deb/debian/autotools-dev@20220109.1?arch=all&distro=debian-12.15&package-id=9f4384bf888b9abe,library,autotools-dev,20220109.1,Henrique de Moraes Holschuh <hmh@debian.org>,pkg:deb/debian/autotools-dev@20220109.1?arch=all&distro=debian-12.15,cpe:2.3:a:autotools-dev:autotools-dev:20220109.1:*:*:*:*:*:*:*,STRUCTURALLY_VALID,,a,autotools-dev,autotools-dev,20220109.1,*,*,*,*,*,*,*
130717,docker.io/library/node,24.18.0,pilot/results/sboms/node-24.18.0.cdx.json,pkg:npm/balanced-match@4.0.4?package-id=2e0c3848268de043,library,balanced-match,4.0.4,,pkg:npm/balanced-match@4.0.4,cpe:2.3:a:balanced-match:balanced-match:4.0.4:*:*:*:*:*:*:*,STRUCTURALLY_VALID,,a,balanced-match,balanced-match,4.0.4,*,*,*,*,*,*,*
130718,docker.io/library/node,24.18.0,pilot/results/sboms/node-24.18.0.cdx.json,pkg:deb/debian/base-files@12.4%2Bdeb12u15?arch=amd64&distro=debian-12.15&package-id=735e4e6d8efde23b,library,base-files,12.4+deb12u15,Santiago Vila <sanvila@debian.org>,pkg:deb/debian/base-files@12.4%2Bdeb12u15?arch=amd64&distro=debian-12.15,cpe:2.3:a:base-files:base-files:12.4\+deb12u15:*:*:*:*:*:*:*,STRUCTURALLY_VALID,,a,base-files,base-files,12.4\+deb12u15,*,*,*,*,*,*,*
130719,docker.io/library/node,24.18.0,pilot/results/sboms/node-24.18.0.cdx.json,pkg:deb/debian/base-passwd@3.6.1?arch=amd64&distro=debian-12.15&package-id=7cc4c7a70852c7fd,library,base-passwd,3.6.1,Colin Watson <cjwatson@debian.org>,pkg:deb/debian/base-passwd@3.6.1?arch=amd64&distro=debian-12.15,cpe:2.3:a:base-passwd:base-passwd:3.6.1:*:*:*:*:*:*:*,STRUCTURALLY_VALID,,a,base-passwd,base-passwd,3.6.1,*,*,*,*,*,*,*
130720,docker.io/library/node,24.18.0,pilot/results/sboms/node-24.18.0.cdx.json,pkg:deb/debian/bash@5.2.15-2%2Bb13?arch=amd64&distro=debian-12.15&package-id=f910b8efb61f91f7&upstream=bash%405.2.15-2,library,bash,5.2.15-2+b13,Matthias Klose <doko@debian.org>,pkg:deb/debian/bash@5.2.15-2%2Bb13?arch=amd64&distro=debian-12.15&upstream=bash%405.2.15-2,cpe:2.3:a:bash:bash:5.2.15-2\+b13:*:*:*:*:*:*:*,STRUCTURALLY_VALID,,a,bash,bash,5.2.15-2\+b13,*,*,*,*,*,*,*
130722,docker.io/library/node,24.18.0,pilot/results/sboms/node-24.18.0.cdx.json,pkg:npm/binary-extensions@3.1.0?package-id=20f30e22a611c311,library,binary-extensions,3.1.0,,pkg:npm/binary-extensions@3.1.0,cpe:2.3:a:binary-extensions:binary-extensions:3.1.0:*:*:*:*:*:*:*,STRUCTURALLY_VALID,,a,binary-extensions,binary-extensions,3.1.0,*,*,*,*,*,*,*
130721,docker.io/library/node,24.18.0,pilot/results/sboms/node-24.18.0.cdx.json,pkg:npm/bin-links@6.0.2?package-id=8ef4f58ee1a132f6,library,bin-links,6.0.2,,pkg:npm/bin-links@6.0.2,cpe:2.3:a:bin-links:bin-links:6.0.2:*:*:*:*:*:*:*,STRUCTURALLY_VALID,,a,bin-links,bin-links,6.0.2,*,*,*,*,*,*,*
130723,docker.io/library/node,24.18.0,pilot/results/sboms/node-24.18.0.cdx.json,pkg:deb/debian/binutils@2.40-2?arch=amd64&distro=debian-12.15&package-id=142b9fb5725bdc5a,library,binutils,2.40-2,Matthias Klose <doko@debian.org>,pkg:deb/debian/binutils@2.40-2?arch=amd64&distro=debian-12.15,cpe:2.3:a:binutils:binutils:2.40-2:*:*:*:*:*:*:*,STRUCTURALLY_VALID,,a,binutils,binutils,2.40-2,*,*,*,*,*,*,*
130724,docker.io/library/node,24.18.0,pilot/results/sboms/node-24.18.0.cdx.json,pkg:deb/debian/binutils-common@2.40-2?arch=amd64&distro=debian-12.15&package-id=2224ebf13f7b34f5&upstream=binutils,library,binutils-common,2.40-2,Matthias Klose <doko@debian.org>,pkg:deb/debian/binutils-common@2.40-2?arch=amd64&distro=debian-12.15&upstream=binutils,cpe:2.3:a:binutils-common:binutils-common:2.40-2:*:*:*:*:*:*:*,STRUCTURALLY_VALID,,a,binutils-common,binutils-common,2.40-2,*,*,*,*,*,*,*
130725,docker.io/library/node,24.18.0,pilot/results/sboms/node-24.18.0.cdx.json,pkg:deb/debian/binutils-x86-64-linux-gnu@2.40-2?arch=amd64&distro=debian-12.15&package-id=7da2d1209865fe04&upstream=binutils,library,binutils-x86-64-linux-gnu,2.40-2,Matthias Klose <doko@debian.org>,pkg:deb/debian/binutils-x86-64-linux-gnu@2.40-2?arch=amd64&distro=debian-12.15&upstream=binutils,cpe:2.3:a:binutils-x86-64-linux-gnu:binutils-x86-64-linux-gnu:2.40-2:*:*:*:*:*:*:*,STRUCTURALLY_VALID,,a,binutils-x86-64-linux-gnu,binutils-x86-64-linux-gnu,2.40-2,*,*,*,*,*,*,*
130726,docker.io/library/node,24.18.0,pilot/results/sboms/node-24.18.0.cdx.json,pkg:npm/brace-expansion@5.0.6?package-id=2f4e373a1243bab1,library,brace-expansion,5.0.6,,pkg:npm/brace-expansion@5.0.6,cpe:2.3:a:juliangruber:brace-expansion:5.0.6:*:*:*:*:node.js:*:*,STRUCTURALLY_VALID,,a,juliangruber,brace-expansion,5.0.6,*,*,*,*,node.js,*,*
130727,docker.io/library/node,24.18.0,pilot/results/sboms/node-24.18.0.cdx.json,pkg:deb/debian/bsdutils@1%3A2.38.1-5%2Bdeb12u3?arch=amd64&distro=debian-12.15&package-id=f131145b816a43ee&upstream=util-linux%402.38.1-5%2Bdeb12u3,library,bsdutils,1:2.38.1-5+deb12u3,util-linux packagers <util-linux@packages.debian.org>,pkg:deb/debian/bsdutils@1%3A2.38.1-5%2Bdeb12u3?arch=amd64&distro=debian-12.15&upstream=util-linux%402.38.1-5%2Bdeb12u3,cpe:2.3:a:bsdutils:bsdutils:1\:2.38.1-5\+deb12u3:*:*:*:*:*:*:*,STRUCTURALLY_VALID,,a,bsdutils,bsdutils,1\:2.38.1-5\+deb12u3,*,*,*,*,*,*,*
130728,docker.io/library/node,24.18.0,pilot/results/sboms/node-24.18.0.cdx.json,pkg:deb/debian/bzip2@1.0.8-5%2Bb1?arch=amd64&distro=debian-12.15&package-id=b42ef956bd40e9db&upstream=bzip2%401.0.8-5,library,bzip2,1.0.8-5+b1,Anibal Monsalve Salazar <anibal@debian.org>,pkg:deb/debian/bzip2@1.0.8-5%2Bb1?arch=amd64&distro=debian-12.15&upstream=bzip2%401.0.8-5,cpe:2.3:a:bzip2:bzip2:1.0.8-5\+b1:*:*:*:*:*:*:*,STRUCTURALLY_VALID,,a,bzip2,bzip2,1.0.8-5\+b1,*,*,*,*,*,*,*
130730,docker.io/library/node,24.18.0,pilot/results/sboms/node-24.18.0.cdx.json,pkg:npm/cacache@20.0.4?package-id=d4f10fda242f9ab9,library,cacache,20.0.4,,pkg:npm/cacache@20.0.4,cpe:2.3:a:cacache:cacache:20.0.4:*:*:*:*:*:*:*,STRUCTURALLY_VALID,,a,cacache,cacache,20.0.4,*,*,*,*,*,*,*
130729,docker.io/library/node,24.18.0,pilot/results/sboms/node-24.18.0.cdx.json,pkg:deb/debian/ca-certificates@20230311%2Bdeb12u1?arch=all&distro=debian-12.15&package-id=2c9e8e936134012b,library,ca-certificates,20230311+deb12u1,Julien Cristau <jcristau@debian.org>,pkg:deb/debian/ca-certificates@20230311%2Bdeb12u1?arch=all&distro=debian-12.15,cpe:2.3:a:ca-certificates:ca-certificates:20230311\+deb12u1:*:*:*:*:*:*:*,STRUCTURALLY_VALID,,a,ca-certificates,ca-certificates,20230311\+deb12u1,*,*,*,*,*,*,*
130731,docker.io/library/node,24.18.0,pilot/results/sboms/node-24.18.0.cdx.json,pkg:npm/chalk@5.6.2?package-id=146ca0b93853635f,library,chalk,5.6.2,,pkg:npm/chalk@5.6.2,cpe:2.3:a:chalk:chalk:5.6.2:*:*:*:*:*:*:*,STRUCTURALLY_VALID,,a,chalk,chalk,5.6.2,*,*,*,*,*,*,*
130732,docker.io/library/node,24.18.0,pilot/results/sboms/node-24.18.0.cdx.json,pkg:npm/chownr@3.0.0?package-id=b3b27bdd6ece697b,library,chownr,3.0.0,,pkg:npm/chownr@3.0.0,cpe:2.3:a:chownr:chownr:3.0.0:*:*:*:*:*:*:*,STRUCTURALLY_VALID,,a,chownr,chownr,3.0.0,*,*,*,*,*,*,*
130734,docker.io/library/node,24.18.0,pilot/results/sboms/node-24.18.0.cdx.json,pkg:npm/cidr-regex@5.0.5?package-id=a904c04c38b2cae8,library,cidr-regex,5.0.5,,pkg:npm/cidr-regex@5.0.5,cpe:2.3:a:cidr-regex:cidr-regex:5.0.5:*:*:*:*:*:*:*,STRUCTURALLY_VALID,,a,cidr-regex,cidr-regex,5.0.5,*,*,*,*,*,*,*
130733,docker.io/library/node,24.18.0,pilot/results/sboms/node-24.18.0.cdx.json,pkg:npm/ci-info@4.4.0?package-id=cfb579d810f69b8d,library,ci-info,4.4.0,,pkg:npm/ci-info@4.4.0,cpe:2.3:a:ci-info:ci-info:4.4.0:*:*:*:*:*:*:*,STRUCTURALLY_VALID,,a,ci-info,ci-info,4.4.0,*,*,*,*,*,*,*
130735,docker.io/library/node,24.18.0,pilot/results/sboms/node-24.18.0.cdx.json,pkg:npm/cmd-shim@8.0.0?package-id=0a0b9e66015d926d,library,cmd-shim,8.0.0,,pkg:npm/cmd-shim@8.0.0,cpe:2.3:a:cmd-shim:cmd-shim:8.0.0:*:*:*:*:*:*:*,STRUCTURALLY_VALID,,a,cmd-shim,cmd-shim,8.0.0,*,*,*,*,*,*,*
130736,docker.io/library/node,24.18.0,pilot/results/sboms/node-24.18.0.cdx.json,pkg:deb/debian/comerr-dev@2.1-1.47.0-2%2Bb2?arch=amd64&distro=debian-12.15&package-id=257565916ef99ee5&upstream=e2fsprogs%401.47.0-2,library,comerr-dev,2.1-1.47.0-2+b2,Theodore Y. Ts'o <tytso@mit.edu>,pkg:deb/debian/comerr-dev@2.1-1.47.0-2%2Bb2?arch=amd64&distro=debian-12.15&upstream=e2fsprogs%401.47.0-2,cpe:2.3:a:comerr-dev:comerr-dev:2.1-1.47.0-2\+b2:*:*:*:*:*:*:*,STRUCTURALLY_VALID,,a,comerr-dev,comerr-dev,2.1-1.47.0-2\+b2,*,*,*,*,*,*,*
130737,docker.io/library/node,24.18.0,pilot/results/sboms/node-24.18.0.cdx.json,pkg:npm/common-ancestor-path@2.0.0?package-id=d55cd7702b397bf3,library,common-ancestor-path,2.0.0,,pkg:npm/common-ancestor-path@2.0.0,cpe:2.3:a:common-ancestor-path:common-ancestor-path:2.0.0:*:*:*:*:*:*:*,STRUCTURALLY_VALID,,a,common-ancestor-path,common-ancestor-path,2.0.0,*,*,*,*,*,*,*
130738,docker.io/library/node,24.18.0,pilot/results/sboms/node-24.18.0.cdx.json,pkg:npm/corepack@0.35.0?package-id=970b1629f90d8389,library,corepack,0.35.0,,pkg:npm/corepack@0.35.0,cpe:2.3:a:corepack:corepack:0.35.0:*:*:*:*:*:*:*,STRUCTURALLY_VALID,,a,corepack,corepack,0.35.0,*,*,*,*,*,*,*
130739,docker.io/library/node,24.18.0,pilot/results/sboms/node-24.18.0.cdx.json,pkg:deb/debian/coreutils@9.1-1?arch=amd64&distro=debian-12.15&package-id=eca37691b87c0860,library,coreutils,9.1-1,Michael Stone <mstone@debian.org>,pkg:deb/debian/coreutils@9.1-1?arch=amd64&distro=debian-12.15,cpe:2.3:a:coreutils:coreutils:9.1-1:*:*:*:*:*:*:*,STRUCTURALLY_VALID,,a,coreutils,coreutils,9.1-1,*,*,*,*,*,*,*
130740,docker.io/library/node,24.18.0,pilot/results/sboms/node-24.18.0.cdx.json,pkg:deb/debian/cpp@4%3A12.2.0-3?arch=amd64&distro=debian-12.15&package-id=29840bef8e93c70e&upstream=gcc-defaults%401.203,library,cpp,4:12.2.0-3,Debian GCC Maintainers <debian-gcc@lists.debian.org>,pkg:deb/debian/cpp@4%3A12.2.0-3?arch=amd64&distro=debian-12.15&upstream=gcc-defaults%401.203,cpe:2.3:a:cpp:cpp:4\:12.2.0-3:*:*:*:*:*:*:*,STRUCTURALLY_VALID,,a,cpp,cpp,4\:12.2.0-3,*,*,*,*,*,*,*
130741,docker.io/library/node,24.18.0,pilot/results/sboms/node-24.18.0.cdx.json,pkg:deb/debian/cpp-12@12.2.0-14%2Bdeb12u1?arch=amd64&distro=debian-12.15&package-id=47f6ae6b597dbb7b&upstream=gcc-12,library,cpp-12,12.2.0-14+deb12u1,Debian GCC Maintainers <debian-gcc@lists.debian.org>,pkg:deb/debian/cpp-12@12.2.0-14%2Bdeb12u1?arch=amd64&distro=debian-12.15&upstream=gcc-12,cpe:2.3:a:cpp-12:cpp-12:12.2.0-14\+deb12u1:*:*:*:*:*:*:*,STRUCTURALLY_VALID,,a,cpp-12,cpp-12,12.2.0-14\+deb12u1,*,*,*,*,*,*,*
130742,docker.io/library/node,24.18.0,pilot/results/sboms/node-24.18.0.cdx.json,pkg:npm/cssesc@3.0.0?package-id=e9ab726caf6c1bff,library,cssesc,3.0.0,,pkg:npm/cssesc@3.0.0,cpe:2.3:a:mathiasbynens:cssesc:3.0.0:*:*:*:*:*:*:*,STRUCTURALLY_VALID,,a,mathiasbynens,cssesc,3.0.0,*,*,*,*,*,*,*
130743,docker.io/library/node,24.18.0,pilot/results/sboms/node-24.18.0.cdx.json,pkg:deb/debian/curl@7.88.1-10%2Bdeb12u15?arch=amd64&distro=debian-12.15&package-id=ec8eb39ce089dc08,library,curl,7.88.1-10+deb12u15,Alessandro Ghedini <ghedo@debian.org>,pkg:deb/debian/curl@7.88.1-10%2Bdeb12u15?arch=amd64&distro=debian-12.15,cpe:2.3:a:curl:curl:7.88.1-10\+deb12u15:*:*:*:*:*:*:*,STRUCTURALLY_VALID,,a,curl,curl,7.88.1-10\+deb12u15,*,*,*,*,*,*,*
130744,docker.io/library/node,24.18.0,pilot/results/sboms/node-24.18.0.cdx.json,pkg:deb/debian/dash@0.5.12-2?arch=amd64&distro=debian-12.15&package-id=d99eda363265247f,library,dash,0.5.12-2,Andrej Shadura <andrewsh@debian.org>,pkg:deb/debian/dash@0.5.12-2?arch=amd64&distro=debian-12.15,cpe:2.3:a:dash:dash:0.5.12-2:*:*:*:*:*:*:*,STRUCTURALLY_VALID,,a,dash,dash,0.5.12-2,*,*,*,*,*,*,*
130745,docker.io/library/node,24.18.0,pilot/results/sboms/node-24.18.0.cdx.json,pkg:deb/debian/debconf@1.5.82?arch=all&distro=debian-12.15&package-id=242708e27fd24140,library,debconf,1.5.82,Debconf Developers <debconf-devel@lists.alioth.debian.org>,pkg:deb/debian/debconf@1.5.82?arch=all&distro=debian-12.15,cpe:2.3:a:debconf:debconf:1.5.82:*:*:*:*:*:*:*,STRUCTURALLY_VALID,,a,debconf,debconf,1.5.82,*,*,*,*,*,*,*
130746,docker.io/library/node,24.18.0,pilot/results/sboms/node-24.18.0.cdx.json,pkg:deb/debian/debian-archive-keyring@2023.3%2Bdeb12u2?arch=all&distro=debian-12.15&package-id=13c7b506427f3aee,library,debian-archive-keyring,2023.3+deb12u2,Debian Release Team <packages@release.debian.org>,pkg:deb/debian/debian-archive-keyring@2023.3%2Bdeb12u2?arch=all&distro=debian-12.15,cpe:2.3:a:debian-archive-keyring:debian-archive-keyring:2023.3\+deb12u2:*:*:*:*:*:*:*,STRUCTURALLY_VALID,,a,debian-archive-keyring,debian-archive-keyring,2023.3\+deb12u2,*,*,*,*,*,*,*
130747,docker.io/library/node,24.18.0,pilot/results/sboms/node-24.18.0.cdx.json,pkg:deb/debian/debianutils@5.7-0.5~deb12u1?arch=amd64&distro=debian-12.15&package-id=2587c3c4d8d21d21,library,debianutils,5.7-0.5~deb12u1,Clint Adams <clint@debian.org>,pkg:deb/debian/debianutils@5.7-0.5~deb12u1?arch=amd64&distro=debian-12.15,cpe:2.3:a:debianutils:debianutils:5.7-0.5\~deb12u1:*:*:*:*:*:*:*,STRUCTURALLY_VALID,,a,debianutils,debianutils,5.7-0.5\~deb12u1,*,*,*,*,*,*,*
130748,docker.io/library/node,24.18.0,pilot/results/sboms/node-24.18.0.cdx.json,pkg:npm/debug@4.4.3?package-id=b2fd211408f3d707,library,debug,4.4.3,,pkg:npm/debug@4.4.3,cpe:2.3:a:debug_project:debug:4.4.3:*:*:*:*:node.js:*:*,STRUCTURALLY_VALID,,a,debug_project,debug,4.4.3,*,*,*,*,node.js,*,*
130749,docker.io/library/node,24.18.0,pilot/results/sboms/node-24.18.0.cdx.json,pkg:deb/debian/default-libmysqlclient-dev@1.1.0?arch=amd64&distro=debian-12.15&package-id=b6f50f5702ac4eb0&upstream=mysql-defaults,library,default-libmysqlclient-dev,1.1.0,Debian MySQL Maintainers <pkg-mysql-maint@lists.alioth.debian.org>,pkg:deb/debian/default-libmysqlclient-dev@1.1.0?arch=amd64&distro=debian-12.15&upstream=mysql-defaults,cpe:2.3:a:default-libmysqlclient-dev:default-libmysqlclient-dev:1.1.0:*:*:*:*:*:*:*,STRUCTURALLY_VALID,,a,default-libmysqlclient-dev,default-libmysqlclient-dev,1.1.0,*,*,*,*,*,*,*
130750,docker.io/library/node,24.18.0,pilot/results/sboms/node-24.18.0.cdx.json,pkg:npm/diff@8.0.4?package-id=6799ef2a5ae0ae83,library,diff,8.0.4,,pkg:npm/diff@8.0.4,cpe:2.3:a:kpdecker:jsdiff:8.0.4:*:*:*:*:node.js:*:*,STRUCTURALLY_VALID,,a,kpdecker,jsdiff,8.0.4,*,*,*,*,node.js,*,*
130751,docker.io/library/node,24.18.0,pilot/results/sboms/node-24.18.0.cdx.json,pkg:deb/debian/diffutils@1%3A3.8-4?arch=amd64&distro=debian-12.15&package-id=eae3581d3fe173ec,library,diffutils,1:3.8-4,Santiago Vila <sanvila@debian.org>,pkg:deb/debian/diffutils@1%3A3.8-4?arch=amd64&distro=debian-12.15,cpe:2.3:a:diffutils:diffutils:1\:3.8-4:*:*:*:*:*:*:*,STRUCTURALLY_VALID,,a,diffutils,diffutils,1\:3.8-4,*,*,*,*,*,*,*
130752,docker.io/library/node,24.18.0,pilot/results/sboms/node-24.18.0.cdx.json,pkg:deb/debian/dirmngr@2.2.40-1.1%2Bdeb12u2?arch=amd64&distro=debian-12.15&package-id=c185e9c791136aa6&upstream=gnupg2,library,dirmngr,2.2.40-1.1+deb12u2,Debian GnuPG Maintainers <pkg-gnupg-maint@lists.alioth.debian.org>,pkg:deb/debian/dirmngr@2.2.40-1.1%2Bdeb12u2?arch=amd64&distro=debian-12.15&upstream=gnupg2,cpe:2.3:a:dirmngr:dirmngr:2.2.40-1.1\+deb12u2:*:*:*:*:*:*:*,STRUCTURALLY_VALID,,a,dirmngr,dirmngr,2.2.40-1.1\+deb12u2,*,*,*,*,*,*,*
130753,docker.io/library/node,24.18.0,pilot/results/sboms/node-24.18.0.cdx.json,pkg:deb/debian/dpkg@1.21.23?arch=amd64&distro=debian-12.15&package-id=73ddb57553ac7816,library,dpkg,1.21.23,Dpkg Developers <debian-dpkg@lists.debian.org>,pkg:deb/debian/dpkg@1.21.23?arch=amd64&distro=debian-12.15,cpe:2.3:a:dpkg:dpkg:1.21.23:*:*:*:*:*:*:*,STRUCTURALLY_VALID,,a,dpkg,dpkg,1.21.23,*,*,*,*,*,*,*
130754,docker.io/library/node,24.18.0,pilot/results/sboms/node-24.18.0.cdx.json,pkg:deb/debian/dpkg-dev@1.21.23?arch=all&distro=debian-12.15&package-id=cea9a3a3a8b1a024&upstream=dpkg,library,dpkg-dev,1.21.23,Dpkg Developers <debian-dpkg@lists.debian.org>,pkg:deb/debian/dpkg-dev@1.21.23?arch=all&distro=debian-12.15&upstream=dpkg,cpe:2.3:a:dpkg-dev:dpkg-dev:1.21.23:*:*:*:*:*:*:*,STRUCTURALLY_VALID,,a,dpkg-dev,dpkg-dev,1.21.23,*,*,*,*,*,*,*
130755,docker.io/library/node,24.18.0,pilot/results/sboms/node-24.18.0.cdx.json,pkg:deb/debian/e2fsprogs@1.47.0-2%2Bb2?arch=amd64&distro=debian-12.15&package-id=4be417a9253d1325&upstream=e2fsprogs%401.47.0-2,library,e2fsprogs,1.47.0-2+b2,Theodore Y. Ts'o <tytso@mit.edu>,pkg:deb/debian/e2fsprogs@1.47.0-2%2Bb2?arch=amd64&distro=debian-12.15&upstream=e2fsprogs%401.47.0-2,cpe:2.3:a:e2fsprogs:e2fsprogs:1.47.0-2\+b2:*:*:*:*:*:*:*,STRUCTURALLY_VALID,,a,e2fsprogs,e2fsprogs,1.47.0-2\+b2,*,*,*,*,*,*,*
130756,docker.io/library/node,24.18.0,pilot/results/sboms/node-24.18.0.cdx.json,pkg:npm/env-paths@2.2.1?package-id=46baa25e00178533,library,env-paths,2.2.1,,pkg:npm/env-paths@2.2.1,cpe:2.3:a:env-paths:env-paths:2.2.1:*:*:*:*:*:*:*,STRUCTURALLY_VALID,,a,env-paths,env-paths,2.2.1,*,*,*,*,*,*,*
130757,docker.io/library/node,24.18.0,pilot/results/sboms/node-24.18.0.cdx.json,pkg:npm/exponential-backoff@3.1.3?package-id=ab360dc8b8ac048d,library,exponential-backoff,3.1.3,,pkg:npm/exponential-backoff@3.1.3,cpe:2.3:a:exponential-backoff:exponential-backoff:3.1.3:*:*:*:*:*:*:*,STRUCTURALLY_VALID,,a,exponential-backoff,exponential-backoff,3.1.3,*,*,*,*,*,*,*
130758,docker.io/library/node,24.18.0,pilot/results/sboms/node-24.18.0.cdx.json,pkg:npm/fastest-levenshtein@1.0.16?package-id=c3eebc763e304138,library,fastest-levenshtein,1.0.16,,pkg:npm/fastest-levenshtein@1.0.16,cpe:2.3:a:fastest-levenshtein:fastest-levenshtein:1.0.16:*:*:*:*:*:*:*,STRUCTURALLY_VALID,,a,fastest-levenshtein,fastest-levenshtein,1.0.16,*,*,*,*,*,*,*
130759,docker.io/library/node,24.18.0,pilot/results/sboms/node-24.18.0.cdx.json,pkg:npm/fdir@6.5.0?package-id=bbbf13b8dbd4d864,library,fdir,6.5.0,,pkg:npm/fdir@6.5.0,cpe:2.3:a:thecodrr:fdir:6.5.0:*:*:*:*:*:*:*,STRUCTURALLY_VALID,,a,thecodrr,fdir,6.5.0,*,*,*,*,*,*,*
130760,docker.io/library/node,24.18.0,pilot/results/sboms/node-24.18.0.cdx.json,pkg:deb/debian/file@1%3A5.44-3?arch=amd64&distro=debian-12.15&package-id=45d8c8278b749c37,library,file,1:5.44-3,Christoph Biedl <debian.axhn@manchmal.in-ulm.de>,pkg:deb/debian/file@1%3A5.44-3?arch=amd64&distro=debian-12.15,cpe:2.3:a:file:file:1\:5.44-3:*:*:*:*:*:*:*,STRUCTURALLY_VALID,,a,file,file,1\:5.44-3,*,*,*,*,*,*,*
130761,docker.io/library/node,24.18.0,pilot/results/sboms/node-24.18.0.cdx.json,pkg:deb/debian/findutils@4.9.0-4?arch=amd64&distro=debian-12.15&package-id=1b6d210249e3ac45,library,findutils,4.9.0-4,Andreas Metzler <ametzler@debian.org>,pkg:deb/debian/findutils@4.9.0-4?arch=amd64&distro=debian-12.15,cpe:2.3:a:findutils:findutils:4.9.0-4:*:*:*:*:*:*:*,STRUCTURALLY_VALID,,a,findutils,findutils,4.9.0-4,*,*,*,*,*,*,*
130762,docker.io/library/node,24.18.0,pilot/results/sboms/node-24.18.0.cdx.json,pkg:deb/debian/fontconfig@2.14.1-4?arch=amd64&distro=debian-12.15&package-id=f4ec06dc0286c7aa,library,fontconfig,2.14.1-4,Debian freedesktop.org maintainers <pkg-freedesktop-maintainers@lists.alioth.debian.org>,pkg:deb/debian/fontconfig@2.14.1-4?arch=amd64&distro=debian-12.15,cpe:2.3:a:fontconfig:fontconfig:2.14.1-4:*:*:*:*:*:*:*,STRUCTURALLY_VALID,,a,fontconfig,fontconfig,2.14.1-4,*,*,*,*,*,*,*
130763,docker.io/library/node,24.18.0,pilot/results/sboms/node-24.18.0.cdx.json,pkg:deb/debian/fontconfig-config@2.14.1-4?arch=amd64&distro=debian-12.15&package-id=516587f85a7db582&upstream=fontconfig,library,fontconfig-config,2.14.1-4,Debian freedesktop.org maintainers <pkg-freedesktop-maintainers@lists.alioth.debian.org>,pkg:deb/debian/fontconfig-config@2.14.1-4?arch=amd64&distro=debian-12.15&upstream=fontconfig,cpe:2.3:a:fontconfig-config:fontconfig-config:2.14.1-4:*:*:*:*:*:*:*,STRUCTURALLY_VALID,,a,fontconfig-config,fontconfig-config,2.14.1-4,*,*,*,*,*,*,*
130764,docker.io/library/node,24.18.0,pilot/results/sboms/node-24.18.0.cdx.json,pkg:deb/debian/fonts-dejavu-core@2.37-6?arch=all&distro=debian-12.15&package-id=9132035ca02d7c9f&upstream=fonts-dejavu,library,fonts-dejavu-core,2.37-6,Debian Fonts Task Force <debian-fonts@lists.debian.org>,pkg:deb/debian/fonts-dejavu-core@2.37-6?arch=all&distro=debian-12.15&upstream=fonts-dejavu,cpe:2.3:a:fonts-dejavu-core:fonts-dejavu-core:2.37-6:*:*:*:*:*:*:*,STRUCTURALLY_VALID,,a,fonts-dejavu-core,fonts-dejavu-core,2.37-6,*,*,*,*,*,*,*
130765,docker.io/library/node,24.18.0,pilot/results/sboms/node-24.18.0.cdx.json,pkg:npm/fs-minipass@3.0.3?package-id=cd2084f8ec6e4746,library,fs-minipass,3.0.3,,pkg:npm/fs-minipass@3.0.3,cpe:2.3:a:fs-minipass:fs-minipass:3.0.3:*:*:*:*:*:*:*,STRUCTURALLY_VALID,,a,fs-minipass,fs-minipass,3.0.3,*,*,*,*,*,*,*
130766,docker.io/library/node,24.18.0,pilot/results/sboms/node-24.18.0.cdx.json,pkg:deb/debian/g%2B%2B@4%3A12.2.0-3?arch=amd64&distro=debian-12.15&package-id=050341a641a10a67&upstream=gcc-defaults%401.203,library,g++,4:12.2.0-3,Debian GCC Maintainers <debian-gcc@lists.debian.org>,pkg:deb/debian/g%2B%2B@4%3A12.2.0-3?arch=amd64&distro=debian-12.15&upstream=gcc-defaults%401.203,cpe:2.3:a:g\+\+:g\+\+:4\:12.2.0-3:*:*:*:*:*:*:*,STRUCTURALLY_VALID,,a,g\+\+,g\+\+,4\:12.2.0-3,*,*,*,*,*,*,*
130767,docker.io/library/node,24.18.0,pilot/results/sboms/node-24.18.0.cdx.json,pkg:deb/debian/g%2B%2B-12@12.2.0-14%2Bdeb12u1?arch=amd64&distro=debian-12.15&package-id=6ff8ff63ca8b7466&upstream=gcc-12,library,g++-12,12.2.0-14+deb12u1,Debian GCC Maintainers <debian-gcc@lists.debian.org>,pkg:deb/debian/g%2B%2B-12@12.2.0-14%2Bdeb12u1?arch=amd64&distro=debian-12.15&upstream=gcc-12,cpe:2.3:a:g\+\+-12:g\+\+-12:12.2.0-14\+deb12u1:*:*:*:*:*:*:*,STRUCTURALLY_VALID,,a,g\+\+-12,g\+\+-12,12.2.0-14\+deb12u1,*,*,*,*,*,*,*
130682,docker.io/library/node,24.18.0,pilot/results/sboms/node-24.18.0.cdx.json,pkg:npm/%40gar/promise-retry@1.0.3?package-id=369fe9358d311911,library,@gar/promise-retry,1.0.3,,pkg:npm/%40gar/promise-retry@1.0.3,cpe:2.3:a:\@gar\/promise-retry:\@gar\/promise-retry:1.0.3:*:*:*:*:*:*:*,STRUCTURALLY_VALID,,a,\@gar\/promise-retry,\@gar\/promise-retry,1.0.3,*,*,*,*,*,*,*
130768,docker.io/library/node,24.18.0,pilot/results/sboms/node-24.18.0.cdx.json,pkg:deb/debian/gcc@4%3A12.2.0-3?arch=amd64&distro=debian-12.15&package-id=3a8e90958458339c&upstream=gcc-defaults%401.203,library,gcc,4:12.2.0-3,Debian GCC Maintainers <debian-gcc@lists.debian.org>,pkg:deb/debian/gcc@4%3A12.2.0-3?arch=amd64&distro=debian-12.15&upstream=gcc-defaults%401.203,cpe:2.3:a:gcc:gcc:4\:12.2.0-3:*:*:*:*:*:*:*,STRUCTURALLY_VALID,,a,gcc,gcc,4\:12.2.0-3,*,*,*,*,*,*,*
130769,docker.io/library/node,24.18.0,pilot/results/sboms/node-24.18.0.cdx.json,pkg:deb/debian/gcc-12@12.2.0-14%2Bdeb12u1?arch=amd64&distro=debian-12.15&package-id=5c074d6bc3f2ee94,library,gcc-12,12.2.0-14+deb12u1,Debian GCC Maintainers <debian-gcc@lists.debian.org>,pkg:deb/debian/gcc-12@12.2.0-14%2Bdeb12u1?arch=amd64&distro=debian-12.15,cpe:2.3:a:gcc-12:gcc-12:12.2.0-14\+deb12u1:*:*:*:*:*:*:*,STRUCTURALLY_VALID,,a,gcc-12,gcc-12,12.2.0-14\+deb12u1,*,*,*,*,*,*,*
130770,docker.io/library/node,24.18.0,pilot/results/sboms/node-24.18.0.cdx.json,pkg:deb/debian/gcc-12-base@12.2.0-14%2Bdeb12u1?arch=amd64&distro=debian-12.15&package-id=58c10ea7ffbc22a3&upstream=gcc-12,library,gcc-12-base,12.2.0-14+deb12u1,Debian GCC Maintainers <debian-gcc@lists.debian.org>,pkg:deb/debian/gcc-12-base@12.2.0-14%2Bdeb12u1?arch=amd64&distro=debian-12.15&upstream=gcc-12,cpe:2.3:a:gcc-12-base:gcc-12-base:12.2.0-14\+deb12u1:*:*:*:*:*:*:*,STRUCTURALLY_VALID,,a,gcc-12-base,gcc-12-base,12.2.0-14\+deb12u1,*,*,*,*,*,*,*
130771,docker.io/library/node,24.18.0,pilot/results/sboms/node-24.18.0.cdx.json,pkg:deb/debian/gir1.2-freedesktop@1.74.0-3?arch=amd64&distro=debian-12.15&package-id=14349f10299896b1&upstream=gobject-introspection,library,gir1.2-freedesktop,1.74.0-3,Debian GNOME Maintainers <pkg-gnome-maintainers@lists.alioth.debian.org>,pkg:deb/debian/gir1.2-freedesktop@1.74.0-3?arch=amd64&distro=debian-12.15&upstream=gobject-introspection,cpe:2.3:a:gir1.2-freedesktop:gir1.2-freedesktop:1.74.0-3:*:*:*:*:*:*:*,STRUCTURALLY_VALID,,a,gir1.2-freedesktop,gir1.2-freedesktop,1.74.0-3,*,*,*,*,*,*,*
130772,docker.io/library/node,24.18.0,pilot/results/sboms/node-24.18.0.cdx.json,pkg:deb/debian/gir1.2-gdkpixbuf-2.0@2.42.10%2Bdfsg-1%2Bdeb12u4?arch=amd64&distro=debian-12.15&package-id=10a04405b2fc7c09&upstream=gdk-pixbuf,library,gir1.2-gdkpixbuf-2.0,2.42.10+dfsg-1+deb12u4,Debian GNOME Maintainers <pkg-gnome-maintainers@lists.alioth.debian.org>,pkg:deb/debian/gir1.2-gdkpixbuf-2.0@2.42.10%2Bdfsg-1%2Bdeb12u4?arch=amd64&distro=debian-12.15&upstream=gdk-pixbuf,cpe:2.3:a:gir1.2-gdkpixbuf-2.0:gir1.2-gdkpixbuf-2.0:2.42.10\+dfsg-1\+deb12u4:*:*:*:*:*:*:*,STRUCTURALLY_VALID,,a,gir1.2-gdkpixbuf-2.0,gir1.2-gdkpixbuf-2.0,2.42.10\+dfsg-1\+deb12u4,*,*,*,*,*,*,*
130773,docker.io/library/node,24.18.0,pilot/results/sboms/node-24.18.0.cdx.json,pkg:deb/debian/gir1.2-glib-2.0@1.74.0-3?arch=amd64&distro=debian-12.15&package-id=96aa1db948d408c0&upstream=gobject-introspection,library,gir1.2-glib-2.0,1.74.0-3,Debian GNOME Maintainers <pkg-gnome-maintainers@lists.alioth.debian.org>,pkg:deb/debian/gir1.2-glib-2.0@1.74.0-3?arch=amd64&distro=debian-12.15&upstream=gobject-introspection,cpe:2.3:a:gir1.2-glib-2.0:gir1.2-glib-2.0:1.74.0-3:*:*:*:*:*:*:*,STRUCTURALLY_VALID,,a,gir1.2-glib-2.0,gir1.2-glib-2.0,1.74.0-3,*,*,*,*,*,*,*
130774,docker.io/library/node,24.18.0,pilot/results/sboms/node-24.18.0.cdx.json,pkg:deb/debian/gir1.2-rsvg-2.0@2.54.7%2Bdfsg-1~deb12u1?arch=amd64&distro=debian-12.15&package-id=966ab84899aa106d&upstream=librsvg,library,gir1.2-rsvg-2.0,2.54.7+dfsg-1~deb12u1,Debian GNOME Maintainers <pkg-gnome-maintainers@lists.alioth.debian.org>,pkg:deb/debian/gir1.2-rsvg-2.0@2.54.7%2Bdfsg-1~deb12u1?arch=amd64&distro=debian-12.15&upstream=librsvg,cpe:2.3:a:gir1.2-rsvg-2.0:gir1.2-rsvg-2.0:2.54.7\+dfsg-1\~deb12u1:*:*:*:*:*:*:*,STRUCTURALLY_VALID,,a,gir1.2-rsvg-2.0,gir1.2-rsvg-2.0,2.54.7\+dfsg-1\~deb12u1,*,*,*,*,*,*,*
130775,docker.io/library/node,24.18.0,pilot/results/sboms/node-24.18.0.cdx.json,pkg:deb/debian/git@1%3A2.39.5-0%2Bdeb12u3?arch=amd64&distro=debian-12.15&package-id=58f3a3d22240a914,library,git,1:2.39.5-0+deb12u3,Jonathan Nieder <jrnieder@gmail.com>,pkg:deb/debian/git@1%3A2.39.5-0%2Bdeb12u3?arch=amd64&distro=debian-12.15,cpe:2.3:a:git:git:1\:2.39.5-0\+deb12u3:*:*:*:*:*:*:*,STRUCTURALLY_VALID,,a,git,git,1\:2.39.5-0\+deb12u3,*,*,*,*,*,*,*
130776,docker.io/library/node,24.18.0,pilot/results/sboms/node-24.18.0.cdx.json,pkg:deb/debian/git-man@1%3A2.39.5-0%2Bdeb12u3?arch=all&distro=debian-12.15&package-id=d2fedb9664730c69&upstream=git,library,git-man,1:2.39.5-0+deb12u3,Jonathan Nieder <jrnieder@gmail.com>,pkg:deb/debian/git-man@1%3A2.39.5-0%2Bdeb12u3?arch=all&distro=debian-12.15&upstream=git,cpe:2.3:a:git-man:git-man:1\:2.39.5-0\+deb12u3:*:*:*:*:*:*:*,STRUCTURALLY_VALID,,a,git-man,git-man,1\:2.39.5-0\+deb12u3,*,*,*,*,*,*,*
130777,docker.io/library/node,24.18.0,pilot/results/sboms/node-24.18.0.cdx.json,pkg:npm/glob@13.0.6?package-id=2c552a368deed929,library,glob,13.0.6,,pkg:npm/glob@13.0.6,cpe:2.3:a:isaacs:glob:13.0.6:*:*:*:*:node.js:*:*,STRUCTURALLY_VALID,,a,isaacs,glob,13.0.6,*,*,*,*,node.js,*,*
130778,docker.io/library/node,24.18.0,pilot/results/sboms/node-24.18.0.cdx.json,pkg:deb/debian/gnupg@2.2.40-1.1%2Bdeb12u2?arch=all&distro=debian-12.15&package-id=e92d6b046326efbc&upstream=gnupg2,library,gnupg,2.2.40-1.1+deb12u2,Debian GnuPG Maintainers <pkg-gnupg-maint@lists.alioth.debian.org>,pkg:deb/debian/gnupg@2.2.40-1.1%2Bdeb12u2?arch=all&distro=debian-12.15&upstream=gnupg2,cpe:2.3:a:gnupg:gnupg:2.2.40-1.1\+deb12u2:*:*:*:*:*:*:*,STRUCTURALLY_VALID,,a,gnupg,gnupg,2.2.40-1.1\+deb12u2,*,*,*,*,*,*,*
130779,docker.io/library/node,24.18.0,pilot/results/sboms/node-24.18.0.cdx.json,pkg:deb/debian/gnupg-l10n@2.2.40-1.1%2Bdeb12u2?arch=all&distro=debian-12.15&package-id=976c5c43a7fe516a&upstream=gnupg2,library,gnupg-l10n,2.2.40-1.1+deb12u2,Debian GnuPG Maintainers <pkg-gnupg-maint@lists.alioth.debian.org>,pkg:deb/debian/gnupg-l10n@2.2.40-1.1%2Bdeb12u2?arch=all&distro=debian-12.15&upstream=gnupg2,cpe:2.3:a:gnupg-l10n:gnupg-l10n:2.2.40-1.1\+deb12u2:*:*:*:*:*:*:*,STRUCTURALLY_VALID,,a,gnupg-l10n,gnupg-l10n,2.2.40-1.1\+deb12u2,*,*,*,*,*,*,*
130780,docker.io/library/node,24.18.0,pilot/results/sboms/node-24.18.0.cdx.json,pkg:deb/debian/gnupg-utils@2.2.40-1.1%2Bdeb12u2?arch=amd64&distro=debian-12.15&package-id=4d2b57169c4709a4&upstream=gnupg2,library,gnupg-utils,2.2.40-1.1+deb12u2,Debian GnuPG Maintainers <pkg-gnupg-maint@lists.alioth.debian.org>,pkg:deb/debian/gnupg-utils@2.2.40-1.1%2Bdeb12u2?arch=amd64&distro=debian-12.15&upstream=gnupg2,cpe:2.3:a:gnupg-utils:gnupg-utils:2.2.40-1.1\+deb12u2:*:*:*:*:*:*:*,STRUCTURALLY_VALID,,a,gnupg-utils,gnupg-utils,2.2.40-1.1\+deb12u2,*,*,*,*,*,*,*
130781,docker.io/library/node,24.18.0,pilot/results/sboms/node-24.18.0.cdx.json,pkg:deb/debian/gpg@2.2.40-1.1%2Bdeb12u2?arch=amd64&distro=debian-12.15&package-id=1b50350895a48a3b&upstream=gnupg2,library,gpg,2.2.40-1.1+deb12u2,Debian GnuPG Maintainers <pkg-gnupg-maint@lists.alioth.debian.org>,pkg:deb/debian/gpg@2.2.40-1.1%2Bdeb12u2?arch=amd64&distro=debian-12.15&upstream=gnupg2,cpe:2.3:a:gpg:gpg:2.2.40-1.1\+deb12u2:*:*:*:*:*:*:*,STRUCTURALLY_VALID,,a,gpg,gpg,2.2.40-1.1\+deb12u2,*,*,*,*,*,*,*
130782,docker.io/library/node,24.18.0,pilot/results/sboms/node-24.18.0.cdx.json,pkg:deb/debian/gpg-agent@2.2.40-1.1%2Bdeb12u2?arch=amd64&distro=debian-12.15&package-id=01ceda49a85ecdc9&upstream=gnupg2,library,gpg-agent,2.2.40-1.1+deb12u2,Debian GnuPG Maintainers <pkg-gnupg-maint@lists.alioth.debian.org>,pkg:deb/debian/gpg-agent@2.2.40-1.1%2Bdeb12u2?arch=amd64&distro=debian-12.15&upstream=gnupg2,cpe:2.3:a:gpg-agent:gpg-agent:2.2.40-1.1\+deb12u2:*:*:*:*:*:*:*,STRUCTURALLY_VALID,,a,gpg-agent,gpg-agent,2.2.40-1.1\+deb12u2,*,*,*,*,*,*,*
130785,docker.io/library/node,24.18.0,pilot/results/sboms/node-24.18.0.cdx.json,pkg:deb/debian/gpgconf@2.2.40-1.1%2Bdeb12u2?arch=amd64&distro=debian-12.15&package-id=45da524630bb2133&upstream=gnupg2,library,gpgconf,2.2.40-1.1+deb12u2,Debian GnuPG Maintainers <pkg-gnupg-maint@lists.alioth.debian.org>,pkg:deb/debian/gpgconf@2.2.40-1.1%2Bdeb12u2?arch=amd64&distro=debian-12.15&upstream=gnupg2,cpe:2.3:a:gpgconf:gpgconf:2.2.40-1.1\+deb12u2:*:*:*:*:*:*:*,STRUCTURALLY_VALID,,a,gpgconf,gpgconf,2.2.40-1.1\+deb12u2,*,*,*,*,*,*,*
130786,docker.io/library/node,24.18.0,pilot/results/sboms/node-24.18.0.cdx.json,pkg:deb/debian/gpgsm@2.2.40-1.1%2Bdeb12u2?arch=amd64&distro=debian-12.15&package-id=b982b129e67b17ad&upstream=gnupg2,library,gpgsm,2.2.40-1.1+deb12u2,Debian GnuPG Maintainers <pkg-gnupg-maint@lists.alioth.debian.org>,pkg:deb/debian/gpgsm@2.2.40-1.1%2Bdeb12u2?arch=amd64&distro=debian-12.15&upstream=gnupg2,cpe:2.3:a:gpgsm:gpgsm:2.2.40-1.1\+deb12u2:*:*:*:*:*:*:*,STRUCTURALLY_VALID,,a,gpgsm,gpgsm,2.2.40-1.1\+deb12u2,*,*,*,*,*,*,*
130787,docker.io/library/node,24.18.0,pilot/results/sboms/node-24.18.0.cdx.json,pkg:deb/debian/gpgv@2.2.40-1.1%2Bdeb12u2?arch=amd64&distro=debian-12.15&package-id=bab4532a87a829c8&upstream=gnupg2,library,gpgv,2.2.40-1.1+deb12u2,Debian GnuPG Maintainers <pkg-gnupg-maint@lists.alioth.debian.org>,pkg:deb/debian/gpgv@2.2.40-1.1%2Bdeb12u2?arch=amd64&distro=debian-12.15&upstream=gnupg2,cpe:2.3:a:gpgv:gpgv:2.2.40-1.1\+deb12u2:*:*:*:*:*:*:*,STRUCTURALLY_VALID,,a,gpgv,gpgv,2.2.40-1.1\+deb12u2,*,*,*,*,*,*,*
130783,docker.io/library/node,24.18.0,pilot/results/sboms/node-24.18.0.cdx.json,pkg:deb/debian/gpg-wks-client@2.2.40-1.1%2Bdeb12u2?arch=amd64&distro=debian-12.15&package-id=2ce7ba29a10f5f2d&upstream=gnupg2,library,gpg-wks-client,2.2.40-1.1+deb12u2,Debian GnuPG Maintainers <pkg-gnupg-maint@lists.alioth.debian.org>,pkg:deb/debian/gpg-wks-client@2.2.40-1.1%2Bdeb12u2?arch=amd64&distro=debian-12.15&upstream=gnupg2,cpe:2.3:a:gpg-wks-client:gpg-wks-client:2.2.40-1.1\+deb12u2:*:*:*:*:*:*:*,STRUCTURALLY_VALID,,a,gpg-wks-client,gpg-wks-client,2.2.40-1.1\+deb12u2,*,*,*,*,*,*,*
130784,docker.io/library/node,24.18.0,pilot/results/sboms/node-24.18.0.cdx.json,pkg:deb/debian/gpg-wks-server@2.2.40-1.1%2Bdeb12u2?arch=amd64&distro=debian-12.15&package-id=5c929b5e7563826e&upstream=gnupg2,library,gpg-wks-server,2.2.40-1.1+deb12u2,Debian GnuPG Maintainers <pkg-gnupg-maint@lists.alioth.debian.org>,pkg:deb/debian/gpg-wks-server@2.2.40-1.1%2Bdeb12u2?arch=amd64&distro=debian-12.15&upstream=gnupg2,cpe:2.3:a:gpg-wks-server:gpg-wks-server:2.2.40-1.1\+deb12u2:*:*:*:*:*:*:*,STRUCTURALLY_VALID,,a,gpg-wks-server,gpg-wks-server,2.2.40-1.1\+deb12u2,*,*,*,*,*,*,*
130788,docker.io/library/node,24.18.0,pilot/results/sboms/node-24.18.0.cdx.json,pkg:npm/graceful-fs@4.2.11?package-id=67161c93e791e030,library,graceful-fs,4.2.11,,pkg:npm/graceful-fs@4.2.11,cpe:2.3:a:graceful-fs:graceful-fs:4.2.11:*:*:*:*:*:*:*,STRUCTURALLY_VALID,,a,graceful-fs,graceful-fs,4.2.11,*,*,*,*,*,*,*
130789,docker.io/library/node,24.18.0,pilot/results/sboms/node-24.18.0.cdx.json,pkg:deb/debian/grep@3.8-5?arch=amd64&distro=debian-12.15&package-id=22c460e1da8ba8cd,library,grep,3.8-5,Anibal Monsalve Salazar <anibal@debian.org>,pkg:deb/debian/grep@3.8-5?arch=amd64&distro=debian-12.15,cpe:2.3:a:grep:grep:3.8-5:*:*:*:*:*:*:*,STRUCTURALLY_VALID,,a,grep,grep,3.8-5,*,*,*,*,*,*,*
130790,docker.io/library/node,24.18.0,pilot/results/sboms/node-24.18.0.cdx.json,pkg:deb/debian/gzip@1.12-1?arch=amd64&distro=debian-12.15&package-id=aa527ab8cb576b14,library,gzip,1.12-1,Milan Kupcevic <milan@debian.org>,pkg:deb/debian/gzip@1.12-1?arch=amd64&distro=debian-12.15,cpe:2.3:a:gzip:gzip:1.12-1:*:*:*:*:*:*:*,STRUCTURALLY_VALID,,a,gzip,gzip,1.12-1,*,*,*,*,*,*,*
130791,docker.io/library/node,24.18.0,pilot/results/sboms/node-24.18.0.cdx.json,pkg:deb/debian/hicolor-icon-theme@0.17-2?arch=all&distro=debian-12.15&package-id=ce5233c185593c72,library,hicolor-icon-theme,0.17-2,Debian GNOME Maintainers <pkg-gnome-maintainers@lists.alioth.debian.org>,pkg:deb/debian/hicolor-icon-theme@0.17-2?arch=all&distro=debian-12.15,cpe:2.3:a:hicolor-icon-theme:hicolor-icon-theme:0.17-2:*:*:*:*:*:*:*,STRUCTURALLY_VALID,,a,hicolor-icon-theme,hicolor-icon-theme,0.17-2,*,*,*,*,*,*,*
130792,docker.io/library/node,24.18.0,pilot/results/sboms/node-24.18.0.cdx.json,pkg:npm/hosted-git-info@9.0.3?package-id=bc6d7895c4f5a120,library,hosted-git-info,9.0.3,,pkg:npm/hosted-git-info@9.0.3,cpe:2.3:a:hosted-git-info:hosted-git-info:9.0.3:*:*:*:*:*:*:*,STRUCTURALLY_VALID,,a,hosted-git-info,hosted-git-info,9.0.3,*,*,*,*,*,*,*
130793,docker.io/library/node,24.18.0,pilot/results/sboms/node-24.18.0.cdx.json,pkg:deb/debian/hostname@3.23%2Bnmu1?arch=amd64&distro=debian-12.15&package-id=6953da8863232503,library,hostname,3.23+nmu1,Michael Meskes <meskes@debian.org>,pkg:deb/debian/hostname@3.23%2Bnmu1?arch=amd64&distro=debian-12.15,cpe:2.3:a:hostname:hostname:3.23\+nmu1:*:*:*:*:*:*:*,STRUCTURALLY_VALID,,a,hostname,hostname,3.23\+nmu1,*,*,*,*,*,*,*
130794,docker.io/library/node,24.18.0,pilot/results/sboms/node-24.18.0.cdx.json,pkg:npm/http-cache-semantics@4.2.0?package-id=83d3e58bdcd90e29,library,http-cache-semantics,4.2.0,,pkg:npm/http-cache-semantics@4.2.0,cpe:2.3:a:http-cache-semantics_project:http-cache-semantics:4.2.0:*:*:*:*:node.js:*:*,STRUCTURALLY_VALID,,a,http-cache-semantics_project,http-cache-semantics,4.2.0,*,*,*,*,node.js,*,*
130795,docker.io/library/node,24.18.0,pilot/results/sboms/node-24.18.0.cdx.json,pkg:npm/http-proxy-agent@7.0.2?package-id=ddd7695feddb6378,library,http-proxy-agent,7.0.2,,pkg:npm/http-proxy-agent@7.0.2,cpe:2.3:a:http-proxy-agent:http-proxy-agent:7.0.2:*:*:*:*:*:*:*,STRUCTURALLY_VALID,,a,http-proxy-agent,http-proxy-agent,7.0.2,*,*,*,*,*,*,*
130796,docker.io/library/node,24.18.0,pilot/results/sboms/node-24.18.0.cdx.json,pkg:npm/https-proxy-agent@7.0.6?package-id=2105998da9ebbead,library,https-proxy-agent,7.0.6,,pkg:npm/https-proxy-agent@7.0.6,cpe:2.3:a:https-proxy-agent_project:https-proxy-agent:7.0.6:*:*:*:*:node.js:*:*,STRUCTURALLY_VALID,,a,https-proxy-agent_project,https-proxy-agent,7.0.6,*,*,*,*,node.js,*,*
130797,docker.io/library/node,24.18.0,pilot/results/sboms/node-24.18.0.cdx.json,pkg:npm/iconv-lite@0.7.2?package-id=af1a27d14b84bf7f,library,iconv-lite,0.7.2,,pkg:npm/iconv-lite@0.7.2,cpe:2.3:a:iconv-lite:iconv-lite:0.7.2:*:*:*:*:*:*:*,STRUCTURALLY_VALID,,a,iconv-lite,iconv-lite,0.7.2,*,*,*,*,*,*,*
130798,docker.io/library/node,24.18.0,pilot/results/sboms/node-24.18.0.cdx.json,pkg:deb/debian/icu-devtools@72.1-3%2Bdeb12u1?arch=amd64&distro=debian-12.15&package-id=cf57adbba34031bc&upstream=icu,library,icu-devtools,72.1-3+deb12u1,Laszlo Boszormenyi (GCS) <gcs@debian.org>,pkg:deb/debian/icu-devtools@72.1-3%2Bdeb12u1?arch=amd64&distro=debian-12.15&upstream=icu,cpe:2.3:a:icu-devtools:icu-devtools:72.1-3\+deb12u1:*:*:*:*:*:*:*,STRUCTURALLY_VALID,,a,icu-devtools,icu-devtools,72.1-3\+deb12u1,*,*,*,*,*,*,*
130799,docker.io/library/node,24.18.0,pilot/results/sboms/node-24.18.0.cdx.json,pkg:npm/ignore-walk@8.0.0?package-id=0b58160983df4d12,library,ignore-walk,8.0.0,,pkg:npm/ignore-walk@8.0.0,cpe:2.3:a:ignore-walk:ignore-walk:8.0.0:*:*:*:*:*:*:*,STRUCTURALLY_VALID,,a,ignore-walk,ignore-walk,8.0.0,*,*,*,*,*,*,*
130800,docker.io/library/node,24.18.0,pilot/results/sboms/node-24.18.0.cdx.json,pkg:deb/debian/imagemagick@8%3A6.9.11.60%2Bdfsg-1.6%2Bdeb12u12?arch=amd64&distro=debian-12.15&package-id=1d794dc07c9a7147,library,imagemagick,8:6.9.11.60+dfsg-1.6+deb12u12,ImageMagick Packaging Team <pkg-gmagick-im-team@lists.alioth.debian.org>,pkg:deb/debian/imagemagick@8%3A6.9.11.60%2Bdfsg-1.6%2Bdeb12u12?arch=amd64&distro=debian-12.15,cpe:2.3:a:imagemagick:imagemagick:8\:6.9.11.60\+dfsg-1.6\+deb12u12:*:*:*:*:*:*:*,STRUCTURALLY_VALID,,a,imagemagick,imagemagick,8\:6.9.11.60\+dfsg-1.6\+deb12u12,*,*,*,*,*,*,*
130801,docker.io/library/node,24.18.0,pilot/results/sboms/node-24.18.0.cdx.json,pkg:deb/debian/imagemagick-6-common@8%3A6.9.11.60%2Bdfsg-1.6%2Bdeb12u12?arch=all&distro=debian-12.15&package-id=7c6fa05a70be3fad&upstream=imagemagick,library,imagemagick-6-common,8:6.9.11.60+dfsg-1.6+deb12u12,ImageMagick Packaging Team <pkg-gmagick-im-team@lists.alioth.debian.org>,pkg:deb/debian/imagemagick-6-common@8%3A6.9.11.60%2Bdfsg-1.6%2Bdeb12u12?arch=all&distro=debian-12.15&upstream=imagemagick,cpe:2.3:a:imagemagick-6-common:imagemagick-6-common:8\:6.9.11.60\+dfsg-1.6\+deb12u12:*:*:*:*:*:*:*,STRUCTURALLY_VALID,,a,imagemagick-6-common,imagemagick-6-common,8\:6.9.11.60\+dfsg-1.6\+deb12u12,*,*,*,*,*,*,*
130802,docker.io/library/node,24.18.0,pilot/results/sboms/node-24.18.0.cdx.json,pkg:deb/debian/imagemagick-6.q16@8%3A6.9.11.60%2Bdfsg-1.6%2Bdeb12u12?arch=amd64&distro=debian-12.15&package-id=4e596117efda2990&upstream=imagemagick,library,imagemagick-6.q16,8:6.9.11.60+dfsg-1.6+deb12u12,ImageMagick Packaging Team <pkg-gmagick-im-team@lists.alioth.debian.org>,pkg:deb/debian/imagemagick-6.q16@8%3A6.9.11.60%2Bdfsg-1.6%2Bdeb12u12?arch=amd64&distro=debian-12.15&upstream=imagemagick,cpe:2.3:a:imagemagick-6.q16:imagemagick-6.q16:8\:6.9.11.60\+dfsg-1.6\+deb12u12:*:*:*:*:*:*:*,STRUCTURALLY_VALID,,a,imagemagick-6.q16,imagemagick-6.q16,8\:6.9.11.60\+dfsg-1.6\+deb12u12,*,*,*,*,*,*,*
130803,docker.io/library/node,24.18.0,pilot/results/sboms/node-24.18.0.cdx.json,pkg:npm/ini@6.0.0?package-id=b6ba736660cac86c,library,ini,6.0.0,,pkg:npm/ini@6.0.0,cpe:2.3:a:ini_project:ini:6.0.0:*:*:*:*:node.js:*:*,STRUCTURALLY_VALID,,a,ini_project,ini,6.0.0,*,*,*,*,node.js,*,*
130804,docker.io/library/node,24.18.0,pilot/results/sboms/node-24.18.0.cdx.json,pkg:npm/init-package-json@8.2.5?package-id=d601b3a531cb955a,library,init-package-json,8.2.5,,pkg:npm/init-package-json@8.2.5,cpe:2.3:a:init-package-json:init-package-json:8.2.5:*:*:*:*:*:*:*,STRUCTURALLY_VALID,,a,init-package-json,init-package-json,8.2.5,*,*,*,*,*,*,*
130805,docker.io/library/node,24.18.0,pilot/results/sboms/node-24.18.0.cdx.json,pkg:deb/debian/init-system-helpers@1.65.2%2Bdeb12u1?arch=all&distro=debian-12.15&package-id=bc67df4e4ad2e833,library,init-system-helpers,1.65.2+deb12u1,Debian systemd Maintainers <pkg-systemd-maintainers@lists.alioth.debian.org>,pkg:deb/debian/init-system-helpers@1.65.2%2Bdeb12u1?arch=all&distro=debian-12.15,cpe:2.3:a:init-system-helpers:init-system-helpers:1.65.2\+deb12u1:*:*:*:*:*:*:*,STRUCTURALLY_VALID,,a,init-system-helpers,init-system-helpers,1.65.2\+deb12u1,*,*,*,*,*,*,*
130806,docker.io/library/node,24.18.0,pilot/results/sboms/node-24.18.0.cdx.json,pkg:npm/ip-address@10.2.0?package-id=5e2ab97b23f852fa,library,ip-address,10.2.0,,pkg:npm/ip-address@10.2.0,cpe:2.3:a:beaugunderson:ip-address:10.2.0:*:*:*:*:node.js:*:*,STRUCTURALLY_VALID,,a,beaugunderson,ip-address,10.2.0,*,*,*,*,node.js,*,*
130683,docker.io/library/node,24.18.0,pilot/results/sboms/node-24.18.0.cdx.json,pkg:npm/%40isaacs/fs-minipass@4.0.1?package-id=3085262f515fb17b,library,@isaacs/fs-minipass,4.0.1,,pkg:npm/%40isaacs/fs-minipass@4.0.1,cpe:2.3:a:\@isaacs\/fs-minipass:\@isaacs\/fs-minipass:4.0.1:*:*:*:*:*:*:*,STRUCTURALLY_VALID,,a,\@isaacs\/fs-minipass,\@isaacs\/fs-minipass,4.0.1,*,*,*,*,*,*,*
130684,docker.io/library/node,24.18.0,pilot/results/sboms/node-24.18.0.cdx.json,pkg:npm/%40isaacs/string-locale-compare@1.1.0?package-id=51cc50312457ec35,library,@isaacs/string-locale-compare,1.1.0,,pkg:npm/%40isaacs/string-locale-compare@1.1.0,cpe:2.3:a:\@isaacs\/string-locale-compare:\@isaacs\/string-locale-compare:1.1.0:*:*:*:*:*:*:*,STRUCTURALLY_VALID,,a,\@isaacs\/string-locale-compare,\@isaacs\/string-locale-compare,1.1.0,*,*,*,*,*,*,*
130807,docker.io/library/node,24.18.0,pilot/results/sboms/node-24.18.0.cdx.json,pkg:npm/is-cidr@6.0.4?package-id=f9ecf1ff8946a1b7,library,is-cidr,6.0.4,,pkg:npm/is-cidr@6.0.4,cpe:2.3:a:is-cidr:is-cidr:6.0.4:*:*:*:*:*:*:*,STRUCTURALLY_VALID,,a,is-cidr,is-cidr,6.0.4,*,*,*,*,*,*,*
130808,docker.io/library/node,24.18.0,pilot/results/sboms/node-24.18.0.cdx.json,pkg:npm/isexe@4.0.0?package-id=e067e32661331f26,library,isexe,4.0.0,,pkg:npm/isexe@4.0.0,cpe:2.3:a:isaacs:isexe:4.0.0:*:*:*:*:*:*:*,STRUCTURALLY_VALID,,a,isaacs,isexe,4.0.0,*,*,*,*,*,*,*
130811,docker.io/library/node,24.18.0,pilot/results/sboms/node-24.18.0.cdx.json,pkg:npm/jsonparse@1.3.1?package-id=d8e77ac9aaf7b698,library,jsonparse,1.3.1,,pkg:npm/jsonparse@1.3.1,cpe:2.3:a:creationix:jsonparse:1.3.1:*:*:*:*:*:*:*,STRUCTURALLY_VALID,,a,creationix,jsonparse,1.3.1,*,*,*,*,*,*,*
130809,docker.io/library/node,24.18.0,pilot/results/sboms/node-24.18.0.cdx.json,pkg:npm/json-parse-even-better-errors@5.0.0?package-id=bd89827d02eeb20c,library,json-parse-even-better-errors,5.0.0,,pkg:npm/json-parse-even-better-errors@5.0.0,cpe:2.3:a:json-parse-even-better-errors:json-parse-even-better-errors:5.0.0:*:*:*:*:*:*:*,STRUCTURALLY_VALID,,a,json-parse-even-better-errors,json-parse-even-better-errors,5.0.0,*,*,*,*,*,*,*
130810,docker.io/library/node,24.18.0,pilot/results/sboms/node-24.18.0.cdx.json,pkg:npm/json-stringify-nice@1.1.4?package-id=50fdcb403b0a66a9,library,json-stringify-nice,1.1.4,,pkg:npm/json-stringify-nice@1.1.4,cpe:2.3:a:json-stringify-nice:json-stringify-nice:1.1.4:*:*:*:*:*:*:*,STRUCTURALLY_VALID,,a,json-stringify-nice,json-stringify-nice,1.1.4,*,*,*,*,*,*,*
130812,docker.io/library/node,24.18.0,pilot/results/sboms/node-24.18.0.cdx.json,pkg:npm/just-diff@6.0.2?package-id=f796cddf4bd7dca6,library,just-diff,6.0.2,,pkg:npm/just-diff@6.0.2,cpe:2.3:a:just-diff:just-diff:6.0.2:*:*:*:*:*:*:*,STRUCTURALLY_VALID,,a,just-diff,just-diff,6.0.2,*,*,*,*,*,*,*
130813,docker.io/library/node,24.18.0,pilot/results/sboms/node-24.18.0.cdx.json,pkg:npm/just-diff-apply@5.5.0?package-id=33df8b5c29d05ba0,library,just-diff-apply,5.5.0,,pkg:npm/just-diff-apply@5.5.0,cpe:2.3:a:just-diff-apply:just-diff-apply:5.5.0:*:*:*:*:*:*:*,STRUCTURALLY_VALID,,a,just-diff-apply,just-diff-apply,5.5.0,*,*,*,*,*,*,*
130814,docker.io/library/node,24.18.0,pilot/results/sboms/node-24.18.0.cdx.json,pkg:deb/debian/krb5-multidev@1.20.1-2%2Bdeb12u5?arch=amd64&distro=debian-12.15&package-id=7084e5a8f1df690b&upstream=krb5,library,krb5-multidev,1.20.1-2+deb12u5,Sam Hartman <hartmans@debian.org>,pkg:deb/debian/krb5-multidev@1.20.1-2%2Bdeb12u5?arch=amd64&distro=debian-12.15&upstream=krb5,cpe:2.3:a:krb5-multidev:krb5-multidev:1.20.1-2\+deb12u5:*:*:*:*:*:*:*,STRUCTURALLY_VALID,,a,krb5-multidev,krb5-multidev,1.20.1-2\+deb12u5,*,*,*,*,*,*,*
130815,docker.io/library/node,24.18.0,pilot/results/sboms/node-24.18.0.cdx.json,pkg:deb/debian/libacl1@2.3.1-3?arch=amd64&distro=debian-12.15&package-id=d047530090108251&upstream=acl,library,libacl1,2.3.1-3,Guillem Jover <guillem@debian.org>,pkg:deb/debian/libacl1@2.3.1-3?arch=amd64&distro=debian-12.15&upstream=acl,cpe:2.3:a:libacl1:libacl1:2.3.1-3:*:*:*:*:*:*:*,STRUCTURALLY_VALID,,a,libacl1,libacl1,2.3.1-3,*,*,*,*,*,*,*
130816,docker.io/library/node,24.18.0,pilot/results/sboms/node-24.18.0.cdx.json,pkg:deb/debian/libaom3@3.6.0-1%2Bdeb12u2?arch=amd64&distro=debian-12.15&package-id=9e3b0cc1c76e74b4&upstream=aom,library,libaom3,3.6.0-1+deb12u2,Debian Multimedia Maintainers <debian-multimedia@lists.debian.org>,pkg:deb/debian/libaom3@3.6.0-1%2Bdeb12u2?arch=amd64&distro=debian-12.15&upstream=aom,cpe:2.3:a:libaom3:libaom3:3.6.0-1\+deb12u2:*:*:*:*:*:*:*,STRUCTURALLY_VALID,,a,libaom3,libaom3,3.6.0-1\+deb12u2,*,*,*,*,*,*,*
130817,docker.io/library/node,24.18.0,pilot/results/sboms/node-24.18.0.cdx.json,pkg:deb/debian/libapr1@1.7.2-3%2Bdeb12u1?arch=amd64&distro=debian-12.15&package-id=da9e9d907c9fced8&upstream=apr,library,libapr1,1.7.2-3+deb12u1,Debian Apache Maintainers <debian-apache@lists.debian.org>,pkg:deb/debian/libapr1@1.7.2-3%2Bdeb12u1?arch=amd64&distro=debian-12.15&upstream=apr,cpe:2.3:a:libapr1:libapr1:1.7.2-3\+deb12u1:*:*:*:*:*:*:*,STRUCTURALLY_VALID,,a,libapr1,libapr1,1.7.2-3\+deb12u1,*,*,*,*,*,*,*
130818,docker.io/library/node,24.18.0,pilot/results/sboms/node-24.18.0.cdx.json,pkg:deb/debian/libaprutil1@1.6.3-1?arch=amd64&distro=debian-12.15&package-id=d81c6e9703c5d79d&upstream=apr-util,library,libaprutil1,1.6.3-1,Debian Apache Maintainers <debian-apache@lists.debian.org>,pkg:deb/debian/libaprutil1@1.6.3-1?arch=amd64&distro=debian-12.15&upstream=apr-util,cpe:2.3:a:libaprutil1:libaprutil1:1.6.3-1:*:*:*:*:*:*:*,STRUCTURALLY_VALID,,a,libaprutil1,libaprutil1,1.6.3-1,*,*,*,*,*,*,*
130819,docker.io/library/node,24.18.0,pilot/results/sboms/node-24.18.0.cdx.json,pkg:deb/debian/libapt-pkg6.0@2.6.1?arch=amd64&distro=debian-12.15&package-id=91b1396a4c2e715d&upstream=apt,library,libapt-pkg6.0,2.6.1,APT Development Team <deity@lists.debian.org>,pkg:deb/debian/libapt-pkg6.0@2.6.1?arch=amd64&distro=debian-12.15&upstream=apt,cpe:2.3:a:libapt-pkg6.0:libapt-pkg6.0:2.6.1:*:*:*:*:*:*:*,STRUCTURALLY_VALID,,a,libapt-pkg6.0,libapt-pkg6.0,2.6.1,*,*,*,*,*,*,*
130820,docker.io/library/node,24.18.0,pilot/results/sboms/node-24.18.0.cdx.json,pkg:deb/debian/libasan8@12.2.0-14%2Bdeb12u1?arch=amd64&distro=debian-12.15&package-id=45a0296b4a207092&upstream=gcc-12,library,libasan8,12.2.0-14+deb12u1,Debian GCC Maintainers <debian-gcc@lists.debian.org>,pkg:deb/debian/libasan8@12.2.0-14%2Bdeb12u1?arch=amd64&distro=debian-12.15&upstream=gcc-12,cpe:2.3:a:libasan8:libasan8:12.2.0-14\+deb12u1:*:*:*:*:*:*:*,STRUCTURALLY_VALID,,a,libasan8,libasan8,12.2.0-14\+deb12u1,*,*,*,*,*,*,*
130821,docker.io/library/node,24.18.0,pilot/results/sboms/node-24.18.0.cdx.json,pkg:deb/debian/libassuan0@2.5.5-5?arch=amd64&distro=debian-12.15&package-id=356b2534bfdcdf70&upstream=libassuan,library,libassuan0,2.5.5-5,Debian GnuPG-Maintainers <pkg-gnupg-maint@lists.alioth.debian.org>,pkg:deb/debian/libassuan0@2.5.5-5?arch=amd64&distro=debian-12.15&upstream=libassuan,cpe:2.3:a:libassuan0:libassuan0:2.5.5-5:*:*:*:*:*:*:*,STRUCTURALLY_VALID,,a,libassuan0,libassuan0,2.5.5-5,*,*,*,*,*,*,*
130822,docker.io/library/node,24.18.0,pilot/results/sboms/node-24.18.0.cdx.json,pkg:deb/debian/libatomic1@12.2.0-14%2Bdeb12u1?arch=amd64&distro=debian-12.15&package-id=50514db327ffe1b7&upstream=gcc-12,library,libatomic1,12.2.0-14+deb12u1,Debian GCC Maintainers <debian-gcc@lists.debian.org>,pkg:deb/debian/libatomic1@12.2.0-14%2Bdeb12u1?arch=amd64&distro=debian-12.15&upstream=gcc-12,cpe:2.3:a:libatomic1:libatomic1:12.2.0-14\+deb12u1:*:*:*:*:*:*:*,STRUCTURALLY_VALID,,a,libatomic1,libatomic1,12.2.0-14\+deb12u1,*,*,*,*,*,*,*
130823,docker.io/library/node,24.18.0,pilot/results/sboms/node-24.18.0.cdx.json,pkg:deb/debian/libattr1@1%3A2.5.1-4?arch=amd64&distro=debian-12.15&package-id=722285f8005c2384&upstream=attr,library,libattr1,1:2.5.1-4,Guillem Jover <guillem@debian.org>,pkg:deb/debian/libattr1@1%3A2.5.1-4?arch=amd64&distro=debian-12.15&upstream=attr,cpe:2.3:a:libattr1:libattr1:1\:2.5.1-4:*:*:*:*:*:*:*,STRUCTURALLY_VALID,,a,libattr1,libattr1,1\:2.5.1-4,*,*,*,*,*,*,*
130825,docker.io/library/node,24.18.0,pilot/results/sboms/node-24.18.0.cdx.json,pkg:deb/debian/libaudit1@1%3A3.0.9-1?arch=amd64&distro=debian-12.15&package-id=366c21d0062ecd94&upstream=audit,library,libaudit1,1:3.0.9-1,Laurent Bigonville <bigon@debian.org>,pkg:deb/debian/libaudit1@1%3A3.0.9-1?arch=amd64&distro=debian-12.15&upstream=audit,cpe:2.3:a:libaudit1:libaudit1:1\:3.0.9-1:*:*:*:*:*:*:*,STRUCTURALLY_VALID,,a,libaudit1,libaudit1,1\:3.0.9-1,*,*,*,*,*,*,*
130824,docker.io/library/node,24.18.0,pilot/results/sboms/node-24.18.0.cdx.json,pkg:deb/debian/libaudit-common@1%3A3.0.9-1?arch=all&distro=debian-12.15&package-id=e35c37c43c21e3d0&upstream=audit,library,libaudit-common,1:3.0.9-1,Laurent Bigonville <bigon@debian.org>,pkg:deb/debian/libaudit-common@1%3A3.0.9-1?arch=all&distro=debian-12.15&upstream=audit,cpe:2.3:a:libaudit-common:libaudit-common:1\:3.0.9-1:*:*:*:*:*:*:*,STRUCTURALLY_VALID,,a,libaudit-common,libaudit-common,1\:3.0.9-1,*,*,*,*,*,*,*
130826,docker.io/library/node,24.18.0,pilot/results/sboms/node-24.18.0.cdx.json,pkg:deb/debian/libbinutils@2.40-2?arch=amd64&distro=debian-12.15&package-id=1bf658472b38bf7b&upstream=binutils,library,libbinutils,2.40-2,Matthias Klose <doko@debian.org>,pkg:deb/debian/libbinutils@2.40-2?arch=amd64&distro=debian-12.15&upstream=binutils,cpe:2.3:a:libbinutils:libbinutils:2.40-2:*:*:*:*:*:*:*,STRUCTURALLY_VALID,,a,libbinutils,libbinutils,2.40-2,*,*,*,*,*,*,*
130828,docker.io/library/node,24.18.0,pilot/results/sboms/node-24.18.0.cdx.json,pkg:deb/debian/libblkid1@2.38.1-5%2Bdeb12u3?arch=amd64&distro=debian-12.15&package-id=af35543f081d70bf&upstream=util-linux,library,libblkid1,2.38.1-5+deb12u3,util-linux packagers <util-linux@packages.debian.org>,pkg:deb/debian/libblkid1@2.38.1-5%2Bdeb12u3?arch=amd64&distro=debian-12.15&upstream=util-linux,cpe:2.3:a:libblkid1:libblkid1:2.38.1-5\+deb12u3:*:*:*:*:*:*:*,STRUCTURALLY_VALID,,a,libblkid1,libblkid1,2.38.1-5\+deb12u3,*,*,*,*,*,*,*
130827,docker.io/library/node,24.18.0,pilot/results/sboms/node-24.18.0.cdx.json,pkg:deb/debian/libblkid-dev@2.38.1-5%2Bdeb12u3?arch=amd64&distro=debian-12.15&package-id=505a5613c52a45e2&upstream=util-linux,library,libblkid-dev,2.38.1-5+deb12u3,util-linux packagers <util-linux@packages.debian.org>,pkg:deb/debian/libblkid-dev@2.38.1-5%2Bdeb12u3?arch=amd64&distro=debian-12.15&upstream=util-linux,cpe:2.3:a:libblkid-dev:libblkid-dev:2.38.1-5\+deb12u3:*:*:*:*:*:*:*,STRUCTURALLY_VALID,,a,libblkid-dev,libblkid-dev,2.38.1-5\+deb12u3,*,*,*,*,*,*,*
130830,docker.io/library/node,24.18.0,pilot/results/sboms/node-24.18.0.cdx.json,pkg:deb/debian/libbrotli1@1.0.9-2%2Bb6?arch=amd64&distro=debian-12.15&package-id=9b714a0ade39f145&upstream=brotli%401.0.9-2,library,libbrotli1,1.0.9-2+b6,Tomasz Buchert <tomasz@debian.org>,pkg:deb/debian/libbrotli1@1.0.9-2%2Bb6?arch=amd64&distro=debian-12.15&upstream=brotli%401.0.9-2,cpe:2.3:a:libbrotli1:libbrotli1:1.0.9-2\+b6:*:*:*:*:*:*:*,STRUCTURALLY_VALID,,a,libbrotli1,libbrotli1,1.0.9-2\+b6,*,*,*,*,*,*,*
130829,docker.io/library/node,24.18.0,pilot/results/sboms/node-24.18.0.cdx.json,pkg:deb/debian/libbrotli-dev@1.0.9-2%2Bb6?arch=amd64&distro=debian-12.15&package-id=b626238bab158c24&upstream=brotli%401.0.9-2,library,libbrotli-dev,1.0.9-2+b6,Tomasz Buchert <tomasz@debian.org>,pkg:deb/debian/libbrotli-dev@1.0.9-2%2Bb6?arch=amd64&distro=debian-12.15&upstream=brotli%401.0.9-2,cpe:2.3:a:libbrotli-dev:libbrotli-dev:1.0.9-2\+b6:*:*:*:*:*:*:*,STRUCTURALLY_VALID,,a,libbrotli-dev,libbrotli-dev,1.0.9-2\+b6,*,*,*,*,*,*,*
130831,docker.io/library/node,24.18.0,pilot/results/sboms/node-24.18.0.cdx.json,pkg:deb/debian/libbsd0@0.11.7-2?arch=amd64&distro=debian-12.15&package-id=6e136a5b8871310d&upstream=libbsd,library,libbsd0,0.11.7-2,Guillem Jover <guillem@debian.org>,pkg:deb/debian/libbsd0@0.11.7-2?arch=amd64&distro=debian-12.15&upstream=libbsd,cpe:2.3:a:libbsd0:libbsd0:0.11.7-2:*:*:*:*:*:*:*,STRUCTURALLY_VALID,,a,libbsd0,libbsd0,0.11.7-2,*,*,*,*,*,*,*
130832,docker.io/library/node,24.18.0,pilot/results/sboms/node-24.18.0.cdx.json,pkg:deb/debian/libbz2-1.0@1.0.8-5%2Bb1?arch=amd64&distro=debian-12.15&package-id=751ec9ae4280dd32&upstream=bzip2%401.0.8-5,library,libbz2-1.0,1.0.8-5+b1,Anibal Monsalve Salazar <anibal@debian.org>,pkg:deb/debian/libbz2-1.0@1.0.8-5%2Bb1?arch=amd64&distro=debian-12.15&upstream=bzip2%401.0.8-5,cpe:2.3:a:libbz2-1.0:libbz2-1.0:1.0.8-5\+b1:*:*:*:*:*:*:*,STRUCTURALLY_VALID,,a,libbz2-1.0,libbz2-1.0,1.0.8-5\+b1,*,*,*,*,*,*,*
130833,docker.io/library/node,24.18.0,pilot/results/sboms/node-24.18.0.cdx.json,pkg:deb/debian/libbz2-dev@1.0.8-5%2Bb1?arch=amd64&distro=debian-12.15&package-id=ad42beec87dbeee0&upstream=bzip2%401.0.8-5,library,libbz2-dev,1.0.8-5+b1,Anibal Monsalve Salazar <anibal@debian.org>,pkg:deb/debian/libbz2-dev@1.0.8-5%2Bb1?arch=amd64&distro=debian-12.15&upstream=bzip2%401.0.8-5,cpe:2.3:a:libbz2-dev:libbz2-dev:1.0.8-5\+b1:*:*:*:*:*:*:*,STRUCTURALLY_VALID,,a,libbz2-dev,libbz2-dev,1.0.8-5\+b1,*,*,*,*,*,*,*
130836,docker.io/library/node,24.18.0,pilot/results/sboms/node-24.18.0.cdx.json,pkg:deb/debian/libc6@2.36-9%2Bdeb12u14?arch=amd64&distro=debian-12.15&package-id=3d449c1cd40f62d0&upstream=glibc,library,libc6,2.36-9+deb12u14,GNU Libc Maintainers <debian-glibc@lists.debian.org>,pkg:deb/debian/libc6@2.36-9%2Bdeb12u14?arch=amd64&distro=debian-12.15&upstream=glibc,cpe:2.3:a:libc6:libc6:2.36-9\+deb12u14:*:*:*:*:*:*:*,STRUCTURALLY_VALID,,a,libc6,libc6,2.36-9\+deb12u14,*,*,*,*,*,*,*
130837,docker.io/library/node,24.18.0,pilot/results/sboms/node-24.18.0.cdx.json,pkg:deb/debian/libc6-dev@2.36-9%2Bdeb12u14?arch=amd64&distro=debian-12.15&package-id=be9fcdc16d52ab8f&upstream=glibc,library,libc6-dev,2.36-9+deb12u14,GNU Libc Maintainers <debian-glibc@lists.debian.org>,pkg:deb/debian/libc6-dev@2.36-9%2Bdeb12u14?arch=amd64&distro=debian-12.15&upstream=glibc,cpe:2.3:a:libc6-dev:libc6-dev:2.36-9\+deb12u14:*:*:*:*:*:*:*,STRUCTURALLY_VALID,,a,libc6-dev,libc6-dev,2.36-9\+deb12u14,*,*,*,*,*,*,*
130840,docker.io/library/node,24.18.0,pilot/results/sboms/node-24.18.0.cdx.json,pkg:deb/debian/libcairo2@1.16.0-7?arch=amd64&distro=debian-12.15&package-id=28d5ccf8758a4075&upstream=cairo,library,libcairo2,1.16.0-7,Debian GNOME Maintainers <pkg-gnome-maintainers@lists.alioth.debian.org>,pkg:deb/debian/libcairo2@1.16.0-7?arch=amd64&distro=debian-12.15&upstream=cairo,cpe:2.3:a:libcairo2:libcairo2:1.16.0-7:*:*:*:*:*:*:*,STRUCTURALLY_VALID,,a,libcairo2,libcairo2,1.16.0-7,*,*,*,*,*,*,*
130841,docker.io/library/node,24.18.0,pilot/results/sboms/node-24.18.0.cdx.json,pkg:deb/debian/libcairo2-dev@1.16.0-7?arch=amd64&distro=debian-12.15&package-id=685e5753b38233fa&upstream=cairo,library,libcairo2-dev,1.16.0-7,Debian GNOME Maintainers <pkg-gnome-maintainers@lists.alioth.debian.org>,pkg:deb/debian/libcairo2-dev@1.16.0-7?arch=amd64&distro=debian-12.15&upstream=cairo,cpe:2.3:a:libcairo2-dev:libcairo2-dev:1.16.0-7:*:*:*:*:*:*:*,STRUCTURALLY_VALID,,a,libcairo2-dev,libcairo2-dev,1.16.0-7,*,*,*,*,*,*,*
130838,docker.io/library/node,24.18.0,pilot/results/sboms/node-24.18.0.cdx.json,pkg:deb/debian/libcairo-gobject2@1.16.0-7?arch=amd64&distro=debian-12.15&package-id=be12828c4e3c1a16&upstream=cairo,library,libcairo-gobject2,1.16.0-7,Debian GNOME Maintainers <pkg-gnome-maintainers@lists.alioth.debian.org>,pkg:deb/debian/libcairo-gobject2@1.16.0-7?arch=amd64&distro=debian-12.15&upstream=cairo,cpe:2.3:a:libcairo-gobject2:libcairo-gobject2:1.16.0-7:*:*:*:*:*:*:*,STRUCTURALLY_VALID,,a,libcairo-gobject2,libcairo-gobject2,1.16.0-7,*,*,*,*,*,*,*
130839,docker.io/library/node,24.18.0,pilot/results/sboms/node-24.18.0.cdx.json,pkg:deb/debian/libcairo-script-interpreter2@1.16.0-7?arch=amd64&distro=debian-12.15&package-id=d150a0acc96f6751&upstream=cairo,library,libcairo-script-interpreter2,1.16.0-7,Debian GNOME Maintainers <pkg-gnome-maintainers@lists.alioth.debian.org>,pkg:deb/debian/libcairo-script-interpreter2@1.16.0-7?arch=amd64&distro=debian-12.15&upstream=cairo,cpe:2.3:a:libcairo-script-interpreter2:libcairo-script-interpreter2:1.16.0-7:*:*:*:*:*:*:*,STRUCTURALLY_VALID,,a,libcairo-script-interpreter2,libcairo-script-interpreter2,1.16.0-7,*,*,*,*,*,*,*
130843,docker.io/library/node,24.18.0,pilot/results/sboms/node-24.18.0.cdx.json,pkg:deb/debian/libcap2@1%3A2.66-4%2Bdeb12u3%2Bb1?arch=amd64&distro=debian-12.15&package-id=655ca54e08012b99&upstream=libcap2%401%3A2.66-4%2Bdeb12u3,library,libcap2,1:2.66-4+deb12u3+b1,Christian Kastner <ckk@debian.org>,pkg:deb/debian/libcap2@1%3A2.66-4%2Bdeb12u3%2Bb1?arch=amd64&distro=debian-12.15&upstream=libcap2%401%3A2.66-4%2Bdeb12u3,cpe:2.3:a:libcap2:libcap2:1\:2.66-4\+deb12u3\+b1:*:*:*:*:*:*:*,STRUCTURALLY_VALID,,a,libcap2,libcap2,1\:2.66-4\+deb12u3\+b1,*,*,*,*,*,*,*
130842,docker.io/library/node,24.18.0,pilot/results/sboms/node-24.18.0.cdx.json,pkg:deb/debian/libcap-ng0@0.8.3-1%2Bb3?arch=amd64&distro=debian-12.15&package-id=9a34227939df7216&upstream=libcap-ng%400.8.3-1,library,libcap-ng0,0.8.3-1+b3,Håvard F. Aasen <havard.f.aasen@pfft.no>,pkg:deb/debian/libcap-ng0@0.8.3-1%2Bb3?arch=amd64&distro=debian-12.15&upstream=libcap-ng%400.8.3-1,cpe:2.3:a:libcap-ng0:libcap-ng0:0.8.3-1\+b3:*:*:*:*:*:*:*,STRUCTURALLY_VALID,,a,libcap-ng0,libcap-ng0,0.8.3-1\+b3,*,*,*,*,*,*,*
130834,docker.io/library/node,24.18.0,pilot/results/sboms/node-24.18.0.cdx.json,pkg:deb/debian/libc-bin@2.36-9%2Bdeb12u14?arch=amd64&distro=debian-12.15&package-id=0d487d9c5e9a860d&upstream=glibc,library,libc-bin,2.36-9+deb12u14,GNU Libc Maintainers <debian-glibc@lists.debian.org>,pkg:deb/debian/libc-bin@2.36-9%2Bdeb12u14?arch=amd64&distro=debian-12.15&upstream=glibc,cpe:2.3:a:libc-bin:libc-bin:2.36-9\+deb12u14:*:*:*:*:*:*:*,STRUCTURALLY_VALID,,a,libc-bin,libc-bin,2.36-9\+deb12u14,*,*,*,*,*,*,*
130844,docker.io/library/node,24.18.0,pilot/results/sboms/node-24.18.0.cdx.json,pkg:deb/debian/libcbor0.8@0.8.0-2%2Bb1?arch=amd64&distro=debian-12.15&package-id=d8e89a302ab66466&upstream=libcbor%400.8.0-2,library,libcbor0.8,0.8.0-2+b1,Vincent Bernat <bernat@debian.org>,pkg:deb/debian/libcbor0.8@0.8.0-2%2Bb1?arch=amd64&distro=debian-12.15&upstream=libcbor%400.8.0-2,cpe:2.3:a:libcbor0.8:libcbor0.8:0.8.0-2\+b1:*:*:*:*:*:*:*,STRUCTURALLY_VALID,,a,libcbor0.8,libcbor0.8,0.8.0-2\+b1,*,*,*,*,*,*,*
130845,docker.io/library/node,24.18.0,pilot/results/sboms/node-24.18.0.cdx.json,pkg:deb/debian/libcc1-0@12.2.0-14%2Bdeb12u1?arch=amd64&distro=debian-12.15&package-id=4d6867490f2ee31b&upstream=gcc-12,library,libcc1-0,12.2.0-14+deb12u1,Debian GCC Maintainers <debian-gcc@lists.debian.org>,pkg:deb/debian/libcc1-0@12.2.0-14%2Bdeb12u1?arch=amd64&distro=debian-12.15&upstream=gcc-12,cpe:2.3:a:libcc1-0:libcc1-0:12.2.0-14\+deb12u1:*:*:*:*:*:*:*,STRUCTURALLY_VALID,,a,libcc1-0,libcc1-0,12.2.0-14\+deb12u1,*,*,*,*,*,*,*
130835,docker.io/library/node,24.18.0,pilot/results/sboms/node-24.18.0.cdx.json,pkg:deb/debian/libc-dev-bin@2.36-9%2Bdeb12u14?arch=amd64&distro=debian-12.15&package-id=05457b2d3472913c&upstream=glibc,library,libc-dev-bin,2.36-9+deb12u14,GNU Libc Maintainers <debian-glibc@lists.debian.org>,pkg:deb/debian/libc-dev-bin@2.36-9%2Bdeb12u14?arch=amd64&distro=debian-12.15&upstream=glibc,cpe:2.3:a:libc-dev-bin:libc-dev-bin:2.36-9\+deb12u14:*:*:*:*:*:*:*,STRUCTURALLY_VALID,,a,libc-dev-bin,libc-dev-bin,2.36-9\+deb12u14,*,*,*,*,*,*,*
130846,docker.io/library/node,24.18.0,pilot/results/sboms/node-24.18.0.cdx.json,pkg:deb/debian/libcom-err2@1.47.0-2%2Bb2?arch=amd64&distro=debian-12.15&package-id=d35ef33fd323c933&upstream=e2fsprogs%401.47.0-2,library,libcom-err2,1.47.0-2+b2,Theodore Y. Ts'o <tytso@mit.edu>,pkg:deb/debian/libcom-err2@1.47.0-2%2Bb2?arch=amd64&distro=debian-12.15&upstream=e2fsprogs%401.47.0-2,cpe:2.3:a:libcom-err2:libcom-err2:1.47.0-2\+b2:*:*:*:*:*:*:*,STRUCTURALLY_VALID,,a,libcom-err2,libcom-err2,1.47.0-2\+b2,*,*,*,*,*,*,*
130848,docker.io/library/node,24.18.0,pilot/results/sboms/node-24.18.0.cdx.json,pkg:deb/debian/libcrypt1@1%3A4.4.33-2?arch=amd64&distro=debian-12.15&package-id=66f0c5120721190f&upstream=libxcrypt,library,libcrypt1,1:4.4.33-2,Marco d'Itri <md@linux.it>,pkg:deb/debian/libcrypt1@1%3A4.4.33-2?arch=amd64&distro=debian-12.15&upstream=libxcrypt,cpe:2.3:a:libcrypt1:libcrypt1:1\:4.4.33-2:*:*:*:*:*:*:*,STRUCTURALLY_VALID,,a,libcrypt1,libcrypt1,1\:4.4.33-2,*,*,*,*,*,*,*
130847,docker.io/library/node,24.18.0,pilot/results/sboms/node-24.18.0.cdx.json,pkg:deb/debian/libcrypt-dev@1%3A4.4.33-2?arch=amd64&distro=debian-12.15&package-id=70fd00a6d5b17a3e&upstream=libxcrypt,library,libcrypt-dev,1:4.4.33-2,Marco d'Itri <md@linux.it>,pkg:deb/debian/libcrypt-dev@1%3A4.4.33-2?arch=amd64&distro=debian-12.15&upstream=libxcrypt,cpe:2.3:a:libcrypt-dev:libcrypt-dev:1\:4.4.33-2:*:*:*:*:*:*:*,STRUCTURALLY_VALID,,a,libcrypt-dev,libcrypt-dev,1\:4.4.33-2,*,*,*,*,*,*,*
130850,docker.io/library/node,24.18.0,pilot/results/sboms/node-24.18.0.cdx.json,pkg:deb/debian/libctf0@2.40-2?arch=amd64&distro=debian-12.15&package-id=f893e5b0c4f34ee1&upstream=binutils,library,libctf0,2.40-2,Matthias Klose <doko@debian.org>,pkg:deb/debian/libctf0@2.40-2?arch=amd64&distro=debian-12.15&upstream=binutils,cpe:2.3:a:libctf0:libctf0:2.40-2:*:*:*:*:*:*:*,STRUCTURALLY_VALID,,a,libctf0,libctf0,2.40-2,*,*,*,*,*,*,*
130849,docker.io/library/node,24.18.0,pilot/results/sboms/node-24.18.0.cdx.json,pkg:deb/debian/libctf-nobfd0@2.40-2?arch=amd64&distro=debian-12.15&package-id=882c1aa85bf92608&upstream=binutils,library,libctf-nobfd0,2.40-2,Matthias Klose <doko@debian.org>,pkg:deb/debian/libctf-nobfd0@2.40-2?arch=amd64&distro=debian-12.15&upstream=binutils,cpe:2.3:a:libctf-nobfd0:libctf-nobfd0:2.40-2:*:*:*:*:*:*:*,STRUCTURALLY_VALID,,a,libctf-nobfd0,libctf-nobfd0,2.40-2,*,*,*,*,*,*,*
130851,docker.io/library/node,24.18.0,pilot/results/sboms/node-24.18.0.cdx.json,pkg:deb/debian/libcurl3-gnutls@7.88.1-10%2Bdeb12u15?arch=amd64&distro=debian-12.15&package-id=f49af56f3a8f57c1&upstream=curl,library,libcurl3-gnutls,7.88.1-10+deb12u15,Alessandro Ghedini <ghedo@debian.org>,pkg:deb/debian/libcurl3-gnutls@7.88.1-10%2Bdeb12u15?arch=amd64&distro=debian-12.15&upstream=curl,cpe:2.3:a:libcurl3-gnutls:libcurl3-gnutls:7.88.1-10\+deb12u15:*:*:*:*:*:*:*,STRUCTURALLY_VALID,,a,libcurl3-gnutls,libcurl3-gnutls,7.88.1-10\+deb12u15,*,*,*,*,*,*,*
130852,docker.io/library/node,24.18.0,pilot/results/sboms/node-24.18.0.cdx.json,pkg:deb/debian/libcurl4@7.88.1-10%2Bdeb12u15?arch=amd64&distro=debian-12.15&package-id=a6e2427d3e834f56&upstream=curl,library,libcurl4,7.88.1-10+deb12u15,Alessandro Ghedini <ghedo@debian.org>,pkg:deb/debian/libcurl4@7.88.1-10%2Bdeb12u15?arch=amd64&distro=debian-12.15&upstream=curl,cpe:2.3:a:libcurl4:libcurl4:7.88.1-10\+deb12u15:*:*:*:*:*:*:*,STRUCTURALLY_VALID,,a,libcurl4,libcurl4,7.88.1-10\+deb12u15,*,*,*,*,*,*,*
130853,docker.io/library/node,24.18.0,pilot/results/sboms/node-24.18.0.cdx.json,pkg:deb/debian/libcurl4-openssl-dev@7.88.1-10%2Bdeb12u15?arch=amd64&distro=debian-12.15&package-id=610d5f28e0c6125d&upstream=curl,library,libcurl4-openssl-dev,7.88.1-10+deb12u15,Alessandro Ghedini <ghedo@debian.org>,pkg:deb/debian/libcurl4-openssl-dev@7.88.1-10%2Bdeb12u15?arch=amd64&distro=debian-12.15&upstream=curl,cpe:2.3:a:libcurl4-openssl-dev:libcurl4-openssl-dev:7.88.1-10\+deb12u15:*:*:*:*:*:*:*,STRUCTURALLY_VALID,,a,libcurl4-openssl-dev,libcurl4-openssl-dev,7.88.1-10\+deb12u15,*,*,*,*,*,*,*
130854,docker.io/library/node,24.18.0,pilot/results/sboms/node-24.18.0.cdx.json,pkg:deb/debian/libdatrie1@0.2.13-2%2Bb1?arch=amd64&distro=debian-12.15&package-id=ef45c9ce0b2d2979&upstream=libdatrie%400.2.13-2,library,libdatrie1,0.2.13-2+b1,Theppitak Karoonboonyanan <thep@debian.org>,pkg:deb/debian/libdatrie1@0.2.13-2%2Bb1?arch=amd64&distro=debian-12.15&upstream=libdatrie%400.2.13-2,cpe:2.3:a:libdatrie1:libdatrie1:0.2.13-2\+b1:*:*:*:*:*:*:*,STRUCTURALLY_VALID,,a,libdatrie1,libdatrie1,0.2.13-2\+b1,*,*,*,*,*,*,*
130855,docker.io/library/node,24.18.0,pilot/results/sboms/node-24.18.0.cdx.json,pkg:deb/debian/libdav1d6@1.0.0-2%2Bdeb12u1?arch=amd64&distro=debian-12.15&package-id=d96162e7206cebef&upstream=dav1d,library,libdav1d6,1.0.0-2+deb12u1,Debian Multimedia Maintainers <debian-multimedia@lists.debian.org>,pkg:deb/debian/libdav1d6@1.0.0-2%2Bdeb12u1?arch=amd64&distro=debian-12.15&upstream=dav1d,cpe:2.3:a:libdav1d6:libdav1d6:1.0.0-2\+deb12u1:*:*:*:*:*:*:*,STRUCTURALLY_VALID,,a,libdav1d6,libdav1d6,1.0.0-2\+deb12u1,*,*,*,*,*,*,*
130857,docker.io/library/node,24.18.0,pilot/results/sboms/node-24.18.0.cdx.json,pkg:deb/debian/libdb5.3@5.3.28%2Bdfsg2-1?arch=amd64&distro=debian-12.15&package-id=b0cb4641a25bfdd2&upstream=db5.3,library,libdb5.3,5.3.28+dfsg2-1,Bastian Germann <bage@debian.org>,pkg:deb/debian/libdb5.3@5.3.28%2Bdfsg2-1?arch=amd64&distro=debian-12.15&upstream=db5.3,cpe:2.3:a:libdb5.3:libdb5.3:5.3.28\+dfsg2-1:*:*:*:*:*:*:*,STRUCTURALLY_VALID,,a,libdb5.3,libdb5.3,5.3.28\+dfsg2-1,*,*,*,*,*,*,*
130858,docker.io/library/node,24.18.0,pilot/results/sboms/node-24.18.0.cdx.json,pkg:deb/debian/libdb5.3-dev@5.3.28%2Bdfsg2-1?arch=amd64&distro=debian-12.15&package-id=93c2406c4943617c&upstream=db5.3,library,libdb5.3-dev,5.3.28+dfsg2-1,Bastian Germann <bage@debian.org>,pkg:deb/debian/libdb5.3-dev@5.3.28%2Bdfsg2-1?arch=amd64&distro=debian-12.15&upstream=db5.3,cpe:2.3:a:libdb5.3-dev:libdb5.3-dev:5.3.28\+dfsg2-1:*:*:*:*:*:*:*,STRUCTURALLY_VALID,,a,libdb5.3-dev,libdb5.3-dev,5.3.28\+dfsg2-1,*,*,*,*,*,*,*
130856,docker.io/library/node,24.18.0,pilot/results/sboms/node-24.18.0.cdx.json,pkg:deb/debian/libdb-dev@5.3.2?arch=amd64&distro=debian-12.15&package-id=b872b644e91a41f1&upstream=db-defaults,library,libdb-dev,5.3.2,Bastian Germann <bage@debian.org>,pkg:deb/debian/libdb-dev@5.3.2?arch=amd64&distro=debian-12.15&upstream=db-defaults,cpe:2.3:a:libdb-dev:libdb-dev:5.3.2:*:*:*:*:*:*:*,STRUCTURALLY_VALID,,a,libdb-dev,libdb-dev,5.3.2,*,*,*,*,*,*,*
130859,docker.io/library/node,24.18.0,pilot/results/sboms/node-24.18.0.cdx.json,pkg:deb/debian/libde265-0@1.0.11-1%2Bdeb12u2?arch=amd64&distro=debian-12.15&package-id=e9e852b82b9bceda&upstream=libde265,library,libde265-0,1.0.11-1+deb12u2,Debian Multimedia Maintainers <debian-multimedia@lists.debian.org>,pkg:deb/debian/libde265-0@1.0.11-1%2Bdeb12u2?arch=amd64&distro=debian-12.15&upstream=libde265,cpe:2.3:a:libde265-0:libde265-0:1.0.11-1\+deb12u2:*:*:*:*:*:*:*,STRUCTURALLY_VALID,,a,libde265-0,libde265-0,1.0.11-1\+deb12u2,*,*,*,*,*,*,*
130860,docker.io/library/node,24.18.0,pilot/results/sboms/node-24.18.0.cdx.json,pkg:deb/debian/libdebconfclient0@0.270?arch=amd64&distro=debian-12.15&package-id=2690aae2bbaa51bf&upstream=cdebconf,library,libdebconfclient0,0.270,Debian Install System Team <debian-boot@lists.debian.org>,pkg:deb/debian/libdebconfclient0@0.270?arch=amd64&distro=debian-12.15&upstream=cdebconf,cpe:2.3:a:libdebconfclient0:libdebconfclient0:0.270:*:*:*:*:*:*:*,STRUCTURALLY_VALID,,a,libdebconfclient0,libdebconfclient0,0.270,*,*,*,*,*,*,*
130862,docker.io/library/node,24.18.0,pilot/results/sboms/node-24.18.0.cdx.json,pkg:deb/debian/libdeflate0@1.14-1?arch=amd64&distro=debian-12.15&package-id=05eb2b8cad64f512&upstream=libdeflate,library,libdeflate0,1.14-1,Debian Med Packaging Team <debian-med-packaging@lists.alioth.debian.org>,pkg:deb/debian/libdeflate0@1.14-1?arch=amd64&distro=debian-12.15&upstream=libdeflate,cpe:2.3:a:libdeflate0:libdeflate0:1.14-1:*:*:*:*:*:*:*,STRUCTURALLY_VALID,,a,libdeflate0,libdeflate0,1.14-1,*,*,*,*,*,*,*
130861,docker.io/library/node,24.18.0,pilot/results/sboms/node-24.18.0.cdx.json,pkg:deb/debian/libdeflate-dev@1.14-1?arch=amd64&distro=debian-12.15&package-id=952fef15b32fe41f&upstream=libdeflate,library,libdeflate-dev,1.14-1,Debian Med Packaging Team <debian-med-packaging@lists.alioth.debian.org>,pkg:deb/debian/libdeflate-dev@1.14-1?arch=amd64&distro=debian-12.15&upstream=libdeflate,cpe:2.3:a:libdeflate-dev:libdeflate-dev:1.14-1:*:*:*:*:*:*:*,STRUCTURALLY_VALID,,a,libdeflate-dev,libdeflate-dev,1.14-1,*,*,*,*,*,*,*
130865,docker.io/library/node,24.18.0,pilot/results/sboms/node-24.18.0.cdx.json,pkg:deb/debian/libdjvulibre21@3.5.28-2.2~deb12u1?arch=amd64&distro=debian-12.15&package-id=418baeddfb5419b1&upstream=djvulibre,library,libdjvulibre21,3.5.28-2.2~deb12u1,Barak A. Pearlmutter <bap@debian.org>,pkg:deb/debian/libdjvulibre21@3.5.28-2.2~deb12u1?arch=amd64&distro=debian-12.15&upstream=djvulibre,cpe:2.3:a:libdjvulibre21:libdjvulibre21:3.5.28-2.2\~deb12u1:*:*:*:*:*:*:*,STRUCTURALLY_VALID,,a,libdjvulibre21,libdjvulibre21,3.5.28-2.2\~deb12u1,*,*,*,*,*,*,*
130863,docker.io/library/node,24.18.0,pilot/results/sboms/node-24.18.0.cdx.json,pkg:deb/debian/libdjvulibre-dev@3.5.28-2.2~deb12u1?arch=amd64&distro=debian-12.15&package-id=5aab73fbea5aee58&upstream=djvulibre,library,libdjvulibre-dev,3.5.28-2.2~deb12u1,Barak A. Pearlmutter <bap@debian.org>,pkg:deb/debian/libdjvulibre-dev@3.5.28-2.2~deb12u1?arch=amd64&distro=debian-12.15&upstream=djvulibre,cpe:2.3:a:libdjvulibre-dev:libdjvulibre-dev:3.5.28-2.2\~deb12u1:*:*:*:*:*:*:*,STRUCTURALLY_VALID,,a,libdjvulibre-dev,libdjvulibre-dev,3.5.28-2.2\~deb12u1,*,*,*,*,*,*,*
130864,docker.io/library/node,24.18.0,pilot/results/sboms/node-24.18.0.cdx.json,pkg:deb/debian/libdjvulibre-text@3.5.28-2.2~deb12u1?arch=all&distro=debian-12.15&package-id=5fb954adbf7e9740&upstream=djvulibre,library,libdjvulibre-text,3.5.28-2.2~deb12u1,Barak A. Pearlmutter <bap@debian.org>,pkg:deb/debian/libdjvulibre-text@3.5.28-2.2~deb12u1?arch=all&distro=debian-12.15&upstream=djvulibre,cpe:2.3:a:libdjvulibre-text:libdjvulibre-text:3.5.28-2.2\~deb12u1:*:*:*:*:*:*:*,STRUCTURALLY_VALID,,a,libdjvulibre-text,libdjvulibre-text,3.5.28-2.2\~deb12u1,*,*,*,*,*,*,*
130866,docker.io/library/node,24.18.0,pilot/results/sboms/node-24.18.0.cdx.json,pkg:deb/debian/libdpkg-perl@1.21.23?arch=all&distro=debian-12.15&package-id=4dc9dc8e1cba5a53&upstream=dpkg,library,libdpkg-perl,1.21.23,Dpkg Developers <debian-dpkg@lists.debian.org>,pkg:deb/debian/libdpkg-perl@1.21.23?arch=all&distro=debian-12.15&upstream=dpkg,cpe:2.3:a:libdpkg-perl:libdpkg-perl:1.21.23:*:*:*:*:*:*:*,STRUCTURALLY_VALID,,a,libdpkg-perl,libdpkg-perl,1.21.23,*,*,*,*,*,*,*
130867,docker.io/library/node,24.18.0,pilot/results/sboms/node-24.18.0.cdx.json,pkg:deb/debian/libedit2@3.1-20221030-2?arch=amd64&distro=debian-12.15&package-id=8f19d012fa950b7b&upstream=libedit,library,libedit2,3.1-20221030-2,LLVM Packaging Team <pkg-llvm-team@lists.alioth.debian.org>,pkg:deb/debian/libedit2@3.1-20221030-2?arch=amd64&distro=debian-12.15&upstream=libedit,cpe:2.3:a:libedit2:libedit2:3.1-20221030-2:*:*:*:*:*:*:*,STRUCTURALLY_VALID,,a,libedit2,libedit2,3.1-20221030-2,*,*,*,*,*,*,*
130868,docker.io/library/node,24.18.0,pilot/results/sboms/node-24.18.0.cdx.json,pkg:deb/debian/libelf1@0.188-2.1?arch=amd64&distro=debian-12.15&package-id=00b653c92ba9a809&upstream=elfutils,library,libelf1,0.188-2.1,Debian Elfutils Maintainers <debian-gcc@lists.debian.org>,pkg:deb/debian/libelf1@0.188-2.1?arch=amd64&distro=debian-12.15&upstream=elfutils,cpe:2.3:a:libelf1:libelf1:0.188-2.1:*:*:*:*:*:*:*,STRUCTURALLY_VALID,,a,libelf1,libelf1,0.188-2.1,*,*,*,*,*,*,*
130869,docker.io/library/node,24.18.0,pilot/results/sboms/node-24.18.0.cdx.json,pkg:deb/debian/liberror-perl@0.17029-2?arch=all&distro=debian-12.15&package-id=8e47a7bda9a3eeed,library,liberror-perl,0.17029-2,Debian Perl Group <pkg-perl-maintainers@lists.alioth.debian.org>,pkg:deb/debian/liberror-perl@0.17029-2?arch=all&distro=debian-12.15,cpe:2.3:a:liberror-perl:liberror-perl:0.17029-2:*:*:*:*:*:*:*,STRUCTURALLY_VALID,,a,liberror-perl,liberror-perl,0.17029-2,*,*,*,*,*,*,*
130870,docker.io/library/node,24.18.0,pilot/results/sboms/node-24.18.0.cdx.json,pkg:deb/debian/libevent-2.1-7@2.1.12-stable-8?arch=amd64&distro=debian-12.15&package-id=3bff02d75bb58680&upstream=libevent,library,libevent-2.1-7,2.1.12-stable-8,Nicolas Mora <babelouest@debian.org>,pkg:deb/debian/libevent-2.1-7@2.1.12-stable-8?arch=amd64&distro=debian-12.15&upstream=libevent,cpe:2.3:a:libevent-2.1-7:libevent-2.1-7:2.1.12-stable-8:*:*:*:*:*:*:*,STRUCTURALLY_VALID,,a,libevent-2.1-7,libevent-2.1-7,2.1.12-stable-8,*,*,*,*,*,*,*
130871,docker.io/library/node,24.18.0,pilot/results/sboms/node-24.18.0.cdx.json,pkg:deb/debian/libevent-core-2.1-7@2.1.12-stable-8?arch=amd64&distro=debian-12.15&package-id=81f8f40593dde106&upstream=libevent,library,libevent-core-2.1-7,2.1.12-stable-8,Nicolas Mora <babelouest@debian.org>,pkg:deb/debian/libevent-core-2.1-7@2.1.12-stable-8?arch=amd64&distro=debian-12.15&upstream=libevent,cpe:2.3:a:libevent-core-2.1-7:libevent-core-2.1-7:2.1.12-stable-8:*:*:*:*:*:*:*,STRUCTURALLY_VALID,,a,libevent-core-2.1-7,libevent-core-2.1-7,2.1.12-stable-8,*,*,*,*,*,*,*
130872,docker.io/library/node,24.18.0,pilot/results/sboms/node-24.18.0.cdx.json,pkg:deb/debian/libevent-dev@2.1.12-stable-8?arch=amd64&distro=debian-12.15&package-id=70abff7d6854b10e&upstream=libevent,library,libevent-dev,2.1.12-stable-8,Nicolas Mora <babelouest@debian.org>,pkg:deb/debian/libevent-dev@2.1.12-stable-8?arch=amd64&distro=debian-12.15&upstream=libevent,cpe:2.3:a:libevent-dev:libevent-dev:2.1.12-stable-8:*:*:*:*:*:*:*,STRUCTURALLY_VALID,,a,libevent-dev,libevent-dev,2.1.12-stable-8,*,*,*,*,*,*,*
130873,docker.io/library/node,24.18.0,pilot/results/sboms/node-24.18.0.cdx.json,pkg:deb/debian/libevent-extra-2.1-7@2.1.12-stable-8?arch=amd64&distro=debian-12.15&package-id=72da02a0a5952869&upstream=libevent,library,libevent-extra-2.1-7,2.1.12-stable-8,Nicolas Mora <babelouest@debian.org>,pkg:deb/debian/libevent-extra-2.1-7@2.1.12-stable-8?arch=amd64&distro=debian-12.15&upstream=libevent,cpe:2.3:a:libevent-extra-2.1-7:libevent-extra-2.1-7:2.1.12-stable-8:*:*:*:*:*:*:*,STRUCTURALLY_VALID,,a,libevent-extra-2.1-7,libevent-extra-2.1-7,2.1.12-stable-8,*,*,*,*,*,*,*
130874,docker.io/library/node,24.18.0,pilot/results/sboms/node-24.18.0.cdx.json,pkg:deb/debian/libevent-openssl-2.1-7@2.1.12-stable-8?arch=amd64&distro=debian-12.15&package-id=68eaff37849653a8&upstream=libevent,library,libevent-openssl-2.1-7,2.1.12-stable-8,Nicolas Mora <babelouest@debian.org>,pkg:deb/debian/libevent-openssl-2.1-7@2.1.12-stable-8?arch=amd64&distro=debian-12.15&upstream=libevent,cpe:2.3:a:libevent-openssl-2.1-7:libevent-openssl-2.1-7:2.1.12-stable-8:*:*:*:*:*:*:*,STRUCTURALLY_VALID,,a,libevent-openssl-2.1-7,libevent-openssl-2.1-7,2.1.12-stable-8,*,*,*,*,*,*,*
130875,docker.io/library/node,24.18.0,pilot/results/sboms/node-24.18.0.cdx.json,pkg:deb/debian/libevent-pthreads-2.1-7@2.1.12-stable-8?arch=amd64&distro=debian-12.15&package-id=22e57e4cb995e29f&upstream=libevent,library,libevent-pthreads-2.1-7,2.1.12-stable-8,Nicolas Mora <babelouest@debian.org>,pkg:deb/debian/libevent-pthreads-2.1-7@2.1.12-stable-8?arch=amd64&distro=debian-12.15&upstream=libevent,cpe:2.3:a:libevent-pthreads-2.1-7:libevent-pthreads-2.1-7:2.1.12-stable-8:*:*:*:*:*:*:*,STRUCTURALLY_VALID,,a,libevent-pthreads-2.1-7,libevent-pthreads-2.1-7,2.1.12-stable-8,*,*,*,*,*,*,*
130877,docker.io/library/node,24.18.0,pilot/results/sboms/node-24.18.0.cdx.json,pkg:deb/debian/libexif12@0.6.24-1%2Bdeb12u1?arch=amd64&distro=debian-12.15&package-id=0af0b5ff7d9110d8&upstream=libexif,library,libexif12,0.6.24-1+deb12u1,Debian PhotoTools Maintainers <pkg-phototools-devel@lists.alioth.debian.org>,pkg:deb/debian/libexif12@0.6.24-1%2Bdeb12u1?arch=amd64&distro=debian-12.15&upstream=libexif,cpe:2.3:a:libexif12:libexif12:0.6.24-1\+deb12u1:*:*:*:*:*:*:*,STRUCTURALLY_VALID,,a,libexif12,libexif12,0.6.24-1\+deb12u1,*,*,*,*,*,*,*
130876,docker.io/library/node,24.18.0,pilot/results/sboms/node-24.18.0.cdx.json,pkg:deb/debian/libexif-dev@0.6.24-1%2Bdeb12u1?arch=amd64&distro=debian-12.15&package-id=4b942bd8d410c863&upstream=libexif,library,libexif-dev,0.6.24-1+deb12u1,Debian PhotoTools Maintainers <pkg-phototools-devel@lists.alioth.debian.org>,pkg:deb/debian/libexif-dev@0.6.24-1%2Bdeb12u1?arch=amd64&distro=debian-12.15&upstream=libexif,cpe:2.3:a:libexif-dev:libexif-dev:0.6.24-1\+deb12u1:*:*:*:*:*:*:*,STRUCTURALLY_VALID,,a,libexif-dev,libexif-dev,0.6.24-1\+deb12u1,*,*,*,*,*,*,*
130878,docker.io/library/node,24.18.0,pilot/results/sboms/node-24.18.0.cdx.json,pkg:deb/debian/libexpat1@2.5.0-1%2Bdeb12u2?arch=amd64&distro=debian-12.15&package-id=66ec0b239b3dc1ac&upstream=expat,library,libexpat1,2.5.0-1+deb12u2,Laszlo Boszormenyi (GCS) <gcs@debian.org>,pkg:deb/debian/libexpat1@2.5.0-1%2Bdeb12u2?arch=amd64&distro=debian-12.15&upstream=expat,cpe:2.3:a:libexpat1:libexpat1:2.5.0-1\+deb12u2:*:*:*:*:*:*:*,STRUCTURALLY_VALID,,a,libexpat1,libexpat1,2.5.0-1\+deb12u2,*,*,*,*,*,*,*
130879,docker.io/library/node,24.18.0,pilot/results/sboms/node-24.18.0.cdx.json,pkg:deb/debian/libexpat1-dev@2.5.0-1%2Bdeb12u2?arch=amd64&distro=debian-12.15&package-id=a7f5ffcb3e600344&upstream=expat,library,libexpat1-dev,2.5.0-1+deb12u2,Laszlo Boszormenyi (GCS) <gcs@debian.org>,pkg:deb/debian/libexpat1-dev@2.5.0-1%2Bdeb12u2?arch=amd64&distro=debian-12.15&upstream=expat,cpe:2.3:a:libexpat1-dev:libexpat1-dev:2.5.0-1\+deb12u2:*:*:*:*:*:*:*,STRUCTURALLY_VALID,,a,libexpat1-dev,libexpat1-dev,2.5.0-1\+deb12u2,*,*,*,*,*,*,*
130880,docker.io/library/node,24.18.0,pilot/results/sboms/node-24.18.0.cdx.json,pkg:deb/debian/libext2fs2@1.47.0-2%2Bb2?arch=amd64&distro=debian-12.15&package-id=e42f4960873727f9&upstream=e2fsprogs%401.47.0-2,library,libext2fs2,1.47.0-2+b2,Theodore Y. Ts'o <tytso@mit.edu>,pkg:deb/debian/libext2fs2@1.47.0-2%2Bb2?arch=amd64&distro=debian-12.15&upstream=e2fsprogs%401.47.0-2,cpe:2.3:a:libext2fs2:libext2fs2:1.47.0-2\+b2:*:*:*:*:*:*:*,STRUCTURALLY_VALID,,a,libext2fs2,libext2fs2,1.47.0-2\+b2,*,*,*,*,*,*,*
130882,docker.io/library/node,24.18.0,pilot/results/sboms/node-24.18.0.cdx.json,pkg:deb/debian/libffi8@3.4.4-1?arch=amd64&distro=debian-12.15&package-id=3d64cbaa76084dc4&upstream=libffi,library,libffi8,3.4.4-1,Debian GCC Maintainers <debian-gcc@lists.debian.org>,pkg:deb/debian/libffi8@3.4.4-1?arch=amd64&distro=debian-12.15&upstream=libffi,cpe:2.3:a:libffi8:libffi8:3.4.4-1:*:*:*:*:*:*:*,STRUCTURALLY_VALID,,a,libffi8,libffi8,3.4.4-1,*,*,*,*,*,*,*
130881,docker.io/library/node,24.18.0,pilot/results/sboms/node-24.18.0.cdx.json,pkg:deb/debian/libffi-dev@3.4.4-1?arch=amd64&distro=debian-12.15&package-id=79397678e8413243&upstream=libffi,library,libffi-dev,3.4.4-1,Debian GCC Maintainers <debian-gcc@lists.debian.org>,pkg:deb/debian/libffi-dev@3.4.4-1?arch=amd64&distro=debian-12.15&upstream=libffi,cpe:2.3:a:libffi-dev:libffi-dev:3.4.4-1:*:*:*:*:*:*:*,STRUCTURALLY_VALID,,a,libffi-dev,libffi-dev,3.4.4-1,*,*,*,*,*,*,*
130883,docker.io/library/node,24.18.0,pilot/results/sboms/node-24.18.0.cdx.json,pkg:deb/debian/libfftw3-double3@3.3.10-1?arch=amd64&distro=debian-12.15&package-id=1b7b2c24f9f0036a&upstream=fftw3,library,libfftw3-double3,3.3.10-1,Debian Science Maintainers <debian-science-maintainers@lists.alioth.debian.org>,pkg:deb/debian/libfftw3-double3@3.3.10-1?arch=amd64&distro=debian-12.15&upstream=fftw3,cpe:2.3:a:libfftw3-double3:libfftw3-double3:3.3.10-1:*:*:*:*:*:*:*,STRUCTURALLY_VALID,,a,libfftw3-double3,libfftw3-double3,3.3.10-1,*,*,*,*,*,*,*
130884,docker.io/library/node,24.18.0,pilot/results/sboms/node-24.18.0.cdx.json,pkg:deb/debian/libfido2-1@1.12.0-2%2Bb1?arch=amd64&distro=debian-12.15&package-id=b647eb71de5e5955&upstream=libfido2%401.12.0-2,library,libfido2-1,1.12.0-2+b1,Debian Authentication Maintainers <pkg-auth-maintainers@lists.alioth.debian.org>,pkg:deb/debian/libfido2-1@1.12.0-2%2Bb1?arch=amd64&distro=debian-12.15&upstream=libfido2%401.12.0-2,cpe:2.3:a:libfido2-1:libfido2-1:1.12.0-2\+b1:*:*:*:*:*:*:*,STRUCTURALLY_VALID,,a,libfido2-1,libfido2-1,1.12.0-2\+b1,*,*,*,*,*,*,*
130886,docker.io/library/node,24.18.0,pilot/results/sboms/node-24.18.0.cdx.json,pkg:deb/debian/libfontconfig1@2.14.1-4?arch=amd64&distro=debian-12.15&package-id=d9a5f51f87664282&upstream=fontconfig,library,libfontconfig1,2.14.1-4,Debian freedesktop.org maintainers <pkg-freedesktop-maintainers@lists.alioth.debian.org>,pkg:deb/debian/libfontconfig1@2.14.1-4?arch=amd64&distro=debian-12.15&upstream=fontconfig,cpe:2.3:a:libfontconfig1:libfontconfig1:2.14.1-4:*:*:*:*:*:*:*,STRUCTURALLY_VALID,,a,libfontconfig1,libfontconfig1,2.14.1-4,*,*,*,*,*,*,*
130885,docker.io/library/node,24.18.0,pilot/results/sboms/node-24.18.0.cdx.json,pkg:deb/debian/libfontconfig-dev@2.14.1-4?arch=amd64&distro=debian-12.15&package-id=17466cd03a011994&upstream=fontconfig,library,libfontconfig-dev,2.14.1-4,Debian freedesktop.org maintainers <pkg-freedesktop-maintainers@lists.alioth.debian.org>,pkg:deb/debian/libfontconfig-dev@2.14.1-4?arch=amd64&distro=debian-12.15&upstream=fontconfig,cpe:2.3:a:libfontconfig-dev:libfontconfig-dev:2.14.1-4:*:*:*:*:*:*:*,STRUCTURALLY_VALID,,a,libfontconfig-dev,libfontconfig-dev,2.14.1-4,*,*,*,*,*,*,*
130888,docker.io/library/node,24.18.0,pilot/results/sboms/node-24.18.0.cdx.json,pkg:deb/debian/libfreetype6@2.12.1%2Bdfsg-5%2Bdeb12u4?arch=amd64&distro=debian-12.15&package-id=e740f70f98b8bdbe&upstream=freetype,library,libfreetype6,2.12.1+dfsg-5+deb12u4,Hugh McMaster <hugh.mcmaster@outlook.com>,pkg:deb/debian/libfreetype6@2.12.1%2Bdfsg-5%2Bdeb12u4?arch=amd64&distro=debian-12.15&upstream=freetype,cpe:2.3:a:libfreetype6:libfreetype6:2.12.1\+dfsg-5\+deb12u4:*:*:*:*:*:*:*,STRUCTURALLY_VALID,,a,libfreetype6,libfreetype6,2.12.1\+dfsg-5\+deb12u4,*,*,*,*,*,*,*
130889,docker.io/library/node,24.18.0,pilot/results/sboms/node-24.18.0.cdx.json,pkg:deb/debian/libfreetype6-dev@2.12.1%2Bdfsg-5%2Bdeb12u4?arch=amd64&distro=debian-12.15&package-id=90a3c9358cd4405d&upstream=freetype,library,libfreetype6-dev,2.12.1+dfsg-5+deb12u4,Hugh McMaster <hugh.mcmaster@outlook.com>,pkg:deb/debian/libfreetype6-dev@2.12.1%2Bdfsg-5%2Bdeb12u4?arch=amd64&distro=debian-12.15&upstream=freetype,cpe:2.3:a:libfreetype6-dev:libfreetype6-dev:2.12.1\+dfsg-5\+deb12u4:*:*:*:*:*:*:*,STRUCTURALLY_VALID,,a,libfreetype6-dev,libfreetype6-dev,2.12.1\+dfsg-5\+deb12u4,*,*,*,*,*,*,*
130887,docker.io/library/node,24.18.0,pilot/results/sboms/node-24.18.0.cdx.json,pkg:deb/debian/libfreetype-dev@2.12.1%2Bdfsg-5%2Bdeb12u4?arch=amd64&distro=debian-12.15&package-id=7ee245159c96aeb4&upstream=freetype,library,libfreetype-dev,2.12.1+dfsg-5+deb12u4,Hugh McMaster <hugh.mcmaster@outlook.com>,pkg:deb/debian/libfreetype-dev@2.12.1%2Bdfsg-5%2Bdeb12u4?arch=amd64&distro=debian-12.15&upstream=freetype,cpe:2.3:a:libfreetype-dev:libfreetype-dev:2.12.1\+dfsg-5\+deb12u4:*:*:*:*:*:*:*,STRUCTURALLY_VALID,,a,libfreetype-dev,libfreetype-dev,2.12.1\+dfsg-5\+deb12u4,*,*,*,*,*,*,*
130890,docker.io/library/node,24.18.0,pilot/results/sboms/node-24.18.0.cdx.json,pkg:deb/debian/libfribidi0@1.0.8-2.1?arch=amd64&distro=debian-12.15&package-id=00585fa48d8c40b3&upstream=fribidi,library,libfribidi0,1.0.8-2.1,Debian Hebrew Packaging Team <team+hebrew@tracker.debian.org>,pkg:deb/debian/libfribidi0@1.0.8-2.1?arch=amd64&distro=debian-12.15&upstream=fribidi,cpe:2.3:a:libfribidi0:libfribidi0:1.0.8-2.1:*:*:*:*:*:*:*,STRUCTURALLY_VALID,,a,libfribidi0,libfribidi0,1.0.8-2.1,*,*,*,*,*,*,*
130891,docker.io/library/node,24.18.0,pilot/results/sboms/node-24.18.0.cdx.json,pkg:deb/debian/libgcc-12-dev@12.2.0-14%2Bdeb12u1?arch=amd64&distro=debian-12.15&package-id=0a2c9fc9336a4052&upstream=gcc-12,library,libgcc-12-dev,12.2.0-14+deb12u1,Debian GCC Maintainers <debian-gcc@lists.debian.org>,pkg:deb/debian/libgcc-12-dev@12.2.0-14%2Bdeb12u1?arch=amd64&distro=debian-12.15&upstream=gcc-12,cpe:2.3:a:libgcc-12-dev:libgcc-12-dev:12.2.0-14\+deb12u1:*:*:*:*:*:*:*,STRUCTURALLY_VALID,,a,libgcc-12-dev,libgcc-12-dev,12.2.0-14\+deb12u1,*,*,*,*,*,*,*
130892,docker.io/library/node,24.18.0,pilot/results/sboms/node-24.18.0.cdx.json,pkg:deb/debian/libgcc-s1@12.2.0-14%2Bdeb12u1?arch=amd64&distro=debian-12.15&package-id=9454a77b5ea4561d&upstream=gcc-12,library,libgcc-s1,12.2.0-14+deb12u1,Debian GCC Maintainers <debian-gcc@lists.debian.org>,pkg:deb/debian/libgcc-s1@12.2.0-14%2Bdeb12u1?arch=amd64&distro=debian-12.15&upstream=gcc-12,cpe:2.3:a:libgcc-s1:libgcc-s1:12.2.0-14\+deb12u1:*:*:*:*:*:*:*,STRUCTURALLY_VALID,,a,libgcc-s1,libgcc-s1,12.2.0-14\+deb12u1,*,*,*,*,*,*,*
130893,docker.io/library/node,24.18.0,pilot/results/sboms/node-24.18.0.cdx.json,pkg:deb/debian/libgcrypt20@1.10.1-3%2Bdeb12u1?arch=amd64&distro=debian-12.15&package-id=df01c68aff59530a,library,libgcrypt20,1.10.1-3+deb12u1,Debian GnuTLS Maintainers <pkg-gnutls-maint@lists.alioth.debian.org>,pkg:deb/debian/libgcrypt20@1.10.1-3%2Bdeb12u1?arch=amd64&distro=debian-12.15,cpe:2.3:a:libgcrypt20:libgcrypt20:1.10.1-3\+deb12u1:*:*:*:*:*:*:*,STRUCTURALLY_VALID,,a,libgcrypt20,libgcrypt20,1.10.1-3\+deb12u1,*,*,*,*,*,*,*
130896,docker.io/library/node,24.18.0,pilot/results/sboms/node-24.18.0.cdx.json,pkg:deb/debian/libgdbm6@1.23-3?arch=amd64&distro=debian-12.15&package-id=3aebac098b01f0dd&upstream=gdbm,library,libgdbm6,1.23-3,Nicolas Mora <babelouest@debian.org>,pkg:deb/debian/libgdbm6@1.23-3?arch=amd64&distro=debian-12.15&upstream=gdbm,cpe:2.3:a:libgdbm6:libgdbm6:1.23-3:*:*:*:*:*:*:*,STRUCTURALLY_VALID,,a,libgdbm6,libgdbm6,1.23-3,*,*,*,*,*,*,*
130894,docker.io/library/node,24.18.0,pilot/results/sboms/node-24.18.0.cdx.json,pkg:deb/debian/libgdbm-compat4@1.23-3?arch=amd64&distro=debian-12.15&package-id=c5626b0f5546e38b&upstream=gdbm,library,libgdbm-compat4,1.23-3,Nicolas Mora <babelouest@debian.org>,pkg:deb/debian/libgdbm-compat4@1.23-3?arch=amd64&distro=debian-12.15&upstream=gdbm,cpe:2.3:a:libgdbm-compat4:libgdbm-compat4:1.23-3:*:*:*:*:*:*:*,STRUCTURALLY_VALID,,a,libgdbm-compat4,libgdbm-compat4,1.23-3,*,*,*,*,*,*,*
130895,docker.io/library/node,24.18.0,pilot/results/sboms/node-24.18.0.cdx.json,pkg:deb/debian/libgdbm-dev@1.23-3?arch=amd64&distro=debian-12.15&package-id=c47869e0ac1eb56d&upstream=gdbm,library,libgdbm-dev,1.23-3,Nicolas Mora <babelouest@debian.org>,pkg:deb/debian/libgdbm-dev@1.23-3?arch=amd64&distro=debian-12.15&upstream=gdbm,cpe:2.3:a:libgdbm-dev:libgdbm-dev:1.23-3:*:*:*:*:*:*:*,STRUCTURALLY_VALID,,a,libgdbm-dev,libgdbm-dev,1.23-3,*,*,*,*,*,*,*
130897,docker.io/library/node,24.18.0,pilot/results/sboms/node-24.18.0.cdx.json,pkg:deb/debian/libgdk-pixbuf-2.0-0@2.42.10%2Bdfsg-1%2Bdeb12u4?arch=amd64&distro=debian-12.15&package-id=2e384004f37f8d5e&upstream=gdk-pixbuf,library,libgdk-pixbuf-2.0-0,2.42.10+dfsg-1+deb12u4,Debian GNOME Maintainers <pkg-gnome-maintainers@lists.alioth.debian.org>,pkg:deb/debian/libgdk-pixbuf-2.0-0@2.42.10%2Bdfsg-1%2Bdeb12u4?arch=amd64&distro=debian-12.15&upstream=gdk-pixbuf,cpe:2.3:a:libgdk-pixbuf-2.0-0:libgdk-pixbuf-2.0-0:2.42.10\+dfsg-1\+deb12u4:*:*:*:*:*:*:*,STRUCTURALLY_VALID,,a,libgdk-pixbuf-2.0-0,libgdk-pixbuf-2.0-0,2.42.10\+dfsg-1\+deb12u4,*,*,*,*,*,*,*
130899,docker.io/library/node,24.18.0,pilot/results/sboms/node-24.18.0.cdx.json,pkg:deb/debian/libgdk-pixbuf2.0-bin@2.42.10%2Bdfsg-1%2Bdeb12u4?arch=amd64&distro=debian-12.15&package-id=b205c783e97c36c6&upstream=gdk-pixbuf,library,libgdk-pixbuf2.0-bin,2.42.10+dfsg-1+deb12u4,Debian GNOME Maintainers <pkg-gnome-maintainers@lists.alioth.debian.org>,pkg:deb/debian/libgdk-pixbuf2.0-bin@2.42.10%2Bdfsg-1%2Bdeb12u4?arch=amd64&distro=debian-12.15&upstream=gdk-pixbuf,cpe:2.3:a:libgdk-pixbuf2.0-bin:libgdk-pixbuf2.0-bin:2.42.10\+dfsg-1\+deb12u4:*:*:*:*:*:*:*,STRUCTURALLY_VALID,,a,libgdk-pixbuf2.0-bin,libgdk-pixbuf2.0-bin,2.42.10\+dfsg-1\+deb12u4,*,*,*,*,*,*,*
130900,docker.io/library/node,24.18.0,pilot/results/sboms/node-24.18.0.cdx.json,pkg:deb/debian/libgdk-pixbuf2.0-common@2.42.10%2Bdfsg-1%2Bdeb12u4?arch=all&distro=debian-12.15&package-id=5a58bb7174f44032&upstream=gdk-pixbuf,library,libgdk-pixbuf2.0-common,2.42.10+dfsg-1+deb12u4,Debian GNOME Maintainers <pkg-gnome-maintainers@lists.alioth.debian.org>,pkg:deb/debian/libgdk-pixbuf2.0-common@2.42.10%2Bdfsg-1%2Bdeb12u4?arch=all&distro=debian-12.15&upstream=gdk-pixbuf,cpe:2.3:a:libgdk-pixbuf2.0-common:libgdk-pixbuf2.0-common:2.42.10\+dfsg-1\+deb12u4:*:*:*:*:*:*:*,STRUCTURALLY_VALID,,a,libgdk-pixbuf2.0-common,libgdk-pixbuf2.0-common,2.42.10\+dfsg-1\+deb12u4,*,*,*,*,*,*,*
130898,docker.io/library/node,24.18.0,pilot/results/sboms/node-24.18.0.cdx.json,pkg:deb/debian/libgdk-pixbuf-2.0-dev@2.42.10%2Bdfsg-1%2Bdeb12u4?arch=amd64&distro=debian-12.15&package-id=28cbcc7990f7fa23&upstream=gdk-pixbuf,library,libgdk-pixbuf-2.0-dev,2.42.10+dfsg-1+deb12u4,Debian GNOME Maintainers <pkg-gnome-maintainers@lists.alioth.debian.org>,pkg:deb/debian/libgdk-pixbuf-2.0-dev@2.42.10%2Bdfsg-1%2Bdeb12u4?arch=amd64&distro=debian-12.15&upstream=gdk-pixbuf,cpe:2.3:a:libgdk-pixbuf-2.0-dev:libgdk-pixbuf-2.0-dev:2.42.10\+dfsg-1\+deb12u4:*:*:*:*:*:*:*,STRUCTURALLY_VALID,,a,libgdk-pixbuf-2.0-dev,libgdk-pixbuf-2.0-dev,2.42.10\+dfsg-1\+deb12u4,*,*,*,*,*,*,*
130901,docker.io/library/node,24.18.0,pilot/results/sboms/node-24.18.0.cdx.json,pkg:deb/debian/libgirepository-1.0-1@1.74.0-3?arch=amd64&distro=debian-12.15&package-id=f95b7cecc9883658&upstream=gobject-introspection,library,libgirepository-1.0-1,1.74.0-3,Debian GNOME Maintainers <pkg-gnome-maintainers@lists.alioth.debian.org>,pkg:deb/debian/libgirepository-1.0-1@1.74.0-3?arch=amd64&distro=debian-12.15&upstream=gobject-introspection,cpe:2.3:a:libgirepository-1.0-1:libgirepository-1.0-1:1.74.0-3:*:*:*:*:*:*:*,STRUCTURALLY_VALID,,a,libgirepository-1.0-1,libgirepository-1.0-1,1.74.0-3,*,*,*,*,*,*,*
130902,docker.io/library/node,24.18.0,pilot/results/sboms/node-24.18.0.cdx.json,pkg:deb/debian/libglib2.0-0@2.74.6-2%2Bdeb12u9?arch=amd64&distro=debian-12.15&package-id=f7e49c1a6279cc8f&upstream=glib2.0,library,libglib2.0-0,2.74.6-2+deb12u9,Debian GNOME Maintainers <pkg-gnome-maintainers@lists.alioth.debian.org>,pkg:deb/debian/libglib2.0-0@2.74.6-2%2Bdeb12u9?arch=amd64&distro=debian-12.15&upstream=glib2.0,cpe:2.3:a:libglib2.0-0:libglib2.0-0:2.74.6-2\+deb12u9:*:*:*:*:*:*:*,STRUCTURALLY_VALID,,a,libglib2.0-0,libglib2.0-0,2.74.6-2\+deb12u9,*,*,*,*,*,*,*
130903,docker.io/library/node,24.18.0,pilot/results/sboms/node-24.18.0.cdx.json,pkg:deb/debian/libglib2.0-bin@2.74.6-2%2Bdeb12u9?arch=amd64&distro=debian-12.15&package-id=757dc53367620c75&upstream=glib2.0,library,libglib2.0-bin,2.74.6-2+deb12u9,Debian GNOME Maintainers <pkg-gnome-maintainers@lists.alioth.debian.org>,pkg:deb/debian/libglib2.0-bin@2.74.6-2%2Bdeb12u9?arch=amd64&distro=debian-12.15&upstream=glib2.0,cpe:2.3:a:libglib2.0-bin:libglib2.0-bin:2.74.6-2\+deb12u9:*:*:*:*:*:*:*,STRUCTURALLY_VALID,,a,libglib2.0-bin,libglib2.0-bin,2.74.6-2\+deb12u9,*,*,*,*,*,*,*
130904,docker.io/library/node,24.18.0,pilot/results/sboms/node-24.18.0.cdx.json,pkg:deb/debian/libglib2.0-data@2.74.6-2%2Bdeb12u9?arch=all&distro=debian-12.15&package-id=f3f80a402f7cbc1b&upstream=glib2.0,library,libglib2.0-data,2.74.6-2+deb12u9,Debian GNOME Maintainers <pkg-gnome-maintainers@lists.alioth.debian.org>,pkg:deb/debian/libglib2.0-data@2.74.6-2%2Bdeb12u9?arch=all&distro=debian-12.15&upstream=glib2.0,cpe:2.3:a:libglib2.0-data:libglib2.0-data:2.74.6-2\+deb12u9:*:*:*:*:*:*:*,STRUCTURALLY_VALID,,a,libglib2.0-data,libglib2.0-data,2.74.6-2\+deb12u9,*,*,*,*,*,*,*
130905,docker.io/library/node,24.18.0,pilot/results/sboms/node-24.18.0.cdx.json,pkg:deb/debian/libglib2.0-dev@2.74.6-2%2Bdeb12u9?arch=amd64&distro=debian-12.15&package-id=17127afcd14d4e5d&upstream=glib2.0,library,libglib2.0-dev,2.74.6-2+deb12u9,Debian GNOME Maintainers <pkg-gnome-maintainers@lists.alioth.debian.org>,pkg:deb/debian/libglib2.0-dev@2.74.6-2%2Bdeb12u9?arch=amd64&distro=debian-12.15&upstream=glib2.0,cpe:2.3:a:libglib2.0-dev:libglib2.0-dev:2.74.6-2\+deb12u9:*:*:*:*:*:*:*,STRUCTURALLY_VALID,,a,libglib2.0-dev,libglib2.0-dev,2.74.6-2\+deb12u9,*,*,*,*,*,*,*
130906,docker.io/library/node,24.18.0,pilot/results/sboms/node-24.18.0.cdx.json,pkg:deb/debian/libglib2.0-dev-bin@2.74.6-2%2Bdeb12u9?arch=amd64&distro=debian-12.15&package-id=b56f6def3e8bd4f6&upstream=glib2.0,library,libglib2.0-dev-bin,2.74.6-2+deb12u9,Debian GNOME Maintainers <pkg-gnome-maintainers@lists.alioth.debian.org>,pkg:deb/debian/libglib2.0-dev-bin@2.74.6-2%2Bdeb12u9?arch=amd64&distro=debian-12.15&upstream=glib2.0,cpe:2.3:a:libglib2.0-dev-bin:libglib2.0-dev-bin:2.74.6-2\+deb12u9:*:*:*:*:*:*:*,STRUCTURALLY_VALID,,a,libglib2.0-dev-bin,libglib2.0-dev-bin,2.74.6-2\+deb12u9,*,*,*,*,*,*,*
130908,docker.io/library/node,24.18.0,pilot/results/sboms/node-24.18.0.cdx.json,pkg:deb/debian/libgmp10@2%3A6.2.1%2Bdfsg1-1.1?arch=amd64&distro=debian-12.15&package-id=4a42a38761bb84e0&upstream=gmp,library,libgmp10,2:6.2.1+dfsg1-1.1,Debian Science Team <debian-science-maintainers@lists.alioth.debian.org>,pkg:deb/debian/libgmp10@2%3A6.2.1%2Bdfsg1-1.1?arch=amd64&distro=debian-12.15&upstream=gmp,cpe:2.3:a:libgmp10:libgmp10:2\:6.2.1\+dfsg1-1.1:*:*:*:*:*:*:*,STRUCTURALLY_VALID,,a,libgmp10,libgmp10,2\:6.2.1\+dfsg1-1.1,*,*,*,*,*,*,*
130907,docker.io/library/node,24.18.0,pilot/results/sboms/node-24.18.0.cdx.json,pkg:deb/debian/libgmp-dev@2%3A6.2.1%2Bdfsg1-1.1?arch=amd64&distro=debian-12.15&package-id=09ecb369214aac95&upstream=gmp,library,libgmp-dev,2:6.2.1+dfsg1-1.1,Debian Science Team <debian-science-maintainers@lists.alioth.debian.org>,pkg:deb/debian/libgmp-dev@2%3A6.2.1%2Bdfsg1-1.1?arch=amd64&distro=debian-12.15&upstream=gmp,cpe:2.3:a:libgmp-dev:libgmp-dev:2\:6.2.1\+dfsg1-1.1:*:*:*:*:*:*:*,STRUCTURALLY_VALID,,a,libgmp-dev,libgmp-dev,2\:6.2.1\+dfsg1-1.1,*,*,*,*,*,*,*
130909,docker.io/library/node,24.18.0,pilot/results/sboms/node-24.18.0.cdx.json,pkg:deb/debian/libgmpxx4ldbl@2%3A6.2.1%2Bdfsg1-1.1?arch=amd64&distro=debian-12.15&package-id=230fad336943e45b&upstream=gmp,library,libgmpxx4ldbl,2:6.2.1+dfsg1-1.1,Debian Science Team <debian-science-maintainers@lists.alioth.debian.org>,pkg:deb/debian/libgmpxx4ldbl@2%3A6.2.1%2Bdfsg1-1.1?arch=amd64&distro=debian-12.15&upstream=gmp,cpe:2.3:a:libgmpxx4ldbl:libgmpxx4ldbl:2\:6.2.1\+dfsg1-1.1:*:*:*:*:*:*:*,STRUCTURALLY_VALID,,a,libgmpxx4ldbl,libgmpxx4ldbl,2\:6.2.1\+dfsg1-1.1,*,*,*,*,*,*,*
130910,docker.io/library/node,24.18.0,pilot/results/sboms/node-24.18.0.cdx.json,pkg:deb/debian/libgnutls30@3.7.9-2%2Bdeb12u7?arch=amd64&distro=debian-12.15&package-id=d1631d475c37518a&upstream=gnutls28,library,libgnutls30,3.7.9-2+deb12u7,Debian GnuTLS Maintainers <pkg-gnutls-maint@lists.alioth.debian.org>,pkg:deb/debian/libgnutls30@3.7.9-2%2Bdeb12u7?arch=amd64&distro=debian-12.15&upstream=gnutls28,cpe:2.3:a:libgnutls30:libgnutls30:3.7.9-2\+deb12u7:*:*:*:*:*:*:*,STRUCTURALLY_VALID,,a,libgnutls30,libgnutls30,3.7.9-2\+deb12u7,*,*,*,*,*,*,*
130911,docker.io/library/node,24.18.0,pilot/results/sboms/node-24.18.0.cdx.json,pkg:deb/debian/libgomp1@12.2.0-14%2Bdeb12u1?arch=amd64&distro=debian-12.15&package-id=5c053ad6c4a6e4ee&upstream=gcc-12,library,libgomp1,12.2.0-14+deb12u1,Debian GCC Maintainers <debian-gcc@lists.debian.org>,pkg:deb/debian/libgomp1@12.2.0-14%2Bdeb12u1?arch=amd64&distro=debian-12.15&upstream=gcc-12,cpe:2.3:a:libgomp1:libgomp1:12.2.0-14\+deb12u1:*:*:*:*:*:*:*,STRUCTURALLY_VALID,,a,libgomp1,libgomp1,12.2.0-14\+deb12u1,*,*,*,*,*,*,*
130912,docker.io/library/node,24.18.0,pilot/results/sboms/node-24.18.0.cdx.json,pkg:deb/debian/libgpg-error0@1.46-1?arch=amd64&distro=debian-12.15&package-id=bbf12da6801244e7&upstream=libgpg-error,library,libgpg-error0,1.46-1,Debian GnuPG Maintainers <pkg-gnupg-maint@lists.alioth.debian.org>,pkg:deb/debian/libgpg-error0@1.46-1?arch=amd64&distro=debian-12.15&upstream=libgpg-error,cpe:2.3:a:libgpg-error0:libgpg-error0:1.46-1:*:*:*:*:*:*:*,STRUCTURALLY_VALID,,a,libgpg-error0,libgpg-error0,1.46-1,*,*,*,*,*,*,*
130913,docker.io/library/node,24.18.0,pilot/results/sboms/node-24.18.0.cdx.json,pkg:deb/debian/libgprofng0@2.40-2?arch=amd64&distro=debian-12.15&package-id=7d90fc4b240ace2b&upstream=binutils,library,libgprofng0,2.40-2,Matthias Klose <doko@debian.org>,pkg:deb/debian/libgprofng0@2.40-2?arch=amd64&distro=debian-12.15&upstream=binutils,cpe:2.3:a:libgprofng0:libgprofng0:2.40-2:*:*:*:*:*:*:*,STRUCTURALLY_VALID,,a,libgprofng0,libgprofng0,2.40-2,*,*,*,*,*,*,*
130914,docker.io/library/node,24.18.0,pilot/results/sboms/node-24.18.0.cdx.json,pkg:deb/debian/libgraphite2-3@1.3.14-1%2Bdeb12u1?arch=amd64&distro=debian-12.15&package-id=8eff2b92fb181283&upstream=graphite2,library,libgraphite2-3,1.3.14-1+deb12u1,Debian LibreOffice Maintainers <debian-openoffice@lists.debian.org>,pkg:deb/debian/libgraphite2-3@1.3.14-1%2Bdeb12u1?arch=amd64&distro=debian-12.15&upstream=graphite2,cpe:2.3:a:libgraphite2-3:libgraphite2-3:1.3.14-1\+deb12u1:*:*:*:*:*:*:*,STRUCTURALLY_VALID,,a,libgraphite2-3,libgraphite2-3,1.3.14-1\+deb12u1,*,*,*,*,*,*,*
130915,docker.io/library/node,24.18.0,pilot/results/sboms/node-24.18.0.cdx.json,pkg:deb/debian/libgssapi-krb5-2@1.20.1-2%2Bdeb12u5?arch=amd64&distro=debian-12.15&package-id=9db16cb04ae3b83d&upstream=krb5,library,libgssapi-krb5-2,1.20.1-2+deb12u5,Sam Hartman <hartmans@debian.org>,pkg:deb/debian/libgssapi-krb5-2@1.20.1-2%2Bdeb12u5?arch=amd64&distro=debian-12.15&upstream=krb5,cpe:2.3:a:libgssapi-krb5-2:libgssapi-krb5-2:1.20.1-2\+deb12u5:*:*:*:*:*:*:*,STRUCTURALLY_VALID,,a,libgssapi-krb5-2,libgssapi-krb5-2,1.20.1-2\+deb12u5,*,*,*,*,*,*,*
130916,docker.io/library/node,24.18.0,pilot/results/sboms/node-24.18.0.cdx.json,pkg:deb/debian/libgssrpc4@1.20.1-2%2Bdeb12u5?arch=amd64&distro=debian-12.15&package-id=84bafd466aa0b9cb&upstream=krb5,library,libgssrpc4,1.20.1-2+deb12u5,Sam Hartman <hartmans@debian.org>,pkg:deb/debian/libgssrpc4@1.20.1-2%2Bdeb12u5?arch=amd64&distro=debian-12.15&upstream=krb5,cpe:2.3:a:libgssrpc4:libgssrpc4:1.20.1-2\+deb12u5:*:*:*:*:*:*:*,STRUCTURALLY_VALID,,a,libgssrpc4,libgssrpc4,1.20.1-2\+deb12u5,*,*,*,*,*,*,*
130917,docker.io/library/node,24.18.0,pilot/results/sboms/node-24.18.0.cdx.json,pkg:deb/debian/libharfbuzz0b@6.0.0%2Bdfsg-3?arch=amd64&distro=debian-12.15&package-id=e593bea3ea25c1a5&upstream=harfbuzz,library,libharfbuzz0b,6.0.0+dfsg-3,أحمد المحمودي (Ahmed El-Mahmoudy) <aelmahmoudy@users.sourceforge.net>,pkg:deb/debian/libharfbuzz0b@6.0.0%2Bdfsg-3?arch=amd64&distro=debian-12.15&upstream=harfbuzz,cpe:2.3:a:libharfbuzz0b:libharfbuzz0b:6.0.0\+dfsg-3:*:*:*:*:*:*:*,STRUCTURALLY_VALID,,a,libharfbuzz0b,libharfbuzz0b,6.0.0\+dfsg-3,*,*,*,*,*,*,*
130918,docker.io/library/node,24.18.0,pilot/results/sboms/node-24.18.0.cdx.json,pkg:deb/debian/libheif1@1.15.1-1%2Bdeb12u1?arch=amd64&distro=debian-12.15&package-id=6dec48f68a6dce02&upstream=libheif,library,libheif1,1.15.1-1+deb12u1,Debian Multimedia Maintainers <debian-multimedia@lists.debian.org>,pkg:deb/debian/libheif1@1.15.1-1%2Bdeb12u1?arch=amd64&distro=debian-12.15&upstream=libheif,cpe:2.3:a:libheif1:libheif1:1.15.1-1\+deb12u1:*:*:*:*:*:*:*,STRUCTURALLY_VALID,,a,libheif1,libheif1,1.15.1-1\+deb12u1,*,*,*,*,*,*,*
130919,docker.io/library/node,24.18.0,pilot/results/sboms/node-24.18.0.cdx.json,pkg:deb/debian/libhogweed6@3.8.1-2?arch=amd64&distro=debian-12.15&package-id=244c6a089f6b6308&upstream=nettle,library,libhogweed6,3.8.1-2,Magnus Holmgren <holmgren@debian.org>,pkg:deb/debian/libhogweed6@3.8.1-2?arch=amd64&distro=debian-12.15&upstream=nettle,cpe:2.3:a:libhogweed6:libhogweed6:3.8.1-2:*:*:*:*:*:*:*,STRUCTURALLY_VALID,,a,libhogweed6,libhogweed6,3.8.1-2,*,*,*,*,*,*,*
130921,docker.io/library/node,24.18.0,pilot/results/sboms/node-24.18.0.cdx.json,pkg:deb/debian/libice6@2%3A1.0.10-1?arch=amd64&distro=debian-12.15&package-id=68e565012bd22c89&upstream=libice,library,libice6,2:1.0.10-1,Debian X Strike Force <debian-x@lists.debian.org>,pkg:deb/debian/libice6@2%3A1.0.10-1?arch=amd64&distro=debian-12.15&upstream=libice,cpe:2.3:a:libice6:libice6:2\:1.0.10-1:*:*:*:*:*:*:*,STRUCTURALLY_VALID,,a,libice6,libice6,2\:1.0.10-1,*,*,*,*,*,*,*
130920,docker.io/library/node,24.18.0,pilot/results/sboms/node-24.18.0.cdx.json,pkg:deb/debian/libice-dev@2%3A1.0.10-1?arch=amd64&distro=debian-12.15&package-id=d61fc7b500367cca&upstream=libice,library,libice-dev,2:1.0.10-1,Debian X Strike Force <debian-x@lists.debian.org>,pkg:deb/debian/libice-dev@2%3A1.0.10-1?arch=amd64&distro=debian-12.15&upstream=libice,cpe:2.3:a:libice-dev:libice-dev:2\:1.0.10-1:*:*:*:*:*:*:*,STRUCTURALLY_VALID,,a,libice-dev,libice-dev,2\:1.0.10-1,*,*,*,*,*,*,*
130923,docker.io/library/node,24.18.0,pilot/results/sboms/node-24.18.0.cdx.json,pkg:deb/debian/libicu72@72.1-3%2Bdeb12u1?arch=amd64&distro=debian-12.15&package-id=aa09d23b5280aaf0&upstream=icu,library,libicu72,72.1-3+deb12u1,Laszlo Boszormenyi (GCS) <gcs@debian.org>,pkg:deb/debian/libicu72@72.1-3%2Bdeb12u1?arch=amd64&distro=debian-12.15&upstream=icu,cpe:2.3:a:libicu72:libicu72:72.1-3\+deb12u1:*:*:*:*:*:*:*,STRUCTURALLY_VALID,,a,libicu72,libicu72,72.1-3\+deb12u1,*,*,*,*,*,*,*
130922,docker.io/library/node,24.18.0,pilot/results/sboms/node-24.18.0.cdx.json,pkg:deb/debian/libicu-dev@72.1-3%2Bdeb12u1?arch=amd64&distro=debian-12.15&package-id=4d42ccc0f50394ac&upstream=icu,library,libicu-dev,72.1-3+deb12u1,Laszlo Boszormenyi (GCS) <gcs@debian.org>,pkg:deb/debian/libicu-dev@72.1-3%2Bdeb12u1?arch=amd64&distro=debian-12.15&upstream=icu,cpe:2.3:a:libicu-dev:libicu-dev:72.1-3\+deb12u1:*:*:*:*:*:*:*,STRUCTURALLY_VALID,,a,libicu-dev,libicu-dev,72.1-3\+deb12u1,*,*,*,*,*,*,*
130924,docker.io/library/node,24.18.0,pilot/results/sboms/node-24.18.0.cdx.json,pkg:deb/debian/libidn2-0@2.3.3-1%2Bb1?arch=amd64&distro=debian-12.15&package-id=000ea285a5c77eab&upstream=libidn2%402.3.3-1,library,libidn2-0,2.3.3-1+b1,Debian Libidn team <help-libidn@gnu.org>,pkg:deb/debian/libidn2-0@2.3.3-1%2Bb1?arch=amd64&distro=debian-12.15&upstream=libidn2%402.3.3-1,cpe:2.3:a:libidn2-0:libidn2-0:2.3.3-1\+b1:*:*:*:*:*:*:*,STRUCTURALLY_VALID,,a,libidn2-0,libidn2-0,2.3.3-1\+b1,*,*,*,*,*,*,*
130925,docker.io/library/node,24.18.0,pilot/results/sboms/node-24.18.0.cdx.json,pkg:deb/debian/libimath-3-1-29@3.1.6-1?arch=amd64&distro=debian-12.15&package-id=11dba21657bb49c1&upstream=imath,library,libimath-3-1-29,3.1.6-1,Debian PhotoTools Maintainers <pkg-phototools-devel@lists.alioth.debian.org>,pkg:deb/debian/libimath-3-1-29@3.1.6-1?arch=amd64&distro=debian-12.15&upstream=imath,cpe:2.3:a:libimath-3-1-29:libimath-3-1-29:3.1.6-1:*:*:*:*:*:*:*,STRUCTURALLY_VALID,,a,libimath-3-1-29,libimath-3-1-29,3.1.6-1,*,*,*,*,*,*,*
130926,docker.io/library/node,24.18.0,pilot/results/sboms/node-24.18.0.cdx.json,pkg:deb/debian/libimath-dev@3.1.6-1?arch=amd64&distro=debian-12.15&package-id=9b8c9f8c0eb8291b&upstream=imath,library,libimath-dev,3.1.6-1,Debian PhotoTools Maintainers <pkg-phototools-devel@lists.alioth.debian.org>,pkg:deb/debian/libimath-dev@3.1.6-1?arch=amd64&distro=debian-12.15&upstream=imath,cpe:2.3:a:libimath-dev:libimath-dev:3.1.6-1:*:*:*:*:*:*:*,STRUCTURALLY_VALID,,a,libimath-dev,libimath-dev,3.1.6-1,*,*,*,*,*,*,*
130927,docker.io/library/node,24.18.0,pilot/results/sboms/node-24.18.0.cdx.json,pkg:deb/debian/libisl23@0.25-1.1?arch=amd64&distro=debian-12.15&package-id=50a8bcb534b3576c&upstream=isl,library,libisl23,0.25-1.1,Debian GCC Maintainers <debian-gcc@lists.debian.org>,pkg:deb/debian/libisl23@0.25-1.1?arch=amd64&distro=debian-12.15&upstream=isl,cpe:2.3:a:libisl23:libisl23:0.25-1.1:*:*:*:*:*:*:*,STRUCTURALLY_VALID,,a,libisl23,libisl23,0.25-1.1,*,*,*,*,*,*,*
130928,docker.io/library/node,24.18.0,pilot/results/sboms/node-24.18.0.cdx.json,pkg:deb/debian/libitm1@12.2.0-14%2Bdeb12u1?arch=amd64&distro=debian-12.15&package-id=5d691685b72bfc39&upstream=gcc-12,library,libitm1,12.2.0-14+deb12u1,Debian GCC Maintainers <debian-gcc@lists.debian.org>,pkg:deb/debian/libitm1@12.2.0-14%2Bdeb12u1?arch=amd64&distro=debian-12.15&upstream=gcc-12,cpe:2.3:a:libitm1:libitm1:12.2.0-14\+deb12u1:*:*:*:*:*:*:*,STRUCTURALLY_VALID,,a,libitm1,libitm1,12.2.0-14\+deb12u1,*,*,*,*,*,*,*
130929,docker.io/library/node,24.18.0,pilot/results/sboms/node-24.18.0.cdx.json,pkg:deb/debian/libjansson4@2.14-2?arch=amd64&distro=debian-12.15&package-id=aa4f185635b66d91&upstream=jansson,library,libjansson4,2.14-2,Alessandro Ghedini <ghedo@debian.org>,pkg:deb/debian/libjansson4@2.14-2?arch=amd64&distro=debian-12.15&upstream=jansson,cpe:2.3:a:libjansson4:libjansson4:2.14-2:*:*:*:*:*:*:*,STRUCTURALLY_VALID,,a,libjansson4,libjansson4,2.14-2,*,*,*,*,*,*,*
130931,docker.io/library/node,24.18.0,pilot/results/sboms/node-24.18.0.cdx.json,pkg:deb/debian/libjbig0@2.1-6.1?arch=amd64&distro=debian-12.15&package-id=63933a9eb4c88edb&upstream=jbigkit,library,libjbig0,2.1-6.1,Michael van der Kolff <mvanderkolff@gmail.com>,pkg:deb/debian/libjbig0@2.1-6.1?arch=amd64&distro=debian-12.15&upstream=jbigkit,cpe:2.3:a:libjbig0:libjbig0:2.1-6.1:*:*:*:*:*:*:*,STRUCTURALLY_VALID,,a,libjbig0,libjbig0,2.1-6.1,*,*,*,*,*,*,*
130930,docker.io/library/node,24.18.0,pilot/results/sboms/node-24.18.0.cdx.json,pkg:deb/debian/libjbig-dev@2.1-6.1?arch=amd64&distro=debian-12.15&package-id=360e7a0930d9a573&upstream=jbigkit,library,libjbig-dev,2.1-6.1,Michael van der Kolff <mvanderkolff@gmail.com>,pkg:deb/debian/libjbig-dev@2.1-6.1?arch=amd64&distro=debian-12.15&upstream=jbigkit,cpe:2.3:a:libjbig-dev:libjbig-dev:2.1-6.1:*:*:*:*:*:*:*,STRUCTURALLY_VALID,,a,libjbig-dev,libjbig-dev,2.1-6.1,*,*,*,*,*,*,*
130933,docker.io/library/node,24.18.0,pilot/results/sboms/node-24.18.0.cdx.json,pkg:deb/debian/libjpeg62-turbo@1%3A2.1.5-2?arch=amd64&distro=debian-12.15&package-id=f77f569a5f74623c&upstream=libjpeg-turbo,library,libjpeg62-turbo,1:2.1.5-2,Ondřej Surý <ondrej@debian.org>,pkg:deb/debian/libjpeg62-turbo@1%3A2.1.5-2?arch=amd64&distro=debian-12.15&upstream=libjpeg-turbo,cpe:2.3:a:libjpeg62-turbo:libjpeg62-turbo:1\:2.1.5-2:*:*:*:*:*:*:*,STRUCTURALLY_VALID,,a,libjpeg62-turbo,libjpeg62-turbo,1\:2.1.5-2,*,*,*,*,*,*,*
130934,docker.io/library/node,24.18.0,pilot/results/sboms/node-24.18.0.cdx.json,pkg:deb/debian/libjpeg62-turbo-dev@1%3A2.1.5-2?arch=amd64&distro=debian-12.15&package-id=e4c98a8468cc313c&upstream=libjpeg-turbo,library,libjpeg62-turbo-dev,1:2.1.5-2,Ondřej Surý <ondrej@debian.org>,pkg:deb/debian/libjpeg62-turbo-dev@1%3A2.1.5-2?arch=amd64&distro=debian-12.15&upstream=libjpeg-turbo,cpe:2.3:a:libjpeg62-turbo-dev:libjpeg62-turbo-dev:1\:2.1.5-2:*:*:*:*:*:*:*,STRUCTURALLY_VALID,,a,libjpeg62-turbo-dev,libjpeg62-turbo-dev,1\:2.1.5-2,*,*,*,*,*,*,*
130932,docker.io/library/node,24.18.0,pilot/results/sboms/node-24.18.0.cdx.json,pkg:deb/debian/libjpeg-dev@1%3A2.1.5-2?arch=amd64&distro=debian-12.15&package-id=7c6224db524a1f65&upstream=libjpeg-turbo,library,libjpeg-dev,1:2.1.5-2,Ondřej Surý <ondrej@debian.org>,pkg:deb/debian/libjpeg-dev@1%3A2.1.5-2?arch=amd64&distro=debian-12.15&upstream=libjpeg-turbo,cpe:2.3:a:libjpeg-dev:libjpeg-dev:1\:2.1.5-2:*:*:*:*:*:*:*,STRUCTURALLY_VALID,,a,libjpeg-dev,libjpeg-dev,1\:2.1.5-2,*,*,*,*,*,*,*
130935,docker.io/library/node,24.18.0,pilot/results/sboms/node-24.18.0.cdx.json,pkg:deb/debian/libk5crypto3@1.20.1-2%2Bdeb12u5?arch=amd64&distro=debian-12.15&package-id=fb1c9cf5b43a5af0&upstream=krb5,library,libk5crypto3,1.20.1-2+deb12u5,Sam Hartman <hartmans@debian.org>,pkg:deb/debian/libk5crypto3@1.20.1-2%2Bdeb12u5?arch=amd64&distro=debian-12.15&upstream=krb5,cpe:2.3:a:libk5crypto3:libk5crypto3:1.20.1-2\+deb12u5:*:*:*:*:*:*:*,STRUCTURALLY_VALID,,a,libk5crypto3,libk5crypto3,1.20.1-2\+deb12u5,*,*,*,*,*,*,*
130936,docker.io/library/node,24.18.0,pilot/results/sboms/node-24.18.0.cdx.json,pkg:deb/debian/libkadm5clnt-mit12@1.20.1-2%2Bdeb12u5?arch=amd64&distro=debian-12.15&package-id=40d9122606c7e8c9&upstream=krb5,library,libkadm5clnt-mit12,1.20.1-2+deb12u5,Sam Hartman <hartmans@debian.org>,pkg:deb/debian/libkadm5clnt-mit12@1.20.1-2%2Bdeb12u5?arch=amd64&distro=debian-12.15&upstream=krb5,cpe:2.3:a:libkadm5clnt-mit12:libkadm5clnt-mit12:1.20.1-2\+deb12u5:*:*:*:*:*:*:*,STRUCTURALLY_VALID,,a,libkadm5clnt-mit12,libkadm5clnt-mit12,1.20.1-2\+deb12u5,*,*,*,*,*,*,*
130937,docker.io/library/node,24.18.0,pilot/results/sboms/node-24.18.0.cdx.json,pkg:deb/debian/libkadm5srv-mit12@1.20.1-2%2Bdeb12u5?arch=amd64&distro=debian-12.15&package-id=f76b00847802d474&upstream=krb5,library,libkadm5srv-mit12,1.20.1-2+deb12u5,Sam Hartman <hartmans@debian.org>,pkg:deb/debian/libkadm5srv-mit12@1.20.1-2%2Bdeb12u5?arch=amd64&distro=debian-12.15&upstream=krb5,cpe:2.3:a:libkadm5srv-mit12:libkadm5srv-mit12:1.20.1-2\+deb12u5:*:*:*:*:*:*:*,STRUCTURALLY_VALID,,a,libkadm5srv-mit12,libkadm5srv-mit12,1.20.1-2\+deb12u5,*,*,*,*,*,*,*
130938,docker.io/library/node,24.18.0,pilot/results/sboms/node-24.18.0.cdx.json,pkg:deb/debian/libkdb5-10@1.20.1-2%2Bdeb12u5?arch=amd64&distro=debian-12.15&package-id=6d72522be9bb65a8&upstream=krb5,library,libkdb5-10,1.20.1-2+deb12u5,Sam Hartman <hartmans@debian.org>,pkg:deb/debian/libkdb5-10@1.20.1-2%2Bdeb12u5?arch=amd64&distro=debian-12.15&upstream=krb5,cpe:2.3:a:libkdb5-10:libkdb5-10:1.20.1-2\+deb12u5:*:*:*:*:*:*:*,STRUCTURALLY_VALID,,a,libkdb5-10,libkdb5-10,1.20.1-2\+deb12u5,*,*,*,*,*,*,*
130939,docker.io/library/node,24.18.0,pilot/results/sboms/node-24.18.0.cdx.json,pkg:deb/debian/libkeyutils1@1.6.3-2?arch=amd64&distro=debian-12.15&package-id=fbac937687c498c7&upstream=keyutils,library,libkeyutils1,1.6.3-2,Christian Kastner <ckk@debian.org>,pkg:deb/debian/libkeyutils1@1.6.3-2?arch=amd64&distro=debian-12.15&upstream=keyutils,cpe:2.3:a:libkeyutils1:libkeyutils1:1.6.3-2:*:*:*:*:*:*:*,STRUCTURALLY_VALID,,a,libkeyutils1,libkeyutils1,1.6.3-2,*,*,*,*,*,*,*
130940,docker.io/library/node,24.18.0,pilot/results/sboms/node-24.18.0.cdx.json,pkg:deb/debian/libkrb5-3@1.20.1-2%2Bdeb12u5?arch=amd64&distro=debian-12.15&package-id=52548f50c4ff26c7&upstream=krb5,library,libkrb5-3,1.20.1-2+deb12u5,Sam Hartman <hartmans@debian.org>,pkg:deb/debian/libkrb5-3@1.20.1-2%2Bdeb12u5?arch=amd64&distro=debian-12.15&upstream=krb5,cpe:2.3:a:libkrb5-3:libkrb5-3:1.20.1-2\+deb12u5:*:*:*:*:*:*:*,STRUCTURALLY_VALID,,a,libkrb5-3,libkrb5-3,1.20.1-2\+deb12u5,*,*,*,*,*,*,*
130941,docker.io/library/node,24.18.0,pilot/results/sboms/node-24.18.0.cdx.json,pkg:deb/debian/libkrb5-dev@1.20.1-2%2Bdeb12u5?arch=amd64&distro=debian-12.15&package-id=1125f4069d13ad06&upstream=krb5,library,libkrb5-dev,1.20.1-2+deb12u5,Sam Hartman <hartmans@debian.org>,pkg:deb/debian/libkrb5-dev@1.20.1-2%2Bdeb12u5?arch=amd64&distro=debian-12.15&upstream=krb5,cpe:2.3:a:libkrb5-dev:libkrb5-dev:1.20.1-2\+deb12u5:*:*:*:*:*:*:*,STRUCTURALLY_VALID,,a,libkrb5-dev,libkrb5-dev,1.20.1-2\+deb12u5,*,*,*,*,*,*,*
130942,docker.io/library/node,24.18.0,pilot/results/sboms/node-24.18.0.cdx.json,pkg:deb/debian/libkrb5support0@1.20.1-2%2Bdeb12u5?arch=amd64&distro=debian-12.15&package-id=309b5ab55a11c7d0&upstream=krb5,library,libkrb5support0,1.20.1-2+deb12u5,Sam Hartman <hartmans@debian.org>,pkg:deb/debian/libkrb5support0@1.20.1-2%2Bdeb12u5?arch=amd64&distro=debian-12.15&upstream=krb5,cpe:2.3:a:libkrb5support0:libkrb5support0:1.20.1-2\+deb12u5:*:*:*:*:*:*:*,STRUCTURALLY_VALID,,a,libkrb5support0,libkrb5support0,1.20.1-2\+deb12u5,*,*,*,*,*,*,*
130943,docker.io/library/node,24.18.0,pilot/results/sboms/node-24.18.0.cdx.json,pkg:deb/debian/libksba8@1.6.3-2?arch=amd64&distro=debian-12.15&package-id=f80b652e7230423c&upstream=libksba,library,libksba8,1.6.3-2,Debian GnuTLS Maintainers <pkg-gnutls-maint@lists.alioth.debian.org>,pkg:deb/debian/libksba8@1.6.3-2?arch=amd64&distro=debian-12.15&upstream=libksba,cpe:2.3:a:libksba8:libksba8:1.6.3-2:*:*:*:*:*:*:*,STRUCTURALLY_VALID,,a,libksba8,libksba8,1.6.3-2,*,*,*,*,*,*,*
130944,docker.io/library/node,24.18.0,pilot/results/sboms/node-24.18.0.cdx.json,pkg:deb/debian/liblcms2-2@2.14-2%2Bdeb12u1?arch=amd64&distro=debian-12.15&package-id=575a9480952e6fa7&upstream=lcms2,library,liblcms2-2,2.14-2+deb12u1,Thomas Weber <tweber@debian.org>,pkg:deb/debian/liblcms2-2@2.14-2%2Bdeb12u1?arch=amd64&distro=debian-12.15&upstream=lcms2,cpe:2.3:a:liblcms2-2:liblcms2-2:2.14-2\+deb12u1:*:*:*:*:*:*:*,STRUCTURALLY_VALID,,a,liblcms2-2,liblcms2-2,2.14-2\+deb12u1,*,*,*,*,*,*,*
130945,docker.io/library/node,24.18.0,pilot/results/sboms/node-24.18.0.cdx.json,pkg:deb/debian/liblcms2-dev@2.14-2%2Bdeb12u1?arch=amd64&distro=debian-12.15&package-id=01810ca88e0561c7&upstream=lcms2,library,liblcms2-dev,2.14-2+deb12u1,Thomas Weber <tweber@debian.org>,pkg:deb/debian/liblcms2-dev@2.14-2%2Bdeb12u1?arch=amd64&distro=debian-12.15&upstream=lcms2,cpe:2.3:a:liblcms2-dev:liblcms2-dev:2.14-2\+deb12u1:*:*:*:*:*:*:*,STRUCTURALLY_VALID,,a,liblcms2-dev,liblcms2-dev,2.14-2\+deb12u1,*,*,*,*,*,*,*
130946,docker.io/library/node,24.18.0,pilot/results/sboms/node-24.18.0.cdx.json,pkg:deb/debian/libldap-2.5-0@2.5.13%2Bdfsg-5?arch=amd64&distro=debian-12.15&package-id=692b9197d4b21a92&upstream=openldap,library,libldap-2.5-0,2.5.13+dfsg-5,Debian OpenLDAP Maintainers <pkg-openldap-devel@lists.alioth.debian.org>,pkg:deb/debian/libldap-2.5-0@2.5.13%2Bdfsg-5?arch=amd64&distro=debian-12.15&upstream=openldap,cpe:2.3:a:libldap-2.5-0:libldap-2.5-0:2.5.13\+dfsg-5:*:*:*:*:*:*:*,STRUCTURALLY_VALID,,a,libldap-2.5-0,libldap-2.5-0,2.5.13\+dfsg-5,*,*,*,*,*,*,*
130948,docker.io/library/node,24.18.0,pilot/results/sboms/node-24.18.0.cdx.json,pkg:deb/debian/liblerc4@4.0.0%2Bds-2?arch=amd64&distro=debian-12.15&package-id=63f594cc52fa7de8&upstream=lerc,library,liblerc4,4.0.0+ds-2,Debian GIS Project <pkg-grass-devel@lists.alioth.debian.org>,pkg:deb/debian/liblerc4@4.0.0%2Bds-2?arch=amd64&distro=debian-12.15&upstream=lerc,cpe:2.3:a:liblerc4:liblerc4:4.0.0\+ds-2:*:*:*:*:*:*:*,STRUCTURALLY_VALID,,a,liblerc4,liblerc4,4.0.0\+ds-2,*,*,*,*,*,*,*
130947,docker.io/library/node,24.18.0,pilot/results/sboms/node-24.18.0.cdx.json,pkg:deb/debian/liblerc-dev@4.0.0%2Bds-2?arch=amd64&distro=debian-12.15&package-id=01177367e8de7246&upstream=lerc,library,liblerc-dev,4.0.0+ds-2,Debian GIS Project <pkg-grass-devel@lists.alioth.debian.org>,pkg:deb/debian/liblerc-dev@4.0.0%2Bds-2?arch=amd64&distro=debian-12.15&upstream=lerc,cpe:2.3:a:liblerc-dev:liblerc-dev:4.0.0\+ds-2:*:*:*:*:*:*:*,STRUCTURALLY_VALID,,a,liblerc-dev,liblerc-dev,4.0.0\+ds-2,*,*,*,*,*,*,*
130949,docker.io/library/node,24.18.0,pilot/results/sboms/node-24.18.0.cdx.json,pkg:deb/debian/liblqr-1-0@0.4.2-2.1?arch=amd64&distro=debian-12.15&package-id=56ecc283d787e848&upstream=liblqr,library,liblqr-1-0,0.4.2-2.1,Bernd Zeimetz <bzed@debian.org>,pkg:deb/debian/liblqr-1-0@0.4.2-2.1?arch=amd64&distro=debian-12.15&upstream=liblqr,cpe:2.3:a:liblqr-1-0:liblqr-1-0:0.4.2-2.1:*:*:*:*:*:*:*,STRUCTURALLY_VALID,,a,liblqr-1-0,liblqr-1-0,0.4.2-2.1,*,*,*,*,*,*,*
130950,docker.io/library/node,24.18.0,pilot/results/sboms/node-24.18.0.cdx.json,pkg:deb/debian/liblqr-1-0-dev@0.4.2-2.1?arch=amd64&distro=debian-12.15&package-id=e414a4bf157e3b9c&upstream=liblqr,library,liblqr-1-0-dev,0.4.2-2.1,Bernd Zeimetz <bzed@debian.org>,pkg:deb/debian/liblqr-1-0-dev@0.4.2-2.1?arch=amd64&distro=debian-12.15&upstream=liblqr,cpe:2.3:a:liblqr-1-0-dev:liblqr-1-0-dev:0.4.2-2.1:*:*:*:*:*:*:*,STRUCTURALLY_VALID,,a,liblqr-1-0-dev,liblqr-1-0-dev,0.4.2-2.1,*,*,*,*,*,*,*
130951,docker.io/library/node,24.18.0,pilot/results/sboms/node-24.18.0.cdx.json,pkg:deb/debian/liblsan0@12.2.0-14%2Bdeb12u1?arch=amd64&distro=debian-12.15&package-id=d282807e9bb10aec&upstream=gcc-12,library,liblsan0,12.2.0-14+deb12u1,Debian GCC Maintainers <debian-gcc@lists.debian.org>,pkg:deb/debian/liblsan0@12.2.0-14%2Bdeb12u1?arch=amd64&distro=debian-12.15&upstream=gcc-12,cpe:2.3:a:liblsan0:liblsan0:12.2.0-14\+deb12u1:*:*:*:*:*:*:*,STRUCTURALLY_VALID,,a,liblsan0,liblsan0,12.2.0-14\+deb12u1,*,*,*,*,*,*,*
130953,docker.io/library/node,24.18.0,pilot/results/sboms/node-24.18.0.cdx.json,pkg:deb/debian/libltdl7@2.4.7-7~deb12u1?arch=amd64&distro=debian-12.15&package-id=4b396f29ba684774&upstream=libtool,library,libltdl7,2.4.7-7~deb12u1,Alastair McKinstry <mckinstry@debian.org>,pkg:deb/debian/libltdl7@2.4.7-7~deb12u1?arch=amd64&distro=debian-12.15&upstream=libtool,cpe:2.3:a:libltdl7:libltdl7:2.4.7-7\~deb12u1:*:*:*:*:*:*:*,STRUCTURALLY_VALID,,a,libltdl7,libltdl7,2.4.7-7\~deb12u1,*,*,*,*,*,*,*
130952,docker.io/library/node,24.18.0,pilot/results/sboms/node-24.18.0.cdx.json,pkg:deb/debian/libltdl-dev@2.4.7-7~deb12u1?arch=amd64&distro=debian-12.15&package-id=2eaf634887c076e8&upstream=libtool,library,libltdl-dev,2.4.7-7~deb12u1,Alastair McKinstry <mckinstry@debian.org>,pkg:deb/debian/libltdl-dev@2.4.7-7~deb12u1?arch=amd64&distro=debian-12.15&upstream=libtool,cpe:2.3:a:libltdl-dev:libltdl-dev:2.4.7-7\~deb12u1:*:*:*:*:*:*:*,STRUCTURALLY_VALID,,a,libltdl-dev,libltdl-dev,2.4.7-7\~deb12u1,*,*,*,*,*,*,*
130954,docker.io/library/node,24.18.0,pilot/results/sboms/node-24.18.0.cdx.json,pkg:deb/debian/liblz4-1@1.9.4-1?arch=amd64&distro=debian-12.15&package-id=7b6901adcac17545&upstream=lz4,library,liblz4-1,1.9.4-1,Nobuhiro Iwamatsu <iwamatsu@debian.org>,pkg:deb/debian/liblz4-1@1.9.4-1?arch=amd64&distro=debian-12.15&upstream=lz4,cpe:2.3:a:liblz4-1:liblz4-1:1.9.4-1:*:*:*:*:*:*:*,STRUCTURALLY_VALID,,a,liblz4-1,liblz4-1,1.9.4-1,*,*,*,*,*,*,*
130956,docker.io/library/node,24.18.0,pilot/results/sboms/node-24.18.0.cdx.json,pkg:deb/debian/liblzma5@5.4.1-1%2Bdeb12u1?arch=amd64&distro=debian-12.15&package-id=b7ada9c36eced9fe&upstream=xz-utils,library,liblzma5,5.4.1-1+deb12u1,Sebastian Andrzej Siewior <sebastian@breakpoint.cc>,pkg:deb/debian/liblzma5@5.4.1-1%2Bdeb12u1?arch=amd64&distro=debian-12.15&upstream=xz-utils,cpe:2.3:a:liblzma5:liblzma5:5.4.1-1\+deb12u1:*:*:*:*:*:*:*,STRUCTURALLY_VALID,,a,liblzma5,liblzma5,5.4.1-1\+deb12u1,*,*,*,*,*,*,*
130955,docker.io/library/node,24.18.0,pilot/results/sboms/node-24.18.0.cdx.json,pkg:deb/debian/liblzma-dev@5.4.1-1%2Bdeb12u1?arch=amd64&distro=debian-12.15&package-id=268e124c2b9b2c1e&upstream=xz-utils,library,liblzma-dev,5.4.1-1+deb12u1,Sebastian Andrzej Siewior <sebastian@breakpoint.cc>,pkg:deb/debian/liblzma-dev@5.4.1-1%2Bdeb12u1?arch=amd64&distro=debian-12.15&upstream=xz-utils,cpe:2.3:a:liblzma-dev:liblzma-dev:5.4.1-1\+deb12u1:*:*:*:*:*:*:*,STRUCTURALLY_VALID,,a,liblzma-dev,liblzma-dev,5.4.1-1\+deb12u1,*,*,*,*,*,*,*
130957,docker.io/library/node,24.18.0,pilot/results/sboms/node-24.18.0.cdx.json,pkg:deb/debian/liblzo2-2@2.10-2?arch=amd64&distro=debian-12.15&package-id=62ad9e25a42aaf4f&upstream=lzo2,library,liblzo2-2,2.10-2,Stephen Kitt <skitt@debian.org>,pkg:deb/debian/liblzo2-2@2.10-2?arch=amd64&distro=debian-12.15&upstream=lzo2,cpe:2.3:a:liblzo2-2:liblzo2-2:2.10-2:*:*:*:*:*:*:*,STRUCTURALLY_VALID,,a,liblzo2-2,liblzo2-2,2.10-2,*,*,*,*,*,*,*
130959,docker.io/library/node,24.18.0,pilot/results/sboms/node-24.18.0.cdx.json,pkg:deb/debian/libmagic1@1%3A5.44-3?arch=amd64&distro=debian-12.15&package-id=29375607b766a10d&upstream=file,library,libmagic1,1:5.44-3,Christoph Biedl <debian.axhn@manchmal.in-ulm.de>,pkg:deb/debian/libmagic1@1%3A5.44-3?arch=amd64&distro=debian-12.15&upstream=file,cpe:2.3:a:libmagic1:libmagic1:1\:5.44-3:*:*:*:*:*:*:*,STRUCTURALLY_VALID,,a,libmagic1,libmagic1,1\:5.44-3,*,*,*,*,*,*,*
130960,docker.io/library/node,24.18.0,pilot/results/sboms/node-24.18.0.cdx.json,pkg:deb/debian/libmagickcore-6-arch-config@8%3A6.9.11.60%2Bdfsg-1.6%2Bdeb12u12?arch=amd64&distro=debian-12.15&package-id=8c673e8e82e7f834&upstream=imagemagick,library,libmagickcore-6-arch-config,8:6.9.11.60+dfsg-1.6+deb12u12,ImageMagick Packaging Team <pkg-gmagick-im-team@lists.alioth.debian.org>,pkg:deb/debian/libmagickcore-6-arch-config@8%3A6.9.11.60%2Bdfsg-1.6%2Bdeb12u12?arch=amd64&distro=debian-12.15&upstream=imagemagick,cpe:2.3:a:libmagickcore-6-arch-config:libmagickcore-6-arch-config:8\:6.9.11.60\+dfsg-1.6\+deb12u12:*:*:*:*:*:*:*,STRUCTURALLY_VALID,,a,libmagickcore-6-arch-config,libmagickcore-6-arch-config,8\:6.9.11.60\+dfsg-1.6\+deb12u12,*,*,*,*,*,*,*
130961,docker.io/library/node,24.18.0,pilot/results/sboms/node-24.18.0.cdx.json,pkg:deb/debian/libmagickcore-6-headers@8%3A6.9.11.60%2Bdfsg-1.6%2Bdeb12u12?arch=all&distro=debian-12.15&package-id=3192987528a7b2c5&upstream=imagemagick,library,libmagickcore-6-headers,8:6.9.11.60+dfsg-1.6+deb12u12,ImageMagick Packaging Team <pkg-gmagick-im-team@lists.alioth.debian.org>,pkg:deb/debian/libmagickcore-6-headers@8%3A6.9.11.60%2Bdfsg-1.6%2Bdeb12u12?arch=all&distro=debian-12.15&upstream=imagemagick,cpe:2.3:a:libmagickcore-6-headers:libmagickcore-6-headers:8\:6.9.11.60\+dfsg-1.6\+deb12u12:*:*:*:*:*:*:*,STRUCTURALLY_VALID,,a,libmagickcore-6-headers,libmagickcore-6-headers,8\:6.9.11.60\+dfsg-1.6\+deb12u12,*,*,*,*,*,*,*
130962,docker.io/library/node,24.18.0,pilot/results/sboms/node-24.18.0.cdx.json,pkg:deb/debian/libmagickcore-6.q16-6@8%3A6.9.11.60%2Bdfsg-1.6%2Bdeb12u12?arch=amd64&distro=debian-12.15&package-id=46cb53cfbc2ac808&upstream=imagemagick,library,libmagickcore-6.q16-6,8:6.9.11.60+dfsg-1.6+deb12u12,ImageMagick Packaging Team <pkg-gmagick-im-team@lists.alioth.debian.org>,pkg:deb/debian/libmagickcore-6.q16-6@8%3A6.9.11.60%2Bdfsg-1.6%2Bdeb12u12?arch=amd64&distro=debian-12.15&upstream=imagemagick,cpe:2.3:a:libmagickcore-6.q16-6:libmagickcore-6.q16-6:8\:6.9.11.60\+dfsg-1.6\+deb12u12:*:*:*:*:*:*:*,STRUCTURALLY_VALID,,a,libmagickcore-6.q16-6,libmagickcore-6.q16-6,8\:6.9.11.60\+dfsg-1.6\+deb12u12,*,*,*,*,*,*,*
130963,docker.io/library/node,24.18.0,pilot/results/sboms/node-24.18.0.cdx.json,pkg:deb/debian/libmagickcore-6.q16-6-extra@8%3A6.9.11.60%2Bdfsg-1.6%2Bdeb12u12?arch=amd64&distro=debian-12.15&package-id=7fedbb404ae2c792&upstream=imagemagick,library,libmagickcore-6.q16-6-extra,8:6.9.11.60+dfsg-1.6+deb12u12,ImageMagick Packaging Team <pkg-gmagick-im-team@lists.alioth.debian.org>,pkg:deb/debian/libmagickcore-6.q16-6-extra@8%3A6.9.11.60%2Bdfsg-1.6%2Bdeb12u12?arch=amd64&distro=debian-12.15&upstream=imagemagick,cpe:2.3:a:libmagickcore-6.q16-6-extra:libmagickcore-6.q16-6-extra:8\:6.9.11.60\+dfsg-1.6\+deb12u12:*:*:*:*:*:*:*,STRUCTURALLY_VALID,,a,libmagickcore-6.q16-6-extra,libmagickcore-6.q16-6-extra,8\:6.9.11.60\+dfsg-1.6\+deb12u12,*,*,*,*,*,*,*
130964,docker.io/library/node,24.18.0,pilot/results/sboms/node-24.18.0.cdx.json,pkg:deb/debian/libmagickcore-6.q16-dev@8%3A6.9.11.60%2Bdfsg-1.6%2Bdeb12u12?arch=amd64&distro=debian-12.15&package-id=c7427df1a05ba00e&upstream=imagemagick,library,libmagickcore-6.q16-dev,8:6.9.11.60+dfsg-1.6+deb12u12,ImageMagick Packaging Team <pkg-gmagick-im-team@lists.alioth.debian.org>,pkg:deb/debian/libmagickcore-6.q16-dev@8%3A6.9.11.60%2Bdfsg-1.6%2Bdeb12u12?arch=amd64&distro=debian-12.15&upstream=imagemagick,cpe:2.3:a:libmagickcore-6.q16-dev:libmagickcore-6.q16-dev:8\:6.9.11.60\+dfsg-1.6\+deb12u12:*:*:*:*:*:*:*,STRUCTURALLY_VALID,,a,libmagickcore-6.q16-dev,libmagickcore-6.q16-dev,8\:6.9.11.60\+dfsg-1.6\+deb12u12,*,*,*,*,*,*,*
130965,docker.io/library/node,24.18.0,pilot/results/sboms/node-24.18.0.cdx.json,pkg:deb/debian/libmagickcore-dev@8%3A6.9.11.60%2Bdfsg-1.6%2Bdeb12u12?arch=all&distro=debian-12.15&package-id=2183cd2ffa12cd7b&upstream=imagemagick,library,libmagickcore-dev,8:6.9.11.60+dfsg-1.6+deb12u12,ImageMagick Packaging Team <pkg-gmagick-im-team@lists.alioth.debian.org>,pkg:deb/debian/libmagickcore-dev@8%3A6.9.11.60%2Bdfsg-1.6%2Bdeb12u12?arch=all&distro=debian-12.15&upstream=imagemagick,cpe:2.3:a:libmagickcore-dev:libmagickcore-dev:8\:6.9.11.60\+dfsg-1.6\+deb12u12:*:*:*:*:*:*:*,STRUCTURALLY_VALID,,a,libmagickcore-dev,libmagickcore-dev,8\:6.9.11.60\+dfsg-1.6\+deb12u12,*,*,*,*,*,*,*
130966,docker.io/library/node,24.18.0,pilot/results/sboms/node-24.18.0.cdx.json,pkg:deb/debian/libmagickwand-6-headers@8%3A6.9.11.60%2Bdfsg-1.6%2Bdeb12u12?arch=all&distro=debian-12.15&package-id=8870e7ea05381a38&upstream=imagemagick,library,libmagickwand-6-headers,8:6.9.11.60+dfsg-1.6+deb12u12,ImageMagick Packaging Team <pkg-gmagick-im-team@lists.alioth.debian.org>,pkg:deb/debian/libmagickwand-6-headers@8%3A6.9.11.60%2Bdfsg-1.6%2Bdeb12u12?arch=all&distro=debian-12.15&upstream=imagemagick,cpe:2.3:a:libmagickwand-6-headers:libmagickwand-6-headers:8\:6.9.11.60\+dfsg-1.6\+deb12u12:*:*:*:*:*:*:*,STRUCTURALLY_VALID,,a,libmagickwand-6-headers,libmagickwand-6-headers,8\:6.9.11.60\+dfsg-1.6\+deb12u12,*,*,*,*,*,*,*
130967,docker.io/library/node,24.18.0,pilot/results/sboms/node-24.18.0.cdx.json,pkg:deb/debian/libmagickwand-6.q16-6@8%3A6.9.11.60%2Bdfsg-1.6%2Bdeb12u12?arch=amd64&distro=debian-12.15&package-id=a65e6abed09e3a76&upstream=imagemagick,library,libmagickwand-6.q16-6,8:6.9.11.60+dfsg-1.6+deb12u12,ImageMagick Packaging Team <pkg-gmagick-im-team@lists.alioth.debian.org>,pkg:deb/debian/libmagickwand-6.q16-6@8%3A6.9.11.60%2Bdfsg-1.6%2Bdeb12u12?arch=amd64&distro=debian-12.15&upstream=imagemagick,cpe:2.3:a:libmagickwand-6.q16-6:libmagickwand-6.q16-6:8\:6.9.11.60\+dfsg-1.6\+deb12u12:*:*:*:*:*:*:*,STRUCTURALLY_VALID,,a,libmagickwand-6.q16-6,libmagickwand-6.q16-6,8\:6.9.11.60\+dfsg-1.6\+deb12u12,*,*,*,*,*,*,*
130968,docker.io/library/node,24.18.0,pilot/results/sboms/node-24.18.0.cdx.json,pkg:deb/debian/libmagickwand-6.q16-dev@8%3A6.9.11.60%2Bdfsg-1.6%2Bdeb12u12?arch=amd64&distro=debian-12.15&package-id=6d70711f13f533c6&upstream=imagemagick,library,libmagickwand-6.q16-dev,8:6.9.11.60+dfsg-1.6+deb12u12,ImageMagick Packaging Team <pkg-gmagick-im-team@lists.alioth.debian.org>,pkg:deb/debian/libmagickwand-6.q16-dev@8%3A6.9.11.60%2Bdfsg-1.6%2Bdeb12u12?arch=amd64&distro=debian-12.15&upstream=imagemagick,cpe:2.3:a:libmagickwand-6.q16-dev:libmagickwand-6.q16-dev:8\:6.9.11.60\+dfsg-1.6\+deb12u12:*:*:*:*:*:*:*,STRUCTURALLY_VALID,,a,libmagickwand-6.q16-dev,libmagickwand-6.q16-dev,8\:6.9.11.60\+dfsg-1.6\+deb12u12,*,*,*,*,*,*,*
130969,docker.io/library/node,24.18.0,pilot/results/sboms/node-24.18.0.cdx.json,pkg:deb/debian/libmagickwand-dev@8%3A6.9.11.60%2Bdfsg-1.6%2Bdeb12u12?arch=all&distro=debian-12.15&package-id=9692fb06b18eec71&upstream=imagemagick,library,libmagickwand-dev,8:6.9.11.60+dfsg-1.6+deb12u12,ImageMagick Packaging Team <pkg-gmagick-im-team@lists.alioth.debian.org>,pkg:deb/debian/libmagickwand-dev@8%3A6.9.11.60%2Bdfsg-1.6%2Bdeb12u12?arch=all&distro=debian-12.15&upstream=imagemagick,cpe:2.3:a:libmagickwand-dev:libmagickwand-dev:8\:6.9.11.60\+dfsg-1.6\+deb12u12:*:*:*:*:*:*:*,STRUCTURALLY_VALID,,a,libmagickwand-dev,libmagickwand-dev,8\:6.9.11.60\+dfsg-1.6\+deb12u12,*,*,*,*,*,*,*
130958,docker.io/library/node,24.18.0,pilot/results/sboms/node-24.18.0.cdx.json,pkg:deb/debian/libmagic-mgc@1%3A5.44-3?arch=amd64&distro=debian-12.15&package-id=5531268b7c795baa&upstream=file,library,libmagic-mgc,1:5.44-3,Christoph Biedl <debian.axhn@manchmal.in-ulm.de>,pkg:deb/debian/libmagic-mgc@1%3A5.44-3?arch=amd64&distro=debian-12.15&upstream=file,cpe:2.3:a:libmagic-mgc:libmagic-mgc:1\:5.44-3:*:*:*:*:*:*:*,STRUCTURALLY_VALID,,a,libmagic-mgc,libmagic-mgc,1\:5.44-3,*,*,*,*,*,*,*
130972,docker.io/library/node,24.18.0,pilot/results/sboms/node-24.18.0.cdx.json,pkg:deb/debian/libmariadb3@1%3A10.11.18-0%2Bdeb12u1?arch=amd64&distro=debian-12.15&package-id=1afca427bfb822c1&upstream=mariadb,library,libmariadb3,1:10.11.18-0+deb12u1,Debian MySQL Maintainers <pkg-mysql-maint@lists.alioth.debian.org>,pkg:deb/debian/libmariadb3@1%3A10.11.18-0%2Bdeb12u1?arch=amd64&distro=debian-12.15&upstream=mariadb,cpe:2.3:a:libmariadb3:libmariadb3:1\:10.11.18-0\+deb12u1:*:*:*:*:*:*:*,STRUCTURALLY_VALID,,a,libmariadb3,libmariadb3,1\:10.11.18-0\+deb12u1,*,*,*,*,*,*,*
130970,docker.io/library/node,24.18.0,pilot/results/sboms/node-24.18.0.cdx.json,pkg:deb/debian/libmariadb-dev@1%3A10.11.18-0%2Bdeb12u1?arch=amd64&distro=debian-12.15&package-id=b587b3626f383fa0&upstream=mariadb,library,libmariadb-dev,1:10.11.18-0+deb12u1,Debian MySQL Maintainers <pkg-mysql-maint@lists.alioth.debian.org>,pkg:deb/debian/libmariadb-dev@1%3A10.11.18-0%2Bdeb12u1?arch=amd64&distro=debian-12.15&upstream=mariadb,cpe:2.3:a:libmariadb-dev:libmariadb-dev:1\:10.11.18-0\+deb12u1:*:*:*:*:*:*:*,STRUCTURALLY_VALID,,a,libmariadb-dev,libmariadb-dev,1\:10.11.18-0\+deb12u1,*,*,*,*,*,*,*
130971,docker.io/library/node,24.18.0,pilot/results/sboms/node-24.18.0.cdx.json,pkg:deb/debian/libmariadb-dev-compat@1%3A10.11.18-0%2Bdeb12u1?arch=amd64&distro=debian-12.15&package-id=80aca777d36d3b7e&upstream=mariadb,library,libmariadb-dev-compat,1:10.11.18-0+deb12u1,Debian MySQL Maintainers <pkg-mysql-maint@lists.alioth.debian.org>,pkg:deb/debian/libmariadb-dev-compat@1%3A10.11.18-0%2Bdeb12u1?arch=amd64&distro=debian-12.15&upstream=mariadb,cpe:2.3:a:libmariadb-dev-compat:libmariadb-dev-compat:1\:10.11.18-0\+deb12u1:*:*:*:*:*:*:*,STRUCTURALLY_VALID,,a,libmariadb-dev-compat,libmariadb-dev-compat,1\:10.11.18-0\+deb12u1,*,*,*,*,*,*,*
130974,docker.io/library/node,24.18.0,pilot/results/sboms/node-24.18.0.cdx.json,pkg:deb/debian/libmaxminddb0@1.7.1-1?arch=amd64&distro=debian-12.15&package-id=76c9099e75f5c472&upstream=libmaxminddb,library,libmaxminddb0,1.7.1-1,Faidon Liambotis <paravoid@debian.org>,pkg:deb/debian/libmaxminddb0@1.7.1-1?arch=amd64&distro=debian-12.15&upstream=libmaxminddb,cpe:2.3:a:libmaxminddb0:libmaxminddb0:1.7.1-1:*:*:*:*:*:*:*,STRUCTURALLY_VALID,,a,libmaxminddb0,libmaxminddb0,1.7.1-1,*,*,*,*,*,*,*
130973,docker.io/library/node,24.18.0,pilot/results/sboms/node-24.18.0.cdx.json,pkg:deb/debian/libmaxminddb-dev@1.7.1-1?arch=amd64&distro=debian-12.15&package-id=5b700335180b8430&upstream=libmaxminddb,library,libmaxminddb-dev,1.7.1-1,Faidon Liambotis <paravoid@debian.org>,pkg:deb/debian/libmaxminddb-dev@1.7.1-1?arch=amd64&distro=debian-12.15&upstream=libmaxminddb,cpe:2.3:a:libmaxminddb-dev:libmaxminddb-dev:1.7.1-1:*:*:*:*:*:*:*,STRUCTURALLY_VALID,,a,libmaxminddb-dev,libmaxminddb-dev,1.7.1-1,*,*,*,*,*,*,*
130975,docker.io/library/node,24.18.0,pilot/results/sboms/node-24.18.0.cdx.json,pkg:deb/debian/libmd0@1.0.4-2?arch=amd64&distro=debian-12.15&package-id=f7a02d5b69549304&upstream=libmd,library,libmd0,1.0.4-2,Guillem Jover <guillem@debian.org>,pkg:deb/debian/libmd0@1.0.4-2?arch=amd64&distro=debian-12.15&upstream=libmd,cpe:2.3:a:libmd0:libmd0:1.0.4-2:*:*:*:*:*:*:*,STRUCTURALLY_VALID,,a,libmd0,libmd0,1.0.4-2,*,*,*,*,*,*,*
130977,docker.io/library/node,24.18.0,pilot/results/sboms/node-24.18.0.cdx.json,pkg:deb/debian/libmount1@2.38.1-5%2Bdeb12u3?arch=amd64&distro=debian-12.15&package-id=3578a81ebb651f3d&upstream=util-linux,library,libmount1,2.38.1-5+deb12u3,util-linux packagers <util-linux@packages.debian.org>,pkg:deb/debian/libmount1@2.38.1-5%2Bdeb12u3?arch=amd64&distro=debian-12.15&upstream=util-linux,cpe:2.3:a:libmount1:libmount1:2.38.1-5\+deb12u3:*:*:*:*:*:*:*,STRUCTURALLY_VALID,,a,libmount1,libmount1,2.38.1-5\+deb12u3,*,*,*,*,*,*,*
130976,docker.io/library/node,24.18.0,pilot/results/sboms/node-24.18.0.cdx.json,pkg:deb/debian/libmount-dev@2.38.1-5%2Bdeb12u3?arch=amd64&distro=debian-12.15&package-id=01ade8e049ac13ed&upstream=util-linux,library,libmount-dev,2.38.1-5+deb12u3,util-linux packagers <util-linux@packages.debian.org>,pkg:deb/debian/libmount-dev@2.38.1-5%2Bdeb12u3?arch=amd64&distro=debian-12.15&upstream=util-linux,cpe:2.3:a:libmount-dev:libmount-dev:2.38.1-5\+deb12u3:*:*:*:*:*:*:*,STRUCTURALLY_VALID,,a,libmount-dev,libmount-dev,2.38.1-5\+deb12u3,*,*,*,*,*,*,*
130978,docker.io/library/node,24.18.0,pilot/results/sboms/node-24.18.0.cdx.json,pkg:deb/debian/libmpc3@1.3.1-1?arch=amd64&distro=debian-12.15&package-id=20dca947a44a6d0e&upstream=mpclib3,library,libmpc3,1.3.1-1,Debian GCC Maintainers <debian-gcc@lists.debian.org>,pkg:deb/debian/libmpc3@1.3.1-1?arch=amd64&distro=debian-12.15&upstream=mpclib3,cpe:2.3:a:libmpc3:libmpc3:1.3.1-1:*:*:*:*:*:*:*,STRUCTURALLY_VALID,,a,libmpc3,libmpc3,1.3.1-1,*,*,*,*,*,*,*
130979,docker.io/library/node,24.18.0,pilot/results/sboms/node-24.18.0.cdx.json,pkg:deb/debian/libmpfr6@4.2.0-1?arch=amd64&distro=debian-12.15&package-id=9c702a326ba14bd7&upstream=mpfr4,library,libmpfr6,4.2.0-1,Debian GCC Maintainers <debian-gcc@lists.debian.org>,pkg:deb/debian/libmpfr6@4.2.0-1?arch=amd64&distro=debian-12.15&upstream=mpfr4,cpe:2.3:a:libmpfr6:libmpfr6:4.2.0-1:*:*:*:*:*:*:*,STRUCTURALLY_VALID,,a,libmpfr6,libmpfr6,4.2.0-1,*,*,*,*,*,*,*
130981,docker.io/library/node,24.18.0,pilot/results/sboms/node-24.18.0.cdx.json,pkg:deb/debian/libncurses5-dev@6.4-4?arch=amd64&distro=debian-12.15&package-id=9d88525499877381&upstream=ncurses,library,libncurses5-dev,6.4-4,Craig Small <csmall@debian.org>,pkg:deb/debian/libncurses5-dev@6.4-4?arch=amd64&distro=debian-12.15&upstream=ncurses,cpe:2.3:a:libncurses5-dev:libncurses5-dev:6.4-4:*:*:*:*:*:*:*,STRUCTURALLY_VALID,,a,libncurses5-dev,libncurses5-dev,6.4-4,*,*,*,*,*,*,*
130982,docker.io/library/node,24.18.0,pilot/results/sboms/node-24.18.0.cdx.json,pkg:deb/debian/libncurses6@6.4-4?arch=amd64&distro=debian-12.15&package-id=45ca0a14113d5717&upstream=ncurses,library,libncurses6,6.4-4,Craig Small <csmall@debian.org>,pkg:deb/debian/libncurses6@6.4-4?arch=amd64&distro=debian-12.15&upstream=ncurses,cpe:2.3:a:libncurses6:libncurses6:6.4-4:*:*:*:*:*:*:*,STRUCTURALLY_VALID,,a,libncurses6,libncurses6,6.4-4,*,*,*,*,*,*,*
130980,docker.io/library/node,24.18.0,pilot/results/sboms/node-24.18.0.cdx.json,pkg:deb/debian/libncurses-dev@6.4-4?arch=amd64&distro=debian-12.15&package-id=aff0821f961165d7&upstream=ncurses,library,libncurses-dev,6.4-4,Craig Small <csmall@debian.org>,pkg:deb/debian/libncurses-dev@6.4-4?arch=amd64&distro=debian-12.15&upstream=ncurses,cpe:2.3:a:libncurses-dev:libncurses-dev:6.4-4:*:*:*:*:*:*:*,STRUCTURALLY_VALID,,a,libncurses-dev,libncurses-dev,6.4-4,*,*,*,*,*,*,*
130983,docker.io/library/node,24.18.0,pilot/results/sboms/node-24.18.0.cdx.json,pkg:deb/debian/libncursesw5-dev@6.4-4?arch=amd64&distro=debian-12.15&package-id=b44a1de54805a03c&upstream=ncurses,library,libncursesw5-dev,6.4-4,Craig Small <csmall@debian.org>,pkg:deb/debian/libncursesw5-dev@6.4-4?arch=amd64&distro=debian-12.15&upstream=ncurses,cpe:2.3:a:libncursesw5-dev:libncursesw5-dev:6.4-4:*:*:*:*:*:*:*,STRUCTURALLY_VALID,,a,libncursesw5-dev,libncursesw5-dev,6.4-4,*,*,*,*,*,*,*
130984,docker.io/library/node,24.18.0,pilot/results/sboms/node-24.18.0.cdx.json,pkg:deb/debian/libncursesw6@6.4-4?arch=amd64&distro=debian-12.15&package-id=2b3a2ba7a41a0529&upstream=ncurses,library,libncursesw6,6.4-4,Craig Small <csmall@debian.org>,pkg:deb/debian/libncursesw6@6.4-4?arch=amd64&distro=debian-12.15&upstream=ncurses,cpe:2.3:a:libncursesw6:libncursesw6:6.4-4:*:*:*:*:*:*:*,STRUCTURALLY_VALID,,a,libncursesw6,libncursesw6,6.4-4,*,*,*,*,*,*,*
130985,docker.io/library/node,24.18.0,pilot/results/sboms/node-24.18.0.cdx.json,pkg:deb/debian/libnettle8@3.8.1-2?arch=amd64&distro=debian-12.15&package-id=1ac1c6a69a1bbe8a&upstream=nettle,library,libnettle8,3.8.1-2,Magnus Holmgren <holmgren@debian.org>,pkg:deb/debian/libnettle8@3.8.1-2?arch=amd64&distro=debian-12.15&upstream=nettle,cpe:2.3:a:libnettle8:libnettle8:3.8.1-2:*:*:*:*:*:*:*,STRUCTURALLY_VALID,,a,libnettle8,libnettle8,3.8.1-2,*,*,*,*,*,*,*
130986,docker.io/library/node,24.18.0,pilot/results/sboms/node-24.18.0.cdx.json,pkg:deb/debian/libnghttp2-14@1.52.0-1%2Bdeb12u3?arch=amd64&distro=debian-12.15&package-id=b906ffcf4bbc48dd&upstream=nghttp2,library,libnghttp2-14,1.52.0-1+deb12u3,Tomasz Buchert <tomasz@debian.org>,pkg:deb/debian/libnghttp2-14@1.52.0-1%2Bdeb12u3?arch=amd64&distro=debian-12.15&upstream=nghttp2,cpe:2.3:a:libnghttp2-14:libnghttp2-14:1.52.0-1\+deb12u3:*:*:*:*:*:*:*,STRUCTURALLY_VALID,,a,libnghttp2-14,libnghttp2-14,1.52.0-1\+deb12u3,*,*,*,*,*,*,*
130987,docker.io/library/node,24.18.0,pilot/results/sboms/node-24.18.0.cdx.json,pkg:npm/libnpmaccess@10.0.3?package-id=05f827975d7b2092,library,libnpmaccess,10.0.3,,pkg:npm/libnpmaccess@10.0.3,cpe:2.3:a:libnpmaccess:libnpmaccess:10.0.3:*:*:*:*:*:*:*,STRUCTURALLY_VALID,,a,libnpmaccess,libnpmaccess,10.0.3,*,*,*,*,*,*,*
130988,docker.io/library/node,24.18.0,pilot/results/sboms/node-24.18.0.cdx.json,pkg:npm/libnpmdiff@8.1.9?package-id=193e9fee957cb137,library,libnpmdiff,8.1.9,,pkg:npm/libnpmdiff@8.1.9,cpe:2.3:a:libnpmdiff:libnpmdiff:8.1.9:*:*:*:*:*:*:*,STRUCTURALLY_VALID,,a,libnpmdiff,libnpmdiff,8.1.9,*,*,*,*,*,*,*
130989,docker.io/library/node,24.18.0,pilot/results/sboms/node-24.18.0.cdx.json,pkg:npm/libnpmexec@10.2.9?package-id=4b8cd9e56a5a8a84,library,libnpmexec,10.2.9,,pkg:npm/libnpmexec@10.2.9,cpe:2.3:a:libnpmexec:libnpmexec:10.2.9:*:*:*:*:*:*:*,STRUCTURALLY_VALID,,a,libnpmexec,libnpmexec,10.2.9,*,*,*,*,*,*,*
130990,docker.io/library/node,24.18.0,pilot/results/sboms/node-24.18.0.cdx.json,pkg:npm/libnpmfund@7.0.23?package-id=52f49d55a89fa593,library,libnpmfund,7.0.23,,pkg:npm/libnpmfund@7.0.23,cpe:2.3:a:libnpmfund:libnpmfund:7.0.23:*:*:*:*:*:*:*,STRUCTURALLY_VALID,,a,libnpmfund,libnpmfund,7.0.23,*,*,*,*,*,*,*
130991,docker.io/library/node,24.18.0,pilot/results/sboms/node-24.18.0.cdx.json,pkg:npm/libnpmorg@8.0.1?package-id=7c3114e81ed238e6,library,libnpmorg,8.0.1,,pkg:npm/libnpmorg@8.0.1,cpe:2.3:a:libnpmorg:libnpmorg:8.0.1:*:*:*:*:*:*:*,STRUCTURALLY_VALID,,a,libnpmorg,libnpmorg,8.0.1,*,*,*,*,*,*,*
130992,docker.io/library/node,24.18.0,pilot/results/sboms/node-24.18.0.cdx.json,pkg:npm/libnpmpack@9.1.9?package-id=4179683dd2da668c,library,libnpmpack,9.1.9,,pkg:npm/libnpmpack@9.1.9,cpe:2.3:a:libnpmpack:libnpmpack:9.1.9:*:*:*:*:*:*:*,STRUCTURALLY_VALID,,a,libnpmpack,libnpmpack,9.1.9,*,*,*,*,*,*,*
130993,docker.io/library/node,24.18.0,pilot/results/sboms/node-24.18.0.cdx.json,pkg:npm/libnpmpublish@11.2.0?package-id=7730bc48c2f1309f,library,libnpmpublish,11.2.0,,pkg:npm/libnpmpublish@11.2.0,cpe:2.3:a:libnpmpublish:libnpmpublish:11.2.0:*:*:*:*:*:*:*,STRUCTURALLY_VALID,,a,libnpmpublish,libnpmpublish,11.2.0,*,*,*,*,*,*,*
130994,docker.io/library/node,24.18.0,pilot/results/sboms/node-24.18.0.cdx.json,pkg:npm/libnpmsearch@9.0.1?package-id=ce8621df019ad55f,library,libnpmsearch,9.0.1,,pkg:npm/libnpmsearch@9.0.1,cpe:2.3:a:libnpmsearch:libnpmsearch:9.0.1:*:*:*:*:*:*:*,STRUCTURALLY_VALID,,a,libnpmsearch,libnpmsearch,9.0.1,*,*,*,*,*,*,*
130995,docker.io/library/node,24.18.0,pilot/results/sboms/node-24.18.0.cdx.json,pkg:npm/libnpmteam@8.0.2?package-id=f8464908efc44930,library,libnpmteam,8.0.2,,pkg:npm/libnpmteam@8.0.2,cpe:2.3:a:libnpmteam:libnpmteam:8.0.2:*:*:*:*:*:*:*,STRUCTURALLY_VALID,,a,libnpmteam,libnpmteam,8.0.2,*,*,*,*,*,*,*
130996,docker.io/library/node,24.18.0,pilot/results/sboms/node-24.18.0.cdx.json,pkg:npm/libnpmversion@8.0.4?package-id=8076c77a416c8fd2,library,libnpmversion,8.0.4,,pkg:npm/libnpmversion@8.0.4,cpe:2.3:a:libnpmversion:libnpmversion:8.0.4:*:*:*:*:*:*:*,STRUCTURALLY_VALID,,a,libnpmversion,libnpmversion,8.0.4,*,*,*,*,*,*,*
130997,docker.io/library/node,24.18.0,pilot/results/sboms/node-24.18.0.cdx.json,pkg:deb/debian/libnpth0@1.6-3?arch=amd64&distro=debian-12.15&package-id=6330b7d474add54d&upstream=npth,library,libnpth0,1.6-3,Eric Dorland <eric@debian.org>,pkg:deb/debian/libnpth0@1.6-3?arch=amd64&distro=debian-12.15&upstream=npth,cpe:2.3:a:libnpth0:libnpth0:1.6-3:*:*:*:*:*:*:*,STRUCTURALLY_VALID,,a,libnpth0,libnpth0,1.6-3,*,*,*,*,*,*,*
130999,docker.io/library/node,24.18.0,pilot/results/sboms/node-24.18.0.cdx.json,pkg:deb/debian/libnsl2@1.3.0-2?arch=amd64&distro=debian-12.15&package-id=2c4166f70097c6d7&upstream=libnsl,library,libnsl2,1.3.0-2,GNU Libc Maintainers <debian-glibc@lists.debian.org>,pkg:deb/debian/libnsl2@1.3.0-2?arch=amd64&distro=debian-12.15&upstream=libnsl,cpe:2.3:a:libnsl2:libnsl2:1.3.0-2:*:*:*:*:*:*:*,STRUCTURALLY_VALID,,a,libnsl2,libnsl2,1.3.0-2,*,*,*,*,*,*,*
130998,docker.io/library/node,24.18.0,pilot/results/sboms/node-24.18.0.cdx.json,pkg:deb/debian/libnsl-dev@1.3.0-2?arch=amd64&distro=debian-12.15&package-id=6ec8ddde6468d811&upstream=libnsl,library,libnsl-dev,1.3.0-2,GNU Libc Maintainers <debian-glibc@lists.debian.org>,pkg:deb/debian/libnsl-dev@1.3.0-2?arch=amd64&distro=debian-12.15&upstream=libnsl,cpe:2.3:a:libnsl-dev:libnsl-dev:1.3.0-2:*:*:*:*:*:*:*,STRUCTURALLY_VALID,,a,libnsl-dev,libnsl-dev,1.3.0-2,*,*,*,*,*,*,*
131000,docker.io/library/node,24.18.0,pilot/results/sboms/node-24.18.0.cdx.json,pkg:deb/debian/libnuma1@2.0.16-1?arch=amd64&distro=debian-12.15&package-id=9b604e85503fcd9e&upstream=numactl,library,libnuma1,2.0.16-1,Ian Wienand <ianw@debian.org>,pkg:deb/debian/libnuma1@2.0.16-1?arch=amd64&distro=debian-12.15&upstream=numactl,cpe:2.3:a:libnuma1:libnuma1:2.0.16-1:*:*:*:*:*:*:*,STRUCTURALLY_VALID,,a,libnuma1,libnuma1,2.0.16-1,*,*,*,*,*,*,*
131001,docker.io/library/node,24.18.0,pilot/results/sboms/node-24.18.0.cdx.json,pkg:deb/debian/libopenexr-3-1-30@3.1.5-5?arch=amd64&distro=debian-12.15&package-id=ac9f96c95674631f&upstream=openexr,library,libopenexr-3-1-30,3.1.5-5,Debian PhotoTools Maintainers <pkg-phototools-devel@lists.alioth.debian.org>,pkg:deb/debian/libopenexr-3-1-30@3.1.5-5?arch=amd64&distro=debian-12.15&upstream=openexr,cpe:2.3:a:libopenexr-3-1-30:libopenexr-3-1-30:3.1.5-5:*:*:*:*:*:*:*,STRUCTURALLY_VALID,,a,libopenexr-3-1-30,libopenexr-3-1-30,3.1.5-5,*,*,*,*,*,*,*
131002,docker.io/library/node,24.18.0,pilot/results/sboms/node-24.18.0.cdx.json,pkg:deb/debian/libopenexr-dev@3.1.5-5?arch=amd64&distro=debian-12.15&package-id=229cdd73859abf63&upstream=openexr,library,libopenexr-dev,3.1.5-5,Debian PhotoTools Maintainers <pkg-phototools-devel@lists.alioth.debian.org>,pkg:deb/debian/libopenexr-dev@3.1.5-5?arch=amd64&distro=debian-12.15&upstream=openexr,cpe:2.3:a:libopenexr-dev:libopenexr-dev:3.1.5-5:*:*:*:*:*:*:*,STRUCTURALLY_VALID,,a,libopenexr-dev,libopenexr-dev,3.1.5-5,*,*,*,*,*,*,*
131003,docker.io/library/node,24.18.0,pilot/results/sboms/node-24.18.0.cdx.json,pkg:deb/debian/libopenjp2-7@2.5.0-2%2Bdeb12u3?arch=amd64&distro=debian-12.15&package-id=b280459d31091296&upstream=openjpeg2,library,libopenjp2-7,2.5.0-2+deb12u3,Debian PhotoTools Maintainers <pkg-phototools-devel@lists.alioth.debian.org>,pkg:deb/debian/libopenjp2-7@2.5.0-2%2Bdeb12u3?arch=amd64&distro=debian-12.15&upstream=openjpeg2,cpe:2.3:a:libopenjp2-7:libopenjp2-7:2.5.0-2\+deb12u3:*:*:*:*:*:*:*,STRUCTURALLY_VALID,,a,libopenjp2-7,libopenjp2-7,2.5.0-2\+deb12u3,*,*,*,*,*,*,*
131004,docker.io/library/node,24.18.0,pilot/results/sboms/node-24.18.0.cdx.json,pkg:deb/debian/libopenjp2-7-dev@2.5.0-2%2Bdeb12u3?arch=amd64&distro=debian-12.15&package-id=29b0a2eb864a8178&upstream=openjpeg2,library,libopenjp2-7-dev,2.5.0-2+deb12u3,Debian PhotoTools Maintainers <pkg-phototools-devel@lists.alioth.debian.org>,pkg:deb/debian/libopenjp2-7-dev@2.5.0-2%2Bdeb12u3?arch=amd64&distro=debian-12.15&upstream=openjpeg2,cpe:2.3:a:libopenjp2-7-dev:libopenjp2-7-dev:2.5.0-2\+deb12u3:*:*:*:*:*:*:*,STRUCTURALLY_VALID,,a,libopenjp2-7-dev,libopenjp2-7-dev,2.5.0-2\+deb12u3,*,*,*,*,*,*,*
131005,docker.io/library/node,24.18.0,pilot/results/sboms/node-24.18.0.cdx.json,pkg:deb/debian/libp11-kit0@0.24.1-2?arch=amd64&distro=debian-12.15&package-id=0027543880aaec84&upstream=p11-kit,library,libp11-kit0,0.24.1-2,Debian GnuTLS Maintainers <pkg-gnutls-maint@lists.alioth.debian.org>,pkg:deb/debian/libp11-kit0@0.24.1-2?arch=amd64&distro=debian-12.15&upstream=p11-kit,cpe:2.3:a:libp11-kit0:libp11-kit0:0.24.1-2:*:*:*:*:*:*:*,STRUCTURALLY_VALID,,a,libp11-kit0,libp11-kit0,0.24.1-2,*,*,*,*,*,*,*
131009,docker.io/library/node,24.18.0,pilot/results/sboms/node-24.18.0.cdx.json,pkg:deb/debian/libpam0g@1.5.2-6%2Bdeb12u2?arch=amd64&distro=debian-12.15&package-id=87d8465053cf56c8&upstream=pam,library,libpam0g,1.5.2-6+deb12u2,Sam Hartman <hartmans@debian.org>,pkg:deb/debian/libpam0g@1.5.2-6%2Bdeb12u2?arch=amd64&distro=debian-12.15&upstream=pam,cpe:2.3:a:libpam0g:libpam0g:1.5.2-6\+deb12u2:*:*:*:*:*:*:*,STRUCTURALLY_VALID,,a,libpam0g,libpam0g,1.5.2-6\+deb12u2,*,*,*,*,*,*,*
131006,docker.io/library/node,24.18.0,pilot/results/sboms/node-24.18.0.cdx.json,pkg:deb/debian/libpam-modules@1.5.2-6%2Bdeb12u2?arch=amd64&distro=debian-12.15&package-id=4cab7ef7de016d31&upstream=pam,library,libpam-modules,1.5.2-6+deb12u2,Sam Hartman <hartmans@debian.org>,pkg:deb/debian/libpam-modules@1.5.2-6%2Bdeb12u2?arch=amd64&distro=debian-12.15&upstream=pam,cpe:2.3:a:libpam-modules:libpam-modules:1.5.2-6\+deb12u2:*:*:*:*:*:*:*,STRUCTURALLY_VALID,,a,libpam-modules,libpam-modules,1.5.2-6\+deb12u2,*,*,*,*,*,*,*
131007,docker.io/library/node,24.18.0,pilot/results/sboms/node-24.18.0.cdx.json,pkg:deb/debian/libpam-modules-bin@1.5.2-6%2Bdeb12u2?arch=amd64&distro=debian-12.15&package-id=372dffabd059479c&upstream=pam,library,libpam-modules-bin,1.5.2-6+deb12u2,Sam Hartman <hartmans@debian.org>,pkg:deb/debian/libpam-modules-bin@1.5.2-6%2Bdeb12u2?arch=amd64&distro=debian-12.15&upstream=pam,cpe:2.3:a:libpam-modules-bin:libpam-modules-bin:1.5.2-6\+deb12u2:*:*:*:*:*:*:*,STRUCTURALLY_VALID,,a,libpam-modules-bin,libpam-modules-bin,1.5.2-6\+deb12u2,*,*,*,*,*,*,*
131008,docker.io/library/node,24.18.0,pilot/results/sboms/node-24.18.0.cdx.json,pkg:deb/debian/libpam-runtime@1.5.2-6%2Bdeb12u2?arch=all&distro=debian-12.15&package-id=ca1034d5d24bcf54&upstream=pam,library,libpam-runtime,1.5.2-6+deb12u2,Sam Hartman <hartmans@debian.org>,pkg:deb/debian/libpam-runtime@1.5.2-6%2Bdeb12u2?arch=all&distro=debian-12.15&upstream=pam,cpe:2.3:a:libpam-runtime:libpam-runtime:1.5.2-6\+deb12u2:*:*:*:*:*:*:*,STRUCTURALLY_VALID,,a,libpam-runtime,libpam-runtime,1.5.2-6\+deb12u2,*,*,*,*,*,*,*
131010,docker.io/library/node,24.18.0,pilot/results/sboms/node-24.18.0.cdx.json,pkg:deb/debian/libpango-1.0-0@1.50.12%2Bds-1?arch=amd64&distro=debian-12.15&package-id=e4e0b393b306faa8&upstream=pango1.0,library,libpango-1.0-0,1.50.12+ds-1,Debian GNOME Maintainers <pkg-gnome-maintainers@lists.alioth.debian.org>,pkg:deb/debian/libpango-1.0-0@1.50.12%2Bds-1?arch=amd64&distro=debian-12.15&upstream=pango1.0,cpe:2.3:a:libpango-1.0-0:libpango-1.0-0:1.50.12\+ds-1:*:*:*:*:*:*:*,STRUCTURALLY_VALID,,a,libpango-1.0-0,libpango-1.0-0,1.50.12\+ds-1,*,*,*,*,*,*,*
131011,docker.io/library/node,24.18.0,pilot/results/sboms/node-24.18.0.cdx.json,pkg:deb/debian/libpangocairo-1.0-0@1.50.12%2Bds-1?arch=amd64&distro=debian-12.15&package-id=a46d5a098e13c5ca&upstream=pango1.0,library,libpangocairo-1.0-0,1.50.12+ds-1,Debian GNOME Maintainers <pkg-gnome-maintainers@lists.alioth.debian.org>,pkg:deb/debian/libpangocairo-1.0-0@1.50.12%2Bds-1?arch=amd64&distro=debian-12.15&upstream=pango1.0,cpe:2.3:a:libpangocairo-1.0-0:libpangocairo-1.0-0:1.50.12\+ds-1:*:*:*:*:*:*:*,STRUCTURALLY_VALID,,a,libpangocairo-1.0-0,libpangocairo-1.0-0,1.50.12\+ds-1,*,*,*,*,*,*,*
131012,docker.io/library/node,24.18.0,pilot/results/sboms/node-24.18.0.cdx.json,pkg:deb/debian/libpangoft2-1.0-0@1.50.12%2Bds-1?arch=amd64&distro=debian-12.15&package-id=57163324c92ef051&upstream=pango1.0,library,libpangoft2-1.0-0,1.50.12+ds-1,Debian GNOME Maintainers <pkg-gnome-maintainers@lists.alioth.debian.org>,pkg:deb/debian/libpangoft2-1.0-0@1.50.12%2Bds-1?arch=amd64&distro=debian-12.15&upstream=pango1.0,cpe:2.3:a:libpangoft2-1.0-0:libpangoft2-1.0-0:1.50.12\+ds-1:*:*:*:*:*:*:*,STRUCTURALLY_VALID,,a,libpangoft2-1.0-0,libpangoft2-1.0-0,1.50.12\+ds-1,*,*,*,*,*,*,*
131013,docker.io/library/node,24.18.0,pilot/results/sboms/node-24.18.0.cdx.json,pkg:deb/debian/libpcre2-16-0@10.42-1?arch=amd64&distro=debian-12.15&package-id=06a740a7c790cfd9&upstream=pcre2,library,libpcre2-16-0,10.42-1,Matthew Vernon <matthew@debian.org>,pkg:deb/debian/libpcre2-16-0@10.42-1?arch=amd64&distro=debian-12.15&upstream=pcre2,cpe:2.3:a:libpcre2-16-0:libpcre2-16-0:10.42-1:*:*:*:*:*:*:*,STRUCTURALLY_VALID,,a,libpcre2-16-0,libpcre2-16-0,10.42-1,*,*,*,*,*,*,*
131014,docker.io/library/node,24.18.0,pilot/results/sboms/node-24.18.0.cdx.json,pkg:deb/debian/libpcre2-32-0@10.42-1?arch=amd64&distro=debian-12.15&package-id=1e4cb91ed8e4854b&upstream=pcre2,library,libpcre2-32-0,10.42-1,Matthew Vernon <matthew@debian.org>,pkg:deb/debian/libpcre2-32-0@10.42-1?arch=amd64&distro=debian-12.15&upstream=pcre2,cpe:2.3:a:libpcre2-32-0:libpcre2-32-0:10.42-1:*:*:*:*:*:*:*,STRUCTURALLY_VALID,,a,libpcre2-32-0,libpcre2-32-0,10.42-1,*,*,*,*,*,*,*
131015,docker.io/library/node,24.18.0,pilot/results/sboms/node-24.18.0.cdx.json,pkg:deb/debian/libpcre2-8-0@10.42-1?arch=amd64&distro=debian-12.15&package-id=fdd1d61b217ae9fe&upstream=pcre2,library,libpcre2-8-0,10.42-1,Matthew Vernon <matthew@debian.org>,pkg:deb/debian/libpcre2-8-0@10.42-1?arch=amd64&distro=debian-12.15&upstream=pcre2,cpe:2.3:a:libpcre2-8-0:libpcre2-8-0:10.42-1:*:*:*:*:*:*:*,STRUCTURALLY_VALID,,a,libpcre2-8-0,libpcre2-8-0,10.42-1,*,*,*,*,*,*,*
131016,docker.io/library/node,24.18.0,pilot/results/sboms/node-24.18.0.cdx.json,pkg:deb/debian/libpcre2-dev@10.42-1?arch=amd64&distro=debian-12.15&package-id=39a5863e49de605d&upstream=pcre2,library,libpcre2-dev,10.42-1,Matthew Vernon <matthew@debian.org>,pkg:deb/debian/libpcre2-dev@10.42-1?arch=amd64&distro=debian-12.15&upstream=pcre2,cpe:2.3:a:libpcre2-dev:libpcre2-dev:10.42-1:*:*:*:*:*:*:*,STRUCTURALLY_VALID,,a,libpcre2-dev,libpcre2-dev,10.42-1,*,*,*,*,*,*,*
131017,docker.io/library/node,24.18.0,pilot/results/sboms/node-24.18.0.cdx.json,pkg:deb/debian/libpcre2-posix3@10.42-1?arch=amd64&distro=debian-12.15&package-id=c1beb6cc01092803&upstream=pcre2,library,libpcre2-posix3,10.42-1,Matthew Vernon <matthew@debian.org>,pkg:deb/debian/libpcre2-posix3@10.42-1?arch=amd64&distro=debian-12.15&upstream=pcre2,cpe:2.3:a:libpcre2-posix3:libpcre2-posix3:10.42-1:*:*:*:*:*:*:*,STRUCTURALLY_VALID,,a,libpcre2-posix3,libpcre2-posix3,10.42-1,*,*,*,*,*,*,*
131018,docker.io/library/node,24.18.0,pilot/results/sboms/node-24.18.0.cdx.json,pkg:deb/debian/libperl5.36@5.36.0-7%2Bdeb12u3?arch=amd64&distro=debian-12.15&package-id=6896984bd13fb500&upstream=perl,library,libperl5.36,5.36.0-7+deb12u3,Niko Tyni <ntyni@debian.org>,pkg:deb/debian/libperl5.36@5.36.0-7%2Bdeb12u3?arch=amd64&distro=debian-12.15&upstream=perl,cpe:2.3:a:libperl5.36:libperl5.36:5.36.0-7\+deb12u3:*:*:*:*:*:*:*,STRUCTURALLY_VALID,,a,libperl5.36,libperl5.36,5.36.0-7\+deb12u3,*,*,*,*,*,*,*
131019,docker.io/library/node,24.18.0,pilot/results/sboms/node-24.18.0.cdx.json,pkg:deb/debian/libpixman-1-0@0.42.2-1?arch=amd64&distro=debian-12.15&package-id=e44f0bb190fc5866&upstream=pixman,library,libpixman-1-0,0.42.2-1,Debian X Strike Force <debian-x@lists.debian.org>,pkg:deb/debian/libpixman-1-0@0.42.2-1?arch=amd64&distro=debian-12.15&upstream=pixman,cpe:2.3:a:libpixman-1-0:libpixman-1-0:0.42.2-1:*:*:*:*:*:*:*,STRUCTURALLY_VALID,,a,libpixman-1-0,libpixman-1-0,0.42.2-1,*,*,*,*,*,*,*
131020,docker.io/library/node,24.18.0,pilot/results/sboms/node-24.18.0.cdx.json,pkg:deb/debian/libpixman-1-dev@0.42.2-1?arch=amd64&distro=debian-12.15&package-id=13cea66fd97cac39&upstream=pixman,library,libpixman-1-dev,0.42.2-1,Debian X Strike Force <debian-x@lists.debian.org>,pkg:deb/debian/libpixman-1-dev@0.42.2-1?arch=amd64&distro=debian-12.15&upstream=pixman,cpe:2.3:a:libpixman-1-dev:libpixman-1-dev:0.42.2-1:*:*:*:*:*:*:*,STRUCTURALLY_VALID,,a,libpixman-1-dev,libpixman-1-dev,0.42.2-1,*,*,*,*,*,*,*
131021,docker.io/library/node,24.18.0,pilot/results/sboms/node-24.18.0.cdx.json,pkg:deb/debian/libpkgconf3@1.8.1-1?arch=amd64&distro=debian-12.15&package-id=993a2ed0bd0a15ae&upstream=pkgconf,library,libpkgconf3,1.8.1-1,Andrej Shadura <andrewsh@debian.org>,pkg:deb/debian/libpkgconf3@1.8.1-1?arch=amd64&distro=debian-12.15&upstream=pkgconf,cpe:2.3:a:libpkgconf3:libpkgconf3:1.8.1-1:*:*:*:*:*:*:*,STRUCTURALLY_VALID,,a,libpkgconf3,libpkgconf3,1.8.1-1,*,*,*,*,*,*,*
131023,docker.io/library/node,24.18.0,pilot/results/sboms/node-24.18.0.cdx.json,pkg:deb/debian/libpng16-16@1.6.39-2%2Bdeb12u5?arch=amd64&distro=debian-12.15&package-id=042787cf6c096741&upstream=libpng1.6,library,libpng16-16,1.6.39-2+deb12u5,Maintainers of libpng1.6 packages <libpng1.6@packages.debian.org>,pkg:deb/debian/libpng16-16@1.6.39-2%2Bdeb12u5?arch=amd64&distro=debian-12.15&upstream=libpng1.6,cpe:2.3:a:libpng16-16:libpng16-16:1.6.39-2\+deb12u5:*:*:*:*:*:*:*,STRUCTURALLY_VALID,,a,libpng16-16,libpng16-16,1.6.39-2\+deb12u5,*,*,*,*,*,*,*
131022,docker.io/library/node,24.18.0,pilot/results/sboms/node-24.18.0.cdx.json,pkg:deb/debian/libpng-dev@1.6.39-2%2Bdeb12u5?arch=amd64&distro=debian-12.15&package-id=d67ee5b80d5b9a28&upstream=libpng1.6,library,libpng-dev,1.6.39-2+deb12u5,Maintainers of libpng1.6 packages <libpng1.6@packages.debian.org>,pkg:deb/debian/libpng-dev@1.6.39-2%2Bdeb12u5?arch=amd64&distro=debian-12.15&upstream=libpng1.6,cpe:2.3:a:libpng-dev:libpng-dev:1.6.39-2\+deb12u5:*:*:*:*:*:*:*,STRUCTURALLY_VALID,,a,libpng-dev,libpng-dev,1.6.39-2\+deb12u5,*,*,*,*,*,*,*
131025,docker.io/library/node,24.18.0,pilot/results/sboms/node-24.18.0.cdx.json,pkg:deb/debian/libpq5@15.18-0%2Bdeb12u1?arch=amd64&distro=debian-12.15&package-id=a0fd0ce3e52a9d45&upstream=postgresql-15,library,libpq5,15.18-0+deb12u1,Debian PostgreSQL Maintainers <team+postgresql@tracker.debian.org>,pkg:deb/debian/libpq5@15.18-0%2Bdeb12u1?arch=amd64&distro=debian-12.15&upstream=postgresql-15,cpe:2.3:a:libpq5:libpq5:15.18-0\+deb12u1:*:*:*:*:*:*:*,STRUCTURALLY_VALID,,a,libpq5,libpq5,15.18-0\+deb12u1,*,*,*,*,*,*,*
131024,docker.io/library/node,24.18.0,pilot/results/sboms/node-24.18.0.cdx.json,pkg:deb/debian/libpq-dev@15.18-0%2Bdeb12u1?arch=amd64&distro=debian-12.15&package-id=8a057881b2b2f629&upstream=postgresql-15,library,libpq-dev,15.18-0+deb12u1,Debian PostgreSQL Maintainers <team+postgresql@tracker.debian.org>,pkg:deb/debian/libpq-dev@15.18-0%2Bdeb12u1?arch=amd64&distro=debian-12.15&upstream=postgresql-15,cpe:2.3:a:libpq-dev:libpq-dev:15.18-0\+deb12u1:*:*:*:*:*:*:*,STRUCTURALLY_VALID,,a,libpq-dev,libpq-dev,15.18-0\+deb12u1,*,*,*,*,*,*,*
131026,docker.io/library/node,24.18.0,pilot/results/sboms/node-24.18.0.cdx.json,pkg:deb/debian/libproc2-0@2%3A4.0.2-3?arch=amd64&distro=debian-12.15&package-id=5ac1d1a0947c5131&upstream=procps,library,libproc2-0,2:4.0.2-3,Craig Small <csmall@debian.org>,pkg:deb/debian/libproc2-0@2%3A4.0.2-3?arch=amd64&distro=debian-12.15&upstream=procps,cpe:2.3:a:libproc2-0:libproc2-0:2\:4.0.2-3:*:*:*:*:*:*:*,STRUCTURALLY_VALID,,a,libproc2-0,libproc2-0,2\:4.0.2-3,*,*,*,*,*,*,*
131027,docker.io/library/node,24.18.0,pilot/results/sboms/node-24.18.0.cdx.json,pkg:deb/debian/libpsl5@0.21.2-1?arch=amd64&distro=debian-12.15&package-id=d51afc405e13215d&upstream=libpsl,library,libpsl5,0.21.2-1,Tim Rühsen <tim.ruehsen@gmx.de>,pkg:deb/debian/libpsl5@0.21.2-1?arch=amd64&distro=debian-12.15&upstream=libpsl,cpe:2.3:a:libpsl5:libpsl5:0.21.2-1:*:*:*:*:*:*:*,STRUCTURALLY_VALID,,a,libpsl5,libpsl5,0.21.2-1,*,*,*,*,*,*,*
131028,docker.io/library/node,24.18.0,pilot/results/sboms/node-24.18.0.cdx.json,pkg:deb/debian/libpthread-stubs0-dev@0.4-1?arch=amd64&distro=debian-12.15&package-id=1d4b9505dcb8a072&upstream=libpthread-stubs,library,libpthread-stubs0-dev,0.4-1,Debian X Strike Force <debian-x@lists.debian.org>,pkg:deb/debian/libpthread-stubs0-dev@0.4-1?arch=amd64&distro=debian-12.15&upstream=libpthread-stubs,cpe:2.3:a:libpthread-stubs0-dev:libpthread-stubs0-dev:0.4-1:*:*:*:*:*:*:*,STRUCTURALLY_VALID,,a,libpthread-stubs0-dev,libpthread-stubs0-dev,0.4-1,*,*,*,*,*,*,*
131030,docker.io/library/node,24.18.0,pilot/results/sboms/node-24.18.0.cdx.json,pkg:deb/debian/libpython3.11-minimal@3.11.2-6%2Bdeb12u8?arch=amd64&distro=debian-12.15&package-id=1fa5bad162623b66&upstream=python3.11,library,libpython3.11-minimal,3.11.2-6+deb12u8,Matthias Klose <doko@debian.org>,pkg:deb/debian/libpython3.11-minimal@3.11.2-6%2Bdeb12u8?arch=amd64&distro=debian-12.15&upstream=python3.11,cpe:2.3:a:libpython3.11-minimal:libpython3.11-minimal:3.11.2-6\+deb12u8:*:*:*:*:*:*:*,STRUCTURALLY_VALID,,a,libpython3.11-minimal,libpython3.11-minimal,3.11.2-6\+deb12u8,*,*,*,*,*,*,*
131031,docker.io/library/node,24.18.0,pilot/results/sboms/node-24.18.0.cdx.json,pkg:deb/debian/libpython3.11-stdlib@3.11.2-6%2Bdeb12u8?arch=amd64&distro=debian-12.15&package-id=f5f8c195b69e3ce5&upstream=python3.11,library,libpython3.11-stdlib,3.11.2-6+deb12u8,Matthias Klose <doko@debian.org>,pkg:deb/debian/libpython3.11-stdlib@3.11.2-6%2Bdeb12u8?arch=amd64&distro=debian-12.15&upstream=python3.11,cpe:2.3:a:libpython3.11-stdlib:libpython3.11-stdlib:3.11.2-6\+deb12u8:*:*:*:*:*:*:*,STRUCTURALLY_VALID,,a,libpython3.11-stdlib,libpython3.11-stdlib,3.11.2-6\+deb12u8,*,*,*,*,*,*,*
131029,docker.io/library/node,24.18.0,pilot/results/sboms/node-24.18.0.cdx.json,pkg:deb/debian/libpython3-stdlib@3.11.2-1%2Bb1?arch=amd64&distro=debian-12.15&package-id=16908ab8f7b86592&upstream=python3-defaults%403.11.2-1,library,libpython3-stdlib,3.11.2-1+b1,Matthias Klose <doko@debian.org>,pkg:deb/debian/libpython3-stdlib@3.11.2-1%2Bb1?arch=amd64&distro=debian-12.15&upstream=python3-defaults%403.11.2-1,cpe:2.3:a:libpython3-stdlib:libpython3-stdlib:3.11.2-1\+b1:*:*:*:*:*:*:*,STRUCTURALLY_VALID,,a,libpython3-stdlib,libpython3-stdlib,3.11.2-1\+b1,*,*,*,*,*,*,*
131032,docker.io/library/node,24.18.0,pilot/results/sboms/node-24.18.0.cdx.json,pkg:deb/debian/libquadmath0@12.2.0-14%2Bdeb12u1?arch=amd64&distro=debian-12.15&package-id=25f43087fc45f095&upstream=gcc-12,library,libquadmath0,12.2.0-14+deb12u1,Debian GCC Maintainers <debian-gcc@lists.debian.org>,pkg:deb/debian/libquadmath0@12.2.0-14%2Bdeb12u1?arch=amd64&distro=debian-12.15&upstream=gcc-12,cpe:2.3:a:libquadmath0:libquadmath0:12.2.0-14\+deb12u1:*:*:*:*:*:*:*,STRUCTURALLY_VALID,,a,libquadmath0,libquadmath0,12.2.0-14\+deb12u1,*,*,*,*,*,*,*
131034,docker.io/library/node,24.18.0,pilot/results/sboms/node-24.18.0.cdx.json,pkg:deb/debian/libreadline8@8.2-1.3?arch=amd64&distro=debian-12.15&package-id=3a01361b331056e9&upstream=readline,library,libreadline8,8.2-1.3,Matthias Klose <doko@debian.org>,pkg:deb/debian/libreadline8@8.2-1.3?arch=amd64&distro=debian-12.15&upstream=readline,cpe:2.3:a:libreadline8:libreadline8:8.2-1.3:*:*:*:*:*:*:*,STRUCTURALLY_VALID,,a,libreadline8,libreadline8,8.2-1.3,*,*,*,*,*,*,*
131033,docker.io/library/node,24.18.0,pilot/results/sboms/node-24.18.0.cdx.json,pkg:deb/debian/libreadline-dev@8.2-1.3?arch=amd64&distro=debian-12.15&package-id=43a3b0cea1c818db&upstream=readline,library,libreadline-dev,8.2-1.3,Matthias Klose <doko@debian.org>,pkg:deb/debian/libreadline-dev@8.2-1.3?arch=amd64&distro=debian-12.15&upstream=readline,cpe:2.3:a:libreadline-dev:libreadline-dev:8.2-1.3:*:*:*:*:*:*:*,STRUCTURALLY_VALID,,a,libreadline-dev,libreadline-dev,8.2-1.3,*,*,*,*,*,*,*
131035,docker.io/library/node,24.18.0,pilot/results/sboms/node-24.18.0.cdx.json,pkg:deb/debian/librsvg2-2@2.54.7%2Bdfsg-1~deb12u1?arch=amd64&distro=debian-12.15&package-id=694d5802433293b1&upstream=librsvg,library,librsvg2-2,2.54.7+dfsg-1~deb12u1,Debian GNOME Maintainers <pkg-gnome-maintainers@lists.alioth.debian.org>,pkg:deb/debian/librsvg2-2@2.54.7%2Bdfsg-1~deb12u1?arch=amd64&distro=debian-12.15&upstream=librsvg,cpe:2.3:a:librsvg2-2:librsvg2-2:2.54.7\+dfsg-1\~deb12u1:*:*:*:*:*:*:*,STRUCTURALLY_VALID,,a,librsvg2-2,librsvg2-2,2.54.7\+dfsg-1\~deb12u1,*,*,*,*,*,*,*
131036,docker.io/library/node,24.18.0,pilot/results/sboms/node-24.18.0.cdx.json,pkg:deb/debian/librsvg2-common@2.54.7%2Bdfsg-1~deb12u1?arch=amd64&distro=debian-12.15&package-id=382f73f732426463&upstream=librsvg,library,librsvg2-common,2.54.7+dfsg-1~deb12u1,Debian GNOME Maintainers <pkg-gnome-maintainers@lists.alioth.debian.org>,pkg:deb/debian/librsvg2-common@2.54.7%2Bdfsg-1~deb12u1?arch=amd64&distro=debian-12.15&upstream=librsvg,cpe:2.3:a:librsvg2-common:librsvg2-common:2.54.7\+dfsg-1\~deb12u1:*:*:*:*:*:*:*,STRUCTURALLY_VALID,,a,librsvg2-common,librsvg2-common,2.54.7\+dfsg-1\~deb12u1,*,*,*,*,*,*,*
131037,docker.io/library/node,24.18.0,pilot/results/sboms/node-24.18.0.cdx.json,pkg:deb/debian/librsvg2-dev@2.54.7%2Bdfsg-1~deb12u1?arch=amd64&distro=debian-12.15&package-id=db9beac5789993fd&upstream=librsvg,library,librsvg2-dev,2.54.7+dfsg-1~deb12u1,Debian GNOME Maintainers <pkg-gnome-maintainers@lists.alioth.debian.org>,pkg:deb/debian/librsvg2-dev@2.54.7%2Bdfsg-1~deb12u1?arch=amd64&distro=debian-12.15&upstream=librsvg,cpe:2.3:a:librsvg2-dev:librsvg2-dev:2.54.7\+dfsg-1\~deb12u1:*:*:*:*:*:*:*,STRUCTURALLY_VALID,,a,librsvg2-dev,librsvg2-dev,2.54.7\+dfsg-1\~deb12u1,*,*,*,*,*,*,*
131038,docker.io/library/node,24.18.0,pilot/results/sboms/node-24.18.0.cdx.json,pkg:deb/debian/librtmp1@2.4%2B20151223.gitfa8646d.1-2%2Bb2?arch=amd64&distro=debian-12.15&package-id=205c0d59fead0030&upstream=rtmpdump%402.4%2B20151223.gitfa8646d.1-2,library,librtmp1,2.4+20151223.gitfa8646d.1-2+b2,Debian Multimedia Maintainers <debian-multimedia@lists.debian.org>,pkg:deb/debian/librtmp1@2.4%2B20151223.gitfa8646d.1-2%2Bb2?arch=amd64&distro=debian-12.15&upstream=rtmpdump%402.4%2B20151223.gitfa8646d.1-2,cpe:2.3:a:librtmp1:librtmp1:2.4\+20151223.gitfa8646d.1-2\+b2:*:*:*:*:*:*:*,STRUCTURALLY_VALID,,a,librtmp1,librtmp1,2.4\+20151223.gitfa8646d.1-2\+b2,*,*,*,*,*,*,*
131039,docker.io/library/node,24.18.0,pilot/results/sboms/node-24.18.0.cdx.json,pkg:deb/debian/libsasl2-2@2.1.28%2Bdfsg-10?arch=amd64&distro=debian-12.15&package-id=25efd5aa65ab55cb&upstream=cyrus-sasl2,library,libsasl2-2,2.1.28+dfsg-10,Debian Cyrus Team <team+cyrus@tracker.debian.org>,pkg:deb/debian/libsasl2-2@2.1.28%2Bdfsg-10?arch=amd64&distro=debian-12.15&upstream=cyrus-sasl2,cpe:2.3:a:libsasl2-2:libsasl2-2:2.1.28\+dfsg-10:*:*:*:*:*:*:*,STRUCTURALLY_VALID,,a,libsasl2-2,libsasl2-2,2.1.28\+dfsg-10,*,*,*,*,*,*,*
131040,docker.io/library/node,24.18.0,pilot/results/sboms/node-24.18.0.cdx.json,pkg:deb/debian/libsasl2-modules-db@2.1.28%2Bdfsg-10?arch=amd64&distro=debian-12.15&package-id=4f1c60756841024e&upstream=cyrus-sasl2,library,libsasl2-modules-db,2.1.28+dfsg-10,Debian Cyrus Team <team+cyrus@tracker.debian.org>,pkg:deb/debian/libsasl2-modules-db@2.1.28%2Bdfsg-10?arch=amd64&distro=debian-12.15&upstream=cyrus-sasl2,cpe:2.3:a:libsasl2-modules-db:libsasl2-modules-db:2.1.28\+dfsg-10:*:*:*:*:*:*:*,STRUCTURALLY_VALID,,a,libsasl2-modules-db,libsasl2-modules-db,2.1.28\+dfsg-10,*,*,*,*,*,*,*
131041,docker.io/library/node,24.18.0,pilot/results/sboms/node-24.18.0.cdx.json,pkg:deb/debian/libseccomp2@2.5.4-1%2Bdeb12u1?arch=amd64&distro=debian-12.15&package-id=864deba87ee227ff&upstream=libseccomp,library,libseccomp2,2.5.4-1+deb12u1,Kees Cook <kees@debian.org>,pkg:deb/debian/libseccomp2@2.5.4-1%2Bdeb12u1?arch=amd64&distro=debian-12.15&upstream=libseccomp,cpe:2.3:a:libseccomp2:libseccomp2:2.5.4-1\+deb12u1:*:*:*:*:*:*:*,STRUCTURALLY_VALID,,a,libseccomp2,libseccomp2,2.5.4-1\+deb12u1,*,*,*,*,*,*,*
131042,docker.io/library/node,24.18.0,pilot/results/sboms/node-24.18.0.cdx.json,pkg:deb/debian/libselinux1@3.4-1%2Bb6?arch=amd64&distro=debian-12.15&package-id=b898b3b52ac4e1df&upstream=libselinux%403.4-1,library,libselinux1,3.4-1+b6,Debian SELinux maintainers <selinux-devel@lists.alioth.debian.org>,pkg:deb/debian/libselinux1@3.4-1%2Bb6?arch=amd64&distro=debian-12.15&upstream=libselinux%403.4-1,cpe:2.3:a:libselinux1:libselinux1:3.4-1\+b6:*:*:*:*:*:*:*,STRUCTURALLY_VALID,,a,libselinux1,libselinux1,3.4-1\+b6,*,*,*,*,*,*,*
131043,docker.io/library/node,24.18.0,pilot/results/sboms/node-24.18.0.cdx.json,pkg:deb/debian/libselinux1-dev@3.4-1%2Bb6?arch=amd64&distro=debian-12.15&package-id=e42aa30ad8fdaec2&upstream=libselinux%403.4-1,library,libselinux1-dev,3.4-1+b6,Debian SELinux maintainers <selinux-devel@lists.alioth.debian.org>,pkg:deb/debian/libselinux1-dev@3.4-1%2Bb6?arch=amd64&distro=debian-12.15&upstream=libselinux%403.4-1,cpe:2.3:a:libselinux1-dev:libselinux1-dev:3.4-1\+b6:*:*:*:*:*:*:*,STRUCTURALLY_VALID,,a,libselinux1-dev,libselinux1-dev,3.4-1\+b6,*,*,*,*,*,*,*
131045,docker.io/library/node,24.18.0,pilot/results/sboms/node-24.18.0.cdx.json,pkg:deb/debian/libsemanage2@3.4-1%2Bb5?arch=amd64&distro=debian-12.15&package-id=3e495c97375273f7&upstream=libsemanage%403.4-1,library,libsemanage2,3.4-1+b5,Debian SELinux maintainers <selinux-devel@lists.alioth.debian.org>,pkg:deb/debian/libsemanage2@3.4-1%2Bb5?arch=amd64&distro=debian-12.15&upstream=libsemanage%403.4-1,cpe:2.3:a:libsemanage2:libsemanage2:3.4-1\+b5:*:*:*:*:*:*:*,STRUCTURALLY_VALID,,a,libsemanage2,libsemanage2,3.4-1\+b5,*,*,*,*,*,*,*
131044,docker.io/library/node,24.18.0,pilot/results/sboms/node-24.18.0.cdx.json,pkg:deb/debian/libsemanage-common@3.4-1?arch=all&distro=debian-12.15&package-id=4a9257795fc45897&upstream=libsemanage,library,libsemanage-common,3.4-1,Debian SELinux maintainers <selinux-devel@lists.alioth.debian.org>,pkg:deb/debian/libsemanage-common@3.4-1?arch=all&distro=debian-12.15&upstream=libsemanage,cpe:2.3:a:libsemanage-common:libsemanage-common:3.4-1:*:*:*:*:*:*:*,STRUCTURALLY_VALID,,a,libsemanage-common,libsemanage-common,3.4-1,*,*,*,*,*,*,*
131047,docker.io/library/node,24.18.0,pilot/results/sboms/node-24.18.0.cdx.json,pkg:deb/debian/libsepol2@3.4-2.1?arch=amd64&distro=debian-12.15&package-id=ef742c3346e74452&upstream=libsepol,library,libsepol2,3.4-2.1,Debian SELinux maintainers <selinux-devel@lists.alioth.debian.org>,pkg:deb/debian/libsepol2@3.4-2.1?arch=amd64&distro=debian-12.15&upstream=libsepol,cpe:2.3:a:libsepol2:libsepol2:3.4-2.1:*:*:*:*:*:*:*,STRUCTURALLY_VALID,,a,libsepol2,libsepol2,3.4-2.1,*,*,*,*,*,*,*
131046,docker.io/library/node,24.18.0,pilot/results/sboms/node-24.18.0.cdx.json,pkg:deb/debian/libsepol-dev@3.4-2.1?arch=amd64&distro=debian-12.15&package-id=2acb9d9a9391efef&upstream=libsepol,library,libsepol-dev,3.4-2.1,Debian SELinux maintainers <selinux-devel@lists.alioth.debian.org>,pkg:deb/debian/libsepol-dev@3.4-2.1?arch=amd64&distro=debian-12.15&upstream=libsepol,cpe:2.3:a:libsepol-dev:libsepol-dev:3.4-2.1:*:*:*:*:*:*:*,STRUCTURALLY_VALID,,a,libsepol-dev,libsepol-dev,3.4-2.1,*,*,*,*,*,*,*
131048,docker.io/library/node,24.18.0,pilot/results/sboms/node-24.18.0.cdx.json,pkg:deb/debian/libserf-1-1@1.3.9-11?arch=amd64&distro=debian-12.15&package-id=16ed9f39ed667382&upstream=serf,library,libserf-1-1,1.3.9-11,James McCoy <jamessan@debian.org>,pkg:deb/debian/libserf-1-1@1.3.9-11?arch=amd64&distro=debian-12.15&upstream=serf,cpe:2.3:a:libserf-1-1:libserf-1-1:1.3.9-11:*:*:*:*:*:*:*,STRUCTURALLY_VALID,,a,libserf-1-1,libserf-1-1,1.3.9-11,*,*,*,*,*,*,*
131050,docker.io/library/node,24.18.0,pilot/results/sboms/node-24.18.0.cdx.json,pkg:deb/debian/libsm6@2%3A1.2.3-1?arch=amd64&distro=debian-12.15&package-id=721e8998f0dba292&upstream=libsm,library,libsm6,2:1.2.3-1,Debian X Strike Force <debian-x@lists.debian.org>,pkg:deb/debian/libsm6@2%3A1.2.3-1?arch=amd64&distro=debian-12.15&upstream=libsm,cpe:2.3:a:libsm6:libsm6:2\:1.2.3-1:*:*:*:*:*:*:*,STRUCTURALLY_VALID,,a,libsm6,libsm6,2\:1.2.3-1,*,*,*,*,*,*,*
131051,docker.io/library/node,24.18.0,pilot/results/sboms/node-24.18.0.cdx.json,pkg:deb/debian/libsmartcols1@2.38.1-5%2Bdeb12u3?arch=amd64&distro=debian-12.15&package-id=ecee94562f1ce06f&upstream=util-linux,library,libsmartcols1,2.38.1-5+deb12u3,util-linux packagers <util-linux@packages.debian.org>,pkg:deb/debian/libsmartcols1@2.38.1-5%2Bdeb12u3?arch=amd64&distro=debian-12.15&upstream=util-linux,cpe:2.3:a:libsmartcols1:libsmartcols1:2.38.1-5\+deb12u3:*:*:*:*:*:*:*,STRUCTURALLY_VALID,,a,libsmartcols1,libsmartcols1,2.38.1-5\+deb12u3,*,*,*,*,*,*,*
131049,docker.io/library/node,24.18.0,pilot/results/sboms/node-24.18.0.cdx.json,pkg:deb/debian/libsm-dev@2%3A1.2.3-1?arch=amd64&distro=debian-12.15&package-id=3b0c1f23d26a8b8e&upstream=libsm,library,libsm-dev,2:1.2.3-1,Debian X Strike Force <debian-x@lists.debian.org>,pkg:deb/debian/libsm-dev@2%3A1.2.3-1?arch=amd64&distro=debian-12.15&upstream=libsm,cpe:2.3:a:libsm-dev:libsm-dev:2\:1.2.3-1:*:*:*:*:*:*:*,STRUCTURALLY_VALID,,a,libsm-dev,libsm-dev,2\:1.2.3-1,*,*,*,*,*,*,*
131052,docker.io/library/node,24.18.0,pilot/results/sboms/node-24.18.0.cdx.json,pkg:deb/debian/libsqlite3-0@3.40.1-2%2Bdeb12u2?arch=amd64&distro=debian-12.15&package-id=3705ae977c727f09&upstream=sqlite3,library,libsqlite3-0,3.40.1-2+deb12u2,Laszlo Boszormenyi (GCS) <gcs@debian.org>,pkg:deb/debian/libsqlite3-0@3.40.1-2%2Bdeb12u2?arch=amd64&distro=debian-12.15&upstream=sqlite3,cpe:2.3:a:libsqlite3-0:libsqlite3-0:3.40.1-2\+deb12u2:*:*:*:*:*:*:*,STRUCTURALLY_VALID,,a,libsqlite3-0,libsqlite3-0,3.40.1-2\+deb12u2,*,*,*,*,*,*,*
131053,docker.io/library/node,24.18.0,pilot/results/sboms/node-24.18.0.cdx.json,pkg:deb/debian/libsqlite3-dev@3.40.1-2%2Bdeb12u2?arch=amd64&distro=debian-12.15&package-id=1bc2f6ea42a0fdb8&upstream=sqlite3,library,libsqlite3-dev,3.40.1-2+deb12u2,Laszlo Boszormenyi (GCS) <gcs@debian.org>,pkg:deb/debian/libsqlite3-dev@3.40.1-2%2Bdeb12u2?arch=amd64&distro=debian-12.15&upstream=sqlite3,cpe:2.3:a:libsqlite3-dev:libsqlite3-dev:3.40.1-2\+deb12u2:*:*:*:*:*:*:*,STRUCTURALLY_VALID,,a,libsqlite3-dev,libsqlite3-dev,3.40.1-2\+deb12u2,*,*,*,*,*,*,*
131054,docker.io/library/node,24.18.0,pilot/results/sboms/node-24.18.0.cdx.json,pkg:deb/debian/libss2@1.47.0-2%2Bb2?arch=amd64&distro=debian-12.15&package-id=1604e864b4a343b7&upstream=e2fsprogs%401.47.0-2,library,libss2,1.47.0-2+b2,Theodore Y. Ts'o <tytso@mit.edu>,pkg:deb/debian/libss2@1.47.0-2%2Bb2?arch=amd64&distro=debian-12.15&upstream=e2fsprogs%401.47.0-2,cpe:2.3:a:libss2:libss2:1.47.0-2\+b2:*:*:*:*:*:*:*,STRUCTURALLY_VALID,,a,libss2,libss2,1.47.0-2\+b2,*,*,*,*,*,*,*
131055,docker.io/library/node,24.18.0,pilot/results/sboms/node-24.18.0.cdx.json,pkg:deb/debian/libssh2-1@1.10.0-3%2Bb1?arch=amd64&distro=debian-12.15&package-id=865a7a71606e882c&upstream=libssh2%401.10.0-3,library,libssh2-1,1.10.0-3+b1,Nicolas Mora <babelouest@debian.org>,pkg:deb/debian/libssh2-1@1.10.0-3%2Bb1?arch=amd64&distro=debian-12.15&upstream=libssh2%401.10.0-3,cpe:2.3:a:libssh2-1:libssh2-1:1.10.0-3\+b1:*:*:*:*:*:*:*,STRUCTURALLY_VALID,,a,libssh2-1,libssh2-1,1.10.0-3\+b1,*,*,*,*,*,*,*
131057,docker.io/library/node,24.18.0,pilot/results/sboms/node-24.18.0.cdx.json,pkg:deb/debian/libssl3@3.0.20-1~deb12u2?arch=amd64&distro=debian-12.15&package-id=f55823b1f5c2e201&upstream=openssl,library,libssl3,3.0.20-1~deb12u2,Debian OpenSSL Team <pkg-openssl-devel@alioth-lists.debian.net>,pkg:deb/debian/libssl3@3.0.20-1~deb12u2?arch=amd64&distro=debian-12.15&upstream=openssl,cpe:2.3:a:libssl3:libssl3:3.0.20-1\~deb12u2:*:*:*:*:*:*:*,STRUCTURALLY_VALID,,a,libssl3,libssl3,3.0.20-1\~deb12u2,*,*,*,*,*,*,*
131056,docker.io/library/node,24.18.0,pilot/results/sboms/node-24.18.0.cdx.json,pkg:deb/debian/libssl-dev@3.0.20-1~deb12u2?arch=amd64&distro=debian-12.15&package-id=65e4e27319307ef9&upstream=openssl,library,libssl-dev,3.0.20-1~deb12u2,Debian OpenSSL Team <pkg-openssl-devel@alioth-lists.debian.net>,pkg:deb/debian/libssl-dev@3.0.20-1~deb12u2?arch=amd64&distro=debian-12.15&upstream=openssl,cpe:2.3:a:libssl-dev:libssl-dev:3.0.20-1\~deb12u2:*:*:*:*:*:*:*,STRUCTURALLY_VALID,,a,libssl-dev,libssl-dev,3.0.20-1\~deb12u2,*,*,*,*,*,*,*
131058,docker.io/library/node,24.18.0,pilot/results/sboms/node-24.18.0.cdx.json,pkg:deb/debian/libstdc%2B%2B-12-dev@12.2.0-14%2Bdeb12u1?arch=amd64&distro=debian-12.15&package-id=23363a8f5cb22d0c&upstream=gcc-12,library,libstdc++-12-dev,12.2.0-14+deb12u1,Debian GCC Maintainers <debian-gcc@lists.debian.org>,pkg:deb/debian/libstdc%2B%2B-12-dev@12.2.0-14%2Bdeb12u1?arch=amd64&distro=debian-12.15&upstream=gcc-12,cpe:2.3:a:libstdc\+\+-12-dev:libstdc\+\+-12-dev:12.2.0-14\+deb12u1:*:*:*:*:*:*:*,STRUCTURALLY_VALID,,a,libstdc\+\+-12-dev,libstdc\+\+-12-dev,12.2.0-14\+deb12u1,*,*,*,*,*,*,*
131059,docker.io/library/node,24.18.0,pilot/results/sboms/node-24.18.0.cdx.json,pkg:deb/debian/libstdc%2B%2B6@12.2.0-14%2Bdeb12u1?arch=amd64&distro=debian-12.15&package-id=c2f4fec51904a8ce&upstream=gcc-12,library,libstdc++6,12.2.0-14+deb12u1,Debian GCC Maintainers <debian-gcc@lists.debian.org>,pkg:deb/debian/libstdc%2B%2B6@12.2.0-14%2Bdeb12u1?arch=amd64&distro=debian-12.15&upstream=gcc-12,cpe:2.3:a:libstdc\+\+6:libstdc\+\+6:12.2.0-14\+deb12u1:*:*:*:*:*:*:*,STRUCTURALLY_VALID,,a,libstdc\+\+6,libstdc\+\+6,12.2.0-14\+deb12u1,*,*,*,*,*,*,*
131060,docker.io/library/node,24.18.0,pilot/results/sboms/node-24.18.0.cdx.json,pkg:deb/debian/libsvn1@1.14.2-4%2Bdeb12u1?arch=amd64&distro=debian-12.15&package-id=a5fda4201f4422f3&upstream=subversion,library,libsvn1,1.14.2-4+deb12u1,James McCoy <jamessan@debian.org>,pkg:deb/debian/libsvn1@1.14.2-4%2Bdeb12u1?arch=amd64&distro=debian-12.15&upstream=subversion,cpe:2.3:a:libsvn1:libsvn1:1.14.2-4\+deb12u1:*:*:*:*:*:*:*,STRUCTURALLY_VALID,,a,libsvn1,libsvn1,1.14.2-4\+deb12u1,*,*,*,*,*,*,*
131061,docker.io/library/node,24.18.0,pilot/results/sboms/node-24.18.0.cdx.json,pkg:deb/debian/libsystemd0@252.39-1~deb12u2?arch=amd64&distro=debian-12.15&package-id=fa8be228d5b7724c&upstream=systemd,library,libsystemd0,252.39-1~deb12u2,Debian systemd Maintainers <pkg-systemd-maintainers@lists.alioth.debian.org>,pkg:deb/debian/libsystemd0@252.39-1~deb12u2?arch=amd64&distro=debian-12.15&upstream=systemd,cpe:2.3:a:libsystemd0:libsystemd0:252.39-1\~deb12u2:*:*:*:*:*:*:*,STRUCTURALLY_VALID,,a,libsystemd0,libsystemd0,252.39-1\~deb12u2,*,*,*,*,*,*,*
131062,docker.io/library/node,24.18.0,pilot/results/sboms/node-24.18.0.cdx.json,pkg:deb/debian/libtasn1-6@4.19.0-2%2Bdeb12u1?arch=amd64&distro=debian-12.15&package-id=9e40126b989ece04,library,libtasn1-6,4.19.0-2+deb12u1,Debian GnuTLS Maintainers <pkg-gnutls-maint@lists.alioth.debian.org>,pkg:deb/debian/libtasn1-6@4.19.0-2%2Bdeb12u1?arch=amd64&distro=debian-12.15,cpe:2.3:a:libtasn1-6:libtasn1-6:4.19.0-2\+deb12u1:*:*:*:*:*:*:*,STRUCTURALLY_VALID,,a,libtasn1-6,libtasn1-6,4.19.0-2\+deb12u1,*,*,*,*,*,*,*
131064,docker.io/library/node,24.18.0,pilot/results/sboms/node-24.18.0.cdx.json,pkg:deb/debian/libthai0@0.1.29-1?arch=amd64&distro=debian-12.15&package-id=b5c876dcb2518e5d&upstream=libthai,library,libthai0,0.1.29-1,Theppitak Karoonboonyanan <thep@debian.org>,pkg:deb/debian/libthai0@0.1.29-1?arch=amd64&distro=debian-12.15&upstream=libthai,cpe:2.3:a:libthai0:libthai0:0.1.29-1:*:*:*:*:*:*:*,STRUCTURALLY_VALID,,a,libthai0,libthai0,0.1.29-1,*,*,*,*,*,*,*
131063,docker.io/library/node,24.18.0,pilot/results/sboms/node-24.18.0.cdx.json,pkg:deb/debian/libthai-data@0.1.29-1?arch=all&distro=debian-12.15&package-id=3e2efee5b9f9ce4a&upstream=libthai,library,libthai-data,0.1.29-1,Theppitak Karoonboonyanan <thep@debian.org>,pkg:deb/debian/libthai-data@0.1.29-1?arch=all&distro=debian-12.15&upstream=libthai,cpe:2.3:a:libthai-data:libthai-data:0.1.29-1:*:*:*:*:*:*:*,STRUCTURALLY_VALID,,a,libthai-data,libthai-data,0.1.29-1,*,*,*,*,*,*,*
131066,docker.io/library/node,24.18.0,pilot/results/sboms/node-24.18.0.cdx.json,pkg:deb/debian/libtiff6@4.5.0-6%2Bdeb12u4?arch=amd64&distro=debian-12.15&package-id=d41dc3f05b6fab73&upstream=tiff,library,libtiff6,4.5.0-6+deb12u4,Laszlo Boszormenyi (GCS) <gcs@debian.org>,pkg:deb/debian/libtiff6@4.5.0-6%2Bdeb12u4?arch=amd64&distro=debian-12.15&upstream=tiff,cpe:2.3:a:libtiff6:libtiff6:4.5.0-6\+deb12u4:*:*:*:*:*:*:*,STRUCTURALLY_VALID,,a,libtiff6,libtiff6,4.5.0-6\+deb12u4,*,*,*,*,*,*,*
131065,docker.io/library/node,24.18.0,pilot/results/sboms/node-24.18.0.cdx.json,pkg:deb/debian/libtiff-dev@4.5.0-6%2Bdeb12u4?arch=amd64&distro=debian-12.15&package-id=35095459163cc193&upstream=tiff,library,libtiff-dev,4.5.0-6+deb12u4,Laszlo Boszormenyi (GCS) <gcs@debian.org>,pkg:deb/debian/libtiff-dev@4.5.0-6%2Bdeb12u4?arch=amd64&distro=debian-12.15&upstream=tiff,cpe:2.3:a:libtiff-dev:libtiff-dev:4.5.0-6\+deb12u4:*:*:*:*:*:*:*,STRUCTURALLY_VALID,,a,libtiff-dev,libtiff-dev,4.5.0-6\+deb12u4,*,*,*,*,*,*,*
131067,docker.io/library/node,24.18.0,pilot/results/sboms/node-24.18.0.cdx.json,pkg:deb/debian/libtiffxx6@4.5.0-6%2Bdeb12u4?arch=amd64&distro=debian-12.15&package-id=05a611224dadb719&upstream=tiff,library,libtiffxx6,4.5.0-6+deb12u4,Laszlo Boszormenyi (GCS) <gcs@debian.org>,pkg:deb/debian/libtiffxx6@4.5.0-6%2Bdeb12u4?arch=amd64&distro=debian-12.15&upstream=tiff,cpe:2.3:a:libtiffxx6:libtiffxx6:4.5.0-6\+deb12u4:*:*:*:*:*:*:*,STRUCTURALLY_VALID,,a,libtiffxx6,libtiffxx6,4.5.0-6\+deb12u4,*,*,*,*,*,*,*
131068,docker.io/library/node,24.18.0,pilot/results/sboms/node-24.18.0.cdx.json,pkg:deb/debian/libtinfo6@6.4-4?arch=amd64&distro=debian-12.15&package-id=a6231fb14cfeaaac&upstream=ncurses,library,libtinfo6,6.4-4,Craig Small <csmall@debian.org>,pkg:deb/debian/libtinfo6@6.4-4?arch=amd64&distro=debian-12.15&upstream=ncurses,cpe:2.3:a:libtinfo6:libtinfo6:6.4-4:*:*:*:*:*:*:*,STRUCTURALLY_VALID,,a,libtinfo6,libtinfo6,6.4-4,*,*,*,*,*,*,*
131071,docker.io/library/node,24.18.0,pilot/results/sboms/node-24.18.0.cdx.json,pkg:deb/debian/libtirpc3@1.3.3%2Bds-1?arch=amd64&distro=debian-12.15&package-id=1fc9e3e8ec9c423d&upstream=libtirpc,library,libtirpc3,1.3.3+ds-1,Josue Ortega <josue@debian.org>,pkg:deb/debian/libtirpc3@1.3.3%2Bds-1?arch=amd64&distro=debian-12.15&upstream=libtirpc,cpe:2.3:a:libtirpc3:libtirpc3:1.3.3\+ds-1:*:*:*:*:*:*:*,STRUCTURALLY_VALID,,a,libtirpc3,libtirpc3,1.3.3\+ds-1,*,*,*,*,*,*,*
131069,docker.io/library/node,24.18.0,pilot/results/sboms/node-24.18.0.cdx.json,pkg:deb/debian/libtirpc-common@1.3.3%2Bds-1?arch=all&distro=debian-12.15&package-id=39ba7f8dc7eaee8e&upstream=libtirpc,library,libtirpc-common,1.3.3+ds-1,Josue Ortega <josue@debian.org>,pkg:deb/debian/libtirpc-common@1.3.3%2Bds-1?arch=all&distro=debian-12.15&upstream=libtirpc,cpe:2.3:a:libtirpc-common:libtirpc-common:1.3.3\+ds-1:*:*:*:*:*:*:*,STRUCTURALLY_VALID,,a,libtirpc-common,libtirpc-common,1.3.3\+ds-1,*,*,*,*,*,*,*
131070,docker.io/library/node,24.18.0,pilot/results/sboms/node-24.18.0.cdx.json,pkg:deb/debian/libtirpc-dev@1.3.3%2Bds-1?arch=amd64&distro=debian-12.15&package-id=f54e603bf1627336&upstream=libtirpc,library,libtirpc-dev,1.3.3+ds-1,Josue Ortega <josue@debian.org>,pkg:deb/debian/libtirpc-dev@1.3.3%2Bds-1?arch=amd64&distro=debian-12.15&upstream=libtirpc,cpe:2.3:a:libtirpc-dev:libtirpc-dev:1.3.3\+ds-1:*:*:*:*:*:*:*,STRUCTURALLY_VALID,,a,libtirpc-dev,libtirpc-dev,1.3.3\+ds-1,*,*,*,*,*,*,*
131072,docker.io/library/node,24.18.0,pilot/results/sboms/node-24.18.0.cdx.json,pkg:deb/debian/libtool@2.4.7-7~deb12u1?arch=all&distro=debian-12.15&package-id=4efa119ffc5c1e22,library,libtool,2.4.7-7~deb12u1,Alastair McKinstry <mckinstry@debian.org>,pkg:deb/debian/libtool@2.4.7-7~deb12u1?arch=all&distro=debian-12.15,cpe:2.3:a:libtool:libtool:2.4.7-7\~deb12u1:*:*:*:*:*:*:*,STRUCTURALLY_VALID,,a,libtool,libtool,2.4.7-7\~deb12u1,*,*,*,*,*,*,*
131073,docker.io/library/node,24.18.0,pilot/results/sboms/node-24.18.0.cdx.json,pkg:deb/debian/libtsan2@12.2.0-14%2Bdeb12u1?arch=amd64&distro=debian-12.15&package-id=84ebb3dcf8d53111&upstream=gcc-12,library,libtsan2,12.2.0-14+deb12u1,Debian GCC Maintainers <debian-gcc@lists.debian.org>,pkg:deb/debian/libtsan2@12.2.0-14%2Bdeb12u1?arch=amd64&distro=debian-12.15&upstream=gcc-12,cpe:2.3:a:libtsan2:libtsan2:12.2.0-14\+deb12u1:*:*:*:*:*:*:*,STRUCTURALLY_VALID,,a,libtsan2,libtsan2,12.2.0-14\+deb12u1,*,*,*,*,*,*,*
131074,docker.io/library/node,24.18.0,pilot/results/sboms/node-24.18.0.cdx.json,pkg:deb/debian/libubsan1@12.2.0-14%2Bdeb12u1?arch=amd64&distro=debian-12.15&package-id=eab3329c061e989f&upstream=gcc-12,library,libubsan1,12.2.0-14+deb12u1,Debian GCC Maintainers <debian-gcc@lists.debian.org>,pkg:deb/debian/libubsan1@12.2.0-14%2Bdeb12u1?arch=amd64&distro=debian-12.15&upstream=gcc-12,cpe:2.3:a:libubsan1:libubsan1:12.2.0-14\+deb12u1:*:*:*:*:*:*:*,STRUCTURALLY_VALID,,a,libubsan1,libubsan1,12.2.0-14\+deb12u1,*,*,*,*,*,*,*
131075,docker.io/library/node,24.18.0,pilot/results/sboms/node-24.18.0.cdx.json,pkg:deb/debian/libudev1@252.39-1~deb12u2?arch=amd64&distro=debian-12.15&package-id=55089f35a6363c37&upstream=systemd,library,libudev1,252.39-1~deb12u2,Debian systemd Maintainers <pkg-systemd-maintainers@lists.alioth.debian.org>,pkg:deb/debian/libudev1@252.39-1~deb12u2?arch=amd64&distro=debian-12.15&upstream=systemd,cpe:2.3:a:libudev1:libudev1:252.39-1\~deb12u2:*:*:*:*:*:*:*,STRUCTURALLY_VALID,,a,libudev1,libudev1,252.39-1\~deb12u2,*,*,*,*,*,*,*
131076,docker.io/library/node,24.18.0,pilot/results/sboms/node-24.18.0.cdx.json,pkg:deb/debian/libunistring2@1.0-2?arch=amd64&distro=debian-12.15&package-id=f167882223735de0&upstream=libunistring,library,libunistring2,1.0-2,Jörg Frings-Fürst <debian@jff.email>,pkg:deb/debian/libunistring2@1.0-2?arch=amd64&distro=debian-12.15&upstream=libunistring,cpe:2.3:a:libunistring2:libunistring2:1.0-2:*:*:*:*:*:*:*,STRUCTURALLY_VALID,,a,libunistring2,libunistring2,1.0-2,*,*,*,*,*,*,*
131077,docker.io/library/node,24.18.0,pilot/results/sboms/node-24.18.0.cdx.json,pkg:deb/debian/libutf8proc2@2.8.0-1?arch=amd64&distro=debian-12.15&package-id=19f4dd5a142d491d&upstream=utf8proc,library,libutf8proc2,2.8.0-1,Debian Julia Team <pkg-julia-devel@lists.alioth.debian.org>,pkg:deb/debian/libutf8proc2@2.8.0-1?arch=amd64&distro=debian-12.15&upstream=utf8proc,cpe:2.3:a:libutf8proc2:libutf8proc2:2.8.0-1:*:*:*:*:*:*:*,STRUCTURALLY_VALID,,a,libutf8proc2,libutf8proc2,2.8.0-1,*,*,*,*,*,*,*
131078,docker.io/library/node,24.18.0,pilot/results/sboms/node-24.18.0.cdx.json,pkg:deb/debian/libuuid1@2.38.1-5%2Bdeb12u3?arch=amd64&distro=debian-12.15&package-id=2049f4c13963925a&upstream=util-linux,library,libuuid1,2.38.1-5+deb12u3,util-linux packagers <util-linux@packages.debian.org>,pkg:deb/debian/libuuid1@2.38.1-5%2Bdeb12u3?arch=amd64&distro=debian-12.15&upstream=util-linux,cpe:2.3:a:libuuid1:libuuid1:2.38.1-5\+deb12u3:*:*:*:*:*:*:*,STRUCTURALLY_VALID,,a,libuuid1,libuuid1,2.38.1-5\+deb12u3,*,*,*,*,*,*,*
131080,docker.io/library/node,24.18.0,pilot/results/sboms/node-24.18.0.cdx.json,pkg:deb/debian/libwebp7@1.2.4-0.2%2Bdeb12u1?arch=amd64&distro=debian-12.15&package-id=cfcf99d71826eb13&upstream=libwebp,library,libwebp7,1.2.4-0.2+deb12u1,Jeff Breidenbach <jab@debian.org>,pkg:deb/debian/libwebp7@1.2.4-0.2%2Bdeb12u1?arch=amd64&distro=debian-12.15&upstream=libwebp,cpe:2.3:a:libwebp7:libwebp7:1.2.4-0.2\+deb12u1:*:*:*:*:*:*:*,STRUCTURALLY_VALID,,a,libwebp7,libwebp7,1.2.4-0.2\+deb12u1,*,*,*,*,*,*,*
131081,docker.io/library/node,24.18.0,pilot/results/sboms/node-24.18.0.cdx.json,pkg:deb/debian/libwebpdemux2@1.2.4-0.2%2Bdeb12u1?arch=amd64&distro=debian-12.15&package-id=9186d5943ebc21ee&upstream=libwebp,library,libwebpdemux2,1.2.4-0.2+deb12u1,Jeff Breidenbach <jab@debian.org>,pkg:deb/debian/libwebpdemux2@1.2.4-0.2%2Bdeb12u1?arch=amd64&distro=debian-12.15&upstream=libwebp,cpe:2.3:a:libwebpdemux2:libwebpdemux2:1.2.4-0.2\+deb12u1:*:*:*:*:*:*:*,STRUCTURALLY_VALID,,a,libwebpdemux2,libwebpdemux2,1.2.4-0.2\+deb12u1,*,*,*,*,*,*,*
131079,docker.io/library/node,24.18.0,pilot/results/sboms/node-24.18.0.cdx.json,pkg:deb/debian/libwebp-dev@1.2.4-0.2%2Bdeb12u1?arch=amd64&distro=debian-12.15&package-id=c1ab4287d843628f&upstream=libwebp,library,libwebp-dev,1.2.4-0.2+deb12u1,Jeff Breidenbach <jab@debian.org>,pkg:deb/debian/libwebp-dev@1.2.4-0.2%2Bdeb12u1?arch=amd64&distro=debian-12.15&upstream=libwebp,cpe:2.3:a:libwebp-dev:libwebp-dev:1.2.4-0.2\+deb12u1:*:*:*:*:*:*:*,STRUCTURALLY_VALID,,a,libwebp-dev,libwebp-dev,1.2.4-0.2\+deb12u1,*,*,*,*,*,*,*
131082,docker.io/library/node,24.18.0,pilot/results/sboms/node-24.18.0.cdx.json,pkg:deb/debian/libwebpmux3@1.2.4-0.2%2Bdeb12u1?arch=amd64&distro=debian-12.15&package-id=0e04da9126940665&upstream=libwebp,library,libwebpmux3,1.2.4-0.2+deb12u1,Jeff Breidenbach <jab@debian.org>,pkg:deb/debian/libwebpmux3@1.2.4-0.2%2Bdeb12u1?arch=amd64&distro=debian-12.15&upstream=libwebp,cpe:2.3:a:libwebpmux3:libwebpmux3:1.2.4-0.2\+deb12u1:*:*:*:*:*:*:*,STRUCTURALLY_VALID,,a,libwebpmux3,libwebpmux3,1.2.4-0.2\+deb12u1,*,*,*,*,*,*,*
131083,docker.io/library/node,24.18.0,pilot/results/sboms/node-24.18.0.cdx.json,pkg:deb/debian/libwmf-0.2-7@0.2.12-5.1?arch=amd64&distro=debian-12.15&package-id=ebdf865d13d21735&upstream=libwmf,library,libwmf-0.2-7,0.2.12-5.1,Yangfl <mmyangfl@gmail.com>,pkg:deb/debian/libwmf-0.2-7@0.2.12-5.1?arch=amd64&distro=debian-12.15&upstream=libwmf,cpe:2.3:a:libwmf-0.2-7:libwmf-0.2-7:0.2.12-5.1:*:*:*:*:*:*:*,STRUCTURALLY_VALID,,a,libwmf-0.2-7,libwmf-0.2-7,0.2.12-5.1,*,*,*,*,*,*,*
131084,docker.io/library/node,24.18.0,pilot/results/sboms/node-24.18.0.cdx.json,pkg:deb/debian/libwmf-dev@0.2.12-5.1?arch=amd64&distro=debian-12.15&package-id=fefa72b1191e1443&upstream=libwmf,library,libwmf-dev,0.2.12-5.1,Yangfl <mmyangfl@gmail.com>,pkg:deb/debian/libwmf-dev@0.2.12-5.1?arch=amd64&distro=debian-12.15&upstream=libwmf,cpe:2.3:a:libwmf-dev:libwmf-dev:0.2.12-5.1:*:*:*:*:*:*:*,STRUCTURALLY_VALID,,a,libwmf-dev,libwmf-dev,0.2.12-5.1,*,*,*,*,*,*,*
131085,docker.io/library/node,24.18.0,pilot/results/sboms/node-24.18.0.cdx.json,pkg:deb/debian/libwmflite-0.2-7@0.2.12-5.1?arch=amd64&distro=debian-12.15&package-id=218765409402dcb0&upstream=libwmf,library,libwmflite-0.2-7,0.2.12-5.1,Yangfl <mmyangfl@gmail.com>,pkg:deb/debian/libwmflite-0.2-7@0.2.12-5.1?arch=amd64&distro=debian-12.15&upstream=libwmf,cpe:2.3:a:libwmflite-0.2-7:libwmflite-0.2-7:0.2.12-5.1:*:*:*:*:*:*:*,STRUCTURALLY_VALID,,a,libwmflite-0.2-7,libwmflite-0.2-7,0.2.12-5.1,*,*,*,*,*,*,*
131086,docker.io/library/node,24.18.0,pilot/results/sboms/node-24.18.0.cdx.json,pkg:deb/debian/libx11-6@2%3A1.8.4-2%2Bdeb12u2?arch=amd64&distro=debian-12.15&package-id=34a64022d390bd72&upstream=libx11,library,libx11-6,2:1.8.4-2+deb12u2,Debian X Strike Force <debian-x@lists.debian.org>,pkg:deb/debian/libx11-6@2%3A1.8.4-2%2Bdeb12u2?arch=amd64&distro=debian-12.15&upstream=libx11,cpe:2.3:a:libx11-6:libx11-6:2\:1.8.4-2\+deb12u2:*:*:*:*:*:*:*,STRUCTURALLY_VALID,,a,libx11-6,libx11-6,2\:1.8.4-2\+deb12u2,*,*,*,*,*,*,*
131087,docker.io/library/node,24.18.0,pilot/results/sboms/node-24.18.0.cdx.json,pkg:deb/debian/libx11-data@2%3A1.8.4-2%2Bdeb12u2?arch=all&distro=debian-12.15&package-id=84c243396fc7f065&upstream=libx11,library,libx11-data,2:1.8.4-2+deb12u2,Debian X Strike Force <debian-x@lists.debian.org>,pkg:deb/debian/libx11-data@2%3A1.8.4-2%2Bdeb12u2?arch=all&distro=debian-12.15&upstream=libx11,cpe:2.3:a:libx11-data:libx11-data:2\:1.8.4-2\+deb12u2:*:*:*:*:*:*:*,STRUCTURALLY_VALID,,a,libx11-data,libx11-data,2\:1.8.4-2\+deb12u2,*,*,*,*,*,*,*
131088,docker.io/library/node,24.18.0,pilot/results/sboms/node-24.18.0.cdx.json,pkg:deb/debian/libx11-dev@2%3A1.8.4-2%2Bdeb12u2?arch=amd64&distro=debian-12.15&package-id=8ef1a16f7f40a71a&upstream=libx11,library,libx11-dev,2:1.8.4-2+deb12u2,Debian X Strike Force <debian-x@lists.debian.org>,pkg:deb/debian/libx11-dev@2%3A1.8.4-2%2Bdeb12u2?arch=amd64&distro=debian-12.15&upstream=libx11,cpe:2.3:a:libx11-dev:libx11-dev:2\:1.8.4-2\+deb12u2:*:*:*:*:*:*:*,STRUCTURALLY_VALID,,a,libx11-dev,libx11-dev,2\:1.8.4-2\+deb12u2,*,*,*,*,*,*,*
131089,docker.io/library/node,24.18.0,pilot/results/sboms/node-24.18.0.cdx.json,pkg:deb/debian/libx265-199@3.5-2%2Bb1?arch=amd64&distro=debian-12.15&package-id=cb4c671429bbbc03&upstream=x265%403.5-2,library,libx265-199,3.5-2+b1,Debian Multimedia Maintainers <debian-multimedia@lists.debian.org>,pkg:deb/debian/libx265-199@3.5-2%2Bb1?arch=amd64&distro=debian-12.15&upstream=x265%403.5-2,cpe:2.3:a:libx265-199:libx265-199:3.5-2\+b1:*:*:*:*:*:*:*,STRUCTURALLY_VALID,,a,libx265-199,libx265-199,3.5-2\+b1,*,*,*,*,*,*,*
131091,docker.io/library/node,24.18.0,pilot/results/sboms/node-24.18.0.cdx.json,pkg:deb/debian/libxau6@1%3A1.0.9-1?arch=amd64&distro=debian-12.15&package-id=872ab899721fb21d&upstream=libxau,library,libxau6,1:1.0.9-1,Debian X Strike Force <debian-x@lists.debian.org>,pkg:deb/debian/libxau6@1%3A1.0.9-1?arch=amd64&distro=debian-12.15&upstream=libxau,cpe:2.3:a:libxau6:libxau6:1\:1.0.9-1:*:*:*:*:*:*:*,STRUCTURALLY_VALID,,a,libxau6,libxau6,1\:1.0.9-1,*,*,*,*,*,*,*
131090,docker.io/library/node,24.18.0,pilot/results/sboms/node-24.18.0.cdx.json,pkg:deb/debian/libxau-dev@1%3A1.0.9-1?arch=amd64&distro=debian-12.15&package-id=4d0ff77be1f076fa&upstream=libxau,library,libxau-dev,1:1.0.9-1,Debian X Strike Force <debian-x@lists.debian.org>,pkg:deb/debian/libxau-dev@1%3A1.0.9-1?arch=amd64&distro=debian-12.15&upstream=libxau,cpe:2.3:a:libxau-dev:libxau-dev:1\:1.0.9-1:*:*:*:*:*:*:*,STRUCTURALLY_VALID,,a,libxau-dev,libxau-dev,1\:1.0.9-1,*,*,*,*,*,*,*
131096,docker.io/library/node,24.18.0,pilot/results/sboms/node-24.18.0.cdx.json,pkg:deb/debian/libxcb1@1.15-1?arch=amd64&distro=debian-12.15&package-id=fcf65efa31b482cf&upstream=libxcb,library,libxcb1,1.15-1,Debian X Strike Force <debian-x@lists.debian.org>,pkg:deb/debian/libxcb1@1.15-1?arch=amd64&distro=debian-12.15&upstream=libxcb,cpe:2.3:a:libxcb1:libxcb1:1.15-1:*:*:*:*:*:*:*,STRUCTURALLY_VALID,,a,libxcb1,libxcb1,1.15-1,*,*,*,*,*,*,*
131097,docker.io/library/node,24.18.0,pilot/results/sboms/node-24.18.0.cdx.json,pkg:deb/debian/libxcb1-dev@1.15-1?arch=amd64&distro=debian-12.15&package-id=78efd1c068c00998&upstream=libxcb,library,libxcb1-dev,1.15-1,Debian X Strike Force <debian-x@lists.debian.org>,pkg:deb/debian/libxcb1-dev@1.15-1?arch=amd64&distro=debian-12.15&upstream=libxcb,cpe:2.3:a:libxcb1-dev:libxcb1-dev:1.15-1:*:*:*:*:*:*:*,STRUCTURALLY_VALID,,a,libxcb1-dev,libxcb1-dev,1.15-1,*,*,*,*,*,*,*
131092,docker.io/library/node,24.18.0,pilot/results/sboms/node-24.18.0.cdx.json,pkg:deb/debian/libxcb-render0@1.15-1?arch=amd64&distro=debian-12.15&package-id=47e2cbf479f180bd&upstream=libxcb,library,libxcb-render0,1.15-1,Debian X Strike Force <debian-x@lists.debian.org>,pkg:deb/debian/libxcb-render0@1.15-1?arch=amd64&distro=debian-12.15&upstream=libxcb,cpe:2.3:a:libxcb-render0:libxcb-render0:1.15-1:*:*:*:*:*:*:*,STRUCTURALLY_VALID,,a,libxcb-render0,libxcb-render0,1.15-1,*,*,*,*,*,*,*
131093,docker.io/library/node,24.18.0,pilot/results/sboms/node-24.18.0.cdx.json,pkg:deb/debian/libxcb-render0-dev@1.15-1?arch=amd64&distro=debian-12.15&package-id=f2cd0085eb271eba&upstream=libxcb,library,libxcb-render0-dev,1.15-1,Debian X Strike Force <debian-x@lists.debian.org>,pkg:deb/debian/libxcb-render0-dev@1.15-1?arch=amd64&distro=debian-12.15&upstream=libxcb,cpe:2.3:a:libxcb-render0-dev:libxcb-render0-dev:1.15-1:*:*:*:*:*:*:*,STRUCTURALLY_VALID,,a,libxcb-render0-dev,libxcb-render0-dev,1.15-1,*,*,*,*,*,*,*
131094,docker.io/library/node,24.18.0,pilot/results/sboms/node-24.18.0.cdx.json,pkg:deb/debian/libxcb-shm0@1.15-1?arch=amd64&distro=debian-12.15&package-id=0d6a997954461071&upstream=libxcb,library,libxcb-shm0,1.15-1,Debian X Strike Force <debian-x@lists.debian.org>,pkg:deb/debian/libxcb-shm0@1.15-1?arch=amd64&distro=debian-12.15&upstream=libxcb,cpe:2.3:a:libxcb-shm0:libxcb-shm0:1.15-1:*:*:*:*:*:*:*,STRUCTURALLY_VALID,,a,libxcb-shm0,libxcb-shm0,1.15-1,*,*,*,*,*,*,*
131095,docker.io/library/node,24.18.0,pilot/results/sboms/node-24.18.0.cdx.json,pkg:deb/debian/libxcb-shm0-dev@1.15-1?arch=amd64&distro=debian-12.15&package-id=d884c5db7e4ffcc7&upstream=libxcb,library,libxcb-shm0-dev,1.15-1,Debian X Strike Force <debian-x@lists.debian.org>,pkg:deb/debian/libxcb-shm0-dev@1.15-1?arch=amd64&distro=debian-12.15&upstream=libxcb,cpe:2.3:a:libxcb-shm0-dev:libxcb-shm0-dev:1.15-1:*:*:*:*:*:*:*,STRUCTURALLY_VALID,,a,libxcb-shm0-dev,libxcb-shm0-dev,1.15-1,*,*,*,*,*,*,*
131099,docker.io/library/node,24.18.0,pilot/results/sboms/node-24.18.0.cdx.json,pkg:deb/debian/libxdmcp6@1%3A1.1.2-3?arch=amd64&distro=debian-12.15&package-id=41ba9697e8228d4b&upstream=libxdmcp,library,libxdmcp6,1:1.1.2-3,Debian X Strike Force <debian-x@lists.debian.org>,pkg:deb/debian/libxdmcp6@1%3A1.1.2-3?arch=amd64&distro=debian-12.15&upstream=libxdmcp,cpe:2.3:a:libxdmcp6:libxdmcp6:1\:1.1.2-3:*:*:*:*:*:*:*,STRUCTURALLY_VALID,,a,libxdmcp6,libxdmcp6,1\:1.1.2-3,*,*,*,*,*,*,*
131098,docker.io/library/node,24.18.0,pilot/results/sboms/node-24.18.0.cdx.json,pkg:deb/debian/libxdmcp-dev@1%3A1.1.2-3?arch=amd64&distro=debian-12.15&package-id=41fe32f7166a3164&upstream=libxdmcp,library,libxdmcp-dev,1:1.1.2-3,Debian X Strike Force <debian-x@lists.debian.org>,pkg:deb/debian/libxdmcp-dev@1%3A1.1.2-3?arch=amd64&distro=debian-12.15&upstream=libxdmcp,cpe:2.3:a:libxdmcp-dev:libxdmcp-dev:1\:1.1.2-3:*:*:*:*:*:*:*,STRUCTURALLY_VALID,,a,libxdmcp-dev,libxdmcp-dev,1\:1.1.2-3,*,*,*,*,*,*,*
131101,docker.io/library/node,24.18.0,pilot/results/sboms/node-24.18.0.cdx.json,pkg:deb/debian/libxext6@2%3A1.3.4-1%2Bb1?arch=amd64&distro=debian-12.15&package-id=778bf8027f7e80d4&upstream=libxext%402%3A1.3.4-1,library,libxext6,2:1.3.4-1+b1,Debian X Strike Force <debian-x@lists.debian.org>,pkg:deb/debian/libxext6@2%3A1.3.4-1%2Bb1?arch=amd64&distro=debian-12.15&upstream=libxext%402%3A1.3.4-1,cpe:2.3:a:libxext6:libxext6:2\:1.3.4-1\+b1:*:*:*:*:*:*:*,STRUCTURALLY_VALID,,a,libxext6,libxext6,2\:1.3.4-1\+b1,*,*,*,*,*,*,*
131100,docker.io/library/node,24.18.0,pilot/results/sboms/node-24.18.0.cdx.json,pkg:deb/debian/libxext-dev@2%3A1.3.4-1%2Bb1?arch=amd64&distro=debian-12.15&package-id=ec3b759b83072b99&upstream=libxext%402%3A1.3.4-1,library,libxext-dev,2:1.3.4-1+b1,Debian X Strike Force <debian-x@lists.debian.org>,pkg:deb/debian/libxext-dev@2%3A1.3.4-1%2Bb1?arch=amd64&distro=debian-12.15&upstream=libxext%402%3A1.3.4-1,cpe:2.3:a:libxext-dev:libxext-dev:2\:1.3.4-1\+b1:*:*:*:*:*:*:*,STRUCTURALLY_VALID,,a,libxext-dev,libxext-dev,2\:1.3.4-1\+b1,*,*,*,*,*,*,*
131102,docker.io/library/node,24.18.0,pilot/results/sboms/node-24.18.0.cdx.json,pkg:deb/debian/libxml2@2.9.14%2Bdfsg-1.3~deb12u6?arch=amd64&distro=debian-12.15&package-id=dee83f732098ecac,library,libxml2,2.9.14+dfsg-1.3~deb12u6,Debian XML/SGML Group <debian-xml-sgml-pkgs@lists.alioth.debian.org>,pkg:deb/debian/libxml2@2.9.14%2Bdfsg-1.3~deb12u6?arch=amd64&distro=debian-12.15,cpe:2.3:a:libxml2:libxml2:2.9.14\+dfsg-1.3\~deb12u6:*:*:*:*:*:*:*,STRUCTURALLY_VALID,,a,libxml2,libxml2,2.9.14\+dfsg-1.3\~deb12u6,*,*,*,*,*,*,*
131103,docker.io/library/node,24.18.0,pilot/results/sboms/node-24.18.0.cdx.json,pkg:deb/debian/libxml2-dev@2.9.14%2Bdfsg-1.3~deb12u6?arch=amd64&distro=debian-12.15&package-id=e34af58fe794c658&upstream=libxml2,library,libxml2-dev,2.9.14+dfsg-1.3~deb12u6,Debian XML/SGML Group <debian-xml-sgml-pkgs@lists.alioth.debian.org>,pkg:deb/debian/libxml2-dev@2.9.14%2Bdfsg-1.3~deb12u6?arch=amd64&distro=debian-12.15&upstream=libxml2,cpe:2.3:a:libxml2-dev:libxml2-dev:2.9.14\+dfsg-1.3\~deb12u6:*:*:*:*:*:*:*,STRUCTURALLY_VALID,,a,libxml2-dev,libxml2-dev,2.9.14\+dfsg-1.3\~deb12u6,*,*,*,*,*,*,*
131105,docker.io/library/node,24.18.0,pilot/results/sboms/node-24.18.0.cdx.json,pkg:deb/debian/libxrender1@1%3A0.9.10-1.1?arch=amd64&distro=debian-12.15&package-id=a282f482354e4ef3&upstream=libxrender,library,libxrender1,1:0.9.10-1.1,Debian X Strike Force <debian-x@lists.debian.org>,pkg:deb/debian/libxrender1@1%3A0.9.10-1.1?arch=amd64&distro=debian-12.15&upstream=libxrender,cpe:2.3:a:libxrender1:libxrender1:1\:0.9.10-1.1:*:*:*:*:*:*:*,STRUCTURALLY_VALID,,a,libxrender1,libxrender1,1\:0.9.10-1.1,*,*,*,*,*,*,*
131104,docker.io/library/node,24.18.0,pilot/results/sboms/node-24.18.0.cdx.json,pkg:deb/debian/libxrender-dev@1%3A0.9.10-1.1?arch=amd64&distro=debian-12.15&package-id=221a4697d79932c2&upstream=libxrender,library,libxrender-dev,1:0.9.10-1.1,Debian X Strike Force <debian-x@lists.debian.org>,pkg:deb/debian/libxrender-dev@1%3A0.9.10-1.1?arch=amd64&distro=debian-12.15&upstream=libxrender,cpe:2.3:a:libxrender-dev:libxrender-dev:1\:0.9.10-1.1:*:*:*:*:*:*:*,STRUCTURALLY_VALID,,a,libxrender-dev,libxrender-dev,1\:0.9.10-1.1,*,*,*,*,*,*,*
131107,docker.io/library/node,24.18.0,pilot/results/sboms/node-24.18.0.cdx.json,pkg:deb/debian/libxslt1.1@1.1.35-1%2Bdeb12u4?arch=amd64&distro=debian-12.15&package-id=127f2ae91adc51ae&upstream=libxslt,library,libxslt1.1,1.1.35-1+deb12u4,Debian XML/SGML Group <debian-xml-sgml-pkgs@lists.alioth.debian.org>,pkg:deb/debian/libxslt1.1@1.1.35-1%2Bdeb12u4?arch=amd64&distro=debian-12.15&upstream=libxslt,cpe:2.3:a:libxslt1.1:libxslt1.1:1.1.35-1\+deb12u4:*:*:*:*:*:*:*,STRUCTURALLY_VALID,,a,libxslt1.1,libxslt1.1,1.1.35-1\+deb12u4,*,*,*,*,*,*,*
131106,docker.io/library/node,24.18.0,pilot/results/sboms/node-24.18.0.cdx.json,pkg:deb/debian/libxslt1-dev@1.1.35-1%2Bdeb12u4?arch=amd64&distro=debian-12.15&package-id=da72b564d72fa42e&upstream=libxslt,library,libxslt1-dev,1.1.35-1+deb12u4,Debian XML/SGML Group <debian-xml-sgml-pkgs@lists.alioth.debian.org>,pkg:deb/debian/libxslt1-dev@1.1.35-1%2Bdeb12u4?arch=amd64&distro=debian-12.15&upstream=libxslt,cpe:2.3:a:libxslt1-dev:libxslt1-dev:1.1.35-1\+deb12u4:*:*:*:*:*:*:*,STRUCTURALLY_VALID,,a,libxslt1-dev,libxslt1-dev,1.1.35-1\+deb12u4,*,*,*,*,*,*,*
131109,docker.io/library/node,24.18.0,pilot/results/sboms/node-24.18.0.cdx.json,pkg:deb/debian/libxt6@1%3A1.2.1-1.1?arch=amd64&distro=debian-12.15&package-id=ad5db75e600dc63d&upstream=libxt,library,libxt6,1:1.2.1-1.1,Debian X Strike Force <debian-x@lists.debian.org>,pkg:deb/debian/libxt6@1%3A1.2.1-1.1?arch=amd64&distro=debian-12.15&upstream=libxt,cpe:2.3:a:libxt6:libxt6:1\:1.2.1-1.1:*:*:*:*:*:*:*,STRUCTURALLY_VALID,,a,libxt6,libxt6,1\:1.2.1-1.1,*,*,*,*,*,*,*
131108,docker.io/library/node,24.18.0,pilot/results/sboms/node-24.18.0.cdx.json,pkg:deb/debian/libxt-dev@1%3A1.2.1-1.1?arch=amd64&distro=debian-12.15&package-id=75ddfe24edb98a4b&upstream=libxt,library,libxt-dev,1:1.2.1-1.1,Debian X Strike Force <debian-x@lists.debian.org>,pkg:deb/debian/libxt-dev@1%3A1.2.1-1.1?arch=amd64&distro=debian-12.15&upstream=libxt,cpe:2.3:a:libxt-dev:libxt-dev:1\:1.2.1-1.1:*:*:*:*:*:*:*,STRUCTURALLY_VALID,,a,libxt-dev,libxt-dev,1\:1.2.1-1.1,*,*,*,*,*,*,*
131110,docker.io/library/node,24.18.0,pilot/results/sboms/node-24.18.0.cdx.json,pkg:deb/debian/libxxhash0@0.8.1-1?arch=amd64&distro=debian-12.15&package-id=662454f7c4742a97&upstream=xxhash,library,libxxhash0,0.8.1-1,Josue Ortega <josue@debian.org>,pkg:deb/debian/libxxhash0@0.8.1-1?arch=amd64&distro=debian-12.15&upstream=xxhash,cpe:2.3:a:libxxhash0:libxxhash0:0.8.1-1:*:*:*:*:*:*:*,STRUCTURALLY_VALID,,a,libxxhash0,libxxhash0,0.8.1-1,*,*,*,*,*,*,*
131111,docker.io/library/node,24.18.0,pilot/results/sboms/node-24.18.0.cdx.json,pkg:deb/debian/libyaml-0-2@0.2.5-1?arch=amd64&distro=debian-12.15&package-id=8012fbb355bce43f&upstream=libyaml,library,libyaml-0-2,0.2.5-1,Florian Ernst <florian@debian.org>,pkg:deb/debian/libyaml-0-2@0.2.5-1?arch=amd64&distro=debian-12.15&upstream=libyaml,cpe:2.3:a:libyaml-0-2:libyaml-0-2:0.2.5-1:*:*:*:*:*:*:*,STRUCTURALLY_VALID,,a,libyaml-0-2,libyaml-0-2,0.2.5-1,*,*,*,*,*,*,*
131112,docker.io/library/node,24.18.0,pilot/results/sboms/node-24.18.0.cdx.json,pkg:deb/debian/libyaml-dev@0.2.5-1?arch=amd64&distro=debian-12.15&package-id=c02e7c7d8c2c7daa&upstream=libyaml,library,libyaml-dev,0.2.5-1,Florian Ernst <florian@debian.org>,pkg:deb/debian/libyaml-dev@0.2.5-1?arch=amd64&distro=debian-12.15&upstream=libyaml,cpe:2.3:a:libyaml-dev:libyaml-dev:0.2.5-1:*:*:*:*:*:*:*,STRUCTURALLY_VALID,,a,libyaml-dev,libyaml-dev,0.2.5-1,*,*,*,*,*,*,*
131114,docker.io/library/node,24.18.0,pilot/results/sboms/node-24.18.0.cdx.json,pkg:deb/debian/libzstd1@1.5.4%2Bdfsg2-5?arch=amd64&distro=debian-12.15&package-id=7cc55da81007017d&upstream=libzstd,library,libzstd1,1.5.4+dfsg2-5,RPM packaging team <team+pkg-rpm@tracker.debian.org>,pkg:deb/debian/libzstd1@1.5.4%2Bdfsg2-5?arch=amd64&distro=debian-12.15&upstream=libzstd,cpe:2.3:a:libzstd1:libzstd1:1.5.4\+dfsg2-5:*:*:*:*:*:*:*,STRUCTURALLY_VALID,,a,libzstd1,libzstd1,1.5.4\+dfsg2-5,*,*,*,*,*,*,*
131113,docker.io/library/node,24.18.0,pilot/results/sboms/node-24.18.0.cdx.json,pkg:deb/debian/libzstd-dev@1.5.4%2Bdfsg2-5?arch=amd64&distro=debian-12.15&package-id=e064d0598bf0cc66&upstream=libzstd,library,libzstd-dev,1.5.4+dfsg2-5,RPM packaging team <team+pkg-rpm@tracker.debian.org>,pkg:deb/debian/libzstd-dev@1.5.4%2Bdfsg2-5?arch=amd64&distro=debian-12.15&upstream=libzstd,cpe:2.3:a:libzstd-dev:libzstd-dev:1.5.4\+dfsg2-5:*:*:*:*:*:*:*,STRUCTURALLY_VALID,,a,libzstd-dev,libzstd-dev,1.5.4\+dfsg2-5,*,*,*,*,*,*,*
131115,docker.io/library/node,24.18.0,pilot/results/sboms/node-24.18.0.cdx.json,pkg:deb/debian/linux-libc-dev@6.1.176-1?arch=amd64&distro=debian-12.15&package-id=901b11a50eeaf341&upstream=linux,library,linux-libc-dev,6.1.176-1,Debian Kernel Team <debian-kernel@lists.debian.org>,pkg:deb/debian/linux-libc-dev@6.1.176-1?arch=amd64&distro=debian-12.15&upstream=linux,cpe:2.3:a:linux-libc-dev:linux-libc-dev:6.1.176-1:*:*:*:*:*:*:*,STRUCTURALLY_VALID,,a,linux-libc-dev,linux-libc-dev,6.1.176-1,*,*,*,*,*,*,*
131116,docker.io/library/node,24.18.0,pilot/results/sboms/node-24.18.0.cdx.json,pkg:deb/debian/login@1%3A4.13%2Bdfsg1-1%2Bdeb12u2?arch=amd64&distro=debian-12.15&package-id=d5e0daed57b0ef5c&upstream=shadow,library,login,1:4.13+dfsg1-1+deb12u2,Shadow package maintainers <pkg-shadow-devel@lists.alioth.debian.org>,pkg:deb/debian/login@1%3A4.13%2Bdfsg1-1%2Bdeb12u2?arch=amd64&distro=debian-12.15&upstream=shadow,cpe:2.3:a:login:login:1\:4.13\+dfsg1-1\+deb12u2:*:*:*:*:*:*:*,STRUCTURALLY_VALID,,a,login,login,1\:4.13\+dfsg1-1\+deb12u2,*,*,*,*,*,*,*
131117,docker.io/library/node,24.18.0,pilot/results/sboms/node-24.18.0.cdx.json,pkg:deb/debian/logsave@1.47.0-2%2Bb2?arch=amd64&distro=debian-12.15&package-id=db69887a7e4088b2&upstream=e2fsprogs%401.47.0-2,library,logsave,1.47.0-2+b2,Theodore Y. Ts'o <tytso@mit.edu>,pkg:deb/debian/logsave@1.47.0-2%2Bb2?arch=amd64&distro=debian-12.15&upstream=e2fsprogs%401.47.0-2,cpe:2.3:a:logsave:logsave:1.47.0-2\+b2:*:*:*:*:*:*:*,STRUCTURALLY_VALID,,a,logsave,logsave,1.47.0-2\+b2,*,*,*,*,*,*,*
131118,docker.io/library/node,24.18.0,pilot/results/sboms/node-24.18.0.cdx.json,pkg:npm/lru-cache@11.5.1?package-id=4ef9fecc17f020d4,library,lru-cache,11.5.1,,pkg:npm/lru-cache@11.5.1,cpe:2.3:a:isaacs:lru-cache:11.5.1:*:*:*:*:node.js:*:*,STRUCTURALLY_VALID,,a,isaacs,lru-cache,11.5.1,*,*,*,*,node.js,*,*
131119,docker.io/library/node,24.18.0,pilot/results/sboms/node-24.18.0.cdx.json,pkg:deb/debian/m4@1.4.19-3?arch=amd64&distro=debian-12.15&package-id=10552197950b5e5a,library,m4,1.4.19-3,Santiago Vila <sanvila@debian.org>,pkg:deb/debian/m4@1.4.19-3?arch=amd64&distro=debian-12.15,cpe:2.3:a:m4:m4:1.4.19-3:*:*:*:*:*:*:*,STRUCTURALLY_VALID,,a,m4,m4,1.4.19-3,*,*,*,*,*,*,*
131120,docker.io/library/node,24.18.0,pilot/results/sboms/node-24.18.0.cdx.json,pkg:deb/debian/make@4.3-4.1?arch=amd64&distro=debian-12.15&package-id=1a167c3e0c658ca7&upstream=make-dfsg,library,make,4.3-4.1,Manoj Srivastava <srivasta@debian.org>,pkg:deb/debian/make@4.3-4.1?arch=amd64&distro=debian-12.15&upstream=make-dfsg,cpe:2.3:a:make:make:4.3-4.1:*:*:*:*:*:*:*,STRUCTURALLY_VALID,,a,make,make,4.3-4.1,*,*,*,*,*,*,*
131121,docker.io/library/node,24.18.0,pilot/results/sboms/node-24.18.0.cdx.json,pkg:npm/make-fetch-happen@15.0.6?package-id=e4f8961b16b16773,library,make-fetch-happen,15.0.6,,pkg:npm/make-fetch-happen@15.0.6,cpe:2.3:a:make-fetch-happen:make-fetch-happen:15.0.6:*:*:*:*:*:*:*,STRUCTURALLY_VALID,,a,make-fetch-happen,make-fetch-happen,15.0.6,*,*,*,*,*,*,*
131122,docker.io/library/node,24.18.0,pilot/results/sboms/node-24.18.0.cdx.json,pkg:deb/debian/mariadb-common@1%3A10.11.18-0%2Bdeb12u1?arch=all&distro=debian-12.15&package-id=4fb6b822baea4ee6&upstream=mariadb,library,mariadb-common,1:10.11.18-0+deb12u1,Debian MySQL Maintainers <pkg-mysql-maint@lists.alioth.debian.org>,pkg:deb/debian/mariadb-common@1%3A10.11.18-0%2Bdeb12u1?arch=all&distro=debian-12.15&upstream=mariadb,cpe:2.3:a:mariadb-common:mariadb-common:1\:10.11.18-0\+deb12u1:*:*:*:*:*:*:*,STRUCTURALLY_VALID,,a,mariadb-common,mariadb-common,1\:10.11.18-0\+deb12u1,*,*,*,*,*,*,*
131123,docker.io/library/node,24.18.0,pilot/results/sboms/node-24.18.0.cdx.json,pkg:deb/debian/mawk@1.3.4.20200120-3.1?arch=amd64&distro=debian-12.15&package-id=81ae31ac445c7dbb,library,mawk,1.3.4.20200120-3.1,Boyuan Yang <byang@debian.org>,pkg:deb/debian/mawk@1.3.4.20200120-3.1?arch=amd64&distro=debian-12.15,cpe:2.3:a:mawk:mawk:1.3.4.20200120-3.1:*:*:*:*:*:*:*,STRUCTURALLY_VALID,,a,mawk,mawk,1.3.4.20200120-3.1,*,*,*,*,*,*,*
131124,docker.io/library/node,24.18.0,pilot/results/sboms/node-24.18.0.cdx.json,pkg:deb/debian/media-types@10.0.0?arch=all&distro=debian-12.15&package-id=d3b1243bf2e1d1fe,library,media-types,10.0.0,Mime-Support Packagers <team+debian-mimesupport-packagers@tracker.debian.org>,pkg:deb/debian/media-types@10.0.0?arch=all&distro=debian-12.15,cpe:2.3:a:media-types:media-types:10.0.0:*:*:*:*:*:*:*,STRUCTURALLY_VALID,,a,media-types,media-types,10.0.0,*,*,*,*,*,*,*
131125,docker.io/library/node,24.18.0,pilot/results/sboms/node-24.18.0.cdx.json,pkg:pypi/mercurial@6.3.2?package-id=fc35c412b53960cf,library,mercurial,6.3.2,,pkg:pypi/mercurial@6.3.2,cpe:2.3:a:olivia_mackall_and_many_others_project:python-mercurial:6.3.2:*:*:*:*:*:*:*,STRUCTURALLY_VALID,,a,olivia_mackall_and_many_others_project,python-mercurial,6.3.2,*,*,*,*,*,*,*
131126,docker.io/library/node,24.18.0,pilot/results/sboms/node-24.18.0.cdx.json,pkg:deb/debian/mercurial@6.3.2-1%2Bdeb12u1?arch=amd64&distro=debian-12.15&package-id=8f111ba040e6d858,library,mercurial,6.3.2-1+deb12u1,Debian Python Team <team+python@tracker.debian.org>,pkg:deb/debian/mercurial@6.3.2-1%2Bdeb12u1?arch=amd64&distro=debian-12.15,cpe:2.3:a:mercurial:mercurial:6.3.2-1\+deb12u1:*:*:*:*:*:*:*,STRUCTURALLY_VALID,,a,mercurial,mercurial,6.3.2-1\+deb12u1,*,*,*,*,*,*,*
131127,docker.io/library/node,24.18.0,pilot/results/sboms/node-24.18.0.cdx.json,pkg:deb/debian/mercurial-common@6.3.2-1%2Bdeb12u1?arch=all&distro=debian-12.15&package-id=b163f40d5523b4dc&upstream=mercurial,library,mercurial-common,6.3.2-1+deb12u1,Debian Python Team <team+python@tracker.debian.org>,pkg:deb/debian/mercurial-common@6.3.2-1%2Bdeb12u1?arch=all&distro=debian-12.15&upstream=mercurial,cpe:2.3:a:mercurial-common:mercurial-common:6.3.2-1\+deb12u1:*:*:*:*:*:*:*,STRUCTURALLY_VALID,,a,mercurial-common,mercurial-common,6.3.2-1\+deb12u1,*,*,*,*,*,*,*
131128,docker.io/library/node,24.18.0,pilot/results/sboms/node-24.18.0.cdx.json,pkg:npm/minimatch@10.2.5?package-id=b66ed347238330e2,library,minimatch,10.2.5,,pkg:npm/minimatch@10.2.5,cpe:2.3:a:minimatch_project:minimatch:10.2.5:*:*:*:*:node.js:*:*,STRUCTURALLY_VALID,,a,minimatch_project,minimatch,10.2.5,*,*,*,*,node.js,*,*
131129,docker.io/library/node,24.18.0,pilot/results/sboms/node-24.18.0.cdx.json,pkg:npm/minipass@3.3.6?package-id=5e75a0fab7d11386,library,minipass,3.3.6,,pkg:npm/minipass@3.3.6,cpe:2.3:a:minipass:minipass:3.3.6:*:*:*:*:*:*:*,STRUCTURALLY_VALID,,a,minipass,minipass,3.3.6,*,*,*,*,*,*,*
131130,docker.io/library/node,24.18.0,pilot/results/sboms/node-24.18.0.cdx.json,pkg:npm/minipass@7.1.3?package-id=4be4eeb5420357fa,library,minipass,7.1.3,,pkg:npm/minipass@7.1.3,cpe:2.3:a:minipass:minipass:7.1.3:*:*:*:*:*:*:*,STRUCTURALLY_VALID,,a,minipass,minipass,7.1.3,*,*,*,*,*,*,*
131131,docker.io/library/node,24.18.0,pilot/results/sboms/node-24.18.0.cdx.json,pkg:npm/minipass-collect@2.0.1?package-id=888c35bbc6e8add0,library,minipass-collect,2.0.1,,pkg:npm/minipass-collect@2.0.1,cpe:2.3:a:minipass-collect:minipass-collect:2.0.1:*:*:*:*:*:*:*,STRUCTURALLY_VALID,,a,minipass-collect,minipass-collect,2.0.1,*,*,*,*,*,*,*
131132,docker.io/library/node,24.18.0,pilot/results/sboms/node-24.18.0.cdx.json,pkg:npm/minipass-fetch@5.0.2?package-id=7bf0a2faa1e24ecb,library,minipass-fetch,5.0.2,,pkg:npm/minipass-fetch@5.0.2,cpe:2.3:a:minipass-fetch:minipass-fetch:5.0.2:*:*:*:*:*:*:*,STRUCTURALLY_VALID,,a,minipass-fetch,minipass-fetch,5.0.2,*,*,*,*,*,*,*
131133,docker.io/library/node,24.18.0,pilot/results/sboms/node-24.18.0.cdx.json,pkg:npm/minipass-flush@1.0.6?package-id=09570ba24cef6291,library,minipass-flush,1.0.6,,pkg:npm/minipass-flush@1.0.6,cpe:2.3:a:minipass-flush:minipass-flush:1.0.6:*:*:*:*:*:*:*,STRUCTURALLY_VALID,,a,minipass-flush,minipass-flush,1.0.6,*,*,*,*,*,*,*
131134,docker.io/library/node,24.18.0,pilot/results/sboms/node-24.18.0.cdx.json,pkg:npm/minipass-pipeline@1.2.4?package-id=6bcc913ba29941f6,library,minipass-pipeline,1.2.4,,pkg:npm/minipass-pipeline@1.2.4,cpe:2.3:a:minipass-pipeline:minipass-pipeline:1.2.4:*:*:*:*:*:*:*,STRUCTURALLY_VALID,,a,minipass-pipeline,minipass-pipeline,1.2.4,*,*,*,*,*,*,*
131135,docker.io/library/node,24.18.0,pilot/results/sboms/node-24.18.0.cdx.json,pkg:npm/minipass-sized@2.0.0?package-id=8247e756819a2a50,library,minipass-sized,2.0.0,,pkg:npm/minipass-sized@2.0.0,cpe:2.3:a:minipass-sized:minipass-sized:2.0.0:*:*:*:*:*:*:*,STRUCTURALLY_VALID,,a,minipass-sized,minipass-sized,2.0.0,*,*,*,*,*,*,*
131136,docker.io/library/node,24.18.0,pilot/results/sboms/node-24.18.0.cdx.json,pkg:npm/minizlib@3.1.0?package-id=dbc7cd77a00372be,library,minizlib,3.1.0,,pkg:npm/minizlib@3.1.0,cpe:2.3:a:minizlib:minizlib:3.1.0:*:*:*:*:*:*:*,STRUCTURALLY_VALID,,a,minizlib,minizlib,3.1.0,*,*,*,*,*,*,*
131137,docker.io/library/node,24.18.0,pilot/results/sboms/node-24.18.0.cdx.json,pkg:deb/debian/mount@2.38.1-5%2Bdeb12u3?arch=amd64&distro=debian-12.15&package-id=e75e0a2b6968d414&upstream=util-linux,library,mount,2.38.1-5+deb12u3,util-linux packagers <util-linux@packages.debian.org>,pkg:deb/debian/mount@2.38.1-5%2Bdeb12u3?arch=amd64&distro=debian-12.15&upstream=util-linux,cpe:2.3:a:mount:mount:2.38.1-5\+deb12u3:*:*:*:*:*:*:*,STRUCTURALLY_VALID,,a,mount,mount,2.38.1-5\+deb12u3,*,*,*,*,*,*,*
131138,docker.io/library/node,24.18.0,pilot/results/sboms/node-24.18.0.cdx.json,pkg:npm/ms@2.1.3?package-id=8caca04449f26d10,library,ms,2.1.3,,pkg:npm/ms@2.1.3,cpe:2.3:a:vercel:ms:2.1.3:*:*:*:*:node.js:*:*,STRUCTURALLY_VALID,,a,vercel,ms,2.1.3,*,*,*,*,node.js,*,*
131139,docker.io/library/node,24.18.0,pilot/results/sboms/node-24.18.0.cdx.json,pkg:npm/mute-stream@3.0.0?package-id=48f235d7dbdd8dd6,library,mute-stream,3.0.0,,pkg:npm/mute-stream@3.0.0,cpe:2.3:a:mute-stream:mute-stream:3.0.0:*:*:*:*:*:*:*,STRUCTURALLY_VALID,,a,mute-stream,mute-stream,3.0.0,*,*,*,*,*,*,*
131140,docker.io/library/node,24.18.0,pilot/results/sboms/node-24.18.0.cdx.json,pkg:deb/debian/mysql-common@5.8%2B1.1.0?arch=all&distro=debian-12.15&package-id=08b864c7d22346b6&upstream=mysql-defaults%401.1.0,library,mysql-common,5.8+1.1.0,Debian MySQL Maintainers <pkg-mysql-maint@lists.alioth.debian.org>,pkg:deb/debian/mysql-common@5.8%2B1.1.0?arch=all&distro=debian-12.15&upstream=mysql-defaults%401.1.0,cpe:2.3:a:mysql-common:mysql-common:5.8\+1.1.0:*:*:*:*:*:*:*,STRUCTURALLY_VALID,,a,mysql-common,mysql-common,5.8\+1.1.0,*,*,*,*,*,*,*
131141,docker.io/library/node,24.18.0,pilot/results/sboms/node-24.18.0.cdx.json,pkg:deb/debian/ncurses-base@6.4-4?arch=all&distro=debian-12.15&package-id=ec73073218fd031a&upstream=ncurses,library,ncurses-base,6.4-4,Craig Small <csmall@debian.org>,pkg:deb/debian/ncurses-base@6.4-4?arch=all&distro=debian-12.15&upstream=ncurses,cpe:2.3:a:ncurses-base:ncurses-base:6.4-4:*:*:*:*:*:*:*,STRUCTURALLY_VALID,,a,ncurses-base,ncurses-base,6.4-4,*,*,*,*,*,*,*
131142,docker.io/library/node,24.18.0,pilot/results/sboms/node-24.18.0.cdx.json,pkg:deb/debian/ncurses-bin@6.4-4?arch=amd64&distro=debian-12.15&package-id=c5b18ac268f2ccdf&upstream=ncurses,library,ncurses-bin,6.4-4,Craig Small <csmall@debian.org>,pkg:deb/debian/ncurses-bin@6.4-4?arch=amd64&distro=debian-12.15&upstream=ncurses,cpe:2.3:a:ncurses-bin:ncurses-bin:6.4-4:*:*:*:*:*:*:*,STRUCTURALLY_VALID,,a,ncurses-bin,ncurses-bin,6.4-4,*,*,*,*,*,*,*
131143,docker.io/library/node,24.18.0,pilot/results/sboms/node-24.18.0.cdx.json,pkg:npm/negotiator@1.0.0?package-id=cbc40dddab6416f9,library,negotiator,1.0.0,,pkg:npm/negotiator@1.0.0,cpe:2.3:a:negotiator:negotiator:1.0.0:*:*:*:*:*:*:*,STRUCTURALLY_VALID,,a,negotiator,negotiator,1.0.0,*,*,*,*,*,*,*
131144,docker.io/library/node,24.18.0,pilot/results/sboms/node-24.18.0.cdx.json,pkg:deb/debian/netbase@6.4?arch=all&distro=debian-12.15&package-id=61a0a97a032fba8b,library,netbase,6.4,Marco d'Itri <md@linux.it>,pkg:deb/debian/netbase@6.4?arch=all&distro=debian-12.15,cpe:2.3:a:netbase:netbase:6.4:*:*:*:*:*:*:*,STRUCTURALLY_VALID,,a,netbase,netbase,6.4,*,*,*,*,*,*,*
131145,docker.io/library/node,24.18.0,pilot/results/sboms/node-24.18.0.cdx.json,pkg:generic/node@24.18.0?package-id=0dfd43f7ec7f32f2,application,node,24.18.0,,pkg:generic/node@24.18.0,cpe:2.3:a:nodejs:node.js:24.18.0:*:*:*:*:*:*:*,STRUCTURALLY_VALID,,a,nodejs,node.js,24.18.0,*,*,*,*,*,*,*
131146,docker.io/library/node,24.18.0,pilot/results/sboms/node-24.18.0.cdx.json,pkg:npm/node-gyp@12.3.0?package-id=ce2854a603fd7bba,library,node-gyp,12.3.0,,pkg:npm/node-gyp@12.3.0,cpe:2.3:a:node-gyp:node-gyp:12.3.0:*:*:*:*:*:*:*,STRUCTURALLY_VALID,,a,node-gyp,node-gyp,12.3.0,*,*,*,*,*,*,*
131147,docker.io/library/node,24.18.0,pilot/results/sboms/node-24.18.0.cdx.json,pkg:npm/nopt@9.0.0?package-id=0137a4b83401e9f9,library,nopt,9.0.0,,pkg:npm/nopt@9.0.0,cpe:2.3:a:nopt:nopt:9.0.0:*:*:*:*:*:*:*,STRUCTURALLY_VALID,,a,nopt,nopt,9.0.0,*,*,*,*,*,*,*
131148,docker.io/library/node,24.18.0,pilot/results/sboms/node-24.18.0.cdx.json,pkg:npm/npm@11.16.0?package-id=1779d7f2a20c1739,library,npm,11.16.0,,pkg:npm/npm@11.16.0,cpe:2.3:a:node_packaged_modules_project:node_packaged_modules:11.16.0:*:*:*:*:node.js:*:*,STRUCTURALLY_VALID,,a,node_packaged_modules_project,node_packaged_modules,11.16.0,*,*,*,*,node.js,*,*
131149,docker.io/library/node,24.18.0,pilot/results/sboms/node-24.18.0.cdx.json,pkg:npm/npm-audit-report@7.0.0?package-id=4ccd75cbb502cc1b,library,npm-audit-report,7.0.0,,pkg:npm/npm-audit-report@7.0.0,cpe:2.3:a:npm-audit-report:npm-audit-report:7.0.0:*:*:*:*:*:*:*,STRUCTURALLY_VALID,,a,npm-audit-report,npm-audit-report,7.0.0,*,*,*,*,*,*,*
131150,docker.io/library/node,24.18.0,pilot/results/sboms/node-24.18.0.cdx.json,pkg:npm/npm-bundled@5.0.0?package-id=15746fe300b390c5,library,npm-bundled,5.0.0,,pkg:npm/npm-bundled@5.0.0,cpe:2.3:a:npm-bundled:npm-bundled:5.0.0:*:*:*:*:*:*:*,STRUCTURALLY_VALID,,a,npm-bundled,npm-bundled,5.0.0,*,*,*,*,*,*,*
130685,docker.io/library/node,24.18.0,pilot/results/sboms/node-24.18.0.cdx.json,pkg:npm/%40npmcli/agent@4.0.2?package-id=40be4792a24ff5dd,library,@npmcli/agent,4.0.2,,pkg:npm/%40npmcli/agent@4.0.2,cpe:2.3:a:\@npmcli\/agent:\@npmcli\/agent:4.0.2:*:*:*:*:*:*:*,STRUCTURALLY_VALID,,a,\@npmcli\/agent,\@npmcli\/agent,4.0.2,*,*,*,*,*,*,*
130686,docker.io/library/node,24.18.0,pilot/results/sboms/node-24.18.0.cdx.json,pkg:npm/%40npmcli/arborist@9.7.0?package-id=64939d503a830a6e,library,@npmcli/arborist,9.7.0,,pkg:npm/%40npmcli/arborist@9.7.0,cpe:2.3:a:npmjs:arborist:9.7.0:*:*:*:*:node.js:*:*,STRUCTURALLY_VALID,,a,npmjs,arborist,9.7.0,*,*,*,*,node.js,*,*
130687,docker.io/library/node,24.18.0,pilot/results/sboms/node-24.18.0.cdx.json,pkg:npm/%40npmcli/config@10.10.0?package-id=281526e169e6f385,library,@npmcli/config,10.10.0,,pkg:npm/%40npmcli/config@10.10.0,cpe:2.3:a:\@npmcli\/config:\@npmcli\/config:10.10.0:*:*:*:*:*:*:*,STRUCTURALLY_VALID,,a,\@npmcli\/config,\@npmcli\/config,10.10.0,*,*,*,*,*,*,*
130688,docker.io/library/node,24.18.0,pilot/results/sboms/node-24.18.0.cdx.json,pkg:npm/%40npmcli/fs@5.0.0?package-id=592b61f5c8989fe0,library,@npmcli/fs,5.0.0,,pkg:npm/%40npmcli/fs@5.0.0,cpe:2.3:a:\@npmcli\/fs:\@npmcli\/fs:5.0.0:*:*:*:*:*:*:*,STRUCTURALLY_VALID,,a,\@npmcli\/fs,\@npmcli\/fs,5.0.0,*,*,*,*,*,*,*
130689,docker.io/library/node,24.18.0,pilot/results/sboms/node-24.18.0.cdx.json,pkg:npm/%40npmcli/git@7.0.2?package-id=acd7a5ff76a05518,library,@npmcli/git,7.0.2,,pkg:npm/%40npmcli/git@7.0.2,cpe:2.3:a:\@npmcli\/git:\@npmcli\/git:7.0.2:*:*:*:*:*:*:*,STRUCTURALLY_VALID,,a,\@npmcli\/git,\@npmcli\/git,7.0.2,*,*,*,*,*,*,*
130690,docker.io/library/node,24.18.0,pilot/results/sboms/node-24.18.0.cdx.json,pkg:npm/%40npmcli/installed-package-contents@4.0.0?package-id=5704a8f77aabee1e,library,@npmcli/installed-package-contents,4.0.0,,pkg:npm/%40npmcli/installed-package-contents@4.0.0,cpe:2.3:a:\@npmcli\/installed-package-contents:\@npmcli\/installed-package-contents:4.0.0:*:*:*:*:*:*:*,STRUCTURALLY_VALID,,a,\@npmcli\/installed-package-contents,\@npmcli\/installed-package-contents,4.0.0,*,*,*,*,*,*,*
130691,docker.io/library/node,24.18.0,pilot/results/sboms/node-24.18.0.cdx.json,pkg:npm/%40npmcli/map-workspaces@5.0.3?package-id=1f0eb5c4f7140d01,library,@npmcli/map-workspaces,5.0.3,,pkg:npm/%40npmcli/map-workspaces@5.0.3,cpe:2.3:a:\@npmcli\/map-workspaces:\@npmcli\/map-workspaces:5.0.3:*:*:*:*:*:*:*,STRUCTURALLY_VALID,,a,\@npmcli\/map-workspaces,\@npmcli\/map-workspaces,5.0.3,*,*,*,*,*,*,*
130692,docker.io/library/node,24.18.0,pilot/results/sboms/node-24.18.0.cdx.json,pkg:npm/%40npmcli/metavuln-calculator@9.0.3?package-id=c26a2fcc0f919d76,library,@npmcli/metavuln-calculator,9.0.3,,pkg:npm/%40npmcli/metavuln-calculator@9.0.3,cpe:2.3:a:\@npmcli\/metavuln-calculator:\@npmcli\/metavuln-calculator:9.0.3:*:*:*:*:*:*:*,STRUCTURALLY_VALID,,a,\@npmcli\/metavuln-calculator,\@npmcli\/metavuln-calculator,9.0.3,*,*,*,*,*,*,*
130693,docker.io/library/node,24.18.0,pilot/results/sboms/node-24.18.0.cdx.json,pkg:npm/%40npmcli/name-from-folder@4.0.0?package-id=fac7746ccc01b4db,library,@npmcli/name-from-folder,4.0.0,,pkg:npm/%40npmcli/name-from-folder@4.0.0,cpe:2.3:a:\@npmcli\/name-from-folder:\@npmcli\/name-from-folder:4.0.0:*:*:*:*:*:*:*,STRUCTURALLY_VALID,,a,\@npmcli\/name-from-folder,\@npmcli\/name-from-folder,4.0.0,*,*,*,*,*,*,*
130694,docker.io/library/node,24.18.0,pilot/results/sboms/node-24.18.0.cdx.json,pkg:npm/%40npmcli/node-gyp@5.0.0?package-id=83ab6e7ee6ba43d7,library,@npmcli/node-gyp,5.0.0,,pkg:npm/%40npmcli/node-gyp@5.0.0,cpe:2.3:a:\@npmcli\/node-gyp:\@npmcli\/node-gyp:5.0.0:*:*:*:*:*:*:*,STRUCTURALLY_VALID,,a,\@npmcli\/node-gyp,\@npmcli\/node-gyp,5.0.0,*,*,*,*,*,*,*
130695,docker.io/library/node,24.18.0,pilot/results/sboms/node-24.18.0.cdx.json,pkg:npm/%40npmcli/package-json@7.0.5?package-id=ad9c69b4675672c6,library,@npmcli/package-json,7.0.5,,pkg:npm/%40npmcli/package-json@7.0.5,cpe:2.3:a:\@npmcli\/package-json:\@npmcli\/package-json:7.0.5:*:*:*:*:*:*:*,STRUCTURALLY_VALID,,a,\@npmcli\/package-json,\@npmcli\/package-json,7.0.5,*,*,*,*,*,*,*
130696,docker.io/library/node,24.18.0,pilot/results/sboms/node-24.18.0.cdx.json,pkg:npm/%40npmcli/promise-spawn@9.0.1?package-id=ec660851ca817213,library,@npmcli/promise-spawn,9.0.1,,pkg:npm/%40npmcli/promise-spawn@9.0.1,cpe:2.3:a:\@npmcli\/promise-spawn:\@npmcli\/promise-spawn:9.0.1:*:*:*:*:*:*:*,STRUCTURALLY_VALID,,a,\@npmcli\/promise-spawn,\@npmcli\/promise-spawn,9.0.1,*,*,*,*,*,*,*
130697,docker.io/library/node,24.18.0,pilot/results/sboms/node-24.18.0.cdx.json,pkg:npm/%40npmcli/query@5.0.0?package-id=151335188ed5f1e0,library,@npmcli/query,5.0.0,,pkg:npm/%40npmcli/query@5.0.0,cpe:2.3:a:\@npmcli\/query:\@npmcli\/query:5.0.0:*:*:*:*:*:*:*,STRUCTURALLY_VALID,,a,\@npmcli\/query,\@npmcli\/query,5.0.0,*,*,*,*,*,*,*
130698,docker.io/library/node,24.18.0,pilot/results/sboms/node-24.18.0.cdx.json,pkg:npm/%40npmcli/redact@4.0.0?package-id=d095105cfc31cae5,library,@npmcli/redact,4.0.0,,pkg:npm/%40npmcli/redact@4.0.0,cpe:2.3:a:\@npmcli\/redact:\@npmcli\/redact:4.0.0:*:*:*:*:*:*:*,STRUCTURALLY_VALID,,a,\@npmcli\/redact,\@npmcli\/redact,4.0.0,*,*,*,*,*,*,*
130699,docker.io/library/node,24.18.0,pilot/results/sboms/node-24.18.0.cdx.json,pkg:npm/%40npmcli/run-script@10.0.4?package-id=38f91455d6eaab6c,library,@npmcli/run-script,10.0.4,,pkg:npm/%40npmcli/run-script@10.0.4,cpe:2.3:a:\@npmcli\/run-script:\@npmcli\/run-script:10.0.4:*:*:*:*:*:*:*,STRUCTURALLY_VALID,,a,\@npmcli\/run-script,\@npmcli\/run-script,10.0.4,*,*,*,*,*,*,*
131151,docker.io/library/node,24.18.0,pilot/results/sboms/node-24.18.0.cdx.json,pkg:npm/npm-install-checks@8.0.0?package-id=f03f606eab0d404b,library,npm-install-checks,8.0.0,,pkg:npm/npm-install-checks@8.0.0,cpe:2.3:a:npm-install-checks:npm-install-checks:8.0.0:*:*:*:*:*:*:*,STRUCTURALLY_VALID,,a,npm-install-checks,npm-install-checks,8.0.0,*,*,*,*,*,*,*
131152,docker.io/library/node,24.18.0,pilot/results/sboms/node-24.18.0.cdx.json,pkg:npm/npm-normalize-package-bin@5.0.0?package-id=883510362493aa17,library,npm-normalize-package-bin,5.0.0,,pkg:npm/npm-normalize-package-bin@5.0.0,cpe:2.3:a:npm-normalize-package-bin:npm-normalize-package-bin:5.0.0:*:*:*:*:*:*:*,STRUCTURALLY_VALID,,a,npm-normalize-package-bin,npm-normalize-package-bin,5.0.0,*,*,*,*,*,*,*
131153,docker.io/library/node,24.18.0,pilot/results/sboms/node-24.18.0.cdx.json,pkg:npm/npm-package-arg@13.0.2?package-id=7376290341be6704,library,npm-package-arg,13.0.2,,pkg:npm/npm-package-arg@13.0.2,cpe:2.3:a:npm-package-arg:npm-package-arg:13.0.2:*:*:*:*:*:*:*,STRUCTURALLY_VALID,,a,npm-package-arg,npm-package-arg,13.0.2,*,*,*,*,*,*,*
131154,docker.io/library/node,24.18.0,pilot/results/sboms/node-24.18.0.cdx.json,pkg:npm/npm-packlist@10.0.4?package-id=192d517c48a4af44,library,npm-packlist,10.0.4,,pkg:npm/npm-packlist@10.0.4,cpe:2.3:a:npm-packlist:npm-packlist:10.0.4:*:*:*:*:*:*:*,STRUCTURALLY_VALID,,a,npm-packlist,npm-packlist,10.0.4,*,*,*,*,*,*,*
131155,docker.io/library/node,24.18.0,pilot/results/sboms/node-24.18.0.cdx.json,pkg:npm/npm-pick-manifest@11.0.3?package-id=45f2e8be11244d54,library,npm-pick-manifest,11.0.3,,pkg:npm/npm-pick-manifest@11.0.3,cpe:2.3:a:npm-pick-manifest:npm-pick-manifest:11.0.3:*:*:*:*:*:*:*,STRUCTURALLY_VALID,,a,npm-pick-manifest,npm-pick-manifest,11.0.3,*,*,*,*,*,*,*
131156,docker.io/library/node,24.18.0,pilot/results/sboms/node-24.18.0.cdx.json,pkg:npm/npm-profile@12.0.1?package-id=8551abcddf37fe35,library,npm-profile,12.0.1,,pkg:npm/npm-profile@12.0.1,cpe:2.3:a:npm-profile:npm-profile:12.0.1:*:*:*:*:*:*:*,STRUCTURALLY_VALID,,a,npm-profile,npm-profile,12.0.1,*,*,*,*,*,*,*
131157,docker.io/library/node,24.18.0,pilot/results/sboms/node-24.18.0.cdx.json,pkg:npm/npm-registry-fetch@19.1.1?package-id=afa105282194989a,library,npm-registry-fetch,19.1.1,,pkg:npm/npm-registry-fetch@19.1.1,cpe:2.3:a:npm-registry-fetch:npm-registry-fetch:19.1.1:*:*:*:*:*:*:*,STRUCTURALLY_VALID,,a,npm-registry-fetch,npm-registry-fetch,19.1.1,*,*,*,*,*,*,*
131158,docker.io/library/node,24.18.0,pilot/results/sboms/node-24.18.0.cdx.json,pkg:npm/npm-user-validate@4.0.0?package-id=b8e07d737c022dd6,library,npm-user-validate,4.0.0,,pkg:npm/npm-user-validate@4.0.0,cpe:2.3:a:npm-user-validate:npm-user-validate:4.0.0:*:*:*:*:*:*:*,STRUCTURALLY_VALID,,a,npm-user-validate,npm-user-validate,4.0.0,*,*,*,*,*,*,*
131159,docker.io/library/node,24.18.0,pilot/results/sboms/node-24.18.0.cdx.json,pkg:deb/debian/openssh-client@1%3A9.2p1-2%2Bdeb12u10?arch=amd64&distro=debian-12.15&package-id=d82af4e74abd89bc&upstream=openssh,library,openssh-client,1:9.2p1-2+deb12u10,Debian OpenSSH Maintainers <debian-ssh@lists.debian.org>,pkg:deb/debian/openssh-client@1%3A9.2p1-2%2Bdeb12u10?arch=amd64&distro=debian-12.15&upstream=openssh,cpe:2.3:a:openssh-client:openssh-client:1\:9.2p1-2\+deb12u10:*:*:*:*:*:*:*,STRUCTURALLY_VALID,,a,openssh-client,openssh-client,1\:9.2p1-2\+deb12u10,*,*,*,*,*,*,*
131160,docker.io/library/node,24.18.0,pilot/results/sboms/node-24.18.0.cdx.json,pkg:deb/debian/openssl@3.0.20-1~deb12u2?arch=amd64&distro=debian-12.15&package-id=7345802bd2ec0962,library,openssl,3.0.20-1~deb12u2,Debian OpenSSL Team <pkg-openssl-devel@alioth-lists.debian.net>,pkg:deb/debian/openssl@3.0.20-1~deb12u2?arch=amd64&distro=debian-12.15,cpe:2.3:a:openssl:openssl:3.0.20-1\~deb12u2:*:*:*:*:*:*:*,STRUCTURALLY_VALID,,a,openssl,openssl,3.0.20-1\~deb12u2,*,*,*,*,*,*,*
131162,docker.io/library/node,24.18.0,pilot/results/sboms/node-24.18.0.cdx.json,pkg:npm/pacote@21.5.0?package-id=62a700e10832078c,library,pacote,21.5.0,,pkg:npm/pacote@21.5.0,cpe:2.3:a:pacote:pacote:21.5.0:*:*:*:*:*:*:*,STRUCTURALLY_VALID,,a,pacote,pacote,21.5.0,*,*,*,*,*,*,*
131163,docker.io/library/node,24.18.0,pilot/results/sboms/node-24.18.0.cdx.json,pkg:npm/parse-conflict-json@5.0.1?package-id=b7edc166241790a9,library,parse-conflict-json,5.0.1,,pkg:npm/parse-conflict-json@5.0.1,cpe:2.3:a:parse-conflict-json:parse-conflict-json:5.0.1:*:*:*:*:*:*:*,STRUCTURALLY_VALID,,a,parse-conflict-json,parse-conflict-json,5.0.1,*,*,*,*,*,*,*
131164,docker.io/library/node,24.18.0,pilot/results/sboms/node-24.18.0.cdx.json,pkg:deb/debian/passwd@1%3A4.13%2Bdfsg1-1%2Bdeb12u2?arch=amd64&distro=debian-12.15&package-id=1853000d374a22b0&upstream=shadow,library,passwd,1:4.13+dfsg1-1+deb12u2,Shadow package maintainers <pkg-shadow-devel@lists.alioth.debian.org>,pkg:deb/debian/passwd@1%3A4.13%2Bdfsg1-1%2Bdeb12u2?arch=amd64&distro=debian-12.15&upstream=shadow,cpe:2.3:a:passwd:passwd:1\:4.13\+dfsg1-1\+deb12u2:*:*:*:*:*:*:*,STRUCTURALLY_VALID,,a,passwd,passwd,1\:4.13\+dfsg1-1\+deb12u2,*,*,*,*,*,*,*
131165,docker.io/library/node,24.18.0,pilot/results/sboms/node-24.18.0.cdx.json,pkg:deb/debian/patch@2.7.6-7?arch=amd64&distro=debian-12.15&package-id=acc529981c64331f,library,patch,2.7.6-7,Laszlo Boszormenyi (GCS) <gcs@debian.org>,pkg:deb/debian/patch@2.7.6-7?arch=amd64&distro=debian-12.15,cpe:2.3:a:patch:patch:2.7.6-7:*:*:*:*:*:*:*,STRUCTURALLY_VALID,,a,patch,patch,2.7.6-7,*,*,*,*,*,*,*
131166,docker.io/library/node,24.18.0,pilot/results/sboms/node-24.18.0.cdx.json,pkg:npm/path-scurry@2.0.2?package-id=dbe0f32a3e5de49c,library,path-scurry,2.0.2,,pkg:npm/path-scurry@2.0.2,cpe:2.3:a:path-scurry:path-scurry:2.0.2:*:*:*:*:*:*:*,STRUCTURALLY_VALID,,a,path-scurry,path-scurry,2.0.2,*,*,*,*,*,*,*
131167,docker.io/library/node,24.18.0,pilot/results/sboms/node-24.18.0.cdx.json,pkg:deb/debian/perl@5.36.0-7%2Bdeb12u3?arch=amd64&distro=debian-12.15&package-id=15c7b99e3a360b71,library,perl,5.36.0-7+deb12u3,Niko Tyni <ntyni@debian.org>,pkg:deb/debian/perl@5.36.0-7%2Bdeb12u3?arch=amd64&distro=debian-12.15,cpe:2.3:a:perl:perl:5.36.0-7\+deb12u3:*:*:*:*:*:*:*,STRUCTURALLY_VALID,,a,perl,perl,5.36.0-7\+deb12u3,*,*,*,*,*,*,*
131168,docker.io/library/node,24.18.0,pilot/results/sboms/node-24.18.0.cdx.json,pkg:deb/debian/perl-base@5.36.0-7%2Bdeb12u3?arch=amd64&distro=debian-12.15&package-id=e272b8e8d5eb9292&upstream=perl,library,perl-base,5.36.0-7+deb12u3,Niko Tyni <ntyni@debian.org>,pkg:deb/debian/perl-base@5.36.0-7%2Bdeb12u3?arch=amd64&distro=debian-12.15&upstream=perl,cpe:2.3:a:perl-base:perl-base:5.36.0-7\+deb12u3:*:*:*:*:*:*:*,STRUCTURALLY_VALID,,a,perl-base,perl-base,5.36.0-7\+deb12u3,*,*,*,*,*,*,*
131169,docker.io/library/node,24.18.0,pilot/results/sboms/node-24.18.0.cdx.json,pkg:deb/debian/perl-modules-5.36@5.36.0-7%2Bdeb12u3?arch=all&distro=debian-12.15&package-id=13b3922222ec533b&upstream=perl,library,perl-modules-5.36,5.36.0-7+deb12u3,Niko Tyni <ntyni@debian.org>,pkg:deb/debian/perl-modules-5.36@5.36.0-7%2Bdeb12u3?arch=all&distro=debian-12.15&upstream=perl,cpe:2.3:a:perl-modules-5.36:perl-modules-5.36:5.36.0-7\+deb12u3:*:*:*:*:*:*:*,STRUCTURALLY_VALID,,a,perl-modules-5.36,perl-modules-5.36,5.36.0-7\+deb12u3,*,*,*,*,*,*,*
131170,docker.io/library/node,24.18.0,pilot/results/sboms/node-24.18.0.cdx.json,pkg:npm/picomatch@4.0.4?package-id=47db5b17e7e676be,library,picomatch,4.0.4,,pkg:npm/picomatch@4.0.4,cpe:2.3:a:jonschlinkert:picomatch:4.0.4:*:*:*:*:node.js:*:*,STRUCTURALLY_VALID,,a,jonschlinkert,picomatch,4.0.4,*,*,*,*,node.js,*,*
131171,docker.io/library/node,24.18.0,pilot/results/sboms/node-24.18.0.cdx.json,pkg:deb/debian/pinentry-curses@1.2.1-1?arch=amd64&distro=debian-12.15&package-id=967a6219451fdebf&upstream=pinentry,library,pinentry-curses,1.2.1-1,Debian GnuPG Maintainers <pkg-gnupg-maint@lists.alioth.debian.org>,pkg:deb/debian/pinentry-curses@1.2.1-1?arch=amd64&distro=debian-12.15&upstream=pinentry,cpe:2.3:a:pinentry-curses:pinentry-curses:1.2.1-1:*:*:*:*:*:*:*,STRUCTURALLY_VALID,,a,pinentry-curses,pinentry-curses,1.2.1-1,*,*,*,*,*,*,*
131173,docker.io/library/node,24.18.0,pilot/results/sboms/node-24.18.0.cdx.json,pkg:deb/debian/pkgconf@1.8.1-1?arch=amd64&distro=debian-12.15&package-id=56ff2a67ab1f264e,library,pkgconf,1.8.1-1,Andrej Shadura <andrewsh@debian.org>,pkg:deb/debian/pkgconf@1.8.1-1?arch=amd64&distro=debian-12.15,cpe:2.3:a:pkgconf:pkgconf:1.8.1-1:*:*:*:*:*:*:*,STRUCTURALLY_VALID,,a,pkgconf,pkgconf,1.8.1-1,*,*,*,*,*,*,*
131174,docker.io/library/node,24.18.0,pilot/results/sboms/node-24.18.0.cdx.json,pkg:deb/debian/pkgconf-bin@1.8.1-1?arch=amd64&distro=debian-12.15&package-id=3761a8431e7727e7&upstream=pkgconf,library,pkgconf-bin,1.8.1-1,Andrej Shadura <andrewsh@debian.org>,pkg:deb/debian/pkgconf-bin@1.8.1-1?arch=amd64&distro=debian-12.15&upstream=pkgconf,cpe:2.3:a:pkgconf-bin:pkgconf-bin:1.8.1-1:*:*:*:*:*:*:*,STRUCTURALLY_VALID,,a,pkgconf-bin,pkgconf-bin,1.8.1-1,*,*,*,*,*,*,*
131172,docker.io/library/node,24.18.0,pilot/results/sboms/node-24.18.0.cdx.json,pkg:deb/debian/pkg-config@1.8.1-1?arch=amd64&distro=debian-12.15&package-id=b8b386b691c94ae8&upstream=pkgconf,library,pkg-config,1.8.1-1,Andrej Shadura <andrewsh@debian.org>,pkg:deb/debian/pkg-config@1.8.1-1?arch=amd64&distro=debian-12.15&upstream=pkgconf,cpe:2.3:a:pkg-config:pkg-config:1.8.1-1:*:*:*:*:*:*:*,STRUCTURALLY_VALID,,a,pkg-config,pkg-config,1.8.1-1,*,*,*,*,*,*,*
131161,docker.io/library/node,24.18.0,pilot/results/sboms/node-24.18.0.cdx.json,pkg:npm/p-map@7.0.4?package-id=686567ab1946e5fa,library,p-map,7.0.4,,pkg:npm/p-map@7.0.4,cpe:2.3:a:p-map:p-map:7.0.4:*:*:*:*:*:*:*,STRUCTURALLY_VALID,,a,p-map,p-map,7.0.4,*,*,*,*,*,*,*
131175,docker.io/library/node,24.18.0,pilot/results/sboms/node-24.18.0.cdx.json,pkg:npm/postcss-selector-parser@7.1.1?package-id=d3aa46afee261ccb,library,postcss-selector-parser,7.1.1,,pkg:npm/postcss-selector-parser@7.1.1,cpe:2.3:a:postcss-selector-parser:postcss-selector-parser:7.1.1:*:*:*:*:*:*:*,STRUCTURALLY_VALID,,a,postcss-selector-parser,postcss-selector-parser,7.1.1,*,*,*,*,*,*,*
131176,docker.io/library/node,24.18.0,pilot/results/sboms/node-24.18.0.cdx.json,pkg:npm/proc-log@6.1.0?package-id=754d760f0afb677c,library,proc-log,6.1.0,,pkg:npm/proc-log@6.1.0,cpe:2.3:a:proc-log:proc-log:6.1.0:*:*:*:*:*:*:*,STRUCTURALLY_VALID,,a,proc-log,proc-log,6.1.0,*,*,*,*,*,*,*
131177,docker.io/library/node,24.18.0,pilot/results/sboms/node-24.18.0.cdx.json,pkg:deb/debian/procps@2%3A4.0.2-3?arch=amd64&distro=debian-12.15&package-id=145b97448d7e9318,library,procps,2:4.0.2-3,Craig Small <csmall@debian.org>,pkg:deb/debian/procps@2%3A4.0.2-3?arch=amd64&distro=debian-12.15,cpe:2.3:a:procps:procps:2\:4.0.2-3:*:*:*:*:*:*:*,STRUCTURALLY_VALID,,a,procps,procps,2\:4.0.2-3,*,*,*,*,*,*,*
131178,docker.io/library/node,24.18.0,pilot/results/sboms/node-24.18.0.cdx.json,pkg:npm/proggy@4.0.0?package-id=ab227d11e442fb9d,library,proggy,4.0.0,,pkg:npm/proggy@4.0.0,cpe:2.3:a:proggy:proggy:4.0.0:*:*:*:*:*:*:*,STRUCTURALLY_VALID,,a,proggy,proggy,4.0.0,*,*,*,*,*,*,*
131179,docker.io/library/node,24.18.0,pilot/results/sboms/node-24.18.0.cdx.json,pkg:npm/promise-all-reject-late@1.0.1?package-id=1bf3a07bda5bb6c3,library,promise-all-reject-late,1.0.1,,pkg:npm/promise-all-reject-late@1.0.1,cpe:2.3:a:promise-all-reject-late:promise-all-reject-late:1.0.1:*:*:*:*:*:*:*,STRUCTURALLY_VALID,,a,promise-all-reject-late,promise-all-reject-late,1.0.1,*,*,*,*,*,*,*
131180,docker.io/library/node,24.18.0,pilot/results/sboms/node-24.18.0.cdx.json,pkg:npm/promise-call-limit@3.0.2?package-id=a3a0cd8000fbbd4a,library,promise-call-limit,3.0.2,,pkg:npm/promise-call-limit@3.0.2,cpe:2.3:a:promise-call-limit:promise-call-limit:3.0.2:*:*:*:*:*:*:*,STRUCTURALLY_VALID,,a,promise-call-limit,promise-call-limit,3.0.2,*,*,*,*,*,*,*
131181,docker.io/library/node,24.18.0,pilot/results/sboms/node-24.18.0.cdx.json,pkg:npm/promzard@3.0.1?package-id=71c2decf05e0fd26,library,promzard,3.0.1,,pkg:npm/promzard@3.0.1,cpe:2.3:a:promzard:promzard:3.0.1:*:*:*:*:*:*:*,STRUCTURALLY_VALID,,a,promzard,promzard,3.0.1,*,*,*,*,*,*,*
131182,docker.io/library/node,24.18.0,pilot/results/sboms/node-24.18.0.cdx.json,pkg:deb/debian/python3@3.11.2-1%2Bb1?arch=amd64&distro=debian-12.15&package-id=6600c9ca54141f9c&upstream=python3-defaults%403.11.2-1,library,python3,3.11.2-1+b1,Matthias Klose <doko@debian.org>,pkg:deb/debian/python3@3.11.2-1%2Bb1?arch=amd64&distro=debian-12.15&upstream=python3-defaults%403.11.2-1,cpe:2.3:a:python3:python3:3.11.2-1\+b1:*:*:*:*:*:*:*,STRUCTURALLY_VALID,,a,python3,python3,3.11.2-1\+b1,*,*,*,*,*,*,*
131186,docker.io/library/node,24.18.0,pilot/results/sboms/node-24.18.0.cdx.json,pkg:deb/debian/python3.11@3.11.2-6%2Bdeb12u8?arch=amd64&distro=debian-12.15&package-id=a09824e123a98184,library,python3.11,3.11.2-6+deb12u8,Matthias Klose <doko@debian.org>,pkg:deb/debian/python3.11@3.11.2-6%2Bdeb12u8?arch=amd64&distro=debian-12.15,cpe:2.3:a:python3.11:python3.11:3.11.2-6\+deb12u8:*:*:*:*:*:*:*,STRUCTURALLY_VALID,,a,python3.11,python3.11,3.11.2-6\+deb12u8,*,*,*,*,*,*,*
131187,docker.io/library/node,24.18.0,pilot/results/sboms/node-24.18.0.cdx.json,pkg:deb/debian/python3.11-minimal@3.11.2-6%2Bdeb12u8?arch=amd64&distro=debian-12.15&package-id=cc97519512dedbd9&upstream=python3.11,library,python3.11-minimal,3.11.2-6+deb12u8,Matthias Klose <doko@debian.org>,pkg:deb/debian/python3.11-minimal@3.11.2-6%2Bdeb12u8?arch=amd64&distro=debian-12.15&upstream=python3.11,cpe:2.3:a:python3.11-minimal:python3.11-minimal:3.11.2-6\+deb12u8:*:*:*:*:*:*:*,STRUCTURALLY_VALID,,a,python3.11-minimal,python3.11-minimal,3.11.2-6\+deb12u8,*,*,*,*,*,*,*
131183,docker.io/library/node,24.18.0,pilot/results/sboms/node-24.18.0.cdx.json,pkg:deb/debian/python3-distutils@3.11.2-3?arch=all&distro=debian-12.15&package-id=965561fa67928b1c&upstream=python3-stdlib-extensions,library,python3-distutils,3.11.2-3,Matthias Klose <doko@debian.org>,pkg:deb/debian/python3-distutils@3.11.2-3?arch=all&distro=debian-12.15&upstream=python3-stdlib-extensions,cpe:2.3:a:python3-distutils:python3-distutils:3.11.2-3:*:*:*:*:*:*:*,STRUCTURALLY_VALID,,a,python3-distutils,python3-distutils,3.11.2-3,*,*,*,*,*,*,*
131184,docker.io/library/node,24.18.0,pilot/results/sboms/node-24.18.0.cdx.json,pkg:deb/debian/python3-lib2to3@3.11.2-3?arch=all&distro=debian-12.15&package-id=af30bfcce734e705&upstream=python3-stdlib-extensions,library,python3-lib2to3,3.11.2-3,Matthias Klose <doko@debian.org>,pkg:deb/debian/python3-lib2to3@3.11.2-3?arch=all&distro=debian-12.15&upstream=python3-stdlib-extensions,cpe:2.3:a:python3-lib2to3:python3-lib2to3:3.11.2-3:*:*:*:*:*:*:*,STRUCTURALLY_VALID,,a,python3-lib2to3,python3-lib2to3,3.11.2-3,*,*,*,*,*,*,*
131185,docker.io/library/node,24.18.0,pilot/results/sboms/node-24.18.0.cdx.json,pkg:deb/debian/python3-minimal@3.11.2-1%2Bb1?arch=amd64&distro=debian-12.15&package-id=9cc642d61db9e267&upstream=python3-defaults%403.11.2-1,library,python3-minimal,3.11.2-1+b1,Matthias Klose <doko@debian.org>,pkg:deb/debian/python3-minimal@3.11.2-1%2Bb1?arch=amd64&distro=debian-12.15&upstream=python3-defaults%403.11.2-1,cpe:2.3:a:python3-minimal:python3-minimal:3.11.2-1\+b1:*:*:*:*:*:*:*,STRUCTURALLY_VALID,,a,python3-minimal,python3-minimal,3.11.2-1\+b1,*,*,*,*,*,*,*
131188,docker.io/library/node,24.18.0,pilot/results/sboms/node-24.18.0.cdx.json,pkg:npm/qrcode-terminal@0.12.0?package-id=70ddce9567b55fbd,library,qrcode-terminal,0.12.0,,pkg:npm/qrcode-terminal@0.12.0,cpe:2.3:a:qrcode-terminal:qrcode-terminal:0.12.0:*:*:*:*:*:*:*,STRUCTURALLY_VALID,,a,qrcode-terminal,qrcode-terminal,0.12.0,*,*,*,*,*,*,*
131189,docker.io/library/node,24.18.0,pilot/results/sboms/node-24.18.0.cdx.json,pkg:npm/read@5.0.1?package-id=815c35021db496c9,library,read,5.0.1,,pkg:npm/read@5.0.1,cpe:2.3:a:read:read:5.0.1:*:*:*:*:*:*:*,STRUCTURALLY_VALID,,a,read,read,5.0.1,*,*,*,*,*,*,*
131190,docker.io/library/node,24.18.0,pilot/results/sboms/node-24.18.0.cdx.json,pkg:npm/read-cmd-shim@6.0.0?package-id=1175423ec736af1d,library,read-cmd-shim,6.0.0,,pkg:npm/read-cmd-shim@6.0.0,cpe:2.3:a:read-cmd-shim:read-cmd-shim:6.0.0:*:*:*:*:*:*:*,STRUCTURALLY_VALID,,a,read-cmd-shim,read-cmd-shim,6.0.0,*,*,*,*,*,*,*
131191,docker.io/library/node,24.18.0,pilot/results/sboms/node-24.18.0.cdx.json,pkg:deb/debian/readline-common@8.2-1.3?arch=all&distro=debian-12.15&package-id=2fb6c418d25556b9&upstream=readline,library,readline-common,8.2-1.3,Matthias Klose <doko@debian.org>,pkg:deb/debian/readline-common@8.2-1.3?arch=all&distro=debian-12.15&upstream=readline,cpe:2.3:a:readline-common:readline-common:8.2-1.3:*:*:*:*:*:*:*,STRUCTURALLY_VALID,,a,readline-common,readline-common,8.2-1.3,*,*,*,*,*,*,*
131192,docker.io/library/node,24.18.0,pilot/results/sboms/node-24.18.0.cdx.json,pkg:deb/debian/rpcsvc-proto@1.4.3-1?arch=amd64&distro=debian-12.15&package-id=37c509db60e362bb,library,rpcsvc-proto,1.4.3-1,GNU Libc Maintainers <debian-glibc@lists.debian.org>,pkg:deb/debian/rpcsvc-proto@1.4.3-1?arch=amd64&distro=debian-12.15,cpe:2.3:a:rpcsvc-proto:rpcsvc-proto:1.4.3-1:*:*:*:*:*:*:*,STRUCTURALLY_VALID,,a,rpcsvc-proto,rpcsvc-proto,1.4.3-1,*,*,*,*,*,*,*
131193,docker.io/library/node,24.18.0,pilot/results/sboms/node-24.18.0.cdx.json,pkg:npm/safer-buffer@2.1.2?package-id=8cc44e9b47df8656,library,safer-buffer,2.1.2,,pkg:npm/safer-buffer@2.1.2,cpe:2.3:a:safer-buffer:safer-buffer:2.1.2:*:*:*:*:*:*:*,STRUCTURALLY_VALID,,a,safer-buffer,safer-buffer,2.1.2,*,*,*,*,*,*,*
131194,docker.io/library/node,24.18.0,pilot/results/sboms/node-24.18.0.cdx.json,pkg:deb/debian/sed@4.9-1%2Bdeb12u1?arch=amd64&distro=debian-12.15&package-id=25af63bae673e973,library,sed,4.9-1+deb12u1,Clint Adams <clint@debian.org>,pkg:deb/debian/sed@4.9-1%2Bdeb12u1?arch=amd64&distro=debian-12.15,cpe:2.3:a:sed:sed:4.9-1\+deb12u1:*:*:*:*:*:*:*,STRUCTURALLY_VALID,,a,sed,sed,4.9-1\+deb12u1,*,*,*,*,*,*,*
131195,docker.io/library/node,24.18.0,pilot/results/sboms/node-24.18.0.cdx.json,pkg:npm/semver@7.8.1?package-id=8441fa112107359f,library,semver,7.8.1,,pkg:npm/semver@7.8.1,cpe:2.3:a:npmjs:semver:7.8.1:*:*:*:*:node.js:*:*,STRUCTURALLY_VALID,,a,npmjs,semver,7.8.1,*,*,*,*,node.js,*,*
131196,docker.io/library/node,24.18.0,pilot/results/sboms/node-24.18.0.cdx.json,pkg:deb/debian/sensible-utils@0.0.17%2Bnmu1?arch=all&distro=debian-12.15&package-id=78538699304ce6ef,library,sensible-utils,0.0.17+nmu1,Anibal Monsalve Salazar <anibal@debian.org>,pkg:deb/debian/sensible-utils@0.0.17%2Bnmu1?arch=all&distro=debian-12.15,cpe:2.3:a:sensible-utils:sensible-utils:0.0.17\+nmu1:*:*:*:*:*:*:*,STRUCTURALLY_VALID,,a,sensible-utils,sensible-utils,0.0.17\+nmu1,*,*,*,*,*,*,*
131197,docker.io/library/node,24.18.0,pilot/results/sboms/node-24.18.0.cdx.json,pkg:deb/debian/shared-mime-info@2.2-1?arch=amd64&distro=debian-12.15&package-id=4c1aa94f561ddf2f,library,shared-mime-info,2.2-1,Debian freedesktop.org maintainers <pkg-freedesktop-maintainers@lists.alioth.debian.org>,pkg:deb/debian/shared-mime-info@2.2-1?arch=amd64&distro=debian-12.15,cpe:2.3:a:shared-mime-info:shared-mime-info:2.2-1:*:*:*:*:*:*:*,STRUCTURALLY_VALID,,a,shared-mime-info,shared-mime-info,2.2-1,*,*,*,*,*,*,*
131198,docker.io/library/node,24.18.0,pilot/results/sboms/node-24.18.0.cdx.json,pkg:npm/signal-exit@4.1.0?package-id=a6026ad1b170946b,library,signal-exit,4.1.0,,pkg:npm/signal-exit@4.1.0,cpe:2.3:a:signal-exit:signal-exit:4.1.0:*:*:*:*:*:*:*,STRUCTURALLY_VALID,,a,signal-exit,signal-exit,4.1.0,*,*,*,*,*,*,*
131199,docker.io/library/node,24.18.0,pilot/results/sboms/node-24.18.0.cdx.json,pkg:npm/sigstore@4.1.1?package-id=077b762750d75485,library,sigstore,4.1.1,,pkg:npm/sigstore@4.1.1,cpe:2.3:a:sigstore:sigstore:4.1.1:*:*:*:*:*:*:*,STRUCTURALLY_VALID,,a,sigstore,sigstore,4.1.1,*,*,*,*,*,*,*
130700,docker.io/library/node,24.18.0,pilot/results/sboms/node-24.18.0.cdx.json,pkg:npm/%40sigstore/bundle@4.0.0?package-id=ce5a9940b9f93298,library,@sigstore/bundle,4.0.0,,pkg:npm/%40sigstore/bundle@4.0.0,cpe:2.3:a:\@sigstore\/bundle:\@sigstore\/bundle:4.0.0:*:*:*:*:*:*:*,STRUCTURALLY_VALID,,a,\@sigstore\/bundle,\@sigstore\/bundle,4.0.0,*,*,*,*,*,*,*
130701,docker.io/library/node,24.18.0,pilot/results/sboms/node-24.18.0.cdx.json,pkg:npm/%40sigstore/core@3.2.1?package-id=45f210d9cf5fda3b,library,@sigstore/core,3.2.1,,pkg:npm/%40sigstore/core@3.2.1,cpe:2.3:a:\@sigstore\/core:\@sigstore\/core:3.2.1:*:*:*:*:*:*:*,STRUCTURALLY_VALID,,a,\@sigstore\/core,\@sigstore\/core,3.2.1,*,*,*,*,*,*,*
130702,docker.io/library/node,24.18.0,pilot/results/sboms/node-24.18.0.cdx.json,pkg:npm/%40sigstore/protobuf-specs@0.5.1?package-id=6aa2797cbcdcd886,library,@sigstore/protobuf-specs,0.5.1,,pkg:npm/%40sigstore/protobuf-specs@0.5.1,cpe:2.3:a:\@sigstore\/protobuf-specs:\@sigstore\/protobuf-specs:0.5.1:*:*:*:*:*:*:*,STRUCTURALLY_VALID,,a,\@sigstore\/protobuf-specs,\@sigstore\/protobuf-specs,0.5.1,*,*,*,*,*,*,*
130703,docker.io/library/node,24.18.0,pilot/results/sboms/node-24.18.0.cdx.json,pkg:npm/%40sigstore/sign@4.1.1?package-id=8ec34dfe32b756ce,library,@sigstore/sign,4.1.1,,pkg:npm/%40sigstore/sign@4.1.1,cpe:2.3:a:\@sigstore\/sign:\@sigstore\/sign:4.1.1:*:*:*:*:*:*:*,STRUCTURALLY_VALID,,a,\@sigstore\/sign,\@sigstore\/sign,4.1.1,*,*,*,*,*,*,*
130704,docker.io/library/node,24.18.0,pilot/results/sboms/node-24.18.0.cdx.json,pkg:npm/%40sigstore/tuf@4.0.2?package-id=7949245de11f480e,library,@sigstore/tuf,4.0.2,,pkg:npm/%40sigstore/tuf@4.0.2,cpe:2.3:a:\@sigstore\/tuf:\@sigstore\/tuf:4.0.2:*:*:*:*:*:*:*,STRUCTURALLY_VALID,,a,\@sigstore\/tuf,\@sigstore\/tuf,4.0.2,*,*,*,*,*,*,*
130705,docker.io/library/node,24.18.0,pilot/results/sboms/node-24.18.0.cdx.json,pkg:npm/%40sigstore/verify@3.1.1?package-id=e00a045c9d9824a3,library,@sigstore/verify,3.1.1,,pkg:npm/%40sigstore/verify@3.1.1,cpe:2.3:a:\@sigstore\/verify:\@sigstore\/verify:3.1.1:*:*:*:*:*:*:*,STRUCTURALLY_VALID,,a,\@sigstore\/verify,\@sigstore\/verify,3.1.1,*,*,*,*,*,*,*
131200,docker.io/library/node,24.18.0,pilot/results/sboms/node-24.18.0.cdx.json,pkg:npm/smart-buffer@4.2.0?package-id=b9cef0d0a41a6c67,library,smart-buffer,4.2.0,,pkg:npm/smart-buffer@4.2.0,cpe:2.3:a:JoshGlazebrook:smart-buffer:4.2.0:*:*:*:*:*:*:*,STRUCTURALLY_VALID,,a,JoshGlazebrook,smart-buffer,4.2.0,*,*,*,*,*,*,*
131201,docker.io/library/node,24.18.0,pilot/results/sboms/node-24.18.0.cdx.json,pkg:npm/socks@2.8.9?package-id=065a845aa64bfd4c,library,socks,2.8.9,,pkg:npm/socks@2.8.9,cpe:2.3:a:JoshGlazebrook:socks:2.8.9:*:*:*:*:*:*:*,STRUCTURALLY_VALID,,a,JoshGlazebrook,socks,2.8.9,*,*,*,*,*,*,*
131202,docker.io/library/node,24.18.0,pilot/results/sboms/node-24.18.0.cdx.json,pkg:npm/socks-proxy-agent@8.0.5?package-id=70d90db663b64594,library,socks-proxy-agent,8.0.5,,pkg:npm/socks-proxy-agent@8.0.5,cpe:2.3:a:socks-proxy-agent:socks-proxy-agent:8.0.5:*:*:*:*:*:*:*,STRUCTURALLY_VALID,,a,socks-proxy-agent,socks-proxy-agent,8.0.5,*,*,*,*,*,*,*
131203,docker.io/library/node,24.18.0,pilot/results/sboms/node-24.18.0.cdx.json,pkg:npm/spdx-exceptions@2.5.0?package-id=14080b01d7b4803f,library,spdx-exceptions,2.5.0,,pkg:npm/spdx-exceptions@2.5.0,cpe:2.3:a:spdx-exceptions:spdx-exceptions:2.5.0:*:*:*:*:*:*:*,STRUCTURALLY_VALID,,a,spdx-exceptions,spdx-exceptions,2.5.0,*,*,*,*,*,*,*
131204,docker.io/library/node,24.18.0,pilot/results/sboms/node-24.18.0.cdx.json,pkg:npm/spdx-expression-parse@4.0.0?package-id=9a0a9649306418ed,library,spdx-expression-parse,4.0.0,,pkg:npm/spdx-expression-parse@4.0.0,cpe:2.3:a:spdx-expression-parse:spdx-expression-parse:4.0.0:*:*:*:*:*:*:*,STRUCTURALLY_VALID,,a,spdx-expression-parse,spdx-expression-parse,4.0.0,*,*,*,*,*,*,*
131205,docker.io/library/node,24.18.0,pilot/results/sboms/node-24.18.0.cdx.json,pkg:npm/spdx-license-ids@3.0.23?package-id=486a300524a3a8e0,library,spdx-license-ids,3.0.23,,pkg:npm/spdx-license-ids@3.0.23,cpe:2.3:a:spdx-license-ids:spdx-license-ids:3.0.23:*:*:*:*:*:*:*,STRUCTURALLY_VALID,,a,spdx-license-ids,spdx-license-ids,3.0.23,*,*,*,*,*,*,*
131206,docker.io/library/node,24.18.0,pilot/results/sboms/node-24.18.0.cdx.json,pkg:deb/debian/sq@0.27.0-2%2Bb1?arch=amd64&distro=debian-12.15&package-id=9c4ac1a74a4f3108&upstream=rust-sequoia-sq%400.27.0-2,library,sq,0.27.0-2+b1,Debian Rust Maintainers <pkg-rust-maintainers@alioth-lists.debian.net>,pkg:deb/debian/sq@0.27.0-2%2Bb1?arch=amd64&distro=debian-12.15&upstream=rust-sequoia-sq%400.27.0-2,cpe:2.3:a:sq:sq:0.27.0-2\+b1:*:*:*:*:*:*:*,STRUCTURALLY_VALID,,a,sq,sq,0.27.0-2\+b1,*,*,*,*,*,*,*
131207,docker.io/library/node,24.18.0,pilot/results/sboms/node-24.18.0.cdx.json,pkg:npm/ssri@13.0.1?package-id=7a09f1db87acca2f,library,ssri,13.0.1,,pkg:npm/ssri@13.0.1,cpe:2.3:a:ssri_project:ssri:13.0.1:*:*:*:*:node.js:*:*,STRUCTURALLY_VALID,,a,ssri_project,ssri,13.0.1,*,*,*,*,node.js,*,*
131208,docker.io/library/node,24.18.0,pilot/results/sboms/node-24.18.0.cdx.json,pkg:deb/debian/subversion@1.14.2-4%2Bdeb12u1?arch=amd64&distro=debian-12.15&package-id=9383391aef271c25,library,subversion,1.14.2-4+deb12u1,James McCoy <jamessan@debian.org>,pkg:deb/debian/subversion@1.14.2-4%2Bdeb12u1?arch=amd64&distro=debian-12.15,cpe:2.3:a:subversion:subversion:1.14.2-4\+deb12u1:*:*:*:*:*:*:*,STRUCTURALLY_VALID,,a,subversion,subversion,1.14.2-4\+deb12u1,*,*,*,*,*,*,*
131209,docker.io/library/node,24.18.0,pilot/results/sboms/node-24.18.0.cdx.json,pkg:npm/supports-color@10.2.2?package-id=614f8f79e3e5eb7c,library,supports-color,10.2.2,,pkg:npm/supports-color@10.2.2,cpe:2.3:a:supports-color:supports-color:10.2.2:*:*:*:*:*:*:*,STRUCTURALLY_VALID,,a,supports-color,supports-color,10.2.2,*,*,*,*,*,*,*
131210,docker.io/library/node,24.18.0,pilot/results/sboms/node-24.18.0.cdx.json,pkg:deb/debian/sysvinit-utils@3.06-4?arch=amd64&distro=debian-12.15&package-id=ad6415822991d492&upstream=sysvinit,library,sysvinit-utils,3.06-4,Debian sysvinit maintainers <debian-init-diversity@chiark.greenend.org.uk>,pkg:deb/debian/sysvinit-utils@3.06-4?arch=amd64&distro=debian-12.15&upstream=sysvinit,cpe:2.3:a:sysvinit-utils:sysvinit-utils:3.06-4:*:*:*:*:*:*:*,STRUCTURALLY_VALID,,a,sysvinit-utils,sysvinit-utils,3.06-4,*,*,*,*,*,*,*
131211,docker.io/library/node,24.18.0,pilot/results/sboms/node-24.18.0.cdx.json,pkg:deb/debian/tar@1.34%2Bdfsg-1.2%2Bdeb12u1?arch=amd64&distro=debian-12.15&package-id=f8ad3f5238dbcf6a,library,tar,1.34+dfsg-1.2+deb12u1,Janos Lenart <ocsi@debian.org>,pkg:deb/debian/tar@1.34%2Bdfsg-1.2%2Bdeb12u1?arch=amd64&distro=debian-12.15,cpe:2.3:a:tar:tar:1.34\+dfsg-1.2\+deb12u1:*:*:*:*:*:*:*,STRUCTURALLY_VALID,,a,tar,tar,1.34\+dfsg-1.2\+deb12u1,*,*,*,*,*,*,*
131212,docker.io/library/node,24.18.0,pilot/results/sboms/node-24.18.0.cdx.json,pkg:npm/tar@7.5.15?package-id=6b64202d0571ded5,library,tar,7.5.15,,pkg:npm/tar@7.5.15,cpe:2.3:a:tar_project:tar:7.5.15:*:*:*:*:node.js:*:*,STRUCTURALLY_VALID,,a,tar_project,tar,7.5.15,*,*,*,*,node.js,*,*
131213,docker.io/library/node,24.18.0,pilot/results/sboms/node-24.18.0.cdx.json,pkg:npm/text-table@0.2.0?package-id=1f03104867bb7226,library,text-table,0.2.0,,pkg:npm/text-table@0.2.0,cpe:2.3:a:text-table:text-table:0.2.0:*:*:*:*:*:*:*,STRUCTURALLY_VALID,,a,text-table,text-table,0.2.0,*,*,*,*,*,*,*
131215,docker.io/library/node,24.18.0,pilot/results/sboms/node-24.18.0.cdx.json,pkg:npm/tinyglobby@0.2.16?package-id=29d03e1a8e8db47f,library,tinyglobby,0.2.16,,pkg:npm/tinyglobby@0.2.16,cpe:2.3:a:tinyglobby:tinyglobby:0.2.16:*:*:*:*:*:*:*,STRUCTURALLY_VALID,,a,tinyglobby,tinyglobby,0.2.16,*,*,*,*,*,*,*
131214,docker.io/library/node,24.18.0,pilot/results/sboms/node-24.18.0.cdx.json,pkg:npm/tiny-relative-date@2.0.2?package-id=deaaf6de5d12de60,library,tiny-relative-date,2.0.2,,pkg:npm/tiny-relative-date@2.0.2,cpe:2.3:a:tiny-relative-date:tiny-relative-date:2.0.2:*:*:*:*:*:*:*,STRUCTURALLY_VALID,,a,tiny-relative-date,tiny-relative-date,2.0.2,*,*,*,*,*,*,*
131216,docker.io/library/node,24.18.0,pilot/results/sboms/node-24.18.0.cdx.json,pkg:npm/treeverse@3.0.0?package-id=fdbc373e47fb6d77,library,treeverse,3.0.0,,pkg:npm/treeverse@3.0.0,cpe:2.3:a:treeverse:treeverse:3.0.0:*:*:*:*:*:*:*,STRUCTURALLY_VALID,,a,treeverse,treeverse,3.0.0,*,*,*,*,*,*,*
131217,docker.io/library/node,24.18.0,pilot/results/sboms/node-24.18.0.cdx.json,pkg:npm/tuf-js@4.1.0?package-id=50b224d7eefe07da,library,tuf-js,4.1.0,,pkg:npm/tuf-js@4.1.0,cpe:2.3:a:theupdateframework:tuf-js:4.1.0:*:*:*:*:*:*:*,STRUCTURALLY_VALID,,a,theupdateframework,tuf-js,4.1.0,*,*,*,*,*,*,*
130706,docker.io/library/node,24.18.0,pilot/results/sboms/node-24.18.0.cdx.json,pkg:npm/%40tufjs/canonical-json@2.0.0?package-id=495069d30becb599,library,@tufjs/canonical-json,2.0.0,,pkg:npm/%40tufjs/canonical-json@2.0.0,cpe:2.3:a:\@tufjs\/canonical-json:\@tufjs\/canonical-json:2.0.0:*:*:*:*:*:*:*,STRUCTURALLY_VALID,,a,\@tufjs\/canonical-json,\@tufjs\/canonical-json,2.0.0,*,*,*,*,*,*,*
130707,docker.io/library/node,24.18.0,pilot/results/sboms/node-24.18.0.cdx.json,pkg:npm/%40tufjs/models@4.1.0?package-id=3337171c40b95327,library,@tufjs/models,4.1.0,,pkg:npm/%40tufjs/models@4.1.0,cpe:2.3:a:theupdateframework:\@tufjs\/models:4.1.0:*:*:*:*:*:*:*,STRUCTURALLY_VALID,,a,theupdateframework,\@tufjs\/models,4.1.0,*,*,*,*,*,*,*
131218,docker.io/library/node,24.18.0,pilot/results/sboms/node-24.18.0.cdx.json,pkg:deb/debian/tzdata@2026b-0%2Bdeb12u1?arch=all&distro=debian-12.15&package-id=d46071bbd0f9a5a0,library,tzdata,2026b-0+deb12u1,GNU Libc Maintainers <debian-glibc@lists.debian.org>,pkg:deb/debian/tzdata@2026b-0%2Bdeb12u1?arch=all&distro=debian-12.15,cpe:2.3:a:tzdata:tzdata:2026b-0\+deb12u1:*:*:*:*:*:*:*,STRUCTURALLY_VALID,,a,tzdata,tzdata,2026b-0\+deb12u1,*,*,*,*,*,*,*
131219,docker.io/library/node,24.18.0,pilot/results/sboms/node-24.18.0.cdx.json,pkg:deb/debian/ucf@3.0043%2Bnmu1%2Bdeb12u1?arch=all&distro=debian-12.15&package-id=5dd44bcc6e492d80,library,ucf,3.0043+nmu1+deb12u1,Manoj Srivastava <srivasta@debian.org>,pkg:deb/debian/ucf@3.0043%2Bnmu1%2Bdeb12u1?arch=all&distro=debian-12.15,cpe:2.3:a:ucf:ucf:3.0043\+nmu1\+deb12u1:*:*:*:*:*:*:*,STRUCTURALLY_VALID,,a,ucf,ucf,3.0043\+nmu1\+deb12u1,*,*,*,*,*,*,*
131220,docker.io/library/node,24.18.0,pilot/results/sboms/node-24.18.0.cdx.json,pkg:npm/undici@6.26.0?package-id=a9e14793513f6b84,library,undici,6.26.0,,pkg:npm/undici@6.26.0,cpe:2.3:a:nodejs:undici:6.26.0:*:*:*:*:node.js:*:*,STRUCTURALLY_VALID,,a,nodejs,undici,6.26.0,*,*,*,*,node.js,*,*
131221,docker.io/library/node,24.18.0,pilot/results/sboms/node-24.18.0.cdx.json,pkg:deb/debian/unzip@6.0-28?arch=amd64&distro=debian-12.15&package-id=d86d104b2d6876f3,library,unzip,6.0-28,Santiago Vila <sanvila@debian.org>,pkg:deb/debian/unzip@6.0-28?arch=amd64&distro=debian-12.15,cpe:2.3:a:unzip:unzip:6.0-28:*:*:*:*:*:*:*,STRUCTURALLY_VALID,,a,unzip,unzip,6.0-28,*,*,*,*,*,*,*
131222,docker.io/library/node,24.18.0,pilot/results/sboms/node-24.18.0.cdx.json,pkg:deb/debian/usr-is-merged@37~deb12u1?arch=all&distro=debian-12.15&package-id=5d5368e5a339ea05&upstream=usrmerge,library,usr-is-merged,37~deb12u1,Marco d'Itri <md@linux.it>,pkg:deb/debian/usr-is-merged@37~deb12u1?arch=all&distro=debian-12.15&upstream=usrmerge,cpe:2.3:a:usr-is-merged:usr-is-merged:37\~deb12u1:*:*:*:*:*:*:*,STRUCTURALLY_VALID,,a,usr-is-merged,usr-is-merged,37\~deb12u1,*,*,*,*,*,*,*
131223,docker.io/library/node,24.18.0,pilot/results/sboms/node-24.18.0.cdx.json,pkg:npm/util-deprecate@1.0.2?package-id=335b4279a8891fd2,library,util-deprecate,1.0.2,,pkg:npm/util-deprecate@1.0.2,cpe:2.3:a:util-deprecate:util-deprecate:1.0.2:*:*:*:*:*:*:*,STRUCTURALLY_VALID,,a,util-deprecate,util-deprecate,1.0.2,*,*,*,*,*,*,*
131224,docker.io/library/node,24.18.0,pilot/results/sboms/node-24.18.0.cdx.json,pkg:deb/debian/util-linux@2.38.1-5%2Bdeb12u3?arch=amd64&distro=debian-12.15&package-id=b11f4a313957922c,library,util-linux,2.38.1-5+deb12u3,util-linux packagers <util-linux@packages.debian.org>,pkg:deb/debian/util-linux@2.38.1-5%2Bdeb12u3?arch=amd64&distro=debian-12.15,cpe:2.3:a:util-linux:util-linux:2.38.1-5\+deb12u3:*:*:*:*:*:*:*,STRUCTURALLY_VALID,,a,util-linux,util-linux,2.38.1-5\+deb12u3,*,*,*,*,*,*,*
131225,docker.io/library/node,24.18.0,pilot/results/sboms/node-24.18.0.cdx.json,pkg:deb/debian/util-linux-extra@2.38.1-5%2Bdeb12u3?arch=amd64&distro=debian-12.15&package-id=fc9180bcad1f4d49&upstream=util-linux,library,util-linux-extra,2.38.1-5+deb12u3,util-linux packagers <util-linux@packages.debian.org>,pkg:deb/debian/util-linux-extra@2.38.1-5%2Bdeb12u3?arch=amd64&distro=debian-12.15&upstream=util-linux,cpe:2.3:a:util-linux-extra:util-linux-extra:2.38.1-5\+deb12u3:*:*:*:*:*:*:*,STRUCTURALLY_VALID,,a,util-linux-extra,util-linux-extra,2.38.1-5\+deb12u3,*,*,*,*,*,*,*
131226,docker.io/library/node,24.18.0,pilot/results/sboms/node-24.18.0.cdx.json,pkg:deb/debian/uuid-dev@2.38.1-5%2Bdeb12u3?arch=amd64&distro=debian-12.15&package-id=05a15b9bad441604&upstream=util-linux,library,uuid-dev,2.38.1-5+deb12u3,util-linux packagers <util-linux@packages.debian.org>,pkg:deb/debian/uuid-dev@2.38.1-5%2Bdeb12u3?arch=amd64&distro=debian-12.15&upstream=util-linux,cpe:2.3:a:uuid-dev:uuid-dev:2.38.1-5\+deb12u3:*:*:*:*:*:*:*,STRUCTURALLY_VALID,,a,uuid-dev,uuid-dev,2.38.1-5\+deb12u3,*,*,*,*,*,*,*
131227,docker.io/library/node,24.18.0,pilot/results/sboms/node-24.18.0.cdx.json,pkg:npm/validate-npm-package-name@7.0.2?package-id=7f55925d831c7daf,library,validate-npm-package-name,7.0.2,,pkg:npm/validate-npm-package-name@7.0.2,cpe:2.3:a:validate-npm-package-name:validate-npm-package-name:7.0.2:*:*:*:*:*:*:*,STRUCTURALLY_VALID,,a,validate-npm-package-name,validate-npm-package-name,7.0.2,*,*,*,*,*,*,*
131228,docker.io/library/node,24.18.0,pilot/results/sboms/node-24.18.0.cdx.json,pkg:npm/walk-up-path@4.0.0?package-id=28ecbefc5d623c59,library,walk-up-path,4.0.0,,pkg:npm/walk-up-path@4.0.0,cpe:2.3:a:walk-up-path:walk-up-path:4.0.0:*:*:*:*:*:*:*,STRUCTURALLY_VALID,,a,walk-up-path,walk-up-path,4.0.0,*,*,*,*,*,*,*
131229,docker.io/library/node,24.18.0,pilot/results/sboms/node-24.18.0.cdx.json,pkg:deb/debian/wget@1.21.3-1%2Bdeb12u1?arch=amd64&distro=debian-12.15&package-id=ef5a5a7d880f3e73,library,wget,1.21.3-1+deb12u1,Noël Köthe <noel@debian.org>,pkg:deb/debian/wget@1.21.3-1%2Bdeb12u1?arch=amd64&distro=debian-12.15,cpe:2.3:a:wget:wget:1.21.3-1\+deb12u1:*:*:*:*:*:*:*,STRUCTURALLY_VALID,,a,wget,wget,1.21.3-1\+deb12u1,*,*,*,*,*,*,*
131230,docker.io/library/node,24.18.0,pilot/results/sboms/node-24.18.0.cdx.json,pkg:npm/which@6.0.1?package-id=df258e1b31030062,library,which,6.0.1,,pkg:npm/which@6.0.1,cpe:2.3:a:which:which:6.0.1:*:*:*:*:*:*:*,STRUCTURALLY_VALID,,a,which,which,6.0.1,*,*,*,*,*,*,*
131231,docker.io/library/node,24.18.0,pilot/results/sboms/node-24.18.0.cdx.json,pkg:npm/write-file-atomic@7.0.1?package-id=dba0ca9fea71cc5b,library,write-file-atomic,7.0.1,,pkg:npm/write-file-atomic@7.0.1,cpe:2.3:a:write-file-atomic:write-file-atomic:7.0.1:*:*:*:*:*:*:*,STRUCTURALLY_VALID,,a,write-file-atomic,write-file-atomic,7.0.1,*,*,*,*,*,*,*
131232,docker.io/library/node,24.18.0,pilot/results/sboms/node-24.18.0.cdx.json,pkg:deb/debian/x11-common@1%3A7.7%2B23?arch=all&distro=debian-12.15&package-id=935a14951e43fb20&upstream=xorg,library,x11-common,1:7.7+23,Debian X Strike Force <debian-x@lists.debian.org>,pkg:deb/debian/x11-common@1%3A7.7%2B23?arch=all&distro=debian-12.15&upstream=xorg,cpe:2.3:a:x11-common:x11-common:1\:7.7\+23:*:*:*:*:*:*:*,STRUCTURALLY_VALID,,a,x11-common,x11-common,1\:7.7\+23,*,*,*,*,*,*,*
131233,docker.io/library/node,24.18.0,pilot/results/sboms/node-24.18.0.cdx.json,pkg:deb/debian/x11proto-core-dev@2022.1-1?arch=all&distro=debian-12.15&package-id=51720d3cfff5f94b&upstream=xorgproto,library,x11proto-core-dev,2022.1-1,Debian X Strike Force <debian-x@lists.debian.org>,pkg:deb/debian/x11proto-core-dev@2022.1-1?arch=all&distro=debian-12.15&upstream=xorgproto,cpe:2.3:a:x11proto-core-dev:x11proto-core-dev:2022.1-1:*:*:*:*:*:*:*,STRUCTURALLY_VALID,,a,x11proto-core-dev,x11proto-core-dev,2022.1-1,*,*,*,*,*,*,*
131234,docker.io/library/node,24.18.0,pilot/results/sboms/node-24.18.0.cdx.json,pkg:deb/debian/x11proto-dev@2022.1-1?arch=all&distro=debian-12.15&package-id=88468608b7208a92&upstream=xorgproto,library,x11proto-dev,2022.1-1,Debian X Strike Force <debian-x@lists.debian.org>,pkg:deb/debian/x11proto-dev@2022.1-1?arch=all&distro=debian-12.15&upstream=xorgproto,cpe:2.3:a:x11proto-dev:x11proto-dev:2022.1-1:*:*:*:*:*:*:*,STRUCTURALLY_VALID,,a,x11proto-dev,x11proto-dev,2022.1-1,*,*,*,*,*,*,*
131235,docker.io/library/node,24.18.0,pilot/results/sboms/node-24.18.0.cdx.json,pkg:deb/debian/xorg-sgml-doctools@1%3A1.11-1.1?arch=all&distro=debian-12.15&package-id=9a1de6cbb99e42b5,library,xorg-sgml-doctools,1:1.11-1.1,Debian X Strike Force <debian-x@lists.debian.org>,pkg:deb/debian/xorg-sgml-doctools@1%3A1.11-1.1?arch=all&distro=debian-12.15,cpe:2.3:a:xorg-sgml-doctools:xorg-sgml-doctools:1\:1.11-1.1:*:*:*:*:*:*:*,STRUCTURALLY_VALID,,a,xorg-sgml-doctools,xorg-sgml-doctools,1\:1.11-1.1,*,*,*,*,*,*,*
131236,docker.io/library/node,24.18.0,pilot/results/sboms/node-24.18.0.cdx.json,pkg:deb/debian/xtrans-dev@1.4.0-1?arch=all&distro=debian-12.15&package-id=8d1e2a44dbc1f971&upstream=xtrans,library,xtrans-dev,1.4.0-1,Debian X Strike Force <debian-x@lists.debian.org>,pkg:deb/debian/xtrans-dev@1.4.0-1?arch=all&distro=debian-12.15&upstream=xtrans,cpe:2.3:a:xtrans-dev:xtrans-dev:1.4.0-1:*:*:*:*:*:*:*,STRUCTURALLY_VALID,,a,xtrans-dev,xtrans-dev,1.4.0-1,*,*,*,*,*,*,*
131237,docker.io/library/node,24.18.0,pilot/results/sboms/node-24.18.0.cdx.json,pkg:deb/debian/xz-utils@5.4.1-1%2Bdeb12u1?arch=amd64&distro=debian-12.15&package-id=542992a52426fd83,library,xz-utils,5.4.1-1+deb12u1,Sebastian Andrzej Siewior <sebastian@breakpoint.cc>,pkg:deb/debian/xz-utils@5.4.1-1%2Bdeb12u1?arch=amd64&distro=debian-12.15,cpe:2.3:a:xz-utils:xz-utils:5.4.1-1\+deb12u1:*:*:*:*:*:*:*,STRUCTURALLY_VALID,,a,xz-utils,xz-utils,5.4.1-1\+deb12u1,*,*,*,*,*,*,*
131238,docker.io/library/node,24.18.0,pilot/results/sboms/node-24.18.0.cdx.json,pkg:npm/yallist@4.0.0?package-id=848fb3196e31ff42,library,yallist,4.0.0,,pkg:npm/yallist@4.0.0,cpe:2.3:a:yallist:yallist:4.0.0:*:*:*:*:*:*:*,STRUCTURALLY_VALID,,a,yallist,yallist,4.0.0,*,*,*,*,*,*,*
131239,docker.io/library/node,24.18.0,pilot/results/sboms/node-24.18.0.cdx.json,pkg:npm/yallist@5.0.0?package-id=e06d0388181ef409,library,yallist,5.0.0,,pkg:npm/yallist@5.0.0,cpe:2.3:a:yallist:yallist:5.0.0:*:*:*:*:*:*:*,STRUCTURALLY_VALID,,a,yallist,yallist,5.0.0,*,*,*,*,*,*,*
131240,docker.io/library/node,24.18.0,pilot/results/sboms/node-24.18.0.cdx.json,pkg:npm/yarn@1.22.22?package-id=d1708e025db7b0c0,library,yarn,1.22.22,,pkg:npm/yarn@1.22.22,cpe:2.3:a:yarn:yarn:1.22.22:*:*:*:*:*:*:*,STRUCTURALLY_VALID,,a,yarn,yarn,1.22.22,*,*,*,*,*,*,*
131241,docker.io/library/node,24.18.0,pilot/results/sboms/node-24.18.0.cdx.json,pkg:deb/debian/zlib1g@1%3A1.2.13.dfsg-1?arch=amd64&distro=debian-12.15&package-id=077923f667034501&upstream=zlib,library,zlib1g,1:1.2.13.dfsg-1,Mark Brown <broonie@debian.org>,pkg:deb/debian/zlib1g@1%3A1.2.13.dfsg-1?arch=amd64&distro=debian-12.15&upstream=zlib,cpe:2.3:a:zlib1g:zlib1g:1\:1.2.13.dfsg-1:*:*:*:*:*:*:*,STRUCTURALLY_VALID,,a,zlib1g,zlib1g,1\:1.2.13.dfsg-1,*,*,*,*,*,*,*
131242,docker.io/library/node,24.18.0,pilot/results/sboms/node-24.18.0.cdx.json,pkg:deb/debian/zlib1g-dev@1%3A1.2.13.dfsg-1?arch=amd64&distro=debian-12.15&package-id=3f28e512f3f6e928&upstream=zlib,library,zlib1g-dev,1:1.2.13.dfsg-1,Mark Brown <broonie@debian.org>,pkg:deb/debian/zlib1g-dev@1%3A1.2.13.dfsg-1?arch=amd64&distro=debian-12.15&upstream=zlib,cpe:2.3:a:zlib1g-dev:zlib1g-dev:1\:1.2.13.dfsg-1:*:*:*:*:*:*:*,STRUCTURALLY_VALID,,a,zlib1g-dev,zlib1g-dev,1\:1.2.13.dfsg-1,*,*,*,*,*,*,*
93419,docker.io/library/postgres,18.4,pilot/results/sboms/postgres-18.4.cdx.json,pkg:deb/debian/adduser@3.152?arch=all&distro=debian-13.6&package-id=3d43575450a8f3e7,library,adduser,3.152,Debian Adduser Developers <adduser@packages.debian.org>,pkg:deb/debian/adduser@3.152?arch=all&distro=debian-13.6,cpe:2.3:a:adduser:adduser:3.152:*:*:*:*:*:*:*,STRUCTURALLY_VALID,,a,adduser,adduser,3.152,*,*,*,*,*,*,*
93420,docker.io/library/postgres,18.4,pilot/results/sboms/postgres-18.4.cdx.json,pkg:deb/debian/apt@3.0.3?arch=amd64&distro=debian-13.6&package-id=0ea1a43670a5d18e,library,apt,3.0.3,APT Development Team <deity@lists.debian.org>,pkg:deb/debian/apt@3.0.3?arch=amd64&distro=debian-13.6,cpe:2.3:a:apt:apt:3.0.3:*:*:*:*:*:*:*,STRUCTURALLY_VALID,,a,apt,apt,3.0.3,*,*,*,*,*,*,*
93421,docker.io/library/postgres,18.4,pilot/results/sboms/postgres-18.4.cdx.json,pkg:deb/debian/base-files@13.8%2Bdeb13u6?arch=amd64&distro=debian-13.6&package-id=852e09cf2b9dfd87,library,base-files,13.8+deb13u6,Santiago Vila <sanvila@debian.org>,pkg:deb/debian/base-files@13.8%2Bdeb13u6?arch=amd64&distro=debian-13.6,cpe:2.3:a:base-files:base-files:13.8\+deb13u6:*:*:*:*:*:*:*,STRUCTURALLY_VALID,,a,base-files,base-files,13.8\+deb13u6,*,*,*,*,*,*,*
93422,docker.io/library/postgres,18.4,pilot/results/sboms/postgres-18.4.cdx.json,pkg:deb/debian/base-passwd@3.6.7?arch=amd64&distro=debian-13.6&package-id=44aca50e14654da9,library,base-passwd,3.6.7,Shadow package maintainers <pkg-shadow-devel@lists.alioth.debian.org>,pkg:deb/debian/base-passwd@3.6.7?arch=amd64&distro=debian-13.6,cpe:2.3:a:base-passwd:base-passwd:3.6.7:*:*:*:*:*:*:*,STRUCTURALLY_VALID,,a,base-passwd,base-passwd,3.6.7,*,*,*,*,*,*,*
93423,docker.io/library/postgres,18.4,pilot/results/sboms/postgres-18.4.cdx.json,pkg:deb/debian/bash@5.2.37-2%2Bb9?arch=amd64&distro=debian-13.6&package-id=ca6f1c985bc1aba9&upstream=bash%405.2.37-2,library,bash,5.2.37-2+b9,Matthias Klose <doko@debian.org>,pkg:deb/debian/bash@5.2.37-2%2Bb9?arch=amd64&distro=debian-13.6&upstream=bash%405.2.37-2,cpe:2.3:a:bash:bash:5.2.37-2\+b9:*:*:*:*:*:*:*,STRUCTURALLY_VALID,,a,bash,bash,5.2.37-2\+b9,*,*,*,*,*,*,*
93424,docker.io/library/postgres,18.4,pilot/results/sboms/postgres-18.4.cdx.json,pkg:deb/debian/bsdutils@1%3A2.41-5?arch=amd64&distro=debian-13.6&package-id=15791da16e435065&upstream=util-linux%402.41-5,library,bsdutils,1:2.41-5,Chris Hofstaedtler <zeha@debian.org>,pkg:deb/debian/bsdutils@1%3A2.41-5?arch=amd64&distro=debian-13.6&upstream=util-linux%402.41-5,cpe:2.3:a:bsdutils:bsdutils:1\:2.41-5:*:*:*:*:*:*:*,STRUCTURALLY_VALID,,a,bsdutils,bsdutils,1\:2.41-5,*,*,*,*,*,*,*
93425,docker.io/library/postgres,18.4,pilot/results/sboms/postgres-18.4.cdx.json,pkg:deb/debian/coreutils@9.7-3?arch=amd64&distro=debian-13.6&package-id=2f8436d480a75c8c,library,coreutils,9.7-3,Michael Stone <mstone@debian.org>,pkg:deb/debian/coreutils@9.7-3?arch=amd64&distro=debian-13.6,cpe:2.3:a:coreutils:coreutils:9.7-3:*:*:*:*:*:*:*,STRUCTURALLY_VALID,,a,coreutils,coreutils,9.7-3,*,*,*,*,*,*,*
93426,docker.io/library/postgres,18.4,pilot/results/sboms/postgres-18.4.cdx.json,pkg:deb/debian/dash@0.5.12-12?arch=amd64&distro=debian-13.6&package-id=e919b2d690c3a4f3,library,dash,0.5.12-12,Andrej Shadura <andrewsh@debian.org>,pkg:deb/debian/dash@0.5.12-12?arch=amd64&distro=debian-13.6,cpe:2.3:a:dash:dash:0.5.12-12:*:*:*:*:*:*:*,STRUCTURALLY_VALID,,a,dash,dash,0.5.12-12,*,*,*,*,*,*,*
93427,docker.io/library/postgres,18.4,pilot/results/sboms/postgres-18.4.cdx.json,pkg:deb/debian/debconf@1.5.91?arch=all&distro=debian-13.6&package-id=0f203ecbcf805e2b,library,debconf,1.5.91,Debconf Developers <debconf-devel@lists.alioth.debian.org>,pkg:deb/debian/debconf@1.5.91?arch=all&distro=debian-13.6,cpe:2.3:a:debconf:debconf:1.5.91:*:*:*:*:*:*:*,STRUCTURALLY_VALID,,a,debconf,debconf,1.5.91,*,*,*,*,*,*,*
93428,docker.io/library/postgres,18.4,pilot/results/sboms/postgres-18.4.cdx.json,pkg:deb/debian/debian-archive-keyring@2025.1?arch=all&distro=debian-13.6&package-id=7991e18ee6aee390,library,debian-archive-keyring,2025.1,Debian Release Team <packages@release.debian.org>,pkg:deb/debian/debian-archive-keyring@2025.1?arch=all&distro=debian-13.6,cpe:2.3:a:debian-archive-keyring:debian-archive-keyring:2025.1:*:*:*:*:*:*:*,STRUCTURALLY_VALID,,a,debian-archive-keyring,debian-archive-keyring,2025.1,*,*,*,*,*,*,*
93429,docker.io/library/postgres,18.4,pilot/results/sboms/postgres-18.4.cdx.json,pkg:deb/debian/debianutils@5.23.2?arch=amd64&distro=debian-13.6&package-id=1a372c2eb99c9c63,library,debianutils,5.23.2,Ileana Dumitrescu <ileanadumitrescu95@gmail.com>,pkg:deb/debian/debianutils@5.23.2?arch=amd64&distro=debian-13.6,cpe:2.3:a:debianutils:debianutils:5.23.2:*:*:*:*:*:*:*,STRUCTURALLY_VALID,,a,debianutils,debianutils,5.23.2,*,*,*,*,*,*,*
93430,docker.io/library/postgres,18.4,pilot/results/sboms/postgres-18.4.cdx.json,pkg:deb/debian/diffutils@1%3A3.10-4?arch=amd64&distro=debian-13.6&package-id=928a2837cd45ff34,library,diffutils,1:3.10-4,Santiago Vila <sanvila@debian.org>,pkg:deb/debian/diffutils@1%3A3.10-4?arch=amd64&distro=debian-13.6,cpe:2.3:a:diffutils:diffutils:1\:3.10-4:*:*:*:*:*:*:*,STRUCTURALLY_VALID,,a,diffutils,diffutils,1\:3.10-4,*,*,*,*,*,*,*
93431,docker.io/library/postgres,18.4,pilot/results/sboms/postgres-18.4.cdx.json,pkg:deb/debian/dirmngr@2.4.7-21%2Bdeb13u1%2Bb4?arch=amd64&distro=debian-13.6&package-id=d5cf98cebf74ee27&upstream=gnupg2%402.4.7-21%2Bdeb13u1,library,dirmngr,2.4.7-21+deb13u1+b4,Debian GnuPG Maintainers <pkg-gnupg-maint@lists.alioth.debian.org>,pkg:deb/debian/dirmngr@2.4.7-21%2Bdeb13u1%2Bb4?arch=amd64&distro=debian-13.6&upstream=gnupg2%402.4.7-21%2Bdeb13u1,cpe:2.3:a:dirmngr:dirmngr:2.4.7-21\+deb13u1\+b4:*:*:*:*:*:*:*,STRUCTURALLY_VALID,,a,dirmngr,dirmngr,2.4.7-21\+deb13u1\+b4,*,*,*,*,*,*,*
93432,docker.io/library/postgres,18.4,pilot/results/sboms/postgres-18.4.cdx.json,pkg:deb/debian/dpkg@1.22.22?arch=amd64&distro=debian-13.6&package-id=3fcb1891109bbf9a,library,dpkg,1.22.22,Dpkg Developers <debian-dpkg@lists.debian.org>,pkg:deb/debian/dpkg@1.22.22?arch=amd64&distro=debian-13.6,cpe:2.3:a:dpkg:dpkg:1.22.22:*:*:*:*:*:*:*,STRUCTURALLY_VALID,,a,dpkg,dpkg,1.22.22,*,*,*,*,*,*,*
93433,docker.io/library/postgres,18.4,pilot/results/sboms/postgres-18.4.cdx.json,pkg:deb/debian/findutils@4.10.0-3?arch=amd64&distro=debian-13.6&package-id=d26956c159c0ed3a,library,findutils,4.10.0-3,Andreas Metzler <ametzler@debian.org>,pkg:deb/debian/findutils@4.10.0-3?arch=amd64&distro=debian-13.6,cpe:2.3:a:findutils:findutils:4.10.0-3:*:*:*:*:*:*:*,STRUCTURALLY_VALID,,a,findutils,findutils,4.10.0-3,*,*,*,*,*,*,*
93434,docker.io/library/postgres,18.4,pilot/results/sboms/postgres-18.4.cdx.json,pkg:deb/debian/gcc-14-base@14.2.0-19?arch=amd64&distro=debian-13.6&package-id=8a928cc6733b8d4c&upstream=gcc-14,library,gcc-14-base,14.2.0-19,Debian GCC Maintainers <debian-gcc@lists.debian.org>,pkg:deb/debian/gcc-14-base@14.2.0-19?arch=amd64&distro=debian-13.6&upstream=gcc-14,cpe:2.3:a:gcc-14-base:gcc-14-base:14.2.0-19:*:*:*:*:*:*:*,STRUCTURALLY_VALID,,a,gcc-14-base,gcc-14-base,14.2.0-19,*,*,*,*,*,*,*
93435,docker.io/library/postgres,18.4,pilot/results/sboms/postgres-18.4.cdx.json,pkg:golang/github.com/moby/sys/user@v0.1.0?package-id=d2a8da7f933cc6b6,library,github.com/moby/sys/user,v0.1.0,,pkg:golang/github.com/moby/sys/user@v0.1.0,cpe:2.3:a:moby:sys\/user:v0.1.0:*:*:*:*:*:*:*,STRUCTURALLY_VALID,,a,moby,sys\/user,v0.1.0,*,*,*,*,*,*,*
93436,docker.io/library/postgres,18.4,pilot/results/sboms/postgres-18.4.cdx.json,pkg:golang/github.com/tianon/gosu@v1.19.0?package-id=4e0a698656ebcb5a,library,github.com/tianon/gosu,v1.19.0,,pkg:golang/github.com/tianon/gosu@v1.19.0,cpe:2.3:a:tianon:gosu:v1.19.0:*:*:*:*:*:*:*,STRUCTURALLY_VALID,,a,tianon,gosu,v1.19.0,*,*,*,*,*,*,*
93437,docker.io/library/postgres,18.4,pilot/results/sboms/postgres-18.4.cdx.json,pkg:deb/debian/gnupg@2.4.7-21%2Bdeb13u1?arch=all&distro=debian-13.6&package-id=e708db6544496117&upstream=gnupg2,library,gnupg,2.4.7-21+deb13u1,Debian GnuPG Maintainers <pkg-gnupg-maint@lists.alioth.debian.org>,pkg:deb/debian/gnupg@2.4.7-21%2Bdeb13u1?arch=all&distro=debian-13.6&upstream=gnupg2,cpe:2.3:a:gnupg:gnupg:2.4.7-21\+deb13u1:*:*:*:*:*:*:*,STRUCTURALLY_VALID,,a,gnupg,gnupg,2.4.7-21\+deb13u1,*,*,*,*,*,*,*
93438,docker.io/library/postgres,18.4,pilot/results/sboms/postgres-18.4.cdx.json,pkg:deb/debian/gnupg-l10n@2.4.7-21%2Bdeb13u1?arch=all&distro=debian-13.6&package-id=aecb683b9f0b939d&upstream=gnupg2,library,gnupg-l10n,2.4.7-21+deb13u1,Debian GnuPG Maintainers <pkg-gnupg-maint@lists.alioth.debian.org>,pkg:deb/debian/gnupg-l10n@2.4.7-21%2Bdeb13u1?arch=all&distro=debian-13.6&upstream=gnupg2,cpe:2.3:a:gnupg-l10n:gnupg-l10n:2.4.7-21\+deb13u1:*:*:*:*:*:*:*,STRUCTURALLY_VALID,,a,gnupg-l10n,gnupg-l10n,2.4.7-21\+deb13u1,*,*,*,*,*,*,*
93439,docker.io/library/postgres,18.4,pilot/results/sboms/postgres-18.4.cdx.json,pkg:golang/golang.org/x/sys@v0.1.0?package-id=1f7c407a4dbe7f15,library,golang.org/x/sys,v0.1.0,,pkg:golang/golang.org/x/sys@v0.1.0,cpe:2.3:a:golang:x\/sys:v0.1.0:*:*:*:*:*:*:*,STRUCTURALLY_VALID,,a,golang,x\/sys,v0.1.0,*,*,*,*,*,*,*
93440,docker.io/library/postgres,18.4,pilot/results/sboms/postgres-18.4.cdx.json,pkg:deb/debian/gpg@2.4.7-21%2Bdeb13u1%2Bb4?arch=amd64&distro=debian-13.6&package-id=644c28cfc8c1e0c2&upstream=gnupg2%402.4.7-21%2Bdeb13u1,library,gpg,2.4.7-21+deb13u1+b4,Debian GnuPG Maintainers <pkg-gnupg-maint@lists.alioth.debian.org>,pkg:deb/debian/gpg@2.4.7-21%2Bdeb13u1%2Bb4?arch=amd64&distro=debian-13.6&upstream=gnupg2%402.4.7-21%2Bdeb13u1,cpe:2.3:a:gpg:gpg:2.4.7-21\+deb13u1\+b4:*:*:*:*:*:*:*,STRUCTURALLY_VALID,,a,gpg,gpg,2.4.7-21\+deb13u1\+b4,*,*,*,*,*,*,*
93441,docker.io/library/postgres,18.4,pilot/results/sboms/postgres-18.4.cdx.json,pkg:deb/debian/gpg-agent@2.4.7-21%2Bdeb13u1%2Bb4?arch=amd64&distro=debian-13.6&package-id=14900fa74255ed37&upstream=gnupg2%402.4.7-21%2Bdeb13u1,library,gpg-agent,2.4.7-21+deb13u1+b4,Debian GnuPG Maintainers <pkg-gnupg-maint@lists.alioth.debian.org>,pkg:deb/debian/gpg-agent@2.4.7-21%2Bdeb13u1%2Bb4?arch=amd64&distro=debian-13.6&upstream=gnupg2%402.4.7-21%2Bdeb13u1,cpe:2.3:a:gpg-agent:gpg-agent:2.4.7-21\+deb13u1\+b4:*:*:*:*:*:*:*,STRUCTURALLY_VALID,,a,gpg-agent,gpg-agent,2.4.7-21\+deb13u1\+b4,*,*,*,*,*,*,*
93442,docker.io/library/postgres,18.4,pilot/results/sboms/postgres-18.4.cdx.json,pkg:deb/debian/gpgconf@2.4.7-21%2Bdeb13u1%2Bb4?arch=amd64&distro=debian-13.6&package-id=a9cb5e3ef1374a58&upstream=gnupg2%402.4.7-21%2Bdeb13u1,library,gpgconf,2.4.7-21+deb13u1+b4,Debian GnuPG Maintainers <pkg-gnupg-maint@lists.alioth.debian.org>,pkg:deb/debian/gpgconf@2.4.7-21%2Bdeb13u1%2Bb4?arch=amd64&distro=debian-13.6&upstream=gnupg2%402.4.7-21%2Bdeb13u1,cpe:2.3:a:gpgconf:gpgconf:2.4.7-21\+deb13u1\+b4:*:*:*:*:*:*:*,STRUCTURALLY_VALID,,a,gpgconf,gpgconf,2.4.7-21\+deb13u1\+b4,*,*,*,*,*,*,*
93443,docker.io/library/postgres,18.4,pilot/results/sboms/postgres-18.4.cdx.json,pkg:deb/debian/gpgsm@2.4.7-21%2Bdeb13u1%2Bb4?arch=amd64&distro=debian-13.6&package-id=2dda91c007cb6504&upstream=gnupg2%402.4.7-21%2Bdeb13u1,library,gpgsm,2.4.7-21+deb13u1+b4,Debian GnuPG Maintainers <pkg-gnupg-maint@lists.alioth.debian.org>,pkg:deb/debian/gpgsm@2.4.7-21%2Bdeb13u1%2Bb4?arch=amd64&distro=debian-13.6&upstream=gnupg2%402.4.7-21%2Bdeb13u1,cpe:2.3:a:gpgsm:gpgsm:2.4.7-21\+deb13u1\+b4:*:*:*:*:*:*:*,STRUCTURALLY_VALID,,a,gpgsm,gpgsm,2.4.7-21\+deb13u1\+b4,*,*,*,*,*,*,*
93444,docker.io/library/postgres,18.4,pilot/results/sboms/postgres-18.4.cdx.json,pkg:deb/debian/grep@3.11-4?arch=amd64&distro=debian-13.6&package-id=a92d218620498fb7,library,grep,3.11-4,Anibal Monsalve Salazar <anibal@debian.org>,pkg:deb/debian/grep@3.11-4?arch=amd64&distro=debian-13.6,cpe:2.3:a:grep:grep:3.11-4:*:*:*:*:*:*:*,STRUCTURALLY_VALID,,a,grep,grep,3.11-4,*,*,*,*,*,*,*
93445,docker.io/library/postgres,18.4,pilot/results/sboms/postgres-18.4.cdx.json,pkg:deb/debian/gzip@1.13-1?arch=amd64&distro=debian-13.6&package-id=b30644f429eabdac,library,gzip,1.13-1,Milan Kupcevic <milan@debian.org>,pkg:deb/debian/gzip@1.13-1?arch=amd64&distro=debian-13.6,cpe:2.3:a:gzip:gzip:1.13-1:*:*:*:*:*:*:*,STRUCTURALLY_VALID,,a,gzip,gzip,1.13-1,*,*,*,*,*,*,*
93446,docker.io/library/postgres,18.4,pilot/results/sboms/postgres-18.4.cdx.json,pkg:deb/debian/hostname@3.25?arch=amd64&distro=debian-13.6&package-id=99de93ca9ff6e65f,library,hostname,3.25,Michael Meskes <meskes@debian.org>,pkg:deb/debian/hostname@3.25?arch=amd64&distro=debian-13.6,cpe:2.3:a:hostname:hostname:3.25:*:*:*:*:*:*:*,STRUCTURALLY_VALID,,a,hostname,hostname,3.25,*,*,*,*,*,*,*
93447,docker.io/library/postgres,18.4,pilot/results/sboms/postgres-18.4.cdx.json,pkg:deb/debian/init-system-helpers@1.69~deb13u1?arch=all&distro=debian-13.6&package-id=40e23b20a464282c,library,init-system-helpers,1.69~deb13u1,Debian systemd Maintainers <pkg-systemd-maintainers@lists.alioth.debian.org>,pkg:deb/debian/init-system-helpers@1.69~deb13u1?arch=all&distro=debian-13.6,cpe:2.3:a:init-system-helpers:init-system-helpers:1.69\~deb13u1:*:*:*:*:*:*:*,STRUCTURALLY_VALID,,a,init-system-helpers,init-system-helpers,1.69\~deb13u1,*,*,*,*,*,*,*
93448,docker.io/library/postgres,18.4,pilot/results/sboms/postgres-18.4.cdx.json,pkg:deb/debian/less@668-1?arch=amd64&distro=debian-13.6&package-id=8087d09fbae26878,library,less,668-1,Milan Kupcevic <milan@debian.org>,pkg:deb/debian/less@668-1?arch=amd64&distro=debian-13.6,cpe:2.3:a:less:less:668-1:*:*:*:*:*:*:*,STRUCTURALLY_VALID,,a,less,less,668-1,*,*,*,*,*,*,*
93449,docker.io/library/postgres,18.4,pilot/results/sboms/postgres-18.4.cdx.json,pkg:deb/debian/libacl1@2.3.2-2%2Bb1?arch=amd64&distro=debian-13.6&package-id=0af6f2d3417a318d&upstream=acl%402.3.2-2,library,libacl1,2.3.2-2+b1,Guillem Jover <guillem@debian.org>,pkg:deb/debian/libacl1@2.3.2-2%2Bb1?arch=amd64&distro=debian-13.6&upstream=acl%402.3.2-2,cpe:2.3:a:libacl1:libacl1:2.3.2-2\+b1:*:*:*:*:*:*:*,STRUCTURALLY_VALID,,a,libacl1,libacl1,2.3.2-2\+b1,*,*,*,*,*,*,*
93450,docker.io/library/postgres,18.4,pilot/results/sboms/postgres-18.4.cdx.json,pkg:deb/debian/libapt-pkg7.0@3.0.3?arch=amd64&distro=debian-13.6&package-id=25f4161ec6258e4d&upstream=apt,library,libapt-pkg7.0,3.0.3,APT Development Team <deity@lists.debian.org>,pkg:deb/debian/libapt-pkg7.0@3.0.3?arch=amd64&distro=debian-13.6&upstream=apt,cpe:2.3:a:libapt-pkg7.0:libapt-pkg7.0:3.0.3:*:*:*:*:*:*:*,STRUCTURALLY_VALID,,a,libapt-pkg7.0,libapt-pkg7.0,3.0.3,*,*,*,*,*,*,*
93451,docker.io/library/postgres,18.4,pilot/results/sboms/postgres-18.4.cdx.json,pkg:deb/debian/libassuan9@3.0.2-2?arch=amd64&distro=debian-13.6&package-id=70b7a9516a380da1&upstream=libassuan,library,libassuan9,3.0.2-2,Debian GnuPG-Maintainers <pkg-gnupg-maint@lists.alioth.debian.org>,pkg:deb/debian/libassuan9@3.0.2-2?arch=amd64&distro=debian-13.6&upstream=libassuan,cpe:2.3:a:libassuan9:libassuan9:3.0.2-2:*:*:*:*:*:*:*,STRUCTURALLY_VALID,,a,libassuan9,libassuan9,3.0.2-2,*,*,*,*,*,*,*
93452,docker.io/library/postgres,18.4,pilot/results/sboms/postgres-18.4.cdx.json,pkg:deb/debian/libattr1@1%3A2.5.2-3?arch=amd64&distro=debian-13.6&package-id=6f2066ac1c2128fd&upstream=attr,library,libattr1,1:2.5.2-3,Guillem Jover <guillem@debian.org>,pkg:deb/debian/libattr1@1%3A2.5.2-3?arch=amd64&distro=debian-13.6&upstream=attr,cpe:2.3:a:libattr1:libattr1:1\:2.5.2-3:*:*:*:*:*:*:*,STRUCTURALLY_VALID,,a,libattr1,libattr1,1\:2.5.2-3,*,*,*,*,*,*,*
93454,docker.io/library/postgres,18.4,pilot/results/sboms/postgres-18.4.cdx.json,pkg:deb/debian/libaudit1@1%3A4.0.2-2%2Bb2?arch=amd64&distro=debian-13.6&package-id=2ca8f5fa0f4e4bfa&upstream=audit%401%3A4.0.2-2,library,libaudit1,1:4.0.2-2+b2,Laurent Bigonville <bigon@debian.org>,pkg:deb/debian/libaudit1@1%3A4.0.2-2%2Bb2?arch=amd64&distro=debian-13.6&upstream=audit%401%3A4.0.2-2,cpe:2.3:a:libaudit1:libaudit1:1\:4.0.2-2\+b2:*:*:*:*:*:*:*,STRUCTURALLY_VALID,,a,libaudit1,libaudit1,1\:4.0.2-2\+b2,*,*,*,*,*,*,*
93453,docker.io/library/postgres,18.4,pilot/results/sboms/postgres-18.4.cdx.json,pkg:deb/debian/libaudit-common@1%3A4.0.2-2?arch=all&distro=debian-13.6&package-id=6cb43ac21ec2f2a0&upstream=audit,library,libaudit-common,1:4.0.2-2,Laurent Bigonville <bigon@debian.org>,pkg:deb/debian/libaudit-common@1%3A4.0.2-2?arch=all&distro=debian-13.6&upstream=audit,cpe:2.3:a:libaudit-common:libaudit-common:1\:4.0.2-2:*:*:*:*:*:*:*,STRUCTURALLY_VALID,,a,libaudit-common,libaudit-common,1\:4.0.2-2,*,*,*,*,*,*,*
93455,docker.io/library/postgres,18.4,pilot/results/sboms/postgres-18.4.cdx.json,pkg:deb/debian/libblkid1@2.41-5?arch=amd64&distro=debian-13.6&package-id=229bfebd2f7fc7f3&upstream=util-linux,library,libblkid1,2.41-5,Chris Hofstaedtler <zeha@debian.org>,pkg:deb/debian/libblkid1@2.41-5?arch=amd64&distro=debian-13.6&upstream=util-linux,cpe:2.3:a:libblkid1:libblkid1:2.41-5:*:*:*:*:*:*:*,STRUCTURALLY_VALID,,a,libblkid1,libblkid1,2.41-5,*,*,*,*,*,*,*
93456,docker.io/library/postgres,18.4,pilot/results/sboms/postgres-18.4.cdx.json,pkg:deb/debian/libbsd0@0.12.2-2?arch=amd64&distro=debian-13.6&package-id=5421a64a3af7445b&upstream=libbsd,library,libbsd0,0.12.2-2,Guillem Jover <guillem@debian.org>,pkg:deb/debian/libbsd0@0.12.2-2?arch=amd64&distro=debian-13.6&upstream=libbsd,cpe:2.3:a:libbsd0:libbsd0:0.12.2-2:*:*:*:*:*:*:*,STRUCTURALLY_VALID,,a,libbsd0,libbsd0,0.12.2-2,*,*,*,*,*,*,*
93457,docker.io/library/postgres,18.4,pilot/results/sboms/postgres-18.4.cdx.json,pkg:deb/debian/libbz2-1.0@1.0.8-6?arch=amd64&distro=debian-13.6&package-id=6004b03bf692a003&upstream=bzip2,library,libbz2-1.0,1.0.8-6,Anibal Monsalve Salazar <anibal@debian.org>,pkg:deb/debian/libbz2-1.0@1.0.8-6?arch=amd64&distro=debian-13.6&upstream=bzip2,cpe:2.3:a:libbz2-1.0:libbz2-1.0:1.0.8-6:*:*:*:*:*:*:*,STRUCTURALLY_VALID,,a,libbz2-1.0,libbz2-1.0,1.0.8-6,*,*,*,*,*,*,*
93460,docker.io/library/postgres,18.4,pilot/results/sboms/postgres-18.4.cdx.json,pkg:deb/debian/libc6@2.41-12%2Bdeb13u3?arch=amd64&distro=debian-13.6&package-id=396f0047ff1f6fad&upstream=glibc,library,libc6,2.41-12+deb13u3,GNU Libc Maintainers <debian-glibc@lists.debian.org>,pkg:deb/debian/libc6@2.41-12%2Bdeb13u3?arch=amd64&distro=debian-13.6&upstream=glibc,cpe:2.3:a:libc6:libc6:2.41-12\+deb13u3:*:*:*:*:*:*:*,STRUCTURALLY_VALID,,a,libc6,libc6,2.41-12\+deb13u3,*,*,*,*,*,*,*
93462,docker.io/library/postgres,18.4,pilot/results/sboms/postgres-18.4.cdx.json,pkg:deb/debian/libcap2@1%3A2.75-10%2Bdeb13u1%2Bb1?arch=amd64&distro=debian-13.6&package-id=82b01daae666f7f2&upstream=libcap2%401%3A2.75-10%2Bdeb13u1,library,libcap2,1:2.75-10+deb13u1+b1,Christian Kastner <ckk@debian.org>,pkg:deb/debian/libcap2@1%3A2.75-10%2Bdeb13u1%2Bb1?arch=amd64&distro=debian-13.6&upstream=libcap2%401%3A2.75-10%2Bdeb13u1,cpe:2.3:a:libcap2:libcap2:1\:2.75-10\+deb13u1\+b1:*:*:*:*:*:*:*,STRUCTURALLY_VALID,,a,libcap2,libcap2,1\:2.75-10\+deb13u1\+b1,*,*,*,*,*,*,*
93461,docker.io/library/postgres,18.4,pilot/results/sboms/postgres-18.4.cdx.json,pkg:deb/debian/libcap-ng0@0.8.5-4%2Bb1?arch=amd64&distro=debian-13.6&package-id=b41a5e7ee674f97b&upstream=libcap-ng%400.8.5-4,library,libcap-ng0,0.8.5-4+b1,Håvard F. Aasen <havard.f.aasen@pfft.no>,pkg:deb/debian/libcap-ng0@0.8.5-4%2Bb1?arch=amd64&distro=debian-13.6&upstream=libcap-ng%400.8.5-4,cpe:2.3:a:libcap-ng0:libcap-ng0:0.8.5-4\+b1:*:*:*:*:*:*:*,STRUCTURALLY_VALID,,a,libcap-ng0,libcap-ng0,0.8.5-4\+b1,*,*,*,*,*,*,*
93458,docker.io/library/postgres,18.4,pilot/results/sboms/postgres-18.4.cdx.json,pkg:deb/debian/libc-bin@2.41-12%2Bdeb13u3?arch=amd64&distro=debian-13.6&package-id=db8f902611567c92&upstream=glibc,library,libc-bin,2.41-12+deb13u3,GNU Libc Maintainers <debian-glibc@lists.debian.org>,pkg:deb/debian/libc-bin@2.41-12%2Bdeb13u3?arch=amd64&distro=debian-13.6&upstream=glibc,cpe:2.3:a:libc-bin:libc-bin:2.41-12\+deb13u3:*:*:*:*:*:*:*,STRUCTURALLY_VALID,,a,libc-bin,libc-bin,2.41-12\+deb13u3,*,*,*,*,*,*,*
93459,docker.io/library/postgres,18.4,pilot/results/sboms/postgres-18.4.cdx.json,pkg:deb/debian/libc-l10n@2.41-12%2Bdeb13u3?arch=all&distro=debian-13.6&package-id=a7d1ff47e3560744&upstream=glibc,library,libc-l10n,2.41-12+deb13u3,GNU Libc Maintainers <debian-glibc@lists.debian.org>,pkg:deb/debian/libc-l10n@2.41-12%2Bdeb13u3?arch=all&distro=debian-13.6&upstream=glibc,cpe:2.3:a:libc-l10n:libc-l10n:2.41-12\+deb13u3:*:*:*:*:*:*:*,STRUCTURALLY_VALID,,a,libc-l10n,libc-l10n,2.41-12\+deb13u3,*,*,*,*,*,*,*
93463,docker.io/library/postgres,18.4,pilot/results/sboms/postgres-18.4.cdx.json,pkg:deb/debian/libcom-err2@1.47.2-3%2Bb11?arch=amd64&distro=debian-13.6&package-id=2fd2760db44cf33c&upstream=e2fsprogs%401.47.2-3,library,libcom-err2,1.47.2-3+b11,Theodore Y. Ts'o <tytso@mit.edu>,pkg:deb/debian/libcom-err2@1.47.2-3%2Bb11?arch=amd64&distro=debian-13.6&upstream=e2fsprogs%401.47.2-3,cpe:2.3:a:libcom-err2:libcom-err2:1.47.2-3\+b11:*:*:*:*:*:*:*,STRUCTURALLY_VALID,,a,libcom-err2,libcom-err2,1.47.2-3\+b11,*,*,*,*,*,*,*
93464,docker.io/library/postgres,18.4,pilot/results/sboms/postgres-18.4.cdx.json,pkg:deb/debian/libcrypt1@1%3A4.4.38-1?arch=amd64&distro=debian-13.6&package-id=757587ed7bd452da&upstream=libxcrypt,library,libcrypt1,1:4.4.38-1,Marco d'Itri <md@linux.it>,pkg:deb/debian/libcrypt1@1%3A4.4.38-1?arch=amd64&distro=debian-13.6&upstream=libxcrypt,cpe:2.3:a:libcrypt1:libcrypt1:1\:4.4.38-1:*:*:*:*:*:*:*,STRUCTURALLY_VALID,,a,libcrypt1,libcrypt1,1\:4.4.38-1,*,*,*,*,*,*,*
93465,docker.io/library/postgres,18.4,pilot/results/sboms/postgres-18.4.cdx.json,pkg:deb/debian/libdb5.3t64@5.3.28%2Bdfsg2-9?arch=amd64&distro=debian-13.6&package-id=691cff16cd9ac9e6&upstream=db5.3,library,libdb5.3t64,5.3.28+dfsg2-9,Debian QA Group <packages@qa.debian.org>,pkg:deb/debian/libdb5.3t64@5.3.28%2Bdfsg2-9?arch=amd64&distro=debian-13.6&upstream=db5.3,cpe:2.3:a:libdb5.3t64:libdb5.3t64:5.3.28\+dfsg2-9:*:*:*:*:*:*:*,STRUCTURALLY_VALID,,a,libdb5.3t64,libdb5.3t64,5.3.28\+dfsg2-9,*,*,*,*,*,*,*
93466,docker.io/library/postgres,18.4,pilot/results/sboms/postgres-18.4.cdx.json,pkg:deb/debian/libdebconfclient0@0.280?arch=amd64&distro=debian-13.6&package-id=58dd2cc5f3eff2c7&upstream=cdebconf,library,libdebconfclient0,0.280,Debian Install System Team <debian-boot@lists.debian.org>,pkg:deb/debian/libdebconfclient0@0.280?arch=amd64&distro=debian-13.6&upstream=cdebconf,cpe:2.3:a:libdebconfclient0:libdebconfclient0:0.280:*:*:*:*:*:*:*,STRUCTURALLY_VALID,,a,libdebconfclient0,libdebconfclient0,0.280,*,*,*,*,*,*,*
93467,docker.io/library/postgres,18.4,pilot/results/sboms/postgres-18.4.cdx.json,pkg:deb/debian/libedit2@3.1-20250104-1?arch=amd64&distro=debian-13.6&package-id=fc1e1bc32510c1ca&upstream=libedit,library,libedit2,3.1-20250104-1,LLVM Packaging Team <pkg-llvm-team@lists.alioth.debian.org>,pkg:deb/debian/libedit2@3.1-20250104-1?arch=amd64&distro=debian-13.6&upstream=libedit,cpe:2.3:a:libedit2:libedit2:3.1-20250104-1:*:*:*:*:*:*:*,STRUCTURALLY_VALID,,a,libedit2,libedit2,3.1-20250104-1,*,*,*,*,*,*,*
93468,docker.io/library/postgres,18.4,pilot/results/sboms/postgres-18.4.cdx.json,pkg:deb/debian/libffi8@3.4.8-2?arch=amd64&distro=debian-13.6&package-id=f169b5e0007ecadc&upstream=libffi,library,libffi8,3.4.8-2,Debian GCC Maintainers <debian-gcc@lists.debian.org>,pkg:deb/debian/libffi8@3.4.8-2?arch=amd64&distro=debian-13.6&upstream=libffi,cpe:2.3:a:libffi8:libffi8:3.4.8-2:*:*:*:*:*:*:*,STRUCTURALLY_VALID,,a,libffi8,libffi8,3.4.8-2,*,*,*,*,*,*,*
93469,docker.io/library/postgres,18.4,pilot/results/sboms/postgres-18.4.cdx.json,pkg:deb/debian/libgcc-s1@14.2.0-19?arch=amd64&distro=debian-13.6&package-id=2338ed612a82adf3&upstream=gcc-14,library,libgcc-s1,14.2.0-19,Debian GCC Maintainers <debian-gcc@lists.debian.org>,pkg:deb/debian/libgcc-s1@14.2.0-19?arch=amd64&distro=debian-13.6&upstream=gcc-14,cpe:2.3:a:libgcc-s1:libgcc-s1:14.2.0-19:*:*:*:*:*:*:*,STRUCTURALLY_VALID,,a,libgcc-s1,libgcc-s1,14.2.0-19,*,*,*,*,*,*,*
93470,docker.io/library/postgres,18.4,pilot/results/sboms/postgres-18.4.cdx.json,pkg:deb/debian/libgcrypt20@1.11.0-7%2Bdeb13u1?arch=amd64&distro=debian-13.6&package-id=32738b09752b2320,library,libgcrypt20,1.11.0-7+deb13u1,Debian GnuTLS Maintainers <pkg-gnutls-maint@lists.alioth.debian.org>,pkg:deb/debian/libgcrypt20@1.11.0-7%2Bdeb13u1?arch=amd64&distro=debian-13.6,cpe:2.3:a:libgcrypt20:libgcrypt20:1.11.0-7\+deb13u1:*:*:*:*:*:*:*,STRUCTURALLY_VALID,,a,libgcrypt20,libgcrypt20,1.11.0-7\+deb13u1,*,*,*,*,*,*,*
93472,docker.io/library/postgres,18.4,pilot/results/sboms/postgres-18.4.cdx.json,pkg:deb/debian/libgdbm6t64@1.24-2?arch=amd64&distro=debian-13.6&package-id=057243fa006ab11e&upstream=gdbm,library,libgdbm6t64,1.24-2,Nicolas Mora <babelouest@debian.org>,pkg:deb/debian/libgdbm6t64@1.24-2?arch=amd64&distro=debian-13.6&upstream=gdbm,cpe:2.3:a:libgdbm6t64:libgdbm6t64:1.24-2:*:*:*:*:*:*:*,STRUCTURALLY_VALID,,a,libgdbm6t64,libgdbm6t64,1.24-2,*,*,*,*,*,*,*
93471,docker.io/library/postgres,18.4,pilot/results/sboms/postgres-18.4.cdx.json,pkg:deb/debian/libgdbm-compat4t64@1.24-2?arch=amd64&distro=debian-13.6&package-id=01e9cffe3bda80ec&upstream=gdbm,library,libgdbm-compat4t64,1.24-2,Nicolas Mora <babelouest@debian.org>,pkg:deb/debian/libgdbm-compat4t64@1.24-2?arch=amd64&distro=debian-13.6&upstream=gdbm,cpe:2.3:a:libgdbm-compat4t64:libgdbm-compat4t64:1.24-2:*:*:*:*:*:*:*,STRUCTURALLY_VALID,,a,libgdbm-compat4t64,libgdbm-compat4t64,1.24-2,*,*,*,*,*,*,*
93473,docker.io/library/postgres,18.4,pilot/results/sboms/postgres-18.4.cdx.json,pkg:deb/debian/libgmp10@2%3A6.3.0%2Bdfsg-3?arch=amd64&distro=debian-13.6&package-id=1c7a811a4bd26f31&upstream=gmp,library,libgmp10,2:6.3.0+dfsg-3,Debian Science Maintainers <debian-science-maintainers@lists.alioth.debian.org>,pkg:deb/debian/libgmp10@2%3A6.3.0%2Bdfsg-3?arch=amd64&distro=debian-13.6&upstream=gmp,cpe:2.3:a:libgmp10:libgmp10:2\:6.3.0\+dfsg-3:*:*:*:*:*:*:*,STRUCTURALLY_VALID,,a,libgmp10,libgmp10,2\:6.3.0\+dfsg-3,*,*,*,*,*,*,*
93474,docker.io/library/postgres,18.4,pilot/results/sboms/postgres-18.4.cdx.json,pkg:deb/debian/libgnutls30t64@3.8.9-3%2Bdeb13u4?arch=amd64&distro=debian-13.6&package-id=809ea4b423ef5f0e&upstream=gnutls28,library,libgnutls30t64,3.8.9-3+deb13u4,Debian GnuTLS Maintainers <pkg-gnutls-maint@lists.alioth.debian.org>,pkg:deb/debian/libgnutls30t64@3.8.9-3%2Bdeb13u4?arch=amd64&distro=debian-13.6&upstream=gnutls28,cpe:2.3:a:libgnutls30t64:libgnutls30t64:3.8.9-3\+deb13u4:*:*:*:*:*:*:*,STRUCTURALLY_VALID,,a,libgnutls30t64,libgnutls30t64,3.8.9-3\+deb13u4,*,*,*,*,*,*,*
93475,docker.io/library/postgres,18.4,pilot/results/sboms/postgres-18.4.cdx.json,pkg:deb/debian/libgpg-error0@1.51-4?arch=amd64&distro=debian-13.6&package-id=9a4d2bd621a6c19e&upstream=libgpg-error,library,libgpg-error0,1.51-4,Debian GnuPG Maintainers <pkg-gnupg-maint@lists.alioth.debian.org>,pkg:deb/debian/libgpg-error0@1.51-4?arch=amd64&distro=debian-13.6&upstream=libgpg-error,cpe:2.3:a:libgpg-error0:libgpg-error0:1.51-4:*:*:*:*:*:*:*,STRUCTURALLY_VALID,,a,libgpg-error0,libgpg-error0,1.51-4,*,*,*,*,*,*,*
93476,docker.io/library/postgres,18.4,pilot/results/sboms/postgres-18.4.cdx.json,pkg:deb/debian/libgssapi-krb5-2@1.21.3-5%2Bdeb13u1?arch=amd64&distro=debian-13.6&package-id=daa1f8dfeee1793b&upstream=krb5,library,libgssapi-krb5-2,1.21.3-5+deb13u1,Sam Hartman <hartmans@debian.org>,pkg:deb/debian/libgssapi-krb5-2@1.21.3-5%2Bdeb13u1?arch=amd64&distro=debian-13.6&upstream=krb5,cpe:2.3:a:libgssapi-krb5-2:libgssapi-krb5-2:1.21.3-5\+deb13u1:*:*:*:*:*:*:*,STRUCTURALLY_VALID,,a,libgssapi-krb5-2,libgssapi-krb5-2,1.21.3-5\+deb13u1,*,*,*,*,*,*,*
93477,docker.io/library/postgres,18.4,pilot/results/sboms/postgres-18.4.cdx.json,pkg:deb/debian/libhogweed6t64@3.10.1-1?arch=amd64&distro=debian-13.6&package-id=149dfd0fe1a0f504&upstream=nettle,library,libhogweed6t64,3.10.1-1,Magnus Holmgren <holmgren@debian.org>,pkg:deb/debian/libhogweed6t64@3.10.1-1?arch=amd64&distro=debian-13.6&upstream=nettle,cpe:2.3:a:libhogweed6t64:libhogweed6t64:3.10.1-1:*:*:*:*:*:*:*,STRUCTURALLY_VALID,,a,libhogweed6t64,libhogweed6t64,3.10.1-1,*,*,*,*,*,*,*
93478,docker.io/library/postgres,18.4,pilot/results/sboms/postgres-18.4.cdx.json,pkg:deb/debian/libicu76@76.1-4?arch=amd64&distro=debian-13.6&package-id=88987a8b50d3347c&upstream=icu,library,libicu76,76.1-4,Laszlo Boszormenyi (GCS) <gcs@debian.org>,pkg:deb/debian/libicu76@76.1-4?arch=amd64&distro=debian-13.6&upstream=icu,cpe:2.3:a:libicu76:libicu76:76.1-4:*:*:*:*:*:*:*,STRUCTURALLY_VALID,,a,libicu76,libicu76,76.1-4,*,*,*,*,*,*,*
93479,docker.io/library/postgres,18.4,pilot/results/sboms/postgres-18.4.cdx.json,pkg:deb/debian/libidn2-0@2.3.8-2?arch=amd64&distro=debian-13.6&package-id=310f287fe307ac10&upstream=libidn2,library,libidn2-0,2.3.8-2,Debian Libidn team <help-libidn@gnu.org>,pkg:deb/debian/libidn2-0@2.3.8-2?arch=amd64&distro=debian-13.6&upstream=libidn2,cpe:2.3:a:libidn2-0:libidn2-0:2.3.8-2:*:*:*:*:*:*:*,STRUCTURALLY_VALID,,a,libidn2-0,libidn2-0,2.3.8-2,*,*,*,*,*,*,*
93480,docker.io/library/postgres,18.4,pilot/results/sboms/postgres-18.4.cdx.json,pkg:deb/debian/libjson-perl@4.10000-1?arch=all&distro=debian-13.6&package-id=417d573cb687d7b2,library,libjson-perl,4.10000-1,Debian Perl Group <pkg-perl-maintainers@lists.alioth.debian.org>,pkg:deb/debian/libjson-perl@4.10000-1?arch=all&distro=debian-13.6,cpe:2.3:a:libjson-perl:libjson-perl:4.10000-1:*:*:*:*:*:*:*,STRUCTURALLY_VALID,,a,libjson-perl,libjson-perl,4.10000-1,*,*,*,*,*,*,*
93481,docker.io/library/postgres,18.4,pilot/results/sboms/postgres-18.4.cdx.json,pkg:deb/debian/libk5crypto3@1.21.3-5%2Bdeb13u1?arch=amd64&distro=debian-13.6&package-id=c5f7e9443917908e&upstream=krb5,library,libk5crypto3,1.21.3-5+deb13u1,Sam Hartman <hartmans@debian.org>,pkg:deb/debian/libk5crypto3@1.21.3-5%2Bdeb13u1?arch=amd64&distro=debian-13.6&upstream=krb5,cpe:2.3:a:libk5crypto3:libk5crypto3:1.21.3-5\+deb13u1:*:*:*:*:*:*:*,STRUCTURALLY_VALID,,a,libk5crypto3,libk5crypto3,1.21.3-5\+deb13u1,*,*,*,*,*,*,*
93482,docker.io/library/postgres,18.4,pilot/results/sboms/postgres-18.4.cdx.json,pkg:deb/debian/libkeyutils1@1.6.3-6?arch=amd64&distro=debian-13.6&package-id=6581ff8346184554&upstream=keyutils,library,libkeyutils1,1.6.3-6,Christian Kastner <ckk@debian.org>,pkg:deb/debian/libkeyutils1@1.6.3-6?arch=amd64&distro=debian-13.6&upstream=keyutils,cpe:2.3:a:libkeyutils1:libkeyutils1:1.6.3-6:*:*:*:*:*:*:*,STRUCTURALLY_VALID,,a,libkeyutils1,libkeyutils1,1.6.3-6,*,*,*,*,*,*,*
93483,docker.io/library/postgres,18.4,pilot/results/sboms/postgres-18.4.cdx.json,pkg:deb/debian/libkrb5-3@1.21.3-5%2Bdeb13u1?arch=amd64&distro=debian-13.6&package-id=0d7d9accbe1a77b1&upstream=krb5,library,libkrb5-3,1.21.3-5+deb13u1,Sam Hartman <hartmans@debian.org>,pkg:deb/debian/libkrb5-3@1.21.3-5%2Bdeb13u1?arch=amd64&distro=debian-13.6&upstream=krb5,cpe:2.3:a:libkrb5-3:libkrb5-3:1.21.3-5\+deb13u1:*:*:*:*:*:*:*,STRUCTURALLY_VALID,,a,libkrb5-3,libkrb5-3,1.21.3-5\+deb13u1,*,*,*,*,*,*,*
93484,docker.io/library/postgres,18.4,pilot/results/sboms/postgres-18.4.cdx.json,pkg:deb/debian/libkrb5support0@1.21.3-5%2Bdeb13u1?arch=amd64&distro=debian-13.6&package-id=dcbb71b238b6d3d6&upstream=krb5,library,libkrb5support0,1.21.3-5+deb13u1,Sam Hartman <hartmans@debian.org>,pkg:deb/debian/libkrb5support0@1.21.3-5%2Bdeb13u1?arch=amd64&distro=debian-13.6&upstream=krb5,cpe:2.3:a:libkrb5support0:libkrb5support0:1.21.3-5\+deb13u1:*:*:*:*:*:*:*,STRUCTURALLY_VALID,,a,libkrb5support0,libkrb5support0,1.21.3-5\+deb13u1,*,*,*,*,*,*,*
93485,docker.io/library/postgres,18.4,pilot/results/sboms/postgres-18.4.cdx.json,pkg:deb/debian/libksba8@1.6.7-2%2Bb1?arch=amd64&distro=debian-13.6&package-id=e17fdbaa52128882&upstream=libksba%401.6.7-2,library,libksba8,1.6.7-2+b1,Debian GnuTLS Maintainers <pkg-gnutls-maint@lists.alioth.debian.org>,pkg:deb/debian/libksba8@1.6.7-2%2Bb1?arch=amd64&distro=debian-13.6&upstream=libksba%401.6.7-2,cpe:2.3:a:libksba8:libksba8:1.6.7-2\+b1:*:*:*:*:*:*:*,STRUCTURALLY_VALID,,a,libksba8,libksba8,1.6.7-2\+b1,*,*,*,*,*,*,*
93486,docker.io/library/postgres,18.4,pilot/results/sboms/postgres-18.4.cdx.json,pkg:deb/debian/liblastlog2-2@2.41-5?arch=amd64&distro=debian-13.6&package-id=82f554653d484779&upstream=util-linux,library,liblastlog2-2,2.41-5,Chris Hofstaedtler <zeha@debian.org>,pkg:deb/debian/liblastlog2-2@2.41-5?arch=amd64&distro=debian-13.6&upstream=util-linux,cpe:2.3:a:liblastlog2-2:liblastlog2-2:2.41-5:*:*:*:*:*:*:*,STRUCTURALLY_VALID,,a,liblastlog2-2,liblastlog2-2,2.41-5,*,*,*,*,*,*,*
93487,docker.io/library/postgres,18.4,pilot/results/sboms/postgres-18.4.cdx.json,pkg:deb/debian/libldap2@2.6.10%2Bdfsg-1?arch=amd64&distro=debian-13.6&package-id=614dd2dfa62b9595&upstream=openldap,library,libldap2,2.6.10+dfsg-1,Debian OpenLDAP Maintainers <pkg-openldap-devel@lists.alioth.debian.org>,pkg:deb/debian/libldap2@2.6.10%2Bdfsg-1?arch=amd64&distro=debian-13.6&upstream=openldap,cpe:2.3:a:libldap2:libldap2:2.6.10\+dfsg-1:*:*:*:*:*:*:*,STRUCTURALLY_VALID,,a,libldap2,libldap2,2.6.10\+dfsg-1,*,*,*,*,*,*,*
93488,docker.io/library/postgres,18.4,pilot/results/sboms/postgres-18.4.cdx.json,pkg:deb/debian/libllvm19@1%3A19.1.7-3%2Bb1?arch=amd64&distro=debian-13.6&package-id=a5b28cd801b4cb4e&upstream=llvm-toolchain-19%401%3A19.1.7-3,library,libllvm19,1:19.1.7-3+b1,LLVM Packaging Team <pkg-llvm-team@lists.alioth.debian.org>,pkg:deb/debian/libllvm19@1%3A19.1.7-3%2Bb1?arch=amd64&distro=debian-13.6&upstream=llvm-toolchain-19%401%3A19.1.7-3,cpe:2.3:a:libllvm19:libllvm19:1\:19.1.7-3\+b1:*:*:*:*:*:*:*,STRUCTURALLY_VALID,,a,libllvm19,libllvm19,1\:19.1.7-3\+b1,*,*,*,*,*,*,*
93489,docker.io/library/postgres,18.4,pilot/results/sboms/postgres-18.4.cdx.json,pkg:deb/debian/liblz4-1@1.10.0-4?arch=amd64&distro=debian-13.6&package-id=4027ba8f2aab9b06&upstream=lz4,library,liblz4-1,1.10.0-4,Nobuhiro Iwamatsu <iwamatsu@debian.org>,pkg:deb/debian/liblz4-1@1.10.0-4?arch=amd64&distro=debian-13.6&upstream=lz4,cpe:2.3:a:liblz4-1:liblz4-1:1.10.0-4:*:*:*:*:*:*:*,STRUCTURALLY_VALID,,a,liblz4-1,liblz4-1,1.10.0-4,*,*,*,*,*,*,*
93490,docker.io/library/postgres,18.4,pilot/results/sboms/postgres-18.4.cdx.json,pkg:deb/debian/liblzma5@5.8.1-1%2Bdeb13u1?arch=amd64&distro=debian-13.6&package-id=9ade75968c48cc77&upstream=xz-utils,library,liblzma5,5.8.1-1+deb13u1,Sebastian Andrzej Siewior <sebastian@breakpoint.cc>,pkg:deb/debian/liblzma5@5.8.1-1%2Bdeb13u1?arch=amd64&distro=debian-13.6&upstream=xz-utils,cpe:2.3:a:liblzma5:liblzma5:5.8.1-1\+deb13u1:*:*:*:*:*:*:*,STRUCTURALLY_VALID,,a,liblzma5,liblzma5,5.8.1-1\+deb13u1,*,*,*,*,*,*,*
93491,docker.io/library/postgres,18.4,pilot/results/sboms/postgres-18.4.cdx.json,pkg:deb/debian/libmd0@1.1.0-2%2Bb1?arch=amd64&distro=debian-13.6&package-id=ffd304ab77f359f2&upstream=libmd%401.1.0-2,library,libmd0,1.1.0-2+b1,Guillem Jover <guillem@debian.org>,pkg:deb/debian/libmd0@1.1.0-2%2Bb1?arch=amd64&distro=debian-13.6&upstream=libmd%401.1.0-2,cpe:2.3:a:libmd0:libmd0:1.1.0-2\+b1:*:*:*:*:*:*:*,STRUCTURALLY_VALID,,a,libmd0,libmd0,1.1.0-2\+b1,*,*,*,*,*,*,*
93492,docker.io/library/postgres,18.4,pilot/results/sboms/postgres-18.4.cdx.json,pkg:deb/debian/libmount1@2.41-5?arch=amd64&distro=debian-13.6&package-id=fb348d32a9e96833&upstream=util-linux,library,libmount1,2.41-5,Chris Hofstaedtler <zeha@debian.org>,pkg:deb/debian/libmount1@2.41-5?arch=amd64&distro=debian-13.6&upstream=util-linux,cpe:2.3:a:libmount1:libmount1:2.41-5:*:*:*:*:*:*:*,STRUCTURALLY_VALID,,a,libmount1,libmount1,2.41-5,*,*,*,*,*,*,*
93493,docker.io/library/postgres,18.4,pilot/results/sboms/postgres-18.4.cdx.json,pkg:deb/debian/libncursesw6@6.5%2B20250216-2?arch=amd64&distro=debian-13.6&package-id=212a71fa16031fdf&upstream=ncurses,library,libncursesw6,6.5+20250216-2,Ncurses Maintainers <ncurses@packages.debian.org>,pkg:deb/debian/libncursesw6@6.5%2B20250216-2?arch=amd64&distro=debian-13.6&upstream=ncurses,cpe:2.3:a:libncursesw6:libncursesw6:6.5\+20250216-2:*:*:*:*:*:*:*,STRUCTURALLY_VALID,,a,libncursesw6,libncursesw6,6.5\+20250216-2,*,*,*,*,*,*,*
93494,docker.io/library/postgres,18.4,pilot/results/sboms/postgres-18.4.cdx.json,pkg:deb/debian/libnettle8t64@3.10.1-1?arch=amd64&distro=debian-13.6&package-id=830df7dec0785e1a&upstream=nettle,library,libnettle8t64,3.10.1-1,Magnus Holmgren <holmgren@debian.org>,pkg:deb/debian/libnettle8t64@3.10.1-1?arch=amd64&distro=debian-13.6&upstream=nettle,cpe:2.3:a:libnettle8t64:libnettle8t64:3.10.1-1:*:*:*:*:*:*:*,STRUCTURALLY_VALID,,a,libnettle8t64,libnettle8t64,3.10.1-1,*,*,*,*,*,*,*
93495,docker.io/library/postgres,18.4,pilot/results/sboms/postgres-18.4.cdx.json,pkg:deb/debian/libnpth0t64@1.8-3?arch=amd64&distro=debian-13.6&package-id=ed714f9d6c0e6eab&upstream=npth,library,libnpth0t64,1.8-3,Eric Dorland <eric@debian.org>,pkg:deb/debian/libnpth0t64@1.8-3?arch=amd64&distro=debian-13.6&upstream=npth,cpe:2.3:a:libnpth0t64:libnpth0t64:1.8-3:*:*:*:*:*:*:*,STRUCTURALLY_VALID,,a,libnpth0t64,libnpth0t64,1.8-3,*,*,*,*,*,*,*
93496,docker.io/library/postgres,18.4,pilot/results/sboms/postgres-18.4.cdx.json,pkg:deb/debian/libnss-wrapper@1.1.16-1?arch=amd64&distro=debian-13.6&package-id=0503328e02f2a6fa&upstream=nss-wrapper,library,libnss-wrapper,1.1.16-1,Debian SSSD Team <pkg-sssd-devel@alioth-lists.debian.net>,pkg:deb/debian/libnss-wrapper@1.1.16-1?arch=amd64&distro=debian-13.6&upstream=nss-wrapper,cpe:2.3:a:libnss-wrapper:libnss-wrapper:1.1.16-1:*:*:*:*:*:*:*,STRUCTURALLY_VALID,,a,libnss-wrapper,libnss-wrapper,1.1.16-1,*,*,*,*,*,*,*
93497,docker.io/library/postgres,18.4,pilot/results/sboms/postgres-18.4.cdx.json,pkg:deb/debian/libnuma1@2.0.19-1?arch=amd64&distro=debian-13.6&package-id=db6670b54c9039c7&upstream=numactl,library,libnuma1,2.0.19-1,Ian Wienand <ianw@debian.org>,pkg:deb/debian/libnuma1@2.0.19-1?arch=amd64&distro=debian-13.6&upstream=numactl,cpe:2.3:a:libnuma1:libnuma1:2.0.19-1:*:*:*:*:*:*:*,STRUCTURALLY_VALID,,a,libnuma1,libnuma1,2.0.19-1,*,*,*,*,*,*,*
93498,docker.io/library/postgres,18.4,pilot/results/sboms/postgres-18.4.cdx.json,pkg:deb/debian/libp11-kit0@0.25.5-3?arch=amd64&distro=debian-13.6&package-id=21af26782f8669a0&upstream=p11-kit,library,libp11-kit0,0.25.5-3,Debian GnuTLS Maintainers <pkg-gnutls-maint@lists.alioth.debian.org>,pkg:deb/debian/libp11-kit0@0.25.5-3?arch=amd64&distro=debian-13.6&upstream=p11-kit,cpe:2.3:a:libp11-kit0:libp11-kit0:0.25.5-3:*:*:*:*:*:*:*,STRUCTURALLY_VALID,,a,libp11-kit0,libp11-kit0,0.25.5-3,*,*,*,*,*,*,*
93502,docker.io/library/postgres,18.4,pilot/results/sboms/postgres-18.4.cdx.json,pkg:deb/debian/libpam0g@1.7.0-5?arch=amd64&distro=debian-13.6&package-id=1c6c7728b37b94de&upstream=pam,library,libpam0g,1.7.0-5,Sam Hartman <hartmans@debian.org>,pkg:deb/debian/libpam0g@1.7.0-5?arch=amd64&distro=debian-13.6&upstream=pam,cpe:2.3:a:libpam0g:libpam0g:1.7.0-5:*:*:*:*:*:*:*,STRUCTURALLY_VALID,,a,libpam0g,libpam0g,1.7.0-5,*,*,*,*,*,*,*
93499,docker.io/library/postgres,18.4,pilot/results/sboms/postgres-18.4.cdx.json,pkg:deb/debian/libpam-modules@1.7.0-5?arch=amd64&distro=debian-13.6&package-id=1f32975dfd37be95&upstream=pam,library,libpam-modules,1.7.0-5,Sam Hartman <hartmans@debian.org>,pkg:deb/debian/libpam-modules@1.7.0-5?arch=amd64&distro=debian-13.6&upstream=pam,cpe:2.3:a:libpam-modules:libpam-modules:1.7.0-5:*:*:*:*:*:*:*,STRUCTURALLY_VALID,,a,libpam-modules,libpam-modules,1.7.0-5,*,*,*,*,*,*,*
93500,docker.io/library/postgres,18.4,pilot/results/sboms/postgres-18.4.cdx.json,pkg:deb/debian/libpam-modules-bin@1.7.0-5?arch=amd64&distro=debian-13.6&package-id=cb7fdbb7b6a04bdc&upstream=pam,library,libpam-modules-bin,1.7.0-5,Sam Hartman <hartmans@debian.org>,pkg:deb/debian/libpam-modules-bin@1.7.0-5?arch=amd64&distro=debian-13.6&upstream=pam,cpe:2.3:a:libpam-modules-bin:libpam-modules-bin:1.7.0-5:*:*:*:*:*:*:*,STRUCTURALLY_VALID,,a,libpam-modules-bin,libpam-modules-bin,1.7.0-5,*,*,*,*,*,*,*
93501,docker.io/library/postgres,18.4,pilot/results/sboms/postgres-18.4.cdx.json,pkg:deb/debian/libpam-runtime@1.7.0-5?arch=all&distro=debian-13.6&package-id=eb5873c5c35e21b8&upstream=pam,library,libpam-runtime,1.7.0-5,Sam Hartman <hartmans@debian.org>,pkg:deb/debian/libpam-runtime@1.7.0-5?arch=all&distro=debian-13.6&upstream=pam,cpe:2.3:a:libpam-runtime:libpam-runtime:1.7.0-5:*:*:*:*:*:*:*,STRUCTURALLY_VALID,,a,libpam-runtime,libpam-runtime,1.7.0-5,*,*,*,*,*,*,*
93503,docker.io/library/postgres,18.4,pilot/results/sboms/postgres-18.4.cdx.json,pkg:deb/debian/libpcre2-8-0@10.46-1~deb13u1?arch=amd64&distro=debian-13.6&package-id=c8ce23e36f4d6bca&upstream=pcre2,library,libpcre2-8-0,10.46-1~deb13u1,Matthew Vernon <matthew@debian.org>,pkg:deb/debian/libpcre2-8-0@10.46-1~deb13u1?arch=amd64&distro=debian-13.6&upstream=pcre2,cpe:2.3:a:libpcre2-8-0:libpcre2-8-0:10.46-1\~deb13u1:*:*:*:*:*:*:*,STRUCTURALLY_VALID,,a,libpcre2-8-0,libpcre2-8-0,10.46-1\~deb13u1,*,*,*,*,*,*,*
93504,docker.io/library/postgres,18.4,pilot/results/sboms/postgres-18.4.cdx.json,pkg:deb/debian/libperl5.40@5.40.1-6?arch=amd64&distro=debian-13.6&package-id=7da008112faf0691&upstream=perl,library,libperl5.40,5.40.1-6,Niko Tyni <ntyni@debian.org>,pkg:deb/debian/libperl5.40@5.40.1-6?arch=amd64&distro=debian-13.6&upstream=perl,cpe:2.3:a:libperl5.40:libperl5.40:5.40.1-6:*:*:*:*:*:*:*,STRUCTURALLY_VALID,,a,libperl5.40,libperl5.40,5.40.1-6,*,*,*,*,*,*,*
93505,docker.io/library/postgres,18.4,pilot/results/sboms/postgres-18.4.cdx.json,pkg:deb/debian/libpq5@18.4-1.pgdg13%2B1?arch=amd64&distro=debian-13.6&package-id=6af4cc843e4c7696&upstream=postgresql-18,library,libpq5,18.4-1.pgdg13+1,Debian PostgreSQL Maintainers <team+postgresql@tracker.debian.org>,pkg:deb/debian/libpq5@18.4-1.pgdg13%2B1?arch=amd64&distro=debian-13.6&upstream=postgresql-18,cpe:2.3:a:libpq5:libpq5:18.4-1.pgdg13\+1:*:*:*:*:*:*:*,STRUCTURALLY_VALID,,a,libpq5,libpq5,18.4-1.pgdg13\+1,*,*,*,*,*,*,*
93506,docker.io/library/postgres,18.4,pilot/results/sboms/postgres-18.4.cdx.json,pkg:deb/debian/libproc2-0@2%3A4.0.4-9?arch=amd64&distro=debian-13.6&package-id=452d322154821edf&upstream=procps,library,libproc2-0,2:4.0.4-9,Craig Small <csmall@debian.org>,pkg:deb/debian/libproc2-0@2%3A4.0.4-9?arch=amd64&distro=debian-13.6&upstream=procps,cpe:2.3:a:libproc2-0:libproc2-0:2\:4.0.4-9:*:*:*:*:*:*:*,STRUCTURALLY_VALID,,a,libproc2-0,libproc2-0,2\:4.0.4-9,*,*,*,*,*,*,*
93507,docker.io/library/postgres,18.4,pilot/results/sboms/postgres-18.4.cdx.json,pkg:deb/debian/libreadline8t64@8.2-6?arch=amd64&distro=debian-13.6&package-id=851027559f660f3d&upstream=readline,library,libreadline8t64,8.2-6,Matthias Klose <doko@debian.org>,pkg:deb/debian/libreadline8t64@8.2-6?arch=amd64&distro=debian-13.6&upstream=readline,cpe:2.3:a:libreadline8t64:libreadline8t64:8.2-6:*:*:*:*:*:*:*,STRUCTURALLY_VALID,,a,libreadline8t64,libreadline8t64,8.2-6,*,*,*,*,*,*,*
93508,docker.io/library/postgres,18.4,pilot/results/sboms/postgres-18.4.cdx.json,pkg:deb/debian/libsasl2-2@2.1.28%2Bdfsg1-9?arch=amd64&distro=debian-13.6&package-id=0fa9072a5bfd36b6&upstream=cyrus-sasl2,library,libsasl2-2,2.1.28+dfsg1-9,Debian Cyrus Team <team+cyrus@tracker.debian.org>,pkg:deb/debian/libsasl2-2@2.1.28%2Bdfsg1-9?arch=amd64&distro=debian-13.6&upstream=cyrus-sasl2,cpe:2.3:a:libsasl2-2:libsasl2-2:2.1.28\+dfsg1-9:*:*:*:*:*:*:*,STRUCTURALLY_VALID,,a,libsasl2-2,libsasl2-2,2.1.28\+dfsg1-9,*,*,*,*,*,*,*
93509,docker.io/library/postgres,18.4,pilot/results/sboms/postgres-18.4.cdx.json,pkg:deb/debian/libsasl2-modules-db@2.1.28%2Bdfsg1-9?arch=amd64&distro=debian-13.6&package-id=175bd219d71968b9&upstream=cyrus-sasl2,library,libsasl2-modules-db,2.1.28+dfsg1-9,Debian Cyrus Team <team+cyrus@tracker.debian.org>,pkg:deb/debian/libsasl2-modules-db@2.1.28%2Bdfsg1-9?arch=amd64&distro=debian-13.6&upstream=cyrus-sasl2,cpe:2.3:a:libsasl2-modules-db:libsasl2-modules-db:2.1.28\+dfsg1-9:*:*:*:*:*:*:*,STRUCTURALLY_VALID,,a,libsasl2-modules-db,libsasl2-modules-db,2.1.28\+dfsg1-9,*,*,*,*,*,*,*
93510,docker.io/library/postgres,18.4,pilot/results/sboms/postgres-18.4.cdx.json,pkg:deb/debian/libseccomp2@2.6.0-2?arch=amd64&distro=debian-13.6&package-id=484580cc24603555&upstream=libseccomp,library,libseccomp2,2.6.0-2,Kees Cook <kees@debian.org>,pkg:deb/debian/libseccomp2@2.6.0-2?arch=amd64&distro=debian-13.6&upstream=libseccomp,cpe:2.3:a:libseccomp2:libseccomp2:2.6.0-2:*:*:*:*:*:*:*,STRUCTURALLY_VALID,,a,libseccomp2,libseccomp2,2.6.0-2,*,*,*,*,*,*,*
93511,docker.io/library/postgres,18.4,pilot/results/sboms/postgres-18.4.cdx.json,pkg:deb/debian/libselinux1@3.8.1-1?arch=amd64&distro=debian-13.6&package-id=519cd66aedc85adf&upstream=libselinux,library,libselinux1,3.8.1-1,Debian SELinux maintainers <selinux-devel@lists.alioth.debian.org>,pkg:deb/debian/libselinux1@3.8.1-1?arch=amd64&distro=debian-13.6&upstream=libselinux,cpe:2.3:a:libselinux1:libselinux1:3.8.1-1:*:*:*:*:*:*:*,STRUCTURALLY_VALID,,a,libselinux1,libselinux1,3.8.1-1,*,*,*,*,*,*,*
93513,docker.io/library/postgres,18.4,pilot/results/sboms/postgres-18.4.cdx.json,pkg:deb/debian/libsemanage2@3.8.1-1?arch=amd64&distro=debian-13.6&package-id=48d5af32889b375b&upstream=libsemanage,library,libsemanage2,3.8.1-1,Debian SELinux maintainers <selinux-devel@lists.alioth.debian.org>,pkg:deb/debian/libsemanage2@3.8.1-1?arch=amd64&distro=debian-13.6&upstream=libsemanage,cpe:2.3:a:libsemanage2:libsemanage2:3.8.1-1:*:*:*:*:*:*:*,STRUCTURALLY_VALID,,a,libsemanage2,libsemanage2,3.8.1-1,*,*,*,*,*,*,*
93512,docker.io/library/postgres,18.4,pilot/results/sboms/postgres-18.4.cdx.json,pkg:deb/debian/libsemanage-common@3.8.1-1?arch=all&distro=debian-13.6&package-id=c638ea9ec05d410a&upstream=libsemanage,library,libsemanage-common,3.8.1-1,Debian SELinux maintainers <selinux-devel@lists.alioth.debian.org>,pkg:deb/debian/libsemanage-common@3.8.1-1?arch=all&distro=debian-13.6&upstream=libsemanage,cpe:2.3:a:libsemanage-common:libsemanage-common:3.8.1-1:*:*:*:*:*:*:*,STRUCTURALLY_VALID,,a,libsemanage-common,libsemanage-common,3.8.1-1,*,*,*,*,*,*,*
93514,docker.io/library/postgres,18.4,pilot/results/sboms/postgres-18.4.cdx.json,pkg:deb/debian/libsepol2@3.8.1-1?arch=amd64&distro=debian-13.6&package-id=3392d9f030dfa725&upstream=libsepol,library,libsepol2,3.8.1-1,Debian SELinux maintainers <selinux-devel@lists.alioth.debian.org>,pkg:deb/debian/libsepol2@3.8.1-1?arch=amd64&distro=debian-13.6&upstream=libsepol,cpe:2.3:a:libsepol2:libsepol2:3.8.1-1:*:*:*:*:*:*:*,STRUCTURALLY_VALID,,a,libsepol2,libsepol2,3.8.1-1,*,*,*,*,*,*,*
93515,docker.io/library/postgres,18.4,pilot/results/sboms/postgres-18.4.cdx.json,pkg:deb/debian/libsmartcols1@2.41-5?arch=amd64&distro=debian-13.6&package-id=a8b3fa3699849e35&upstream=util-linux,library,libsmartcols1,2.41-5,Chris Hofstaedtler <zeha@debian.org>,pkg:deb/debian/libsmartcols1@2.41-5?arch=amd64&distro=debian-13.6&upstream=util-linux,cpe:2.3:a:libsmartcols1:libsmartcols1:2.41-5:*:*:*:*:*:*:*,STRUCTURALLY_VALID,,a,libsmartcols1,libsmartcols1,2.41-5,*,*,*,*,*,*,*
93516,docker.io/library/postgres,18.4,pilot/results/sboms/postgres-18.4.cdx.json,pkg:deb/debian/libsqlite3-0@3.46.1-7%2Bdeb13u1?arch=amd64&distro=debian-13.6&package-id=0e674e420f2bfafa&upstream=sqlite3,library,libsqlite3-0,3.46.1-7+deb13u1,Laszlo Boszormenyi (GCS) <gcs@debian.org>,pkg:deb/debian/libsqlite3-0@3.46.1-7%2Bdeb13u1?arch=amd64&distro=debian-13.6&upstream=sqlite3,cpe:2.3:a:libsqlite3-0:libsqlite3-0:3.46.1-7\+deb13u1:*:*:*:*:*:*:*,STRUCTURALLY_VALID,,a,libsqlite3-0,libsqlite3-0,3.46.1-7\+deb13u1,*,*,*,*,*,*,*
93517,docker.io/library/postgres,18.4,pilot/results/sboms/postgres-18.4.cdx.json,pkg:deb/debian/libssl3t64@3.5.6-1~deb13u2?arch=amd64&distro=debian-13.6&package-id=b53f18d1bacb9feb&upstream=openssl,library,libssl3t64,3.5.6-1~deb13u2,Debian OpenSSL Team <pkg-openssl-devel@alioth-lists.debian.net>,pkg:deb/debian/libssl3t64@3.5.6-1~deb13u2?arch=amd64&distro=debian-13.6&upstream=openssl,cpe:2.3:a:libssl3t64:libssl3t64:3.5.6-1\~deb13u2:*:*:*:*:*:*:*,STRUCTURALLY_VALID,,a,libssl3t64,libssl3t64,3.5.6-1\~deb13u2,*,*,*,*,*,*,*
93518,docker.io/library/postgres,18.4,pilot/results/sboms/postgres-18.4.cdx.json,pkg:deb/debian/libstdc%2B%2B6@14.2.0-19?arch=amd64&distro=debian-13.6&package-id=7dc961cf921ecd08&upstream=gcc-14,library,libstdc++6,14.2.0-19,Debian GCC Maintainers <debian-gcc@lists.debian.org>,pkg:deb/debian/libstdc%2B%2B6@14.2.0-19?arch=amd64&distro=debian-13.6&upstream=gcc-14,cpe:2.3:a:libstdc\+\+6:libstdc\+\+6:14.2.0-19:*:*:*:*:*:*:*,STRUCTURALLY_VALID,,a,libstdc\+\+6,libstdc\+\+6,14.2.0-19,*,*,*,*,*,*,*
93519,docker.io/library/postgres,18.4,pilot/results/sboms/postgres-18.4.cdx.json,pkg:deb/debian/libsystemd0@257.13-1~deb13u1?arch=amd64&distro=debian-13.6&package-id=8bfae933fd40ea5d&upstream=systemd,library,libsystemd0,257.13-1~deb13u1,Debian systemd Maintainers <pkg-systemd-maintainers@lists.alioth.debian.org>,pkg:deb/debian/libsystemd0@257.13-1~deb13u1?arch=amd64&distro=debian-13.6&upstream=systemd,cpe:2.3:a:libsystemd0:libsystemd0:257.13-1\~deb13u1:*:*:*:*:*:*:*,STRUCTURALLY_VALID,,a,libsystemd0,libsystemd0,257.13-1\~deb13u1,*,*,*,*,*,*,*
93520,docker.io/library/postgres,18.4,pilot/results/sboms/postgres-18.4.cdx.json,pkg:deb/debian/libtasn1-6@4.20.0-2%2Bdeb13u1?arch=amd64&distro=debian-13.6&package-id=46682377babaf93f,library,libtasn1-6,4.20.0-2+deb13u1,Debian GnuTLS Maintainers <pkg-gnutls-maint@lists.alioth.debian.org>,pkg:deb/debian/libtasn1-6@4.20.0-2%2Bdeb13u1?arch=amd64&distro=debian-13.6,cpe:2.3:a:libtasn1-6:libtasn1-6:4.20.0-2\+deb13u1:*:*:*:*:*:*:*,STRUCTURALLY_VALID,,a,libtasn1-6,libtasn1-6,4.20.0-2\+deb13u1,*,*,*,*,*,*,*
93521,docker.io/library/postgres,18.4,pilot/results/sboms/postgres-18.4.cdx.json,pkg:deb/debian/libtext-charwidth-perl@0.04-11%2Bb4?arch=amd64&distro=debian-13.6&package-id=fc0834e035853f2c&upstream=libtext-charwidth-perl%400.04-11,library,libtext-charwidth-perl,0.04-11+b4,Debian Perl Group <pkg-perl-maintainers@lists.alioth.debian.org>,pkg:deb/debian/libtext-charwidth-perl@0.04-11%2Bb4?arch=amd64&distro=debian-13.6&upstream=libtext-charwidth-perl%400.04-11,cpe:2.3:a:libtext-charwidth-perl:libtext-charwidth-perl:0.04-11\+b4:*:*:*:*:*:*:*,STRUCTURALLY_VALID,,a,libtext-charwidth-perl,libtext-charwidth-perl,0.04-11\+b4,*,*,*,*,*,*,*
93522,docker.io/library/postgres,18.4,pilot/results/sboms/postgres-18.4.cdx.json,pkg:deb/debian/libtext-wrapi18n-perl@0.06-10?arch=all&distro=debian-13.6&package-id=4c282e341c332f33,library,libtext-wrapi18n-perl,0.06-10,Debian Perl Group <pkg-perl-maintainers@lists.alioth.debian.org>,pkg:deb/debian/libtext-wrapi18n-perl@0.06-10?arch=all&distro=debian-13.6,cpe:2.3:a:libtext-wrapi18n-perl:libtext-wrapi18n-perl:0.06-10:*:*:*:*:*:*:*,STRUCTURALLY_VALID,,a,libtext-wrapi18n-perl,libtext-wrapi18n-perl,0.06-10,*,*,*,*,*,*,*
93523,docker.io/library/postgres,18.4,pilot/results/sboms/postgres-18.4.cdx.json,pkg:deb/debian/libtinfo6@6.5%2B20250216-2?arch=amd64&distro=debian-13.6&package-id=7402a3d31bb024db&upstream=ncurses,library,libtinfo6,6.5+20250216-2,Ncurses Maintainers <ncurses@packages.debian.org>,pkg:deb/debian/libtinfo6@6.5%2B20250216-2?arch=amd64&distro=debian-13.6&upstream=ncurses,cpe:2.3:a:libtinfo6:libtinfo6:6.5\+20250216-2:*:*:*:*:*:*:*,STRUCTURALLY_VALID,,a,libtinfo6,libtinfo6,6.5\+20250216-2,*,*,*,*,*,*,*
93524,docker.io/library/postgres,18.4,pilot/results/sboms/postgres-18.4.cdx.json,pkg:deb/debian/libudev1@257.13-1~deb13u1?arch=amd64&distro=debian-13.6&package-id=4468281f476fc994&upstream=systemd,library,libudev1,257.13-1~deb13u1,Debian systemd Maintainers <pkg-systemd-maintainers@lists.alioth.debian.org>,pkg:deb/debian/libudev1@257.13-1~deb13u1?arch=amd64&distro=debian-13.6&upstream=systemd,cpe:2.3:a:libudev1:libudev1:257.13-1\~deb13u1:*:*:*:*:*:*:*,STRUCTURALLY_VALID,,a,libudev1,libudev1,257.13-1\~deb13u1,*,*,*,*,*,*,*
93525,docker.io/library/postgres,18.4,pilot/results/sboms/postgres-18.4.cdx.json,pkg:deb/debian/libunistring5@1.3-2?arch=amd64&distro=debian-13.6&package-id=38cd4368751ca52c&upstream=libunistring,library,libunistring5,1.3-2,Jörg Frings-Fürst <debian@jff.email>,pkg:deb/debian/libunistring5@1.3-2?arch=amd64&distro=debian-13.6&upstream=libunistring,cpe:2.3:a:libunistring5:libunistring5:1.3-2:*:*:*:*:*:*:*,STRUCTURALLY_VALID,,a,libunistring5,libunistring5,1.3-2,*,*,*,*,*,*,*
93526,docker.io/library/postgres,18.4,pilot/results/sboms/postgres-18.4.cdx.json,pkg:deb/debian/liburing2@2.9-1?arch=amd64&distro=debian-13.6&package-id=eb6c8c0d5e34f2c3&upstream=liburing,library,liburing2,2.9-1,Guillem Jover <guillem@debian.org>,pkg:deb/debian/liburing2@2.9-1?arch=amd64&distro=debian-13.6&upstream=liburing,cpe:2.3:a:liburing2:liburing2:2.9-1:*:*:*:*:*:*:*,STRUCTURALLY_VALID,,a,liburing2,liburing2,2.9-1,*,*,*,*,*,*,*
93527,docker.io/library/postgres,18.4,pilot/results/sboms/postgres-18.4.cdx.json,pkg:deb/debian/libuuid1@2.41-5?arch=amd64&distro=debian-13.6&package-id=a8a27df4740c7b35&upstream=util-linux,library,libuuid1,2.41-5,Chris Hofstaedtler <zeha@debian.org>,pkg:deb/debian/libuuid1@2.41-5?arch=amd64&distro=debian-13.6&upstream=util-linux,cpe:2.3:a:libuuid1:libuuid1:2.41-5:*:*:*:*:*:*:*,STRUCTURALLY_VALID,,a,libuuid1,libuuid1,2.41-5,*,*,*,*,*,*,*
93528,docker.io/library/postgres,18.4,pilot/results/sboms/postgres-18.4.cdx.json,pkg:deb/debian/libxml2@2.12.7%2Bdfsg%2Breally2.9.14-2.1%2Bdeb13u3?arch=amd64&distro=debian-13.6&package-id=74e0d2fced48138b,library,libxml2,2.12.7+dfsg+really2.9.14-2.1+deb13u3,Debian XML/SGML Group <debian-xml-sgml-pkgs@lists.alioth.debian.org>,pkg:deb/debian/libxml2@2.12.7%2Bdfsg%2Breally2.9.14-2.1%2Bdeb13u3?arch=amd64&distro=debian-13.6,cpe:2.3:a:libxml2:libxml2:2.12.7\+dfsg\+really2.9.14-2.1\+deb13u3:*:*:*:*:*:*:*,STRUCTURALLY_VALID,,a,libxml2,libxml2,2.12.7\+dfsg\+really2.9.14-2.1\+deb13u3,*,*,*,*,*,*,*
93529,docker.io/library/postgres,18.4,pilot/results/sboms/postgres-18.4.cdx.json,pkg:deb/debian/libxslt1.1@1.1.35-1.2%2Bdeb13u3?arch=amd64&distro=debian-13.6&package-id=a316acb628a29c97&upstream=libxslt,library,libxslt1.1,1.1.35-1.2+deb13u3,Debian XML/SGML Group <debian-xml-sgml-pkgs@lists.alioth.debian.org>,pkg:deb/debian/libxslt1.1@1.1.35-1.2%2Bdeb13u3?arch=amd64&distro=debian-13.6&upstream=libxslt,cpe:2.3:a:libxslt1.1:libxslt1.1:1.1.35-1.2\+deb13u3:*:*:*:*:*:*:*,STRUCTURALLY_VALID,,a,libxslt1.1,libxslt1.1,1.1.35-1.2\+deb13u3,*,*,*,*,*,*,*
93530,docker.io/library/postgres,18.4,pilot/results/sboms/postgres-18.4.cdx.json,pkg:deb/debian/libxxhash0@0.8.3-2?arch=amd64&distro=debian-13.6&package-id=8047a2247d2d0e45&upstream=xxhash,library,libxxhash0,0.8.3-2,Josue Ortega <josue@debian.org>,pkg:deb/debian/libxxhash0@0.8.3-2?arch=amd64&distro=debian-13.6&upstream=xxhash,cpe:2.3:a:libxxhash0:libxxhash0:0.8.3-2:*:*:*:*:*:*:*,STRUCTURALLY_VALID,,a,libxxhash0,libxxhash0,0.8.3-2,*,*,*,*,*,*,*
93531,docker.io/library/postgres,18.4,pilot/results/sboms/postgres-18.4.cdx.json,pkg:deb/debian/libz3-4@4.13.3-1?arch=amd64&distro=debian-13.6&package-id=d736a61b52920fcc&upstream=z3,library,libz3-4,4.13.3-1,LLVM Packaging Team <pkg-llvm-team@lists.alioth.debian.org>,pkg:deb/debian/libz3-4@4.13.3-1?arch=amd64&distro=debian-13.6&upstream=z3,cpe:2.3:a:libz3-4:libz3-4:4.13.3-1:*:*:*:*:*:*:*,STRUCTURALLY_VALID,,a,libz3-4,libz3-4,4.13.3-1,*,*,*,*,*,*,*
93532,docker.io/library/postgres,18.4,pilot/results/sboms/postgres-18.4.cdx.json,pkg:deb/debian/libzstd1@1.5.7%2Bdfsg-1?arch=amd64&distro=debian-13.6&package-id=a054cdb90cdf7119&upstream=libzstd,library,libzstd1,1.5.7+dfsg-1,RPM packaging team <team+pkg-rpm@tracker.debian.org>,pkg:deb/debian/libzstd1@1.5.7%2Bdfsg-1?arch=amd64&distro=debian-13.6&upstream=libzstd,cpe:2.3:a:libzstd1:libzstd1:1.5.7\+dfsg-1:*:*:*:*:*:*:*,STRUCTURALLY_VALID,,a,libzstd1,libzstd1,1.5.7\+dfsg-1,*,*,*,*,*,*,*
93533,docker.io/library/postgres,18.4,pilot/results/sboms/postgres-18.4.cdx.json,pkg:deb/debian/locales@2.41-12%2Bdeb13u3?arch=all&distro=debian-13.6&package-id=f21debf213e982a5&upstream=glibc,library,locales,2.41-12+deb13u3,GNU Libc Maintainers <debian-glibc@lists.debian.org>,pkg:deb/debian/locales@2.41-12%2Bdeb13u3?arch=all&distro=debian-13.6&upstream=glibc,cpe:2.3:a:locales:locales:2.41-12\+deb13u3:*:*:*:*:*:*:*,STRUCTURALLY_VALID,,a,locales,locales,2.41-12\+deb13u3,*,*,*,*,*,*,*
93534,docker.io/library/postgres,18.4,pilot/results/sboms/postgres-18.4.cdx.json,pkg:deb/debian/login@1%3A4.16.0-2%2Breally2.41-5?arch=amd64&distro=debian-13.6&package-id=dd4a8fd9dddb7191&upstream=util-linux%402.41-5,library,login,1:4.16.0-2+really2.41-5,Chris Hofstaedtler <zeha@debian.org>,pkg:deb/debian/login@1%3A4.16.0-2%2Breally2.41-5?arch=amd64&distro=debian-13.6&upstream=util-linux%402.41-5,cpe:2.3:a:login:login:1\:4.16.0-2\+really2.41-5:*:*:*:*:*:*:*,STRUCTURALLY_VALID,,a,login,login,1\:4.16.0-2\+really2.41-5,*,*,*,*,*,*,*
93535,docker.io/library/postgres,18.4,pilot/results/sboms/postgres-18.4.cdx.json,pkg:deb/debian/login.defs@1%3A4.17.4-2?arch=all&distro=debian-13.6&package-id=893ab677af71bedc&upstream=shadow,library,login.defs,1:4.17.4-2,Shadow package maintainers <pkg-shadow-devel@lists.alioth.debian.org>,pkg:deb/debian/login.defs@1%3A4.17.4-2?arch=all&distro=debian-13.6&upstream=shadow,cpe:2.3:a:login.defs:login.defs:1\:4.17.4-2:*:*:*:*:*:*:*,STRUCTURALLY_VALID,,a,login.defs,login.defs,1\:4.17.4-2,*,*,*,*,*,*,*
93536,docker.io/library/postgres,18.4,pilot/results/sboms/postgres-18.4.cdx.json,pkg:deb/debian/mawk@1.3.4.20250131-1?arch=amd64&distro=debian-13.6&package-id=d66f7150f339b011,library,mawk,1.3.4.20250131-1,Boyuan Yang <byang@debian.org>,pkg:deb/debian/mawk@1.3.4.20250131-1?arch=amd64&distro=debian-13.6,cpe:2.3:a:mawk:mawk:1.3.4.20250131-1:*:*:*:*:*:*:*,STRUCTURALLY_VALID,,a,mawk,mawk,1.3.4.20250131-1,*,*,*,*,*,*,*
93537,docker.io/library/postgres,18.4,pilot/results/sboms/postgres-18.4.cdx.json,pkg:deb/debian/mount@2.41-5?arch=amd64&distro=debian-13.6&package-id=0875fd1d871c7e1b&upstream=util-linux,library,mount,2.41-5,Chris Hofstaedtler <zeha@debian.org>,pkg:deb/debian/mount@2.41-5?arch=amd64&distro=debian-13.6&upstream=util-linux,cpe:2.3:a:mount:mount:2.41-5:*:*:*:*:*:*:*,STRUCTURALLY_VALID,,a,mount,mount,2.41-5,*,*,*,*,*,*,*
93538,docker.io/library/postgres,18.4,pilot/results/sboms/postgres-18.4.cdx.json,pkg:deb/debian/ncurses-base@6.5%2B20250216-2?arch=all&distro=debian-13.6&package-id=3f9378db54aaac9e&upstream=ncurses,library,ncurses-base,6.5+20250216-2,Ncurses Maintainers <ncurses@packages.debian.org>,pkg:deb/debian/ncurses-base@6.5%2B20250216-2?arch=all&distro=debian-13.6&upstream=ncurses,cpe:2.3:a:ncurses-base:ncurses-base:6.5\+20250216-2:*:*:*:*:*:*:*,STRUCTURALLY_VALID,,a,ncurses-base,ncurses-base,6.5\+20250216-2,*,*,*,*,*,*,*
93539,docker.io/library/postgres,18.4,pilot/results/sboms/postgres-18.4.cdx.json,pkg:deb/debian/ncurses-bin@6.5%2B20250216-2?arch=amd64&distro=debian-13.6&package-id=e96cb50e09a471e0&upstream=ncurses,library,ncurses-bin,6.5+20250216-2,Ncurses Maintainers <ncurses@packages.debian.org>,pkg:deb/debian/ncurses-bin@6.5%2B20250216-2?arch=amd64&distro=debian-13.6&upstream=ncurses,cpe:2.3:a:ncurses-bin:ncurses-bin:6.5\+20250216-2:*:*:*:*:*:*:*,STRUCTURALLY_VALID,,a,ncurses-bin,ncurses-bin,6.5\+20250216-2,*,*,*,*,*,*,*
93540,docker.io/library/postgres,18.4,pilot/results/sboms/postgres-18.4.cdx.json,pkg:deb/debian/netbase@6.5?arch=all&distro=debian-13.6&package-id=2059dae617a0ca9a,library,netbase,6.5,Marco d'Itri <md@linux.it>,pkg:deb/debian/netbase@6.5?arch=all&distro=debian-13.6,cpe:2.3:a:netbase:netbase:6.5:*:*:*:*:*:*:*,STRUCTURALLY_VALID,,a,netbase,netbase,6.5,*,*,*,*,*,*,*
93541,docker.io/library/postgres,18.4,pilot/results/sboms/postgres-18.4.cdx.json,pkg:deb/debian/openssl@3.5.6-1~deb13u2?arch=amd64&distro=debian-13.6&package-id=f6113e6cdbf866f3,library,openssl,3.5.6-1~deb13u2,Debian OpenSSL Team <pkg-openssl-devel@alioth-lists.debian.net>,pkg:deb/debian/openssl@3.5.6-1~deb13u2?arch=amd64&distro=debian-13.6,cpe:2.3:a:openssl:openssl:3.5.6-1\~deb13u2:*:*:*:*:*:*:*,STRUCTURALLY_VALID,,a,openssl,openssl,3.5.6-1\~deb13u2,*,*,*,*,*,*,*
93542,docker.io/library/postgres,18.4,pilot/results/sboms/postgres-18.4.cdx.json,pkg:deb/debian/openssl-provider-legacy@3.5.6-1~deb13u2?arch=amd64&distro=debian-13.6&package-id=3278b1eea0a38ab7&upstream=openssl,library,openssl-provider-legacy,3.5.6-1~deb13u2,Debian OpenSSL Team <pkg-openssl-devel@alioth-lists.debian.net>,pkg:deb/debian/openssl-provider-legacy@3.5.6-1~deb13u2?arch=amd64&distro=debian-13.6&upstream=openssl,cpe:2.3:a:openssl-provider-legacy:openssl-provider-legacy:3.5.6-1\~deb13u2:*:*:*:*:*:*:*,STRUCTURALLY_VALID,,a,openssl-provider-legacy,openssl-provider-legacy,3.5.6-1\~deb13u2,*,*,*,*,*,*,*
93543,docker.io/library/postgres,18.4,pilot/results/sboms/postgres-18.4.cdx.json,pkg:deb/debian/passwd@1%3A4.17.4-2?arch=amd64&distro=debian-13.6&package-id=a0c2eaa9ca5431ff&upstream=shadow,library,passwd,1:4.17.4-2,Shadow package maintainers <pkg-shadow-devel@lists.alioth.debian.org>,pkg:deb/debian/passwd@1%3A4.17.4-2?arch=amd64&distro=debian-13.6&upstream=shadow,cpe:2.3:a:passwd:passwd:1\:4.17.4-2:*:*:*:*:*:*:*,STRUCTURALLY_VALID,,a,passwd,passwd,1\:4.17.4-2,*,*,*,*,*,*,*
93544,docker.io/library/postgres,18.4,pilot/results/sboms/postgres-18.4.cdx.json,pkg:deb/debian/perl@5.40.1-6?arch=amd64&distro=debian-13.6&package-id=31ca1b2415b0d14d,library,perl,5.40.1-6,Niko Tyni <ntyni@debian.org>,pkg:deb/debian/perl@5.40.1-6?arch=amd64&distro=debian-13.6,cpe:2.3:a:perl:perl:5.40.1-6:*:*:*:*:*:*:*,STRUCTURALLY_VALID,,a,perl,perl,5.40.1-6,*,*,*,*,*,*,*
93545,docker.io/library/postgres,18.4,pilot/results/sboms/postgres-18.4.cdx.json,pkg:deb/debian/perl-base@5.40.1-6?arch=amd64&distro=debian-13.6&package-id=c9a7a6c12ce9a73e&upstream=perl,library,perl-base,5.40.1-6,Niko Tyni <ntyni@debian.org>,pkg:deb/debian/perl-base@5.40.1-6?arch=amd64&distro=debian-13.6&upstream=perl,cpe:2.3:a:perl-base:perl-base:5.40.1-6:*:*:*:*:*:*:*,STRUCTURALLY_VALID,,a,perl-base,perl-base,5.40.1-6,*,*,*,*,*,*,*
93546,docker.io/library/postgres,18.4,pilot/results/sboms/postgres-18.4.cdx.json,pkg:deb/debian/perl-modules-5.40@5.40.1-6?arch=all&distro=debian-13.6&package-id=2ddb516994b4c1cb&upstream=perl,library,perl-modules-5.40,5.40.1-6,Niko Tyni <ntyni@debian.org>,pkg:deb/debian/perl-modules-5.40@5.40.1-6?arch=all&distro=debian-13.6&upstream=perl,cpe:2.3:a:perl-modules-5.40:perl-modules-5.40:5.40.1-6:*:*:*:*:*:*:*,STRUCTURALLY_VALID,,a,perl-modules-5.40,perl-modules-5.40,5.40.1-6,*,*,*,*,*,*,*
93547,docker.io/library/postgres,18.4,pilot/results/sboms/postgres-18.4.cdx.json,pkg:deb/debian/pinentry-curses@1.3.1-2?arch=amd64&distro=debian-13.6&package-id=d82d620ac211dd2a&upstream=pinentry,library,pinentry-curses,1.3.1-2,Debian GnuPG Maintainers <pkg-gnupg-maint@lists.alioth.debian.org>,pkg:deb/debian/pinentry-curses@1.3.1-2?arch=amd64&distro=debian-13.6&upstream=pinentry,cpe:2.3:a:pinentry-curses:pinentry-curses:1.3.1-2:*:*:*:*:*:*:*,STRUCTURALLY_VALID,,a,pinentry-curses,pinentry-curses,1.3.1-2,*,*,*,*,*,*,*
93548,docker.io/library/postgres,18.4,pilot/results/sboms/postgres-18.4.cdx.json,pkg:deb/debian/postgresql-18@18.4-1.pgdg13%2B1?arch=amd64&distro=debian-13.6&package-id=391108167021c457,library,postgresql-18,18.4-1.pgdg13+1,Debian PostgreSQL Maintainers <team+postgresql@tracker.debian.org>,pkg:deb/debian/postgresql-18@18.4-1.pgdg13%2B1?arch=amd64&distro=debian-13.6,cpe:2.3:a:postgresql-18:postgresql-18:18.4-1.pgdg13\+1:*:*:*:*:*:*:*,STRUCTURALLY_VALID,,a,postgresql-18,postgresql-18,18.4-1.pgdg13\+1,*,*,*,*,*,*,*
93549,docker.io/library/postgres,18.4,pilot/results/sboms/postgres-18.4.cdx.json,pkg:deb/debian/postgresql-18-jit@18.4-1.pgdg13%2B1?arch=amd64&distro=debian-13.6&package-id=79a7864c6e36d7ed&upstream=postgresql-18,library,postgresql-18-jit,18.4-1.pgdg13+1,Debian PostgreSQL Maintainers <team+postgresql@tracker.debian.org>,pkg:deb/debian/postgresql-18-jit@18.4-1.pgdg13%2B1?arch=amd64&distro=debian-13.6&upstream=postgresql-18,cpe:2.3:a:postgresql-18-jit:postgresql-18-jit:18.4-1.pgdg13\+1:*:*:*:*:*:*:*,STRUCTURALLY_VALID,,a,postgresql-18-jit,postgresql-18-jit,18.4-1.pgdg13\+1,*,*,*,*,*,*,*
93550,docker.io/library/postgres,18.4,pilot/results/sboms/postgres-18.4.cdx.json,pkg:deb/debian/postgresql-client-18@18.4-1.pgdg13%2B1?arch=amd64&distro=debian-13.6&package-id=450e264813457608&upstream=postgresql-18,library,postgresql-client-18,18.4-1.pgdg13+1,Debian PostgreSQL Maintainers <team+postgresql@tracker.debian.org>,pkg:deb/debian/postgresql-client-18@18.4-1.pgdg13%2B1?arch=amd64&distro=debian-13.6&upstream=postgresql-18,cpe:2.3:a:postgresql-client-18:postgresql-client-18:18.4-1.pgdg13\+1:*:*:*:*:*:*:*,STRUCTURALLY_VALID,,a,postgresql-client-18,postgresql-client-18,18.4-1.pgdg13\+1,*,*,*,*,*,*,*
93551,docker.io/library/postgres,18.4,pilot/results/sboms/postgres-18.4.cdx.json,pkg:deb/debian/postgresql-client-common@293.pgdg13%2B1?arch=all&distro=debian-13.6&package-id=f6e83a1890c96e39&upstream=postgresql-common,library,postgresql-client-common,293.pgdg13+1,Debian PostgreSQL Maintainers <team+postgresql@tracker.debian.org>,pkg:deb/debian/postgresql-client-common@293.pgdg13%2B1?arch=all&distro=debian-13.6&upstream=postgresql-common,cpe:2.3:a:postgresql-client-common:postgresql-client-common:293.pgdg13\+1:*:*:*:*:*:*:*,STRUCTURALLY_VALID,,a,postgresql-client-common,postgresql-client-common,293.pgdg13\+1,*,*,*,*,*,*,*
93552,docker.io/library/postgres,18.4,pilot/results/sboms/postgres-18.4.cdx.json,pkg:deb/debian/postgresql-common@293.pgdg13%2B1?arch=all&distro=debian-13.6&package-id=661a6870ad4458f2,library,postgresql-common,293.pgdg13+1,Debian PostgreSQL Maintainers <team+postgresql@tracker.debian.org>,pkg:deb/debian/postgresql-common@293.pgdg13%2B1?arch=all&distro=debian-13.6,cpe:2.3:a:postgresql-common:postgresql-common:293.pgdg13\+1:*:*:*:*:*:*:*,STRUCTURALLY_VALID,,a,postgresql-common,postgresql-common,293.pgdg13\+1,*,*,*,*,*,*,*
93553,docker.io/library/postgres,18.4,pilot/results/sboms/postgres-18.4.cdx.json,pkg:deb/debian/procps@2%3A4.0.4-9?arch=amd64&distro=debian-13.6&package-id=f2cfb09f9304c03c,library,procps,2:4.0.4-9,Craig Small <csmall@debian.org>,pkg:deb/debian/procps@2%3A4.0.4-9?arch=amd64&distro=debian-13.6,cpe:2.3:a:procps:procps:2\:4.0.4-9:*:*:*:*:*:*:*,STRUCTURALLY_VALID,,a,procps,procps,2\:4.0.4-9,*,*,*,*,*,*,*
93554,docker.io/library/postgres,18.4,pilot/results/sboms/postgres-18.4.cdx.json,pkg:deb/debian/readline-common@8.2-6?arch=all&distro=debian-13.6&package-id=6e61c8bb5094dfc3&upstream=readline,library,readline-common,8.2-6,Matthias Klose <doko@debian.org>,pkg:deb/debian/readline-common@8.2-6?arch=all&distro=debian-13.6&upstream=readline,cpe:2.3:a:readline-common:readline-common:8.2-6:*:*:*:*:*:*:*,STRUCTURALLY_VALID,,a,readline-common,readline-common,8.2-6,*,*,*,*,*,*,*
93555,docker.io/library/postgres,18.4,pilot/results/sboms/postgres-18.4.cdx.json,pkg:deb/debian/sed@4.9-2%2Bdeb13u1?arch=amd64&distro=debian-13.6&package-id=095aaa03979d18fd,library,sed,4.9-2+deb13u1,Clint Adams <clint@debian.org>,pkg:deb/debian/sed@4.9-2%2Bdeb13u1?arch=amd64&distro=debian-13.6,cpe:2.3:a:sed:sed:4.9-2\+deb13u1:*:*:*:*:*:*:*,STRUCTURALLY_VALID,,a,sed,sed,4.9-2\+deb13u1,*,*,*,*,*,*,*
93556,docker.io/library/postgres,18.4,pilot/results/sboms/postgres-18.4.cdx.json,pkg:deb/debian/sensible-utils@0.0.25?arch=all&distro=debian-13.6&package-id=aff4dd32b85efc74,library,sensible-utils,0.0.25,Anibal Monsalve Salazar <anibal@debian.org>,pkg:deb/debian/sensible-utils@0.0.25?arch=all&distro=debian-13.6,cpe:2.3:a:sensible-utils:sensible-utils:0.0.25:*:*:*:*:*:*:*,STRUCTURALLY_VALID,,a,sensible-utils,sensible-utils,0.0.25,*,*,*,*,*,*,*
93557,docker.io/library/postgres,18.4,pilot/results/sboms/postgres-18.4.cdx.json,pkg:deb/debian/sqv@1.3.0-3%2Bb2?arch=amd64&distro=debian-13.6&package-id=2c6d91dc7bbd50cb&upstream=rust-sequoia-sqv%401.3.0-3,library,sqv,1.3.0-3+b2,Debian Rust Maintainers <pkg-rust-maintainers@alioth-lists.debian.net>,pkg:deb/debian/sqv@1.3.0-3%2Bb2?arch=amd64&distro=debian-13.6&upstream=rust-sequoia-sqv%401.3.0-3,cpe:2.3:a:sqv:sqv:1.3.0-3\+b2:*:*:*:*:*:*:*,STRUCTURALLY_VALID,,a,sqv,sqv,1.3.0-3\+b2,*,*,*,*,*,*,*
93558,docker.io/library/postgres,18.4,pilot/results/sboms/postgres-18.4.cdx.json,pkg:deb/debian/ssl-cert@1.1.3?arch=all&distro=debian-13.6&package-id=96d8d3c51e6c22bc,library,ssl-cert,1.1.3,Debian Apache Maintainers <debian-apache@lists.debian.org>,pkg:deb/debian/ssl-cert@1.1.3?arch=all&distro=debian-13.6,cpe:2.3:a:ssl-cert:ssl-cert:1.1.3:*:*:*:*:*:*:*,STRUCTURALLY_VALID,,a,ssl-cert,ssl-cert,1.1.3,*,*,*,*,*,*,*
93559,docker.io/library/postgres,18.4,pilot/results/sboms/postgres-18.4.cdx.json,pkg:golang/stdlib@1.24.6?package-id=c5726b35636bdfbb,library,stdlib,go1.24.6,,pkg:golang/stdlib@1.24.6,cpe:2.3:a:golang:go:1.24.6:-:*:*:*:*:*:*,STRUCTURALLY_VALID,,a,golang,go,1.24.6,-,*,*,*,*,*,*
93560,docker.io/library/postgres,18.4,pilot/results/sboms/postgres-18.4.cdx.json,pkg:deb/debian/sysvinit-utils@3.14-4?arch=amd64&distro=debian-13.6&package-id=199f374ab128923e&upstream=sysvinit,library,sysvinit-utils,3.14-4,Debian sysvinit maintainers <debian-init-diversity@chiark.greenend.org.uk>,pkg:deb/debian/sysvinit-utils@3.14-4?arch=amd64&distro=debian-13.6&upstream=sysvinit,cpe:2.3:a:sysvinit-utils:sysvinit-utils:3.14-4:*:*:*:*:*:*:*,STRUCTURALLY_VALID,,a,sysvinit-utils,sysvinit-utils,3.14-4,*,*,*,*,*,*,*
93561,docker.io/library/postgres,18.4,pilot/results/sboms/postgres-18.4.cdx.json,pkg:deb/debian/tar@1.35%2Bdfsg-3.1?arch=amd64&distro=debian-13.6&package-id=213d133cc46bf69b,library,tar,1.35+dfsg-3.1,Janos Lenart <ocsi@debian.org>,pkg:deb/debian/tar@1.35%2Bdfsg-3.1?arch=amd64&distro=debian-13.6,cpe:2.3:a:tar:tar:1.35\+dfsg-3.1:*:*:*:*:*:*:*,STRUCTURALLY_VALID,,a,tar,tar,1.35\+dfsg-3.1,*,*,*,*,*,*,*
93562,docker.io/library/postgres,18.4,pilot/results/sboms/postgres-18.4.cdx.json,pkg:deb/debian/tzdata@2026b-0%2Bdeb13u1?arch=all&distro=debian-13.6&package-id=c6c8689fd91c54f1,library,tzdata,2026b-0+deb13u1,GNU Libc Maintainers <debian-glibc@lists.debian.org>,pkg:deb/debian/tzdata@2026b-0%2Bdeb13u1?arch=all&distro=debian-13.6,cpe:2.3:a:tzdata:tzdata:2026b-0\+deb13u1:*:*:*:*:*:*:*,STRUCTURALLY_VALID,,a,tzdata,tzdata,2026b-0\+deb13u1,*,*,*,*,*,*,*
93563,docker.io/library/postgres,18.4,pilot/results/sboms/postgres-18.4.cdx.json,pkg:deb/debian/ucf@3.0052?arch=all&distro=debian-13.6&package-id=431e8a67b2c010a5,library,ucf,3.0052,Mark Hindley <leepen@debian.org>,pkg:deb/debian/ucf@3.0052?arch=all&distro=debian-13.6,cpe:2.3:a:ucf:ucf:3.0052:*:*:*:*:*:*:*,STRUCTURALLY_VALID,,a,ucf,ucf,3.0052,*,*,*,*,*,*,*
93564,docker.io/library/postgres,18.4,pilot/results/sboms/postgres-18.4.cdx.json,pkg:deb/debian/util-linux@2.41-5?arch=amd64&distro=debian-13.6&package-id=afc98bf002d364bb,library,util-linux,2.41-5,Chris Hofstaedtler <zeha@debian.org>,pkg:deb/debian/util-linux@2.41-5?arch=amd64&distro=debian-13.6,cpe:2.3:a:util-linux:util-linux:2.41-5:*:*:*:*:*:*:*,STRUCTURALLY_VALID,,a,util-linux,util-linux,2.41-5,*,*,*,*,*,*,*
93565,docker.io/library/postgres,18.4,pilot/results/sboms/postgres-18.4.cdx.json,pkg:deb/debian/xz-utils@5.8.1-1%2Bdeb13u1?arch=amd64&distro=debian-13.6&package-id=889b8176a9963128,library,xz-utils,5.8.1-1+deb13u1,Sebastian Andrzej Siewior <sebastian@breakpoint.cc>,pkg:deb/debian/xz-utils@5.8.1-1%2Bdeb13u1?arch=amd64&distro=debian-13.6,cpe:2.3:a:xz-utils:xz-utils:5.8.1-1\+deb13u1:*:*:*:*:*:*:*,STRUCTURALLY_VALID,,a,xz-utils,xz-utils,5.8.1-1\+deb13u1,*,*,*,*,*,*,*
93566,docker.io/library/postgres,18.4,pilot/results/sboms/postgres-18.4.cdx.json,pkg:deb/debian/zlib1g@1%3A1.3.dfsg%2Breally1.3.1-1%2Bb1?arch=amd64&distro=debian-13.6&package-id=8a1ec6d9372df578&upstream=zlib%401%3A1.3.dfsg%2Breally1.3.1-1,library,zlib1g,1:1.3.dfsg+really1.3.1-1+b1,Mark Brown <broonie@debian.org>,pkg:deb/debian/zlib1g@1%3A1.3.dfsg%2Breally1.3.1-1%2Bb1?arch=amd64&distro=debian-13.6&upstream=zlib%401%3A1.3.dfsg%2Breally1.3.1-1,cpe:2.3:a:zlib1g:zlib1g:1\:1.3.dfsg\+really1.3.1-1\+b1:*:*:*:*:*:*:*,STRUCTURALLY_VALID,,a,zlib1g,zlib1g,1\:1.3.dfsg\+really1.3.1-1\+b1,*,*,*,*,*,*,*
93567,docker.io/library/postgres,18.4,pilot/results/sboms/postgres-18.4.cdx.json,pkg:deb/debian/zstd@1.5.7%2Bdfsg-1?arch=amd64&distro=debian-13.6&package-id=464c1e3ac11afb41&upstream=libzstd,library,zstd,1.5.7+dfsg-1,RPM packaging team <team+pkg-rpm@tracker.debian.org>,pkg:deb/debian/zstd@1.5.7%2Bdfsg-1?arch=amd64&distro=debian-13.6&upstream=libzstd,cpe:2.3:a:zstd:zstd:1.5.7\+dfsg-1:*:*:*:*:*:*:*,STRUCTURALLY_VALID,,a,zstd,zstd,1.5.7\+dfsg-1,*,*,*,*,*,*,*
108652,docker.io/library/python,3.14.6,pilot/results/sboms/python-3.14.6.cdx.json,pkg:deb/debian/adduser@3.152?arch=all&distro=debian-13.6&package-id=3d43575450a8f3e7,library,adduser,3.152,Debian Adduser Developers <adduser@packages.debian.org>,pkg:deb/debian/adduser@3.152?arch=all&distro=debian-13.6,cpe:2.3:a:adduser:adduser:3.152:*:*:*:*:*:*:*,STRUCTURALLY_VALID,,a,adduser,adduser,3.152,*,*,*,*,*,*,*
108653,docker.io/library/python,3.14.6,pilot/results/sboms/python-3.14.6.cdx.json,pkg:deb/debian/apt@3.0.3?arch=amd64&distro=debian-13.6&package-id=0ea1a43670a5d18e,library,apt,3.0.3,APT Development Team <deity@lists.debian.org>,pkg:deb/debian/apt@3.0.3?arch=amd64&distro=debian-13.6,cpe:2.3:a:apt:apt:3.0.3:*:*:*:*:*:*:*,STRUCTURALLY_VALID,,a,apt,apt,3.0.3,*,*,*,*,*,*,*
108654,docker.io/library/python,3.14.6,pilot/results/sboms/python-3.14.6.cdx.json,pkg:deb/debian/autoconf@2.72-3.1?arch=all&distro=debian-13.6&package-id=afbab903aef8e517,library,autoconf,2.72-3.1,Alex Myczko <tar@debian.org>,pkg:deb/debian/autoconf@2.72-3.1?arch=all&distro=debian-13.6,cpe:2.3:a:autoconf:autoconf:2.72-3.1:*:*:*:*:*:*:*,STRUCTURALLY_VALID,,a,autoconf,autoconf,2.72-3.1,*,*,*,*,*,*,*
108655,docker.io/library/python,3.14.6,pilot/results/sboms/python-3.14.6.cdx.json,pkg:deb/debian/automake@1%3A1.17-4?arch=all&distro=debian-13.6&package-id=b8ef648fec15da3a&upstream=automake-1.17,library,automake,1:1.17-4,Eric Dorland <eric@debian.org>,pkg:deb/debian/automake@1%3A1.17-4?arch=all&distro=debian-13.6&upstream=automake-1.17,cpe:2.3:a:automake:automake:1\:1.17-4:*:*:*:*:*:*:*,STRUCTURALLY_VALID,,a,automake,automake,1\:1.17-4,*,*,*,*,*,*,*
108656,docker.io/library/python,3.14.6,pilot/results/sboms/python-3.14.6.cdx.json,pkg:deb/debian/autotools-dev@20240727.1?arch=all&distro=debian-13.6&package-id=2165fd69985cebc2,library,autotools-dev,20240727.1,Henrique de Moraes Holschuh <hmh@debian.org>,pkg:deb/debian/autotools-dev@20240727.1?arch=all&distro=debian-13.6,cpe:2.3:a:autotools-dev:autotools-dev:20240727.1:*:*:*:*:*:*:*,STRUCTURALLY_VALID,,a,autotools-dev,autotools-dev,20240727.1,*,*,*,*,*,*,*
108657,docker.io/library/python,3.14.6,pilot/results/sboms/python-3.14.6.cdx.json,pkg:deb/debian/base-files@13.8%2Bdeb13u6?arch=amd64&distro=debian-13.6&package-id=852e09cf2b9dfd87,library,base-files,13.8+deb13u6,Santiago Vila <sanvila@debian.org>,pkg:deb/debian/base-files@13.8%2Bdeb13u6?arch=amd64&distro=debian-13.6,cpe:2.3:a:base-files:base-files:13.8\+deb13u6:*:*:*:*:*:*:*,STRUCTURALLY_VALID,,a,base-files,base-files,13.8\+deb13u6,*,*,*,*,*,*,*
108658,docker.io/library/python,3.14.6,pilot/results/sboms/python-3.14.6.cdx.json,pkg:deb/debian/base-passwd@3.6.7?arch=amd64&distro=debian-13.6&package-id=44aca50e14654da9,library,base-passwd,3.6.7,Shadow package maintainers <pkg-shadow-devel@lists.alioth.debian.org>,pkg:deb/debian/base-passwd@3.6.7?arch=amd64&distro=debian-13.6,cpe:2.3:a:base-passwd:base-passwd:3.6.7:*:*:*:*:*:*:*,STRUCTURALLY_VALID,,a,base-passwd,base-passwd,3.6.7,*,*,*,*,*,*,*
108659,docker.io/library/python,3.14.6,pilot/results/sboms/python-3.14.6.cdx.json,pkg:deb/debian/bash@5.2.37-2%2Bb9?arch=amd64&distro=debian-13.6&package-id=ca6f1c985bc1aba9&upstream=bash%405.2.37-2,library,bash,5.2.37-2+b9,Matthias Klose <doko@debian.org>,pkg:deb/debian/bash@5.2.37-2%2Bb9?arch=amd64&distro=debian-13.6&upstream=bash%405.2.37-2,cpe:2.3:a:bash:bash:5.2.37-2\+b9:*:*:*:*:*:*:*,STRUCTURALLY_VALID,,a,bash,bash,5.2.37-2\+b9,*,*,*,*,*,*,*
108660,docker.io/library/python,3.14.6,pilot/results/sboms/python-3.14.6.cdx.json,pkg:deb/debian/binutils@2.44-3?arch=amd64&distro=debian-13.6&package-id=7a21ed9bbad10f4c,library,binutils,2.44-3,Matthias Klose <doko@debian.org>,pkg:deb/debian/binutils@2.44-3?arch=amd64&distro=debian-13.6,cpe:2.3:a:binutils:binutils:2.44-3:*:*:*:*:*:*:*,STRUCTURALLY_VALID,,a,binutils,binutils,2.44-3,*,*,*,*,*,*,*
108661,docker.io/library/python,3.14.6,pilot/results/sboms/python-3.14.6.cdx.json,pkg:deb/debian/binutils-common@2.44-3?arch=amd64&distro=debian-13.6&package-id=bf5ed39a2bba44c5&upstream=binutils,library,binutils-common,2.44-3,Matthias Klose <doko@debian.org>,pkg:deb/debian/binutils-common@2.44-3?arch=amd64&distro=debian-13.6&upstream=binutils,cpe:2.3:a:binutils-common:binutils-common:2.44-3:*:*:*:*:*:*:*,STRUCTURALLY_VALID,,a,binutils-common,binutils-common,2.44-3,*,*,*,*,*,*,*
108662,docker.io/library/python,3.14.6,pilot/results/sboms/python-3.14.6.cdx.json,pkg:deb/debian/binutils-x86-64-linux-gnu@2.44-3?arch=amd64&distro=debian-13.6&package-id=b048185e7cf16adc&upstream=binutils,library,binutils-x86-64-linux-gnu,2.44-3,Matthias Klose <doko@debian.org>,pkg:deb/debian/binutils-x86-64-linux-gnu@2.44-3?arch=amd64&distro=debian-13.6&upstream=binutils,cpe:2.3:a:binutils-x86-64-linux-gnu:binutils-x86-64-linux-gnu:2.44-3:*:*:*:*:*:*:*,STRUCTURALLY_VALID,,a,binutils-x86-64-linux-gnu,binutils-x86-64-linux-gnu,2.44-3,*,*,*,*,*,*,*
108663,docker.io/library/python,3.14.6,pilot/results/sboms/python-3.14.6.cdx.json,pkg:deb/debian/bsdutils@1%3A2.41-5?arch=amd64&distro=debian-13.6&package-id=15791da16e435065&upstream=util-linux%402.41-5,library,bsdutils,1:2.41-5,Chris Hofstaedtler <zeha@debian.org>,pkg:deb/debian/bsdutils@1%3A2.41-5?arch=amd64&distro=debian-13.6&upstream=util-linux%402.41-5,cpe:2.3:a:bsdutils:bsdutils:1\:2.41-5:*:*:*:*:*:*:*,STRUCTURALLY_VALID,,a,bsdutils,bsdutils,1\:2.41-5,*,*,*,*,*,*,*
108664,docker.io/library/python,3.14.6,pilot/results/sboms/python-3.14.6.cdx.json,pkg:deb/debian/bzip2@1.0.8-6?arch=amd64&distro=debian-13.6&package-id=3ba9233cd9623220,library,bzip2,1.0.8-6,Anibal Monsalve Salazar <anibal@debian.org>,pkg:deb/debian/bzip2@1.0.8-6?arch=amd64&distro=debian-13.6,cpe:2.3:a:bzip2:bzip2:1.0.8-6:*:*:*:*:*:*:*,STRUCTURALLY_VALID,,a,bzip2,bzip2,1.0.8-6,*,*,*,*,*,*,*
108665,docker.io/library/python,3.14.6,pilot/results/sboms/python-3.14.6.cdx.json,pkg:deb/debian/ca-certificates@20250419?arch=all&distro=debian-13.6&package-id=f80dc4f1a1be6794,library,ca-certificates,20250419,Julien Cristau <jcristau@debian.org>,pkg:deb/debian/ca-certificates@20250419?arch=all&distro=debian-13.6,cpe:2.3:a:ca-certificates:ca-certificates:20250419:*:*:*:*:*:*:*,STRUCTURALLY_VALID,,a,ca-certificates,ca-certificates,20250419,*,*,*,*,*,*,*
108666,docker.io/library/python,3.14.6,pilot/results/sboms/python-3.14.6.cdx.json,pkg:deb/debian/comerr-dev@2.1-1.47.2-3%2Bb11?arch=amd64&distro=debian-13.6&package-id=c8bb2ec085892da0&upstream=e2fsprogs%401.47.2-3,library,comerr-dev,2.1-1.47.2-3+b11,Theodore Y. Ts'o <tytso@mit.edu>,pkg:deb/debian/comerr-dev@2.1-1.47.2-3%2Bb11?arch=amd64&distro=debian-13.6&upstream=e2fsprogs%401.47.2-3,cpe:2.3:a:comerr-dev:comerr-dev:2.1-1.47.2-3\+b11:*:*:*:*:*:*:*,STRUCTURALLY_VALID,,a,comerr-dev,comerr-dev,2.1-1.47.2-3\+b11,*,*,*,*,*,*,*
108667,docker.io/library/python,3.14.6,pilot/results/sboms/python-3.14.6.cdx.json,pkg:deb/debian/coreutils@9.7-3?arch=amd64&distro=debian-13.6&package-id=2f8436d480a75c8c,library,coreutils,9.7-3,Michael Stone <mstone@debian.org>,pkg:deb/debian/coreutils@9.7-3?arch=amd64&distro=debian-13.6,cpe:2.3:a:coreutils:coreutils:9.7-3:*:*:*:*:*:*:*,STRUCTURALLY_VALID,,a,coreutils,coreutils,9.7-3,*,*,*,*,*,*,*
108668,docker.io/library/python,3.14.6,pilot/results/sboms/python-3.14.6.cdx.json,pkg:deb/debian/cpp@4%3A14.2.0-1?arch=amd64&distro=debian-13.6&package-id=695263f598e4e075&upstream=gcc-defaults%401.220,library,cpp,4:14.2.0-1,Debian GCC Maintainers <debian-gcc@lists.debian.org>,pkg:deb/debian/cpp@4%3A14.2.0-1?arch=amd64&distro=debian-13.6&upstream=gcc-defaults%401.220,cpe:2.3:a:cpp:cpp:4\:14.2.0-1:*:*:*:*:*:*:*,STRUCTURALLY_VALID,,a,cpp,cpp,4\:14.2.0-1,*,*,*,*,*,*,*
108669,docker.io/library/python,3.14.6,pilot/results/sboms/python-3.14.6.cdx.json,pkg:deb/debian/cpp-14@14.2.0-19?arch=amd64&distro=debian-13.6&package-id=f192cb8dc63f3eb4&upstream=gcc-14,library,cpp-14,14.2.0-19,Debian GCC Maintainers <debian-gcc@lists.debian.org>,pkg:deb/debian/cpp-14@14.2.0-19?arch=amd64&distro=debian-13.6&upstream=gcc-14,cpe:2.3:a:cpp-14:cpp-14:14.2.0-19:*:*:*:*:*:*:*,STRUCTURALLY_VALID,,a,cpp-14,cpp-14,14.2.0-19,*,*,*,*,*,*,*
108670,docker.io/library/python,3.14.6,pilot/results/sboms/python-3.14.6.cdx.json,pkg:deb/debian/cpp-14-x86-64-linux-gnu@14.2.0-19?arch=amd64&distro=debian-13.6&package-id=1580254f2d5cda2a&upstream=gcc-14,library,cpp-14-x86-64-linux-gnu,14.2.0-19,Debian GCC Maintainers <debian-gcc@lists.debian.org>,pkg:deb/debian/cpp-14-x86-64-linux-gnu@14.2.0-19?arch=amd64&distro=debian-13.6&upstream=gcc-14,cpe:2.3:a:cpp-14-x86-64-linux-gnu:cpp-14-x86-64-linux-gnu:14.2.0-19:*:*:*:*:*:*:*,STRUCTURALLY_VALID,,a,cpp-14-x86-64-linux-gnu,cpp-14-x86-64-linux-gnu,14.2.0-19,*,*,*,*,*,*,*
108671,docker.io/library/python,3.14.6,pilot/results/sboms/python-3.14.6.cdx.json,pkg:deb/debian/cpp-x86-64-linux-gnu@4%3A14.2.0-1?arch=amd64&distro=debian-13.6&package-id=e84d9c4f4cdab300&upstream=gcc-defaults%401.220,library,cpp-x86-64-linux-gnu,4:14.2.0-1,Debian GCC Maintainers <debian-gcc@lists.debian.org>,pkg:deb/debian/cpp-x86-64-linux-gnu@4%3A14.2.0-1?arch=amd64&distro=debian-13.6&upstream=gcc-defaults%401.220,cpe:2.3:a:cpp-x86-64-linux-gnu:cpp-x86-64-linux-gnu:4\:14.2.0-1:*:*:*:*:*:*:*,STRUCTURALLY_VALID,,a,cpp-x86-64-linux-gnu,cpp-x86-64-linux-gnu,4\:14.2.0-1,*,*,*,*,*,*,*
108672,docker.io/library/python,3.14.6,pilot/results/sboms/python-3.14.6.cdx.json,pkg:deb/debian/curl@8.14.1-2%2Bdeb13u4?arch=amd64&distro=debian-13.6&package-id=042b1fb7243a134f,library,curl,8.14.1-2+deb13u4,Debian Curl Maintainers <team+curl@tracker.debian.org>,pkg:deb/debian/curl@8.14.1-2%2Bdeb13u4?arch=amd64&distro=debian-13.6,cpe:2.3:a:curl:curl:8.14.1-2\+deb13u4:*:*:*:*:*:*:*,STRUCTURALLY_VALID,,a,curl,curl,8.14.1-2\+deb13u4,*,*,*,*,*,*,*
108673,docker.io/library/python,3.14.6,pilot/results/sboms/python-3.14.6.cdx.json,pkg:deb/debian/dash@0.5.12-12?arch=amd64&distro=debian-13.6&package-id=e919b2d690c3a4f3,library,dash,0.5.12-12,Andrej Shadura <andrewsh@debian.org>,pkg:deb/debian/dash@0.5.12-12?arch=amd64&distro=debian-13.6,cpe:2.3:a:dash:dash:0.5.12-12:*:*:*:*:*:*:*,STRUCTURALLY_VALID,,a,dash,dash,0.5.12-12,*,*,*,*,*,*,*
108674,docker.io/library/python,3.14.6,pilot/results/sboms/python-3.14.6.cdx.json,pkg:deb/debian/debconf@1.5.91?arch=all&distro=debian-13.6&package-id=0f203ecbcf805e2b,library,debconf,1.5.91,Debconf Developers <debconf-devel@lists.alioth.debian.org>,pkg:deb/debian/debconf@1.5.91?arch=all&distro=debian-13.6,cpe:2.3:a:debconf:debconf:1.5.91:*:*:*:*:*:*:*,STRUCTURALLY_VALID,,a,debconf,debconf,1.5.91,*,*,*,*,*,*,*
108675,docker.io/library/python,3.14.6,pilot/results/sboms/python-3.14.6.cdx.json,pkg:deb/debian/debian-archive-keyring@2025.1?arch=all&distro=debian-13.6&package-id=7991e18ee6aee390,library,debian-archive-keyring,2025.1,Debian Release Team <packages@release.debian.org>,pkg:deb/debian/debian-archive-keyring@2025.1?arch=all&distro=debian-13.6,cpe:2.3:a:debian-archive-keyring:debian-archive-keyring:2025.1:*:*:*:*:*:*:*,STRUCTURALLY_VALID,,a,debian-archive-keyring,debian-archive-keyring,2025.1,*,*,*,*,*,*,*
108676,docker.io/library/python,3.14.6,pilot/results/sboms/python-3.14.6.cdx.json,pkg:deb/debian/debianutils@5.23.2?arch=amd64&distro=debian-13.6&package-id=1a372c2eb99c9c63,library,debianutils,5.23.2,Ileana Dumitrescu <ileanadumitrescu95@gmail.com>,pkg:deb/debian/debianutils@5.23.2?arch=amd64&distro=debian-13.6,cpe:2.3:a:debianutils:debianutils:5.23.2:*:*:*:*:*:*:*,STRUCTURALLY_VALID,,a,debianutils,debianutils,5.23.2,*,*,*,*,*,*,*
108677,docker.io/library/python,3.14.6,pilot/results/sboms/python-3.14.6.cdx.json,pkg:deb/debian/default-libmysqlclient-dev@1.1.1?arch=amd64&distro=debian-13.6&package-id=32483eb292efb536&upstream=mysql-defaults,library,default-libmysqlclient-dev,1.1.1,Debian MySQL Maintainers <pkg-mysql-maint@lists.alioth.debian.org>,pkg:deb/debian/default-libmysqlclient-dev@1.1.1?arch=amd64&distro=debian-13.6&upstream=mysql-defaults,cpe:2.3:a:default-libmysqlclient-dev:default-libmysqlclient-dev:1.1.1:*:*:*:*:*:*:*,STRUCTURALLY_VALID,,a,default-libmysqlclient-dev,default-libmysqlclient-dev,1.1.1,*,*,*,*,*,*,*
108678,docker.io/library/python,3.14.6,pilot/results/sboms/python-3.14.6.cdx.json,pkg:deb/debian/diffutils@1%3A3.10-4?arch=amd64&distro=debian-13.6&package-id=928a2837cd45ff34,library,diffutils,1:3.10-4,Santiago Vila <sanvila@debian.org>,pkg:deb/debian/diffutils@1%3A3.10-4?arch=amd64&distro=debian-13.6,cpe:2.3:a:diffutils:diffutils:1\:3.10-4:*:*:*:*:*:*:*,STRUCTURALLY_VALID,,a,diffutils,diffutils,1\:3.10-4,*,*,*,*,*,*,*
108679,docker.io/library/python,3.14.6,pilot/results/sboms/python-3.14.6.cdx.json,pkg:deb/debian/dirmngr@2.4.7-21%2Bdeb13u1%2Bb4?arch=amd64&distro=debian-13.6&package-id=d5cf98cebf74ee27&upstream=gnupg2%402.4.7-21%2Bdeb13u1,library,dirmngr,2.4.7-21+deb13u1+b4,Debian GnuPG Maintainers <pkg-gnupg-maint@lists.alioth.debian.org>,pkg:deb/debian/dirmngr@2.4.7-21%2Bdeb13u1%2Bb4?arch=amd64&distro=debian-13.6&upstream=gnupg2%402.4.7-21%2Bdeb13u1,cpe:2.3:a:dirmngr:dirmngr:2.4.7-21\+deb13u1\+b4:*:*:*:*:*:*:*,STRUCTURALLY_VALID,,a,dirmngr,dirmngr,2.4.7-21\+deb13u1\+b4,*,*,*,*,*,*,*
108680,docker.io/library/python,3.14.6,pilot/results/sboms/python-3.14.6.cdx.json,pkg:deb/debian/dpkg@1.22.22?arch=amd64&distro=debian-13.6&package-id=3fcb1891109bbf9a,library,dpkg,1.22.22,Dpkg Developers <debian-dpkg@lists.debian.org>,pkg:deb/debian/dpkg@1.22.22?arch=amd64&distro=debian-13.6,cpe:2.3:a:dpkg:dpkg:1.22.22:*:*:*:*:*:*:*,STRUCTURALLY_VALID,,a,dpkg,dpkg,1.22.22,*,*,*,*,*,*,*
108681,docker.io/library/python,3.14.6,pilot/results/sboms/python-3.14.6.cdx.json,pkg:deb/debian/dpkg-dev@1.22.22?arch=all&distro=debian-13.6&package-id=064577ade0e28b50&upstream=dpkg,library,dpkg-dev,1.22.22,Dpkg Developers <debian-dpkg@lists.debian.org>,pkg:deb/debian/dpkg-dev@1.22.22?arch=all&distro=debian-13.6&upstream=dpkg,cpe:2.3:a:dpkg-dev:dpkg-dev:1.22.22:*:*:*:*:*:*:*,STRUCTURALLY_VALID,,a,dpkg-dev,dpkg-dev,1.22.22,*,*,*,*,*,*,*
108682,docker.io/library/python,3.14.6,pilot/results/sboms/python-3.14.6.cdx.json,pkg:deb/debian/file@1%3A5.46-5?arch=amd64&distro=debian-13.6&package-id=22465d5aacbc791f,library,file,1:5.46-5,Christoph Biedl <debian.axhn@manchmal.in-ulm.de>,pkg:deb/debian/file@1%3A5.46-5?arch=amd64&distro=debian-13.6,cpe:2.3:a:file:file:1\:5.46-5:*:*:*:*:*:*:*,STRUCTURALLY_VALID,,a,file,file,1\:5.46-5,*,*,*,*,*,*,*
108683,docker.io/library/python,3.14.6,pilot/results/sboms/python-3.14.6.cdx.json,pkg:deb/debian/findutils@4.10.0-3?arch=amd64&distro=debian-13.6&package-id=d26956c159c0ed3a,library,findutils,4.10.0-3,Andreas Metzler <ametzler@debian.org>,pkg:deb/debian/findutils@4.10.0-3?arch=amd64&distro=debian-13.6,cpe:2.3:a:findutils:findutils:4.10.0-3:*:*:*:*:*:*:*,STRUCTURALLY_VALID,,a,findutils,findutils,4.10.0-3,*,*,*,*,*,*,*
108684,docker.io/library/python,3.14.6,pilot/results/sboms/python-3.14.6.cdx.json,pkg:deb/debian/fontconfig@2.15.0-2.3?arch=amd64&distro=debian-13.6&package-id=a637eb01da9cd426,library,fontconfig,2.15.0-2.3,Debian freedesktop.org maintainers <pkg-freedesktop-maintainers@lists.alioth.debian.org>,pkg:deb/debian/fontconfig@2.15.0-2.3?arch=amd64&distro=debian-13.6,cpe:2.3:a:fontconfig:fontconfig:2.15.0-2.3:*:*:*:*:*:*:*,STRUCTURALLY_VALID,,a,fontconfig,fontconfig,2.15.0-2.3,*,*,*,*,*,*,*
108685,docker.io/library/python,3.14.6,pilot/results/sboms/python-3.14.6.cdx.json,pkg:deb/debian/fontconfig-config@2.15.0-2.3?arch=amd64&distro=debian-13.6&package-id=8bf37589951e0cc1&upstream=fontconfig,library,fontconfig-config,2.15.0-2.3,Debian freedesktop.org maintainers <pkg-freedesktop-maintainers@lists.alioth.debian.org>,pkg:deb/debian/fontconfig-config@2.15.0-2.3?arch=amd64&distro=debian-13.6&upstream=fontconfig,cpe:2.3:a:fontconfig-config:fontconfig-config:2.15.0-2.3:*:*:*:*:*:*:*,STRUCTURALLY_VALID,,a,fontconfig-config,fontconfig-config,2.15.0-2.3,*,*,*,*,*,*,*
108686,docker.io/library/python,3.14.6,pilot/results/sboms/python-3.14.6.cdx.json,pkg:deb/debian/fonts-dejavu-core@2.37-8?arch=all&distro=debian-13.6&package-id=c784ac1ecc2fa94f&upstream=fonts-dejavu,library,fonts-dejavu-core,2.37-8,Debian Fonts Task Force <debian-fonts@lists.debian.org>,pkg:deb/debian/fonts-dejavu-core@2.37-8?arch=all&distro=debian-13.6&upstream=fonts-dejavu,cpe:2.3:a:fonts-dejavu-core:fonts-dejavu-core:2.37-8:*:*:*:*:*:*:*,STRUCTURALLY_VALID,,a,fonts-dejavu-core,fonts-dejavu-core,2.37-8,*,*,*,*,*,*,*
108687,docker.io/library/python,3.14.6,pilot/results/sboms/python-3.14.6.cdx.json,pkg:deb/debian/fonts-dejavu-mono@2.37-8?arch=all&distro=debian-13.6&package-id=e0afbe4a78df6b17&upstream=fonts-dejavu,library,fonts-dejavu-mono,2.37-8,Debian Fonts Task Force <debian-fonts@lists.debian.org>,pkg:deb/debian/fonts-dejavu-mono@2.37-8?arch=all&distro=debian-13.6&upstream=fonts-dejavu,cpe:2.3:a:fonts-dejavu-mono:fonts-dejavu-mono:2.37-8:*:*:*:*:*:*:*,STRUCTURALLY_VALID,,a,fonts-dejavu-mono,fonts-dejavu-mono,2.37-8,*,*,*,*,*,*,*
108688,docker.io/library/python,3.14.6,pilot/results/sboms/python-3.14.6.cdx.json,pkg:deb/debian/g%2B%2B@4%3A14.2.0-1?arch=amd64&distro=debian-13.6&package-id=3c35d98f0e7a688c&upstream=gcc-defaults%401.220,library,g++,4:14.2.0-1,Debian GCC Maintainers <debian-gcc@lists.debian.org>,pkg:deb/debian/g%2B%2B@4%3A14.2.0-1?arch=amd64&distro=debian-13.6&upstream=gcc-defaults%401.220,cpe:2.3:a:g\+\+:g\+\+:4\:14.2.0-1:*:*:*:*:*:*:*,STRUCTURALLY_VALID,,a,g\+\+,g\+\+,4\:14.2.0-1,*,*,*,*,*,*,*
108689,docker.io/library/python,3.14.6,pilot/results/sboms/python-3.14.6.cdx.json,pkg:deb/debian/g%2B%2B-14@14.2.0-19?arch=amd64&distro=debian-13.6&package-id=bf427850ceb9b9cf&upstream=gcc-14,library,g++-14,14.2.0-19,Debian GCC Maintainers <debian-gcc@lists.debian.org>,pkg:deb/debian/g%2B%2B-14@14.2.0-19?arch=amd64&distro=debian-13.6&upstream=gcc-14,cpe:2.3:a:g\+\+-14:g\+\+-14:14.2.0-19:*:*:*:*:*:*:*,STRUCTURALLY_VALID,,a,g\+\+-14,g\+\+-14,14.2.0-19,*,*,*,*,*,*,*
108690,docker.io/library/python,3.14.6,pilot/results/sboms/python-3.14.6.cdx.json,pkg:deb/debian/g%2B%2B-14-x86-64-linux-gnu@14.2.0-19?arch=amd64&distro=debian-13.6&package-id=64cb91ba3690d600&upstream=gcc-14,library,g++-14-x86-64-linux-gnu,14.2.0-19,Debian GCC Maintainers <debian-gcc@lists.debian.org>,pkg:deb/debian/g%2B%2B-14-x86-64-linux-gnu@14.2.0-19?arch=amd64&distro=debian-13.6&upstream=gcc-14,cpe:2.3:a:g\+\+-14-x86-64-linux-gnu:g\+\+-14-x86-64-linux-gnu:14.2.0-19:*:*:*:*:*:*:*,STRUCTURALLY_VALID,,a,g\+\+-14-x86-64-linux-gnu,g\+\+-14-x86-64-linux-gnu,14.2.0-19,*,*,*,*,*,*,*
108692,docker.io/library/python,3.14.6,pilot/results/sboms/python-3.14.6.cdx.json,pkg:deb/debian/gcc@4%3A14.2.0-1?arch=amd64&distro=debian-13.6&package-id=0fc1874790a69ee6&upstream=gcc-defaults%401.220,library,gcc,4:14.2.0-1,Debian GCC Maintainers <debian-gcc@lists.debian.org>,pkg:deb/debian/gcc@4%3A14.2.0-1?arch=amd64&distro=debian-13.6&upstream=gcc-defaults%401.220,cpe:2.3:a:gcc:gcc:4\:14.2.0-1:*:*:*:*:*:*:*,STRUCTURALLY_VALID,,a,gcc,gcc,4\:14.2.0-1,*,*,*,*,*,*,*
108693,docker.io/library/python,3.14.6,pilot/results/sboms/python-3.14.6.cdx.json,pkg:deb/debian/gcc-14@14.2.0-19?arch=amd64&distro=debian-13.6&package-id=1753e0ab4835d319,library,gcc-14,14.2.0-19,Debian GCC Maintainers <debian-gcc@lists.debian.org>,pkg:deb/debian/gcc-14@14.2.0-19?arch=amd64&distro=debian-13.6,cpe:2.3:a:gcc-14:gcc-14:14.2.0-19:*:*:*:*:*:*:*,STRUCTURALLY_VALID,,a,gcc-14,gcc-14,14.2.0-19,*,*,*,*,*,*,*
108694,docker.io/library/python,3.14.6,pilot/results/sboms/python-3.14.6.cdx.json,pkg:deb/debian/gcc-14-base@14.2.0-19?arch=amd64&distro=debian-13.6&package-id=8a928cc6733b8d4c&upstream=gcc-14,library,gcc-14-base,14.2.0-19,Debian GCC Maintainers <debian-gcc@lists.debian.org>,pkg:deb/debian/gcc-14-base@14.2.0-19?arch=amd64&distro=debian-13.6&upstream=gcc-14,cpe:2.3:a:gcc-14-base:gcc-14-base:14.2.0-19:*:*:*:*:*:*:*,STRUCTURALLY_VALID,,a,gcc-14-base,gcc-14-base,14.2.0-19,*,*,*,*,*,*,*
108695,docker.io/library/python,3.14.6,pilot/results/sboms/python-3.14.6.cdx.json,pkg:deb/debian/gcc-14-x86-64-linux-gnu@14.2.0-19?arch=amd64&distro=debian-13.6&package-id=afc74f4635aa2de5&upstream=gcc-14,library,gcc-14-x86-64-linux-gnu,14.2.0-19,Debian GCC Maintainers <debian-gcc@lists.debian.org>,pkg:deb/debian/gcc-14-x86-64-linux-gnu@14.2.0-19?arch=amd64&distro=debian-13.6&upstream=gcc-14,cpe:2.3:a:gcc-14-x86-64-linux-gnu:gcc-14-x86-64-linux-gnu:14.2.0-19:*:*:*:*:*:*:*,STRUCTURALLY_VALID,,a,gcc-14-x86-64-linux-gnu,gcc-14-x86-64-linux-gnu,14.2.0-19,*,*,*,*,*,*,*
108696,docker.io/library/python,3.14.6,pilot/results/sboms/python-3.14.6.cdx.json,pkg:deb/debian/gcc-x86-64-linux-gnu@4%3A14.2.0-1?arch=amd64&distro=debian-13.6&package-id=d68be8a0a1a1b682&upstream=gcc-defaults%401.220,library,gcc-x86-64-linux-gnu,4:14.2.0-1,Debian GCC Maintainers <debian-gcc@lists.debian.org>,pkg:deb/debian/gcc-x86-64-linux-gnu@4%3A14.2.0-1?arch=amd64&distro=debian-13.6&upstream=gcc-defaults%401.220,cpe:2.3:a:gcc-x86-64-linux-gnu:gcc-x86-64-linux-gnu:4\:14.2.0-1:*:*:*:*:*:*:*,STRUCTURALLY_VALID,,a,gcc-x86-64-linux-gnu,gcc-x86-64-linux-gnu,4\:14.2.0-1,*,*,*,*,*,*,*
108697,docker.io/library/python,3.14.6,pilot/results/sboms/python-3.14.6.cdx.json,pkg:deb/debian/gir1.2-freedesktop@1.84.0-1?arch=amd64&distro=debian-13.6&package-id=6bd32b84a05d5516&upstream=gobject-introspection,library,gir1.2-freedesktop,1.84.0-1,Debian GNOME Maintainers <pkg-gnome-maintainers@lists.alioth.debian.org>,pkg:deb/debian/gir1.2-freedesktop@1.84.0-1?arch=amd64&distro=debian-13.6&upstream=gobject-introspection,cpe:2.3:a:gir1.2-freedesktop:gir1.2-freedesktop:1.84.0-1:*:*:*:*:*:*:*,STRUCTURALLY_VALID,,a,gir1.2-freedesktop,gir1.2-freedesktop,1.84.0-1,*,*,*,*,*,*,*
108698,docker.io/library/python,3.14.6,pilot/results/sboms/python-3.14.6.cdx.json,pkg:deb/debian/gir1.2-freedesktop-dev@1.84.0-1?arch=amd64&distro=debian-13.6&package-id=80640a543c1e4025&upstream=gobject-introspection,library,gir1.2-freedesktop-dev,1.84.0-1,Debian GNOME Maintainers <pkg-gnome-maintainers@lists.alioth.debian.org>,pkg:deb/debian/gir1.2-freedesktop-dev@1.84.0-1?arch=amd64&distro=debian-13.6&upstream=gobject-introspection,cpe:2.3:a:gir1.2-freedesktop-dev:gir1.2-freedesktop-dev:1.84.0-1:*:*:*:*:*:*:*,STRUCTURALLY_VALID,,a,gir1.2-freedesktop-dev,gir1.2-freedesktop-dev,1.84.0-1,*,*,*,*,*,*,*
108699,docker.io/library/python,3.14.6,pilot/results/sboms/python-3.14.6.cdx.json,pkg:deb/debian/gir1.2-gdkpixbuf-2.0@2.42.12%2Bdfsg-4%2Bdeb13u1?arch=amd64&distro=debian-13.6&package-id=913825aa7165b3d7&upstream=gdk-pixbuf,library,gir1.2-gdkpixbuf-2.0,2.42.12+dfsg-4+deb13u1,Debian GNOME Maintainers <pkg-gnome-maintainers@lists.alioth.debian.org>,pkg:deb/debian/gir1.2-gdkpixbuf-2.0@2.42.12%2Bdfsg-4%2Bdeb13u1?arch=amd64&distro=debian-13.6&upstream=gdk-pixbuf,cpe:2.3:a:gir1.2-gdkpixbuf-2.0:gir1.2-gdkpixbuf-2.0:2.42.12\+dfsg-4\+deb13u1:*:*:*:*:*:*:*,STRUCTURALLY_VALID,,a,gir1.2-gdkpixbuf-2.0,gir1.2-gdkpixbuf-2.0,2.42.12\+dfsg-4\+deb13u1,*,*,*,*,*,*,*
108700,docker.io/library/python,3.14.6,pilot/results/sboms/python-3.14.6.cdx.json,pkg:deb/debian/gir1.2-glib-2.0@2.84.4-3~deb13u3?arch=amd64&distro=debian-13.6&package-id=20c53d4e48151693&upstream=glib2.0,library,gir1.2-glib-2.0,2.84.4-3~deb13u3,Debian GNOME Maintainers <pkg-gnome-maintainers@lists.alioth.debian.org>,pkg:deb/debian/gir1.2-glib-2.0@2.84.4-3~deb13u3?arch=amd64&distro=debian-13.6&upstream=glib2.0,cpe:2.3:a:gir1.2-glib-2.0:gir1.2-glib-2.0:2.84.4-3\~deb13u3:*:*:*:*:*:*:*,STRUCTURALLY_VALID,,a,gir1.2-glib-2.0,gir1.2-glib-2.0,2.84.4-3\~deb13u3,*,*,*,*,*,*,*
108701,docker.io/library/python,3.14.6,pilot/results/sboms/python-3.14.6.cdx.json,pkg:deb/debian/gir1.2-glib-2.0-dev@2.84.4-3~deb13u3?arch=amd64&distro=debian-13.6&package-id=c3b030d8ea93fde1&upstream=glib2.0,library,gir1.2-glib-2.0-dev,2.84.4-3~deb13u3,Debian GNOME Maintainers <pkg-gnome-maintainers@lists.alioth.debian.org>,pkg:deb/debian/gir1.2-glib-2.0-dev@2.84.4-3~deb13u3?arch=amd64&distro=debian-13.6&upstream=glib2.0,cpe:2.3:a:gir1.2-glib-2.0-dev:gir1.2-glib-2.0-dev:2.84.4-3\~deb13u3:*:*:*:*:*:*:*,STRUCTURALLY_VALID,,a,gir1.2-glib-2.0-dev,gir1.2-glib-2.0-dev,2.84.4-3\~deb13u3,*,*,*,*,*,*,*
108702,docker.io/library/python,3.14.6,pilot/results/sboms/python-3.14.6.cdx.json,pkg:deb/debian/gir1.2-harfbuzz-0.0@10.2.0-1%2Bdeb13u1?arch=amd64&distro=debian-13.6&package-id=8a7db4407c8bf034&upstream=harfbuzz,library,gir1.2-harfbuzz-0.0,10.2.0-1+deb13u1,أحمد المحمودي (Ahmed El-Mahmoudy) <aelmahmoudy@users.sourceforge.net>,pkg:deb/debian/gir1.2-harfbuzz-0.0@10.2.0-1%2Bdeb13u1?arch=amd64&distro=debian-13.6&upstream=harfbuzz,cpe:2.3:a:gir1.2-harfbuzz-0.0:gir1.2-harfbuzz-0.0:10.2.0-1\+deb13u1:*:*:*:*:*:*:*,STRUCTURALLY_VALID,,a,gir1.2-harfbuzz-0.0,gir1.2-harfbuzz-0.0,10.2.0-1\+deb13u1,*,*,*,*,*,*,*
108703,docker.io/library/python,3.14.6,pilot/results/sboms/python-3.14.6.cdx.json,pkg:deb/debian/gir1.2-pango-1.0@1.56.3-1?arch=amd64&distro=debian-13.6&package-id=7aa1668dac69d72f&upstream=pango1.0,library,gir1.2-pango-1.0,1.56.3-1,Debian GNOME Maintainers <pkg-gnome-maintainers@lists.alioth.debian.org>,pkg:deb/debian/gir1.2-pango-1.0@1.56.3-1?arch=amd64&distro=debian-13.6&upstream=pango1.0,cpe:2.3:a:gir1.2-pango-1.0:gir1.2-pango-1.0:1.56.3-1:*:*:*:*:*:*:*,STRUCTURALLY_VALID,,a,gir1.2-pango-1.0,gir1.2-pango-1.0,1.56.3-1,*,*,*,*,*,*,*
108704,docker.io/library/python,3.14.6,pilot/results/sboms/python-3.14.6.cdx.json,pkg:deb/debian/gir1.2-rsvg-2.0@2.60.0%2Bdfsg-1?arch=amd64&distro=debian-13.6&package-id=7f76e349655ff301&upstream=librsvg,library,gir1.2-rsvg-2.0,2.60.0+dfsg-1,Debian GNOME Maintainers <pkg-gnome-maintainers@lists.alioth.debian.org>,pkg:deb/debian/gir1.2-rsvg-2.0@2.60.0%2Bdfsg-1?arch=amd64&distro=debian-13.6&upstream=librsvg,cpe:2.3:a:gir1.2-rsvg-2.0:gir1.2-rsvg-2.0:2.60.0\+dfsg-1:*:*:*:*:*:*:*,STRUCTURALLY_VALID,,a,gir1.2-rsvg-2.0,gir1.2-rsvg-2.0,2.60.0\+dfsg-1,*,*,*,*,*,*,*
108705,docker.io/library/python,3.14.6,pilot/results/sboms/python-3.14.6.cdx.json,pkg:deb/debian/girepository-tools@2.84.4-3~deb13u3?arch=amd64&distro=debian-13.6&package-id=d1733d4052bb734c&upstream=glib2.0,library,girepository-tools,2.84.4-3~deb13u3,Debian GNOME Maintainers <pkg-gnome-maintainers@lists.alioth.debian.org>,pkg:deb/debian/girepository-tools@2.84.4-3~deb13u3?arch=amd64&distro=debian-13.6&upstream=glib2.0,cpe:2.3:a:girepository-tools:girepository-tools:2.84.4-3\~deb13u3:*:*:*:*:*:*:*,STRUCTURALLY_VALID,,a,girepository-tools,girepository-tools,2.84.4-3\~deb13u3,*,*,*,*,*,*,*
108706,docker.io/library/python,3.14.6,pilot/results/sboms/python-3.14.6.cdx.json,pkg:deb/debian/git@1%3A2.47.3-0%2Bdeb13u1?arch=amd64&distro=debian-13.6&package-id=8e03bdf0d5ec8f50,library,git,1:2.47.3-0+deb13u1,Jonathan Nieder <jrnieder@gmail.com>,pkg:deb/debian/git@1%3A2.47.3-0%2Bdeb13u1?arch=amd64&distro=debian-13.6,cpe:2.3:a:git:git:1\:2.47.3-0\+deb13u1:*:*:*:*:*:*:*,STRUCTURALLY_VALID,,a,git,git,1\:2.47.3-0\+deb13u1,*,*,*,*,*,*,*
108707,docker.io/library/python,3.14.6,pilot/results/sboms/python-3.14.6.cdx.json,pkg:deb/debian/git-man@1%3A2.47.3-0%2Bdeb13u1?arch=all&distro=debian-13.6&package-id=67c221344b7c7cbd&upstream=git,library,git-man,1:2.47.3-0+deb13u1,Jonathan Nieder <jrnieder@gmail.com>,pkg:deb/debian/git-man@1%3A2.47.3-0%2Bdeb13u1?arch=all&distro=debian-13.6&upstream=git,cpe:2.3:a:git-man:git-man:1\:2.47.3-0\+deb13u1:*:*:*:*:*:*:*,STRUCTURALLY_VALID,,a,git-man,git-man,1\:2.47.3-0\+deb13u1,*,*,*,*,*,*,*
108708,docker.io/library/python,3.14.6,pilot/results/sboms/python-3.14.6.cdx.json,pkg:deb/debian/gnupg@2.4.7-21%2Bdeb13u1?arch=all&distro=debian-13.6&package-id=e708db6544496117&upstream=gnupg2,library,gnupg,2.4.7-21+deb13u1,Debian GnuPG Maintainers <pkg-gnupg-maint@lists.alioth.debian.org>,pkg:deb/debian/gnupg@2.4.7-21%2Bdeb13u1?arch=all&distro=debian-13.6&upstream=gnupg2,cpe:2.3:a:gnupg:gnupg:2.4.7-21\+deb13u1:*:*:*:*:*:*:*,STRUCTURALLY_VALID,,a,gnupg,gnupg,2.4.7-21\+deb13u1,*,*,*,*,*,*,*
108709,docker.io/library/python,3.14.6,pilot/results/sboms/python-3.14.6.cdx.json,pkg:deb/debian/gnupg-l10n@2.4.7-21%2Bdeb13u1?arch=all&distro=debian-13.6&package-id=aecb683b9f0b939d&upstream=gnupg2,library,gnupg-l10n,2.4.7-21+deb13u1,Debian GnuPG Maintainers <pkg-gnupg-maint@lists.alioth.debian.org>,pkg:deb/debian/gnupg-l10n@2.4.7-21%2Bdeb13u1?arch=all&distro=debian-13.6&upstream=gnupg2,cpe:2.3:a:gnupg-l10n:gnupg-l10n:2.4.7-21\+deb13u1:*:*:*:*:*:*:*,STRUCTURALLY_VALID,,a,gnupg-l10n,gnupg-l10n,2.4.7-21\+deb13u1,*,*,*,*,*,*,*
108710,docker.io/library/python,3.14.6,pilot/results/sboms/python-3.14.6.cdx.json,pkg:deb/debian/gpg@2.4.7-21%2Bdeb13u1%2Bb4?arch=amd64&distro=debian-13.6&package-id=644c28cfc8c1e0c2&upstream=gnupg2%402.4.7-21%2Bdeb13u1,library,gpg,2.4.7-21+deb13u1+b4,Debian GnuPG Maintainers <pkg-gnupg-maint@lists.alioth.debian.org>,pkg:deb/debian/gpg@2.4.7-21%2Bdeb13u1%2Bb4?arch=amd64&distro=debian-13.6&upstream=gnupg2%402.4.7-21%2Bdeb13u1,cpe:2.3:a:gpg:gpg:2.4.7-21\+deb13u1\+b4:*:*:*:*:*:*:*,STRUCTURALLY_VALID,,a,gpg,gpg,2.4.7-21\+deb13u1\+b4,*,*,*,*,*,*,*
108711,docker.io/library/python,3.14.6,pilot/results/sboms/python-3.14.6.cdx.json,pkg:deb/debian/gpg-agent@2.4.7-21%2Bdeb13u1%2Bb4?arch=amd64&distro=debian-13.6&package-id=14900fa74255ed37&upstream=gnupg2%402.4.7-21%2Bdeb13u1,library,gpg-agent,2.4.7-21+deb13u1+b4,Debian GnuPG Maintainers <pkg-gnupg-maint@lists.alioth.debian.org>,pkg:deb/debian/gpg-agent@2.4.7-21%2Bdeb13u1%2Bb4?arch=amd64&distro=debian-13.6&upstream=gnupg2%402.4.7-21%2Bdeb13u1,cpe:2.3:a:gpg-agent:gpg-agent:2.4.7-21\+deb13u1\+b4:*:*:*:*:*:*:*,STRUCTURALLY_VALID,,a,gpg-agent,gpg-agent,2.4.7-21\+deb13u1\+b4,*,*,*,*,*,*,*
108712,docker.io/library/python,3.14.6,pilot/results/sboms/python-3.14.6.cdx.json,pkg:deb/debian/gpgconf@2.4.7-21%2Bdeb13u1%2Bb4?arch=amd64&distro=debian-13.6&package-id=a9cb5e3ef1374a58&upstream=gnupg2%402.4.7-21%2Bdeb13u1,library,gpgconf,2.4.7-21+deb13u1+b4,Debian GnuPG Maintainers <pkg-gnupg-maint@lists.alioth.debian.org>,pkg:deb/debian/gpgconf@2.4.7-21%2Bdeb13u1%2Bb4?arch=amd64&distro=debian-13.6&upstream=gnupg2%402.4.7-21%2Bdeb13u1,cpe:2.3:a:gpgconf:gpgconf:2.4.7-21\+deb13u1\+b4:*:*:*:*:*:*:*,STRUCTURALLY_VALID,,a,gpgconf,gpgconf,2.4.7-21\+deb13u1\+b4,*,*,*,*,*,*,*
108713,docker.io/library/python,3.14.6,pilot/results/sboms/python-3.14.6.cdx.json,pkg:deb/debian/gpgsm@2.4.7-21%2Bdeb13u1%2Bb4?arch=amd64&distro=debian-13.6&package-id=2dda91c007cb6504&upstream=gnupg2%402.4.7-21%2Bdeb13u1,library,gpgsm,2.4.7-21+deb13u1+b4,Debian GnuPG Maintainers <pkg-gnupg-maint@lists.alioth.debian.org>,pkg:deb/debian/gpgsm@2.4.7-21%2Bdeb13u1%2Bb4?arch=amd64&distro=debian-13.6&upstream=gnupg2%402.4.7-21%2Bdeb13u1,cpe:2.3:a:gpgsm:gpgsm:2.4.7-21\+deb13u1\+b4:*:*:*:*:*:*:*,STRUCTURALLY_VALID,,a,gpgsm,gpgsm,2.4.7-21\+deb13u1\+b4,*,*,*,*,*,*,*
108714,docker.io/library/python,3.14.6,pilot/results/sboms/python-3.14.6.cdx.json,pkg:deb/debian/grep@3.11-4?arch=amd64&distro=debian-13.6&package-id=a92d218620498fb7,library,grep,3.11-4,Anibal Monsalve Salazar <anibal@debian.org>,pkg:deb/debian/grep@3.11-4?arch=amd64&distro=debian-13.6,cpe:2.3:a:grep:grep:3.11-4:*:*:*:*:*:*:*,STRUCTURALLY_VALID,,a,grep,grep,3.11-4,*,*,*,*,*,*,*
108691,docker.io/library/python,3.14.6,pilot/results/sboms/python-3.14.6.cdx.json,pkg:deb/debian/g%2B%2B-x86-64-linux-gnu@4%3A14.2.0-1?arch=amd64&distro=debian-13.6&package-id=1f91d0183c657f09&upstream=gcc-defaults%401.220,library,g++-x86-64-linux-gnu,4:14.2.0-1,Debian GCC Maintainers <debian-gcc@lists.debian.org>,pkg:deb/debian/g%2B%2B-x86-64-linux-gnu@4%3A14.2.0-1?arch=amd64&distro=debian-13.6&upstream=gcc-defaults%401.220,cpe:2.3:a:g\+\+-x86-64-linux-gnu:g\+\+-x86-64-linux-gnu:4\:14.2.0-1:*:*:*:*:*:*:*,STRUCTURALLY_VALID,,a,g\+\+-x86-64-linux-gnu,g\+\+-x86-64-linux-gnu,4\:14.2.0-1,*,*,*,*,*,*,*
108715,docker.io/library/python,3.14.6,pilot/results/sboms/python-3.14.6.cdx.json,pkg:deb/debian/gzip@1.13-1?arch=amd64&distro=debian-13.6&package-id=b30644f429eabdac,library,gzip,1.13-1,Milan Kupcevic <milan@debian.org>,pkg:deb/debian/gzip@1.13-1?arch=amd64&distro=debian-13.6,cpe:2.3:a:gzip:gzip:1.13-1:*:*:*:*:*:*:*,STRUCTURALLY_VALID,,a,gzip,gzip,1.13-1,*,*,*,*,*,*,*
108716,docker.io/library/python,3.14.6,pilot/results/sboms/python-3.14.6.cdx.json,pkg:deb/debian/hicolor-icon-theme@0.18-2?arch=all&distro=debian-13.6&package-id=da9bc1898c5174ad,library,hicolor-icon-theme,0.18-2,Debian GNOME Maintainers <pkg-gnome-maintainers@lists.alioth.debian.org>,pkg:deb/debian/hicolor-icon-theme@0.18-2?arch=all&distro=debian-13.6,cpe:2.3:a:hicolor-icon-theme:hicolor-icon-theme:0.18-2:*:*:*:*:*:*:*,STRUCTURALLY_VALID,,a,hicolor-icon-theme,hicolor-icon-theme,0.18-2,*,*,*,*,*,*,*
108717,docker.io/library/python,3.14.6,pilot/results/sboms/python-3.14.6.cdx.json,pkg:deb/debian/hostname@3.25?arch=amd64&distro=debian-13.6&package-id=99de93ca9ff6e65f,library,hostname,3.25,Michael Meskes <meskes@debian.org>,pkg:deb/debian/hostname@3.25?arch=amd64&distro=debian-13.6,cpe:2.3:a:hostname:hostname:3.25:*:*:*:*:*:*:*,STRUCTURALLY_VALID,,a,hostname,hostname,3.25,*,*,*,*,*,*,*
108718,docker.io/library/python,3.14.6,pilot/results/sboms/python-3.14.6.cdx.json,pkg:deb/debian/icu-devtools@76.1-4?arch=amd64&distro=debian-13.6&package-id=428d32352a24fd24&upstream=icu,library,icu-devtools,76.1-4,Laszlo Boszormenyi (GCS) <gcs@debian.org>,pkg:deb/debian/icu-devtools@76.1-4?arch=amd64&distro=debian-13.6&upstream=icu,cpe:2.3:a:icu-devtools:icu-devtools:76.1-4:*:*:*:*:*:*:*,STRUCTURALLY_VALID,,a,icu-devtools,icu-devtools,76.1-4,*,*,*,*,*,*,*
108719,docker.io/library/python,3.14.6,pilot/results/sboms/python-3.14.6.cdx.json,pkg:deb/debian/imagemagick@8%3A7.1.1.43%2Bdfsg1-1%2Bdeb13u11?arch=amd64&distro=debian-13.6&package-id=09539c99e701706b,library,imagemagick,8:7.1.1.43+dfsg1-1+deb13u11,ImageMagick Packaging Team <pkg-gmagick-im-team@lists.alioth.debian.org>,pkg:deb/debian/imagemagick@8%3A7.1.1.43%2Bdfsg1-1%2Bdeb13u11?arch=amd64&distro=debian-13.6,cpe:2.3:a:imagemagick:imagemagick:8\:7.1.1.43\+dfsg1-1\+deb13u11:*:*:*:*:*:*:*,STRUCTURALLY_VALID,,a,imagemagick,imagemagick,8\:7.1.1.43\+dfsg1-1\+deb13u11,*,*,*,*,*,*,*
108720,docker.io/library/python,3.14.6,pilot/results/sboms/python-3.14.6.cdx.json,pkg:deb/debian/imagemagick-7-common@8%3A7.1.1.43%2Bdfsg1-1%2Bdeb13u11?arch=all&distro=debian-13.6&package-id=7fe4e845480e093c&upstream=imagemagick,library,imagemagick-7-common,8:7.1.1.43+dfsg1-1+deb13u11,ImageMagick Packaging Team <pkg-gmagick-im-team@lists.alioth.debian.org>,pkg:deb/debian/imagemagick-7-common@8%3A7.1.1.43%2Bdfsg1-1%2Bdeb13u11?arch=all&distro=debian-13.6&upstream=imagemagick,cpe:2.3:a:imagemagick-7-common:imagemagick-7-common:8\:7.1.1.43\+dfsg1-1\+deb13u11:*:*:*:*:*:*:*,STRUCTURALLY_VALID,,a,imagemagick-7-common,imagemagick-7-common,8\:7.1.1.43\+dfsg1-1\+deb13u11,*,*,*,*,*,*,*
108721,docker.io/library/python,3.14.6,pilot/results/sboms/python-3.14.6.cdx.json,pkg:deb/debian/imagemagick-7.q16@8%3A7.1.1.43%2Bdfsg1-1%2Bdeb13u11?arch=amd64&distro=debian-13.6&package-id=7689b8e4229983ab&upstream=imagemagick,library,imagemagick-7.q16,8:7.1.1.43+dfsg1-1+deb13u11,ImageMagick Packaging Team <pkg-gmagick-im-team@lists.alioth.debian.org>,pkg:deb/debian/imagemagick-7.q16@8%3A7.1.1.43%2Bdfsg1-1%2Bdeb13u11?arch=amd64&distro=debian-13.6&upstream=imagemagick,cpe:2.3:a:imagemagick-7.q16:imagemagick-7.q16:8\:7.1.1.43\+dfsg1-1\+deb13u11:*:*:*:*:*:*:*,STRUCTURALLY_VALID,,a,imagemagick-7.q16,imagemagick-7.q16,8\:7.1.1.43\+dfsg1-1\+deb13u11,*,*,*,*,*,*,*
108722,docker.io/library/python,3.14.6,pilot/results/sboms/python-3.14.6.cdx.json,pkg:deb/debian/init-system-helpers@1.69~deb13u1?arch=all&distro=debian-13.6&package-id=40e23b20a464282c,library,init-system-helpers,1.69~deb13u1,Debian systemd Maintainers <pkg-systemd-maintainers@lists.alioth.debian.org>,pkg:deb/debian/init-system-helpers@1.69~deb13u1?arch=all&distro=debian-13.6,cpe:2.3:a:init-system-helpers:init-system-helpers:1.69\~deb13u1:*:*:*:*:*:*:*,STRUCTURALLY_VALID,,a,init-system-helpers,init-system-helpers,1.69\~deb13u1,*,*,*,*,*,*,*
108723,docker.io/library/python,3.14.6,pilot/results/sboms/python-3.14.6.cdx.json,pkg:deb/debian/krb5-multidev@1.21.3-5%2Bdeb13u1?arch=amd64&distro=debian-13.6&package-id=acdb82e420bd2698&upstream=krb5,library,krb5-multidev,1.21.3-5+deb13u1,Sam Hartman <hartmans@debian.org>,pkg:deb/debian/krb5-multidev@1.21.3-5%2Bdeb13u1?arch=amd64&distro=debian-13.6&upstream=krb5,cpe:2.3:a:krb5-multidev:krb5-multidev:1.21.3-5\+deb13u1:*:*:*:*:*:*:*,STRUCTURALLY_VALID,,a,krb5-multidev,krb5-multidev,1.21.3-5\+deb13u1,*,*,*,*,*,*,*
108724,docker.io/library/python,3.14.6,pilot/results/sboms/python-3.14.6.cdx.json,pkg:deb/debian/libacl1@2.3.2-2%2Bb1?arch=amd64&distro=debian-13.6&package-id=0af6f2d3417a318d&upstream=acl%402.3.2-2,library,libacl1,2.3.2-2+b1,Guillem Jover <guillem@debian.org>,pkg:deb/debian/libacl1@2.3.2-2%2Bb1?arch=amd64&distro=debian-13.6&upstream=acl%402.3.2-2,cpe:2.3:a:libacl1:libacl1:2.3.2-2\+b1:*:*:*:*:*:*:*,STRUCTURALLY_VALID,,a,libacl1,libacl1,2.3.2-2\+b1,*,*,*,*,*,*,*
108725,docker.io/library/python,3.14.6,pilot/results/sboms/python-3.14.6.cdx.json,pkg:deb/debian/libapr1t64@1.7.5-1?arch=amd64&distro=debian-13.6&package-id=191117f0cf523444&upstream=apr,library,libapr1t64,1.7.5-1,Debian Apache Maintainers <debian-apache@lists.debian.org>,pkg:deb/debian/libapr1t64@1.7.5-1?arch=amd64&distro=debian-13.6&upstream=apr,cpe:2.3:a:libapr1t64:libapr1t64:1.7.5-1:*:*:*:*:*:*:*,STRUCTURALLY_VALID,,a,libapr1t64,libapr1t64,1.7.5-1,*,*,*,*,*,*,*
108726,docker.io/library/python,3.14.6,pilot/results/sboms/python-3.14.6.cdx.json,pkg:deb/debian/libaprutil1t64@1.6.3-3%2Bb1?arch=amd64&distro=debian-13.6&package-id=1b6343fd4b75c6ab&upstream=apr-util%401.6.3-3,library,libaprutil1t64,1.6.3-3+b1,Debian Apache Maintainers <debian-apache@lists.debian.org>,pkg:deb/debian/libaprutil1t64@1.6.3-3%2Bb1?arch=amd64&distro=debian-13.6&upstream=apr-util%401.6.3-3,cpe:2.3:a:libaprutil1t64:libaprutil1t64:1.6.3-3\+b1:*:*:*:*:*:*:*,STRUCTURALLY_VALID,,a,libaprutil1t64,libaprutil1t64,1.6.3-3\+b1,*,*,*,*,*,*,*
108727,docker.io/library/python,3.14.6,pilot/results/sboms/python-3.14.6.cdx.json,pkg:deb/debian/libapt-pkg7.0@3.0.3?arch=amd64&distro=debian-13.6&package-id=25f4161ec6258e4d&upstream=apt,library,libapt-pkg7.0,3.0.3,APT Development Team <deity@lists.debian.org>,pkg:deb/debian/libapt-pkg7.0@3.0.3?arch=amd64&distro=debian-13.6&upstream=apt,cpe:2.3:a:libapt-pkg7.0:libapt-pkg7.0:3.0.3:*:*:*:*:*:*:*,STRUCTURALLY_VALID,,a,libapt-pkg7.0,libapt-pkg7.0,3.0.3,*,*,*,*,*,*,*
108728,docker.io/library/python,3.14.6,pilot/results/sboms/python-3.14.6.cdx.json,pkg:deb/debian/libasan8@14.2.0-19?arch=amd64&distro=debian-13.6&package-id=7475a27907fe4420&upstream=gcc-14,library,libasan8,14.2.0-19,Debian GCC Maintainers <debian-gcc@lists.debian.org>,pkg:deb/debian/libasan8@14.2.0-19?arch=amd64&distro=debian-13.6&upstream=gcc-14,cpe:2.3:a:libasan8:libasan8:14.2.0-19:*:*:*:*:*:*:*,STRUCTURALLY_VALID,,a,libasan8,libasan8,14.2.0-19,*,*,*,*,*,*,*
108729,docker.io/library/python,3.14.6,pilot/results/sboms/python-3.14.6.cdx.json,pkg:deb/debian/libassuan9@3.0.2-2?arch=amd64&distro=debian-13.6&package-id=70b7a9516a380da1&upstream=libassuan,library,libassuan9,3.0.2-2,Debian GnuPG-Maintainers <pkg-gnupg-maint@lists.alioth.debian.org>,pkg:deb/debian/libassuan9@3.0.2-2?arch=amd64&distro=debian-13.6&upstream=libassuan,cpe:2.3:a:libassuan9:libassuan9:3.0.2-2:*:*:*:*:*:*:*,STRUCTURALLY_VALID,,a,libassuan9,libassuan9,3.0.2-2,*,*,*,*,*,*,*
108730,docker.io/library/python,3.14.6,pilot/results/sboms/python-3.14.6.cdx.json,pkg:deb/debian/libatomic1@14.2.0-19?arch=amd64&distro=debian-13.6&package-id=4aef59838e786012&upstream=gcc-14,library,libatomic1,14.2.0-19,Debian GCC Maintainers <debian-gcc@lists.debian.org>,pkg:deb/debian/libatomic1@14.2.0-19?arch=amd64&distro=debian-13.6&upstream=gcc-14,cpe:2.3:a:libatomic1:libatomic1:14.2.0-19:*:*:*:*:*:*:*,STRUCTURALLY_VALID,,a,libatomic1,libatomic1,14.2.0-19,*,*,*,*,*,*,*
108731,docker.io/library/python,3.14.6,pilot/results/sboms/python-3.14.6.cdx.json,pkg:deb/debian/libattr1@1%3A2.5.2-3?arch=amd64&distro=debian-13.6&package-id=6f2066ac1c2128fd&upstream=attr,library,libattr1,1:2.5.2-3,Guillem Jover <guillem@debian.org>,pkg:deb/debian/libattr1@1%3A2.5.2-3?arch=amd64&distro=debian-13.6&upstream=attr,cpe:2.3:a:libattr1:libattr1:1\:2.5.2-3:*:*:*:*:*:*:*,STRUCTURALLY_VALID,,a,libattr1,libattr1,1\:2.5.2-3,*,*,*,*,*,*,*
108733,docker.io/library/python,3.14.6,pilot/results/sboms/python-3.14.6.cdx.json,pkg:deb/debian/libaudit1@1%3A4.0.2-2%2Bb2?arch=amd64&distro=debian-13.6&package-id=2ca8f5fa0f4e4bfa&upstream=audit%401%3A4.0.2-2,library,libaudit1,1:4.0.2-2+b2,Laurent Bigonville <bigon@debian.org>,pkg:deb/debian/libaudit1@1%3A4.0.2-2%2Bb2?arch=amd64&distro=debian-13.6&upstream=audit%401%3A4.0.2-2,cpe:2.3:a:libaudit1:libaudit1:1\:4.0.2-2\+b2:*:*:*:*:*:*:*,STRUCTURALLY_VALID,,a,libaudit1,libaudit1,1\:4.0.2-2\+b2,*,*,*,*,*,*,*
108732,docker.io/library/python,3.14.6,pilot/results/sboms/python-3.14.6.cdx.json,pkg:deb/debian/libaudit-common@1%3A4.0.2-2?arch=all&distro=debian-13.6&package-id=6cb43ac21ec2f2a0&upstream=audit,library,libaudit-common,1:4.0.2-2,Laurent Bigonville <bigon@debian.org>,pkg:deb/debian/libaudit-common@1%3A4.0.2-2?arch=all&distro=debian-13.6&upstream=audit,cpe:2.3:a:libaudit-common:libaudit-common:1\:4.0.2-2:*:*:*:*:*:*:*,STRUCTURALLY_VALID,,a,libaudit-common,libaudit-common,1\:4.0.2-2,*,*,*,*,*,*,*
108734,docker.io/library/python,3.14.6,pilot/results/sboms/python-3.14.6.cdx.json,pkg:deb/debian/libbinutils@2.44-3?arch=amd64&distro=debian-13.6&package-id=36f20bcb4ff2650f&upstream=binutils,library,libbinutils,2.44-3,Matthias Klose <doko@debian.org>,pkg:deb/debian/libbinutils@2.44-3?arch=amd64&distro=debian-13.6&upstream=binutils,cpe:2.3:a:libbinutils:libbinutils:2.44-3:*:*:*:*:*:*:*,STRUCTURALLY_VALID,,a,libbinutils,libbinutils,2.44-3,*,*,*,*,*,*,*
108736,docker.io/library/python,3.14.6,pilot/results/sboms/python-3.14.6.cdx.json,pkg:deb/debian/libblkid1@2.41-5?arch=amd64&distro=debian-13.6&package-id=229bfebd2f7fc7f3&upstream=util-linux,library,libblkid1,2.41-5,Chris Hofstaedtler <zeha@debian.org>,pkg:deb/debian/libblkid1@2.41-5?arch=amd64&distro=debian-13.6&upstream=util-linux,cpe:2.3:a:libblkid1:libblkid1:2.41-5:*:*:*:*:*:*:*,STRUCTURALLY_VALID,,a,libblkid1,libblkid1,2.41-5,*,*,*,*,*,*,*
108735,docker.io/library/python,3.14.6,pilot/results/sboms/python-3.14.6.cdx.json,pkg:deb/debian/libblkid-dev@2.41-5?arch=amd64&distro=debian-13.6&package-id=8ca83114f311b006&upstream=util-linux,library,libblkid-dev,2.41-5,Chris Hofstaedtler <zeha@debian.org>,pkg:deb/debian/libblkid-dev@2.41-5?arch=amd64&distro=debian-13.6&upstream=util-linux,cpe:2.3:a:libblkid-dev:libblkid-dev:2.41-5:*:*:*:*:*:*:*,STRUCTURALLY_VALID,,a,libblkid-dev,libblkid-dev,2.41-5,*,*,*,*,*,*,*
108738,docker.io/library/python,3.14.6,pilot/results/sboms/python-3.14.6.cdx.json,pkg:deb/debian/libbluetooth3@5.82-1.1?arch=amd64&distro=debian-13.6&package-id=b3b4ef57591a8de4&upstream=bluez,library,libbluetooth3,5.82-1.1,Debian Bluetooth Maintainers <team+pkg-bluetooth@tracker.debian.org>,pkg:deb/debian/libbluetooth3@5.82-1.1?arch=amd64&distro=debian-13.6&upstream=bluez,cpe:2.3:a:libbluetooth3:libbluetooth3:5.82-1.1:*:*:*:*:*:*:*,STRUCTURALLY_VALID,,a,libbluetooth3,libbluetooth3,5.82-1.1,*,*,*,*,*,*,*
108737,docker.io/library/python,3.14.6,pilot/results/sboms/python-3.14.6.cdx.json,pkg:deb/debian/libbluetooth-dev@5.82-1.1?arch=amd64&distro=debian-13.6&package-id=7642d8179428afe5&upstream=bluez,library,libbluetooth-dev,5.82-1.1,Debian Bluetooth Maintainers <team+pkg-bluetooth@tracker.debian.org>,pkg:deb/debian/libbluetooth-dev@5.82-1.1?arch=amd64&distro=debian-13.6&upstream=bluez,cpe:2.3:a:libbluetooth-dev:libbluetooth-dev:5.82-1.1:*:*:*:*:*:*:*,STRUCTURALLY_VALID,,a,libbluetooth-dev,libbluetooth-dev,5.82-1.1,*,*,*,*,*,*,*
108740,docker.io/library/python,3.14.6,pilot/results/sboms/python-3.14.6.cdx.json,pkg:deb/debian/libbrotli1@1.1.0-2%2Bb7?arch=amd64&distro=debian-13.6&package-id=58e0161987100787&upstream=brotli%401.1.0-2,library,libbrotli1,1.1.0-2+b7,Tomasz Buchert <tomasz@debian.org>,pkg:deb/debian/libbrotli1@1.1.0-2%2Bb7?arch=amd64&distro=debian-13.6&upstream=brotli%401.1.0-2,cpe:2.3:a:libbrotli1:libbrotli1:1.1.0-2\+b7:*:*:*:*:*:*:*,STRUCTURALLY_VALID,,a,libbrotli1,libbrotli1,1.1.0-2\+b7,*,*,*,*,*,*,*
108739,docker.io/library/python,3.14.6,pilot/results/sboms/python-3.14.6.cdx.json,pkg:deb/debian/libbrotli-dev@1.1.0-2%2Bb7?arch=amd64&distro=debian-13.6&package-id=836172810b0c9344&upstream=brotli%401.1.0-2,library,libbrotli-dev,1.1.0-2+b7,Tomasz Buchert <tomasz@debian.org>,pkg:deb/debian/libbrotli-dev@1.1.0-2%2Bb7?arch=amd64&distro=debian-13.6&upstream=brotli%401.1.0-2,cpe:2.3:a:libbrotli-dev:libbrotli-dev:1.1.0-2\+b7:*:*:*:*:*:*:*,STRUCTURALLY_VALID,,a,libbrotli-dev,libbrotli-dev,1.1.0-2\+b7,*,*,*,*,*,*,*
108741,docker.io/library/python,3.14.6,pilot/results/sboms/python-3.14.6.cdx.json,pkg:deb/debian/libbsd0@0.12.2-2?arch=amd64&distro=debian-13.6&package-id=5421a64a3af7445b&upstream=libbsd,library,libbsd0,0.12.2-2,Guillem Jover <guillem@debian.org>,pkg:deb/debian/libbsd0@0.12.2-2?arch=amd64&distro=debian-13.6&upstream=libbsd,cpe:2.3:a:libbsd0:libbsd0:0.12.2-2:*:*:*:*:*:*:*,STRUCTURALLY_VALID,,a,libbsd0,libbsd0,0.12.2-2,*,*,*,*,*,*,*
108742,docker.io/library/python,3.14.6,pilot/results/sboms/python-3.14.6.cdx.json,pkg:deb/debian/libbz2-1.0@1.0.8-6?arch=amd64&distro=debian-13.6&package-id=6004b03bf692a003&upstream=bzip2,library,libbz2-1.0,1.0.8-6,Anibal Monsalve Salazar <anibal@debian.org>,pkg:deb/debian/libbz2-1.0@1.0.8-6?arch=amd64&distro=debian-13.6&upstream=bzip2,cpe:2.3:a:libbz2-1.0:libbz2-1.0:1.0.8-6:*:*:*:*:*:*:*,STRUCTURALLY_VALID,,a,libbz2-1.0,libbz2-1.0,1.0.8-6,*,*,*,*,*,*,*
108743,docker.io/library/python,3.14.6,pilot/results/sboms/python-3.14.6.cdx.json,pkg:deb/debian/libbz2-dev@1.0.8-6?arch=amd64&distro=debian-13.6&package-id=48daa30c8364bbda&upstream=bzip2,library,libbz2-dev,1.0.8-6,Anibal Monsalve Salazar <anibal@debian.org>,pkg:deb/debian/libbz2-dev@1.0.8-6?arch=amd64&distro=debian-13.6&upstream=bzip2,cpe:2.3:a:libbz2-dev:libbz2-dev:1.0.8-6:*:*:*:*:*:*:*,STRUCTURALLY_VALID,,a,libbz2-dev,libbz2-dev,1.0.8-6,*,*,*,*,*,*,*
108746,docker.io/library/python,3.14.6,pilot/results/sboms/python-3.14.6.cdx.json,pkg:deb/debian/libc6@2.41-12%2Bdeb13u3?arch=amd64&distro=debian-13.6&package-id=396f0047ff1f6fad&upstream=glibc,library,libc6,2.41-12+deb13u3,GNU Libc Maintainers <debian-glibc@lists.debian.org>,pkg:deb/debian/libc6@2.41-12%2Bdeb13u3?arch=amd64&distro=debian-13.6&upstream=glibc,cpe:2.3:a:libc6:libc6:2.41-12\+deb13u3:*:*:*:*:*:*:*,STRUCTURALLY_VALID,,a,libc6,libc6,2.41-12\+deb13u3,*,*,*,*,*,*,*
108747,docker.io/library/python,3.14.6,pilot/results/sboms/python-3.14.6.cdx.json,pkg:deb/debian/libc6-dev@2.41-12%2Bdeb13u3?arch=amd64&distro=debian-13.6&package-id=d2663a9603e2a3cd&upstream=glibc,library,libc6-dev,2.41-12+deb13u3,GNU Libc Maintainers <debian-glibc@lists.debian.org>,pkg:deb/debian/libc6-dev@2.41-12%2Bdeb13u3?arch=amd64&distro=debian-13.6&upstream=glibc,cpe:2.3:a:libc6-dev:libc6-dev:2.41-12\+deb13u3:*:*:*:*:*:*:*,STRUCTURALLY_VALID,,a,libc6-dev,libc6-dev,2.41-12\+deb13u3,*,*,*,*,*,*,*
108750,docker.io/library/python,3.14.6,pilot/results/sboms/python-3.14.6.cdx.json,pkg:deb/debian/libcairo2@1.18.4-1%2Bb1?arch=amd64&distro=debian-13.6&package-id=ba412dc25febb8de&upstream=cairo%401.18.4-1,library,libcairo2,1.18.4-1+b1,Debian GNOME Maintainers <pkg-gnome-maintainers@lists.alioth.debian.org>,pkg:deb/debian/libcairo2@1.18.4-1%2Bb1?arch=amd64&distro=debian-13.6&upstream=cairo%401.18.4-1,cpe:2.3:a:libcairo2:libcairo2:1.18.4-1\+b1:*:*:*:*:*:*:*,STRUCTURALLY_VALID,,a,libcairo2,libcairo2,1.18.4-1\+b1,*,*,*,*,*,*,*
108751,docker.io/library/python,3.14.6,pilot/results/sboms/python-3.14.6.cdx.json,pkg:deb/debian/libcairo2-dev@1.18.4-1%2Bb1?arch=amd64&distro=debian-13.6&package-id=d4f3bb270cd1f40d&upstream=cairo%401.18.4-1,library,libcairo2-dev,1.18.4-1+b1,Debian GNOME Maintainers <pkg-gnome-maintainers@lists.alioth.debian.org>,pkg:deb/debian/libcairo2-dev@1.18.4-1%2Bb1?arch=amd64&distro=debian-13.6&upstream=cairo%401.18.4-1,cpe:2.3:a:libcairo2-dev:libcairo2-dev:1.18.4-1\+b1:*:*:*:*:*:*:*,STRUCTURALLY_VALID,,a,libcairo2-dev,libcairo2-dev,1.18.4-1\+b1,*,*,*,*,*,*,*
108748,docker.io/library/python,3.14.6,pilot/results/sboms/python-3.14.6.cdx.json,pkg:deb/debian/libcairo-gobject2@1.18.4-1%2Bb1?arch=amd64&distro=debian-13.6&package-id=a9126347f86cc263&upstream=cairo%401.18.4-1,library,libcairo-gobject2,1.18.4-1+b1,Debian GNOME Maintainers <pkg-gnome-maintainers@lists.alioth.debian.org>,pkg:deb/debian/libcairo-gobject2@1.18.4-1%2Bb1?arch=amd64&distro=debian-13.6&upstream=cairo%401.18.4-1,cpe:2.3:a:libcairo-gobject2:libcairo-gobject2:1.18.4-1\+b1:*:*:*:*:*:*:*,STRUCTURALLY_VALID,,a,libcairo-gobject2,libcairo-gobject2,1.18.4-1\+b1,*,*,*,*,*,*,*
108749,docker.io/library/python,3.14.6,pilot/results/sboms/python-3.14.6.cdx.json,pkg:deb/debian/libcairo-script-interpreter2@1.18.4-1%2Bb1?arch=amd64&distro=debian-13.6&package-id=aa4a3d384a10b7ea&upstream=cairo%401.18.4-1,library,libcairo-script-interpreter2,1.18.4-1+b1,Debian GNOME Maintainers <pkg-gnome-maintainers@lists.alioth.debian.org>,pkg:deb/debian/libcairo-script-interpreter2@1.18.4-1%2Bb1?arch=amd64&distro=debian-13.6&upstream=cairo%401.18.4-1,cpe:2.3:a:libcairo-script-interpreter2:libcairo-script-interpreter2:1.18.4-1\+b1:*:*:*:*:*:*:*,STRUCTURALLY_VALID,,a,libcairo-script-interpreter2,libcairo-script-interpreter2,1.18.4-1\+b1,*,*,*,*,*,*,*
108753,docker.io/library/python,3.14.6,pilot/results/sboms/python-3.14.6.cdx.json,pkg:deb/debian/libcap2@1%3A2.75-10%2Bdeb13u1%2Bb1?arch=amd64&distro=debian-13.6&package-id=82b01daae666f7f2&upstream=libcap2%401%3A2.75-10%2Bdeb13u1,library,libcap2,1:2.75-10+deb13u1+b1,Christian Kastner <ckk@debian.org>,pkg:deb/debian/libcap2@1%3A2.75-10%2Bdeb13u1%2Bb1?arch=amd64&distro=debian-13.6&upstream=libcap2%401%3A2.75-10%2Bdeb13u1,cpe:2.3:a:libcap2:libcap2:1\:2.75-10\+deb13u1\+b1:*:*:*:*:*:*:*,STRUCTURALLY_VALID,,a,libcap2,libcap2,1\:2.75-10\+deb13u1\+b1,*,*,*,*,*,*,*
108752,docker.io/library/python,3.14.6,pilot/results/sboms/python-3.14.6.cdx.json,pkg:deb/debian/libcap-ng0@0.8.5-4%2Bb1?arch=amd64&distro=debian-13.6&package-id=b41a5e7ee674f97b&upstream=libcap-ng%400.8.5-4,library,libcap-ng0,0.8.5-4+b1,Håvard F. Aasen <havard.f.aasen@pfft.no>,pkg:deb/debian/libcap-ng0@0.8.5-4%2Bb1?arch=amd64&distro=debian-13.6&upstream=libcap-ng%400.8.5-4,cpe:2.3:a:libcap-ng0:libcap-ng0:0.8.5-4\+b1:*:*:*:*:*:*:*,STRUCTURALLY_VALID,,a,libcap-ng0,libcap-ng0,0.8.5-4\+b1,*,*,*,*,*,*,*
108744,docker.io/library/python,3.14.6,pilot/results/sboms/python-3.14.6.cdx.json,pkg:deb/debian/libc-bin@2.41-12%2Bdeb13u3?arch=amd64&distro=debian-13.6&package-id=db8f902611567c92&upstream=glibc,library,libc-bin,2.41-12+deb13u3,GNU Libc Maintainers <debian-glibc@lists.debian.org>,pkg:deb/debian/libc-bin@2.41-12%2Bdeb13u3?arch=amd64&distro=debian-13.6&upstream=glibc,cpe:2.3:a:libc-bin:libc-bin:2.41-12\+deb13u3:*:*:*:*:*:*:*,STRUCTURALLY_VALID,,a,libc-bin,libc-bin,2.41-12\+deb13u3,*,*,*,*,*,*,*
108754,docker.io/library/python,3.14.6,pilot/results/sboms/python-3.14.6.cdx.json,pkg:deb/debian/libcbor0.10@0.10.2-2?arch=amd64&distro=debian-13.6&package-id=bcfcfff3309496f2&upstream=libcbor,library,libcbor0.10,0.10.2-2,Vincent Bernat <bernat@debian.org>,pkg:deb/debian/libcbor0.10@0.10.2-2?arch=amd64&distro=debian-13.6&upstream=libcbor,cpe:2.3:a:libcbor0.10:libcbor0.10:0.10.2-2:*:*:*:*:*:*:*,STRUCTURALLY_VALID,,a,libcbor0.10,libcbor0.10,0.10.2-2,*,*,*,*,*,*,*
108755,docker.io/library/python,3.14.6,pilot/results/sboms/python-3.14.6.cdx.json,pkg:deb/debian/libcc1-0@14.2.0-19?arch=amd64&distro=debian-13.6&package-id=062249237978e3de&upstream=gcc-14,library,libcc1-0,14.2.0-19,Debian GCC Maintainers <debian-gcc@lists.debian.org>,pkg:deb/debian/libcc1-0@14.2.0-19?arch=amd64&distro=debian-13.6&upstream=gcc-14,cpe:2.3:a:libcc1-0:libcc1-0:14.2.0-19:*:*:*:*:*:*:*,STRUCTURALLY_VALID,,a,libcc1-0,libcc1-0,14.2.0-19,*,*,*,*,*,*,*
108745,docker.io/library/python,3.14.6,pilot/results/sboms/python-3.14.6.cdx.json,pkg:deb/debian/libc-dev-bin@2.41-12%2Bdeb13u3?arch=amd64&distro=debian-13.6&package-id=84e9471f43e10d80&upstream=glibc,library,libc-dev-bin,2.41-12+deb13u3,GNU Libc Maintainers <debian-glibc@lists.debian.org>,pkg:deb/debian/libc-dev-bin@2.41-12%2Bdeb13u3?arch=amd64&distro=debian-13.6&upstream=glibc,cpe:2.3:a:libc-dev-bin:libc-dev-bin:2.41-12\+deb13u3:*:*:*:*:*:*:*,STRUCTURALLY_VALID,,a,libc-dev-bin,libc-dev-bin,2.41-12\+deb13u3,*,*,*,*,*,*,*
108756,docker.io/library/python,3.14.6,pilot/results/sboms/python-3.14.6.cdx.json,pkg:deb/debian/libcom-err2@1.47.2-3%2Bb11?arch=amd64&distro=debian-13.6&package-id=2fd2760db44cf33c&upstream=e2fsprogs%401.47.2-3,library,libcom-err2,1.47.2-3+b11,Theodore Y. Ts'o <tytso@mit.edu>,pkg:deb/debian/libcom-err2@1.47.2-3%2Bb11?arch=amd64&distro=debian-13.6&upstream=e2fsprogs%401.47.2-3,cpe:2.3:a:libcom-err2:libcom-err2:1.47.2-3\+b11:*:*:*:*:*:*:*,STRUCTURALLY_VALID,,a,libcom-err2,libcom-err2,1.47.2-3\+b11,*,*,*,*,*,*,*
108758,docker.io/library/python,3.14.6,pilot/results/sboms/python-3.14.6.cdx.json,pkg:deb/debian/libcrypt1@1%3A4.4.38-1?arch=amd64&distro=debian-13.6&package-id=757587ed7bd452da&upstream=libxcrypt,library,libcrypt1,1:4.4.38-1,Marco d'Itri <md@linux.it>,pkg:deb/debian/libcrypt1@1%3A4.4.38-1?arch=amd64&distro=debian-13.6&upstream=libxcrypt,cpe:2.3:a:libcrypt1:libcrypt1:1\:4.4.38-1:*:*:*:*:*:*:*,STRUCTURALLY_VALID,,a,libcrypt1,libcrypt1,1\:4.4.38-1,*,*,*,*,*,*,*
108757,docker.io/library/python,3.14.6,pilot/results/sboms/python-3.14.6.cdx.json,pkg:deb/debian/libcrypt-dev@1%3A4.4.38-1?arch=amd64&distro=debian-13.6&package-id=71176b4607e69e04&upstream=libxcrypt,library,libcrypt-dev,1:4.4.38-1,Marco d'Itri <md@linux.it>,pkg:deb/debian/libcrypt-dev@1%3A4.4.38-1?arch=amd64&distro=debian-13.6&upstream=libxcrypt,cpe:2.3:a:libcrypt-dev:libcrypt-dev:1\:4.4.38-1:*:*:*:*:*:*:*,STRUCTURALLY_VALID,,a,libcrypt-dev,libcrypt-dev,1\:4.4.38-1,*,*,*,*,*,*,*
108760,docker.io/library/python,3.14.6,pilot/results/sboms/python-3.14.6.cdx.json,pkg:deb/debian/libctf0@2.44-3?arch=amd64&distro=debian-13.6&package-id=820e67ebcb63a2a2&upstream=binutils,library,libctf0,2.44-3,Matthias Klose <doko@debian.org>,pkg:deb/debian/libctf0@2.44-3?arch=amd64&distro=debian-13.6&upstream=binutils,cpe:2.3:a:libctf0:libctf0:2.44-3:*:*:*:*:*:*:*,STRUCTURALLY_VALID,,a,libctf0,libctf0,2.44-3,*,*,*,*,*,*,*
108759,docker.io/library/python,3.14.6,pilot/results/sboms/python-3.14.6.cdx.json,pkg:deb/debian/libctf-nobfd0@2.44-3?arch=amd64&distro=debian-13.6&package-id=b0a949b30d35d392&upstream=binutils,library,libctf-nobfd0,2.44-3,Matthias Klose <doko@debian.org>,pkg:deb/debian/libctf-nobfd0@2.44-3?arch=amd64&distro=debian-13.6&upstream=binutils,cpe:2.3:a:libctf-nobfd0:libctf-nobfd0:2.44-3:*:*:*:*:*:*:*,STRUCTURALLY_VALID,,a,libctf-nobfd0,libctf-nobfd0,2.44-3,*,*,*,*,*,*,*
108761,docker.io/library/python,3.14.6,pilot/results/sboms/python-3.14.6.cdx.json,pkg:deb/debian/libcurl3t64-gnutls@8.14.1-2%2Bdeb13u4?arch=amd64&distro=debian-13.6&package-id=b04fc0af73b95d8c&upstream=curl,library,libcurl3t64-gnutls,8.14.1-2+deb13u4,Debian Curl Maintainers <team+curl@tracker.debian.org>,pkg:deb/debian/libcurl3t64-gnutls@8.14.1-2%2Bdeb13u4?arch=amd64&distro=debian-13.6&upstream=curl,cpe:2.3:a:libcurl3t64-gnutls:libcurl3t64-gnutls:8.14.1-2\+deb13u4:*:*:*:*:*:*:*,STRUCTURALLY_VALID,,a,libcurl3t64-gnutls,libcurl3t64-gnutls,8.14.1-2\+deb13u4,*,*,*,*,*,*,*
108762,docker.io/library/python,3.14.6,pilot/results/sboms/python-3.14.6.cdx.json,pkg:deb/debian/libcurl4-openssl-dev@8.14.1-2%2Bdeb13u4?arch=amd64&distro=debian-13.6&package-id=6ad9171c11128ee0&upstream=curl,library,libcurl4-openssl-dev,8.14.1-2+deb13u4,Debian Curl Maintainers <team+curl@tracker.debian.org>,pkg:deb/debian/libcurl4-openssl-dev@8.14.1-2%2Bdeb13u4?arch=amd64&distro=debian-13.6&upstream=curl,cpe:2.3:a:libcurl4-openssl-dev:libcurl4-openssl-dev:8.14.1-2\+deb13u4:*:*:*:*:*:*:*,STRUCTURALLY_VALID,,a,libcurl4-openssl-dev,libcurl4-openssl-dev,8.14.1-2\+deb13u4,*,*,*,*,*,*,*
108763,docker.io/library/python,3.14.6,pilot/results/sboms/python-3.14.6.cdx.json,pkg:deb/debian/libcurl4t64@8.14.1-2%2Bdeb13u4?arch=amd64&distro=debian-13.6&package-id=88034aca81b68a91&upstream=curl,library,libcurl4t64,8.14.1-2+deb13u4,Debian Curl Maintainers <team+curl@tracker.debian.org>,pkg:deb/debian/libcurl4t64@8.14.1-2%2Bdeb13u4?arch=amd64&distro=debian-13.6&upstream=curl,cpe:2.3:a:libcurl4t64:libcurl4t64:8.14.1-2\+deb13u4:*:*:*:*:*:*:*,STRUCTURALLY_VALID,,a,libcurl4t64,libcurl4t64,8.14.1-2\+deb13u4,*,*,*,*,*,*,*
108765,docker.io/library/python,3.14.6,pilot/results/sboms/python-3.14.6.cdx.json,pkg:deb/debian/libdatrie1@0.2.13-3%2Bb1?arch=amd64&distro=debian-13.6&package-id=ac54f80756a1c138&upstream=libdatrie%400.2.13-3,library,libdatrie1,0.2.13-3+b1,Theppitak Karoonboonyanan <thep@debian.org>,pkg:deb/debian/libdatrie1@0.2.13-3%2Bb1?arch=amd64&distro=debian-13.6&upstream=libdatrie%400.2.13-3,cpe:2.3:a:libdatrie1:libdatrie1:0.2.13-3\+b1:*:*:*:*:*:*:*,STRUCTURALLY_VALID,,a,libdatrie1,libdatrie1,0.2.13-3\+b1,*,*,*,*,*,*,*
108764,docker.io/library/python,3.14.6,pilot/results/sboms/python-3.14.6.cdx.json,pkg:deb/debian/libdatrie-dev@0.2.13-3%2Bb1?arch=amd64&distro=debian-13.6&package-id=1b5048ca7db8d7d2&upstream=libdatrie%400.2.13-3,library,libdatrie-dev,0.2.13-3+b1,Theppitak Karoonboonyanan <thep@debian.org>,pkg:deb/debian/libdatrie-dev@0.2.13-3%2Bb1?arch=amd64&distro=debian-13.6&upstream=libdatrie%400.2.13-3,cpe:2.3:a:libdatrie-dev:libdatrie-dev:0.2.13-3\+b1:*:*:*:*:*:*:*,STRUCTURALLY_VALID,,a,libdatrie-dev,libdatrie-dev,0.2.13-3\+b1,*,*,*,*,*,*,*
108767,docker.io/library/python,3.14.6,pilot/results/sboms/python-3.14.6.cdx.json,pkg:deb/debian/libdav1d7@1.5.1-1?arch=amd64&distro=debian-13.6&package-id=42873541216d9324&upstream=dav1d,library,libdav1d7,1.5.1-1,Debian Multimedia Maintainers <debian-multimedia@lists.debian.org>,pkg:deb/debian/libdav1d7@1.5.1-1?arch=amd64&distro=debian-13.6&upstream=dav1d,cpe:2.3:a:libdav1d7:libdav1d7:1.5.1-1:*:*:*:*:*:*:*,STRUCTURALLY_VALID,,a,libdav1d7,libdav1d7,1.5.1-1,*,*,*,*,*,*,*
108766,docker.io/library/python,3.14.6,pilot/results/sboms/python-3.14.6.cdx.json,pkg:deb/debian/libdav1d-dev@1.5.1-1?arch=amd64&distro=debian-13.6&package-id=41245f17e07d1005&upstream=dav1d,library,libdav1d-dev,1.5.1-1,Debian Multimedia Maintainers <debian-multimedia@lists.debian.org>,pkg:deb/debian/libdav1d-dev@1.5.1-1?arch=amd64&distro=debian-13.6&upstream=dav1d,cpe:2.3:a:libdav1d-dev:libdav1d-dev:1.5.1-1:*:*:*:*:*:*:*,STRUCTURALLY_VALID,,a,libdav1d-dev,libdav1d-dev,1.5.1-1,*,*,*,*,*,*,*
108769,docker.io/library/python,3.14.6,pilot/results/sboms/python-3.14.6.cdx.json,pkg:deb/debian/libdb5.3-dev@5.3.28%2Bdfsg2-9?arch=amd64&distro=debian-13.6&package-id=3721b75ef8de8881&upstream=db5.3,library,libdb5.3-dev,5.3.28+dfsg2-9,Debian QA Group <packages@qa.debian.org>,pkg:deb/debian/libdb5.3-dev@5.3.28%2Bdfsg2-9?arch=amd64&distro=debian-13.6&upstream=db5.3,cpe:2.3:a:libdb5.3-dev:libdb5.3-dev:5.3.28\+dfsg2-9:*:*:*:*:*:*:*,STRUCTURALLY_VALID,,a,libdb5.3-dev,libdb5.3-dev,5.3.28\+dfsg2-9,*,*,*,*,*,*,*
108770,docker.io/library/python,3.14.6,pilot/results/sboms/python-3.14.6.cdx.json,pkg:deb/debian/libdb5.3t64@5.3.28%2Bdfsg2-9?arch=amd64&distro=debian-13.6&package-id=691cff16cd9ac9e6&upstream=db5.3,library,libdb5.3t64,5.3.28+dfsg2-9,Debian QA Group <packages@qa.debian.org>,pkg:deb/debian/libdb5.3t64@5.3.28%2Bdfsg2-9?arch=amd64&distro=debian-13.6&upstream=db5.3,cpe:2.3:a:libdb5.3t64:libdb5.3t64:5.3.28\+dfsg2-9:*:*:*:*:*:*:*,STRUCTURALLY_VALID,,a,libdb5.3t64,libdb5.3t64,5.3.28\+dfsg2-9,*,*,*,*,*,*,*
108768,docker.io/library/python,3.14.6,pilot/results/sboms/python-3.14.6.cdx.json,pkg:deb/debian/libdb-dev@5.3.4?arch=amd64&distro=debian-13.6&package-id=8f43ff625405e11b&upstream=db-defaults,library,libdb-dev,5.3.4,Debian QA Group <packages@qa.debian.org>,pkg:deb/debian/libdb-dev@5.3.4?arch=amd64&distro=debian-13.6&upstream=db-defaults,cpe:2.3:a:libdb-dev:libdb-dev:5.3.4:*:*:*:*:*:*:*,STRUCTURALLY_VALID,,a,libdb-dev,libdb-dev,5.3.4,*,*,*,*,*,*,*
108771,docker.io/library/python,3.14.6,pilot/results/sboms/python-3.14.6.cdx.json,pkg:deb/debian/libde265-0@1.0.15-1%2Bb3?arch=amd64&distro=debian-13.6&package-id=3f4845e6ba93b386&upstream=libde265%401.0.15-1,library,libde265-0,1.0.15-1+b3,Debian Multimedia Maintainers <debian-multimedia@lists.debian.org>,pkg:deb/debian/libde265-0@1.0.15-1%2Bb3?arch=amd64&distro=debian-13.6&upstream=libde265%401.0.15-1,cpe:2.3:a:libde265-0:libde265-0:1.0.15-1\+b3:*:*:*:*:*:*:*,STRUCTURALLY_VALID,,a,libde265-0,libde265-0,1.0.15-1\+b3,*,*,*,*,*,*,*
108772,docker.io/library/python,3.14.6,pilot/results/sboms/python-3.14.6.cdx.json,pkg:deb/debian/libdebconfclient0@0.280?arch=amd64&distro=debian-13.6&package-id=58dd2cc5f3eff2c7&upstream=cdebconf,library,libdebconfclient0,0.280,Debian Install System Team <debian-boot@lists.debian.org>,pkg:deb/debian/libdebconfclient0@0.280?arch=amd64&distro=debian-13.6&upstream=cdebconf,cpe:2.3:a:libdebconfclient0:libdebconfclient0:0.280:*:*:*:*:*:*:*,STRUCTURALLY_VALID,,a,libdebconfclient0,libdebconfclient0,0.280,*,*,*,*,*,*,*
108774,docker.io/library/python,3.14.6,pilot/results/sboms/python-3.14.6.cdx.json,pkg:deb/debian/libdeflate0@1.23-2?arch=amd64&distro=debian-13.6&package-id=8c15808188fc5564&upstream=libdeflate,library,libdeflate0,1.23-2,Deflate Team <libdeflate@packages.debian.org>,pkg:deb/debian/libdeflate0@1.23-2?arch=amd64&distro=debian-13.6&upstream=libdeflate,cpe:2.3:a:libdeflate0:libdeflate0:1.23-2:*:*:*:*:*:*:*,STRUCTURALLY_VALID,,a,libdeflate0,libdeflate0,1.23-2,*,*,*,*,*,*,*
108773,docker.io/library/python,3.14.6,pilot/results/sboms/python-3.14.6.cdx.json,pkg:deb/debian/libdeflate-dev@1.23-2?arch=amd64&distro=debian-13.6&package-id=3ab70a47695a0696&upstream=libdeflate,library,libdeflate-dev,1.23-2,Deflate Team <libdeflate@packages.debian.org>,pkg:deb/debian/libdeflate-dev@1.23-2?arch=amd64&distro=debian-13.6&upstream=libdeflate,cpe:2.3:a:libdeflate-dev:libdeflate-dev:1.23-2:*:*:*:*:*:*:*,STRUCTURALLY_VALID,,a,libdeflate-dev,libdeflate-dev,1.23-2,*,*,*,*,*,*,*
108777,docker.io/library/python,3.14.6,pilot/results/sboms/python-3.14.6.cdx.json,pkg:deb/debian/libdjvulibre21@3.5.28-2.2?arch=amd64&distro=debian-13.6&package-id=45a9f63f7e67d4a3&upstream=djvulibre,library,libdjvulibre21,3.5.28-2.2,Barak A. Pearlmutter <bap@debian.org>,pkg:deb/debian/libdjvulibre21@3.5.28-2.2?arch=amd64&distro=debian-13.6&upstream=djvulibre,cpe:2.3:a:libdjvulibre21:libdjvulibre21:3.5.28-2.2:*:*:*:*:*:*:*,STRUCTURALLY_VALID,,a,libdjvulibre21,libdjvulibre21,3.5.28-2.2,*,*,*,*,*,*,*
108775,docker.io/library/python,3.14.6,pilot/results/sboms/python-3.14.6.cdx.json,pkg:deb/debian/libdjvulibre-dev@3.5.28-2.2?arch=amd64&distro=debian-13.6&package-id=c35145fbe8abf43f&upstream=djvulibre,library,libdjvulibre-dev,3.5.28-2.2,Barak A. Pearlmutter <bap@debian.org>,pkg:deb/debian/libdjvulibre-dev@3.5.28-2.2?arch=amd64&distro=debian-13.6&upstream=djvulibre,cpe:2.3:a:libdjvulibre-dev:libdjvulibre-dev:3.5.28-2.2:*:*:*:*:*:*:*,STRUCTURALLY_VALID,,a,libdjvulibre-dev,libdjvulibre-dev,3.5.28-2.2,*,*,*,*,*,*,*
108776,docker.io/library/python,3.14.6,pilot/results/sboms/python-3.14.6.cdx.json,pkg:deb/debian/libdjvulibre-text@3.5.28-2.2?arch=all&distro=debian-13.6&package-id=9b80552d25b6d198&upstream=djvulibre,library,libdjvulibre-text,3.5.28-2.2,Barak A. Pearlmutter <bap@debian.org>,pkg:deb/debian/libdjvulibre-text@3.5.28-2.2?arch=all&distro=debian-13.6&upstream=djvulibre,cpe:2.3:a:libdjvulibre-text:libdjvulibre-text:3.5.28-2.2:*:*:*:*:*:*:*,STRUCTURALLY_VALID,,a,libdjvulibre-text,libdjvulibre-text,3.5.28-2.2,*,*,*,*,*,*,*
108778,docker.io/library/python,3.14.6,pilot/results/sboms/python-3.14.6.cdx.json,pkg:deb/debian/libdpkg-perl@1.22.22?arch=all&distro=debian-13.6&package-id=a68916d3e9a5abf9&upstream=dpkg,library,libdpkg-perl,1.22.22,Dpkg Developers <debian-dpkg@lists.debian.org>,pkg:deb/debian/libdpkg-perl@1.22.22?arch=all&distro=debian-13.6&upstream=dpkg,cpe:2.3:a:libdpkg-perl:libdpkg-perl:1.22.22:*:*:*:*:*:*:*,STRUCTURALLY_VALID,,a,libdpkg-perl,libdpkg-perl,1.22.22,*,*,*,*,*,*,*
108779,docker.io/library/python,3.14.6,pilot/results/sboms/python-3.14.6.cdx.json,pkg:deb/debian/libedit2@3.1-20250104-1?arch=amd64&distro=debian-13.6&package-id=fc1e1bc32510c1ca&upstream=libedit,library,libedit2,3.1-20250104-1,LLVM Packaging Team <pkg-llvm-team@lists.alioth.debian.org>,pkg:deb/debian/libedit2@3.1-20250104-1?arch=amd64&distro=debian-13.6&upstream=libedit,cpe:2.3:a:libedit2:libedit2:3.1-20250104-1:*:*:*:*:*:*:*,STRUCTURALLY_VALID,,a,libedit2,libedit2,3.1-20250104-1,*,*,*,*,*,*,*
108780,docker.io/library/python,3.14.6,pilot/results/sboms/python-3.14.6.cdx.json,pkg:deb/debian/libelf1t64@0.192-4?arch=amd64&distro=debian-13.6&package-id=522d2d5ec0a2b26e&upstream=elfutils,library,libelf1t64,0.192-4,Debian Elfutils Maintainers <debian-gcc@lists.debian.org>,pkg:deb/debian/libelf1t64@0.192-4?arch=amd64&distro=debian-13.6&upstream=elfutils,cpe:2.3:a:libelf1t64:libelf1t64:0.192-4:*:*:*:*:*:*:*,STRUCTURALLY_VALID,,a,libelf1t64,libelf1t64,0.192-4,*,*,*,*,*,*,*
108781,docker.io/library/python,3.14.6,pilot/results/sboms/python-3.14.6.cdx.json,pkg:deb/debian/liberror-perl@0.17030-1?arch=all&distro=debian-13.6&package-id=941986ee7e5d0fe7,library,liberror-perl,0.17030-1,Debian Perl Group <pkg-perl-maintainers@lists.alioth.debian.org>,pkg:deb/debian/liberror-perl@0.17030-1?arch=all&distro=debian-13.6,cpe:2.3:a:liberror-perl:liberror-perl:0.17030-1:*:*:*:*:*:*:*,STRUCTURALLY_VALID,,a,liberror-perl,liberror-perl,0.17030-1,*,*,*,*,*,*,*
108782,docker.io/library/python,3.14.6,pilot/results/sboms/python-3.14.6.cdx.json,pkg:deb/debian/libevent-2.1-7t64@2.1.12-stable-10%2Bb1?arch=amd64&distro=debian-13.6&package-id=eb7c524f6d1e11f1&upstream=libevent%402.1.12-stable-10,library,libevent-2.1-7t64,2.1.12-stable-10+b1,Nicolas Mora <babelouest@debian.org>,pkg:deb/debian/libevent-2.1-7t64@2.1.12-stable-10%2Bb1?arch=amd64&distro=debian-13.6&upstream=libevent%402.1.12-stable-10,cpe:2.3:a:libevent-2.1-7t64:libevent-2.1-7t64:2.1.12-stable-10\+b1:*:*:*:*:*:*:*,STRUCTURALLY_VALID,,a,libevent-2.1-7t64,libevent-2.1-7t64,2.1.12-stable-10\+b1,*,*,*,*,*,*,*
108783,docker.io/library/python,3.14.6,pilot/results/sboms/python-3.14.6.cdx.json,pkg:deb/debian/libevent-core-2.1-7t64@2.1.12-stable-10%2Bb1?arch=amd64&distro=debian-13.6&package-id=b1e9d4bba7357ac2&upstream=libevent%402.1.12-stable-10,library,libevent-core-2.1-7t64,2.1.12-stable-10+b1,Nicolas Mora <babelouest@debian.org>,pkg:deb/debian/libevent-core-2.1-7t64@2.1.12-stable-10%2Bb1?arch=amd64&distro=debian-13.6&upstream=libevent%402.1.12-stable-10,cpe:2.3:a:libevent-core-2.1-7t64:libevent-core-2.1-7t64:2.1.12-stable-10\+b1:*:*:*:*:*:*:*,STRUCTURALLY_VALID,,a,libevent-core-2.1-7t64,libevent-core-2.1-7t64,2.1.12-stable-10\+b1,*,*,*,*,*,*,*
108784,docker.io/library/python,3.14.6,pilot/results/sboms/python-3.14.6.cdx.json,pkg:deb/debian/libevent-dev@2.1.12-stable-10%2Bb1?arch=amd64&distro=debian-13.6&package-id=042e5937d2e2ac74&upstream=libevent%402.1.12-stable-10,library,libevent-dev,2.1.12-stable-10+b1,Nicolas Mora <babelouest@debian.org>,pkg:deb/debian/libevent-dev@2.1.12-stable-10%2Bb1?arch=amd64&distro=debian-13.6&upstream=libevent%402.1.12-stable-10,cpe:2.3:a:libevent-dev:libevent-dev:2.1.12-stable-10\+b1:*:*:*:*:*:*:*,STRUCTURALLY_VALID,,a,libevent-dev,libevent-dev,2.1.12-stable-10\+b1,*,*,*,*,*,*,*
108785,docker.io/library/python,3.14.6,pilot/results/sboms/python-3.14.6.cdx.json,pkg:deb/debian/libevent-extra-2.1-7t64@2.1.12-stable-10%2Bb1?arch=amd64&distro=debian-13.6&package-id=45d3802a5779eed6&upstream=libevent%402.1.12-stable-10,library,libevent-extra-2.1-7t64,2.1.12-stable-10+b1,Nicolas Mora <babelouest@debian.org>,pkg:deb/debian/libevent-extra-2.1-7t64@2.1.12-stable-10%2Bb1?arch=amd64&distro=debian-13.6&upstream=libevent%402.1.12-stable-10,cpe:2.3:a:libevent-extra-2.1-7t64:libevent-extra-2.1-7t64:2.1.12-stable-10\+b1:*:*:*:*:*:*:*,STRUCTURALLY_VALID,,a,libevent-extra-2.1-7t64,libevent-extra-2.1-7t64,2.1.12-stable-10\+b1,*,*,*,*,*,*,*
108786,docker.io/library/python,3.14.6,pilot/results/sboms/python-3.14.6.cdx.json,pkg:deb/debian/libevent-openssl-2.1-7t64@2.1.12-stable-10%2Bb1?arch=amd64&distro=debian-13.6&package-id=918494ee8da9ad9d&upstream=libevent%402.1.12-stable-10,library,libevent-openssl-2.1-7t64,2.1.12-stable-10+b1,Nicolas Mora <babelouest@debian.org>,pkg:deb/debian/libevent-openssl-2.1-7t64@2.1.12-stable-10%2Bb1?arch=amd64&distro=debian-13.6&upstream=libevent%402.1.12-stable-10,cpe:2.3:a:libevent-openssl-2.1-7t64:libevent-openssl-2.1-7t64:2.1.12-stable-10\+b1:*:*:*:*:*:*:*,STRUCTURALLY_VALID,,a,libevent-openssl-2.1-7t64,libevent-openssl-2.1-7t64,2.1.12-stable-10\+b1,*,*,*,*,*,*,*
108787,docker.io/library/python,3.14.6,pilot/results/sboms/python-3.14.6.cdx.json,pkg:deb/debian/libevent-pthreads-2.1-7t64@2.1.12-stable-10%2Bb1?arch=amd64&distro=debian-13.6&package-id=2e442a22cf173b65&upstream=libevent%402.1.12-stable-10,library,libevent-pthreads-2.1-7t64,2.1.12-stable-10+b1,Nicolas Mora <babelouest@debian.org>,pkg:deb/debian/libevent-pthreads-2.1-7t64@2.1.12-stable-10%2Bb1?arch=amd64&distro=debian-13.6&upstream=libevent%402.1.12-stable-10,cpe:2.3:a:libevent-pthreads-2.1-7t64:libevent-pthreads-2.1-7t64:2.1.12-stable-10\+b1:*:*:*:*:*:*:*,STRUCTURALLY_VALID,,a,libevent-pthreads-2.1-7t64,libevent-pthreads-2.1-7t64,2.1.12-stable-10\+b1,*,*,*,*,*,*,*
108789,docker.io/library/python,3.14.6,pilot/results/sboms/python-3.14.6.cdx.json,pkg:deb/debian/libexif12@0.6.25-1%2Bdeb13u1?arch=amd64&distro=debian-13.6&package-id=7e735c402391f482&upstream=libexif,library,libexif12,0.6.25-1+deb13u1,Debian PhotoTools Maintainers <pkg-phototools-devel@lists.alioth.debian.org>,pkg:deb/debian/libexif12@0.6.25-1%2Bdeb13u1?arch=amd64&distro=debian-13.6&upstream=libexif,cpe:2.3:a:libexif12:libexif12:0.6.25-1\+deb13u1:*:*:*:*:*:*:*,STRUCTURALLY_VALID,,a,libexif12,libexif12,0.6.25-1\+deb13u1,*,*,*,*,*,*,*
108788,docker.io/library/python,3.14.6,pilot/results/sboms/python-3.14.6.cdx.json,pkg:deb/debian/libexif-dev@0.6.25-1%2Bdeb13u1?arch=amd64&distro=debian-13.6&package-id=ae110d09bbc41d2d&upstream=libexif,library,libexif-dev,0.6.25-1+deb13u1,Debian PhotoTools Maintainers <pkg-phototools-devel@lists.alioth.debian.org>,pkg:deb/debian/libexif-dev@0.6.25-1%2Bdeb13u1?arch=amd64&distro=debian-13.6&upstream=libexif,cpe:2.3:a:libexif-dev:libexif-dev:0.6.25-1\+deb13u1:*:*:*:*:*:*:*,STRUCTURALLY_VALID,,a,libexif-dev,libexif-dev,0.6.25-1\+deb13u1,*,*,*,*,*,*,*
108790,docker.io/library/python,3.14.6,pilot/results/sboms/python-3.14.6.cdx.json,pkg:deb/debian/libexpat1@2.7.1-2?arch=amd64&distro=debian-13.6&package-id=2255c264345ef554&upstream=expat,library,libexpat1,2.7.1-2,Laszlo Boszormenyi (GCS) <gcs@debian.org>,pkg:deb/debian/libexpat1@2.7.1-2?arch=amd64&distro=debian-13.6&upstream=expat,cpe:2.3:a:libexpat1:libexpat1:2.7.1-2:*:*:*:*:*:*:*,STRUCTURALLY_VALID,,a,libexpat1,libexpat1,2.7.1-2,*,*,*,*,*,*,*
108791,docker.io/library/python,3.14.6,pilot/results/sboms/python-3.14.6.cdx.json,pkg:deb/debian/libexpat1-dev@2.7.1-2?arch=amd64&distro=debian-13.6&package-id=9af8b4fb2a28f7fa&upstream=expat,library,libexpat1-dev,2.7.1-2,Laszlo Boszormenyi (GCS) <gcs@debian.org>,pkg:deb/debian/libexpat1-dev@2.7.1-2?arch=amd64&distro=debian-13.6&upstream=expat,cpe:2.3:a:libexpat1-dev:libexpat1-dev:2.7.1-2:*:*:*:*:*:*:*,STRUCTURALLY_VALID,,a,libexpat1-dev,libexpat1-dev,2.7.1-2,*,*,*,*,*,*,*
108793,docker.io/library/python,3.14.6,pilot/results/sboms/python-3.14.6.cdx.json,pkg:deb/debian/libffi8@3.4.8-2?arch=amd64&distro=debian-13.6&package-id=f169b5e0007ecadc&upstream=libffi,library,libffi8,3.4.8-2,Debian GCC Maintainers <debian-gcc@lists.debian.org>,pkg:deb/debian/libffi8@3.4.8-2?arch=amd64&distro=debian-13.6&upstream=libffi,cpe:2.3:a:libffi8:libffi8:3.4.8-2:*:*:*:*:*:*:*,STRUCTURALLY_VALID,,a,libffi8,libffi8,3.4.8-2,*,*,*,*,*,*,*
108792,docker.io/library/python,3.14.6,pilot/results/sboms/python-3.14.6.cdx.json,pkg:deb/debian/libffi-dev@3.4.8-2?arch=amd64&distro=debian-13.6&package-id=ac9a918872cd5b0c&upstream=libffi,library,libffi-dev,3.4.8-2,Debian GCC Maintainers <debian-gcc@lists.debian.org>,pkg:deb/debian/libffi-dev@3.4.8-2?arch=amd64&distro=debian-13.6&upstream=libffi,cpe:2.3:a:libffi-dev:libffi-dev:3.4.8-2:*:*:*:*:*:*:*,STRUCTURALLY_VALID,,a,libffi-dev,libffi-dev,3.4.8-2,*,*,*,*,*,*,*
108794,docker.io/library/python,3.14.6,pilot/results/sboms/python-3.14.6.cdx.json,pkg:deb/debian/libfftw3-bin@3.3.10-2%2Bb1?arch=amd64&distro=debian-13.6&package-id=ccb9e01ed8d606a7&upstream=fftw3%403.3.10-2,library,libfftw3-bin,3.3.10-2+b1,Debian Science Maintainers <debian-science-maintainers@lists.alioth.debian.org>,pkg:deb/debian/libfftw3-bin@3.3.10-2%2Bb1?arch=amd64&distro=debian-13.6&upstream=fftw3%403.3.10-2,cpe:2.3:a:libfftw3-bin:libfftw3-bin:3.3.10-2\+b1:*:*:*:*:*:*:*,STRUCTURALLY_VALID,,a,libfftw3-bin,libfftw3-bin,3.3.10-2\+b1,*,*,*,*,*,*,*
108795,docker.io/library/python,3.14.6,pilot/results/sboms/python-3.14.6.cdx.json,pkg:deb/debian/libfftw3-dev@3.3.10-2%2Bb1?arch=amd64&distro=debian-13.6&package-id=3ad8e498c0ca83af&upstream=fftw3%403.3.10-2,library,libfftw3-dev,3.3.10-2+b1,Debian Science Maintainers <debian-science-maintainers@lists.alioth.debian.org>,pkg:deb/debian/libfftw3-dev@3.3.10-2%2Bb1?arch=amd64&distro=debian-13.6&upstream=fftw3%403.3.10-2,cpe:2.3:a:libfftw3-dev:libfftw3-dev:3.3.10-2\+b1:*:*:*:*:*:*:*,STRUCTURALLY_VALID,,a,libfftw3-dev,libfftw3-dev,3.3.10-2\+b1,*,*,*,*,*,*,*
108796,docker.io/library/python,3.14.6,pilot/results/sboms/python-3.14.6.cdx.json,pkg:deb/debian/libfftw3-double3@3.3.10-2%2Bb1?arch=amd64&distro=debian-13.6&package-id=a8e10775e934e7d7&upstream=fftw3%403.3.10-2,library,libfftw3-double3,3.3.10-2+b1,Debian Science Maintainers <debian-science-maintainers@lists.alioth.debian.org>,pkg:deb/debian/libfftw3-double3@3.3.10-2%2Bb1?arch=amd64&distro=debian-13.6&upstream=fftw3%403.3.10-2,cpe:2.3:a:libfftw3-double3:libfftw3-double3:3.3.10-2\+b1:*:*:*:*:*:*:*,STRUCTURALLY_VALID,,a,libfftw3-double3,libfftw3-double3,3.3.10-2\+b1,*,*,*,*,*,*,*
108797,docker.io/library/python,3.14.6,pilot/results/sboms/python-3.14.6.cdx.json,pkg:deb/debian/libfftw3-long3@3.3.10-2%2Bb1?arch=amd64&distro=debian-13.6&package-id=0b08e1c6af0aa359&upstream=fftw3%403.3.10-2,library,libfftw3-long3,3.3.10-2+b1,Debian Science Maintainers <debian-science-maintainers@lists.alioth.debian.org>,pkg:deb/debian/libfftw3-long3@3.3.10-2%2Bb1?arch=amd64&distro=debian-13.6&upstream=fftw3%403.3.10-2,cpe:2.3:a:libfftw3-long3:libfftw3-long3:3.3.10-2\+b1:*:*:*:*:*:*:*,STRUCTURALLY_VALID,,a,libfftw3-long3,libfftw3-long3,3.3.10-2\+b1,*,*,*,*,*,*,*
108798,docker.io/library/python,3.14.6,pilot/results/sboms/python-3.14.6.cdx.json,pkg:deb/debian/libfftw3-quad3@3.3.10-2%2Bb1?arch=amd64&distro=debian-13.6&package-id=7f8708cd8325a90f&upstream=fftw3%403.3.10-2,library,libfftw3-quad3,3.3.10-2+b1,Debian Science Maintainers <debian-science-maintainers@lists.alioth.debian.org>,pkg:deb/debian/libfftw3-quad3@3.3.10-2%2Bb1?arch=amd64&distro=debian-13.6&upstream=fftw3%403.3.10-2,cpe:2.3:a:libfftw3-quad3:libfftw3-quad3:3.3.10-2\+b1:*:*:*:*:*:*:*,STRUCTURALLY_VALID,,a,libfftw3-quad3,libfftw3-quad3,3.3.10-2\+b1,*,*,*,*,*,*,*
108799,docker.io/library/python,3.14.6,pilot/results/sboms/python-3.14.6.cdx.json,pkg:deb/debian/libfftw3-single3@3.3.10-2%2Bb1?arch=amd64&distro=debian-13.6&package-id=6565bcc9a721621d&upstream=fftw3%403.3.10-2,library,libfftw3-single3,3.3.10-2+b1,Debian Science Maintainers <debian-science-maintainers@lists.alioth.debian.org>,pkg:deb/debian/libfftw3-single3@3.3.10-2%2Bb1?arch=amd64&distro=debian-13.6&upstream=fftw3%403.3.10-2,cpe:2.3:a:libfftw3-single3:libfftw3-single3:3.3.10-2\+b1:*:*:*:*:*:*:*,STRUCTURALLY_VALID,,a,libfftw3-single3,libfftw3-single3,3.3.10-2\+b1,*,*,*,*,*,*,*
108800,docker.io/library/python,3.14.6,pilot/results/sboms/python-3.14.6.cdx.json,pkg:deb/debian/libfido2-1@1.15.0-1%2Bb1?arch=amd64&distro=debian-13.6&package-id=bd784b074fd55ba6&upstream=libfido2%401.15.0-1,library,libfido2-1,1.15.0-1+b1,Debian Authentication Maintainers <pkg-auth-maintainers@lists.alioth.debian.org>,pkg:deb/debian/libfido2-1@1.15.0-1%2Bb1?arch=amd64&distro=debian-13.6&upstream=libfido2%401.15.0-1,cpe:2.3:a:libfido2-1:libfido2-1:1.15.0-1\+b1:*:*:*:*:*:*:*,STRUCTURALLY_VALID,,a,libfido2-1,libfido2-1,1.15.0-1\+b1,*,*,*,*,*,*,*
108802,docker.io/library/python,3.14.6,pilot/results/sboms/python-3.14.6.cdx.json,pkg:deb/debian/libfontconfig1@2.15.0-2.3?arch=amd64&distro=debian-13.6&package-id=fa71edb7311736de&upstream=fontconfig,library,libfontconfig1,2.15.0-2.3,Debian freedesktop.org maintainers <pkg-freedesktop-maintainers@lists.alioth.debian.org>,pkg:deb/debian/libfontconfig1@2.15.0-2.3?arch=amd64&distro=debian-13.6&upstream=fontconfig,cpe:2.3:a:libfontconfig1:libfontconfig1:2.15.0-2.3:*:*:*:*:*:*:*,STRUCTURALLY_VALID,,a,libfontconfig1,libfontconfig1,2.15.0-2.3,*,*,*,*,*,*,*
108801,docker.io/library/python,3.14.6,pilot/results/sboms/python-3.14.6.cdx.json,pkg:deb/debian/libfontconfig-dev@2.15.0-2.3?arch=amd64&distro=debian-13.6&package-id=7cc37d421e33ce7a&upstream=fontconfig,library,libfontconfig-dev,2.15.0-2.3,Debian freedesktop.org maintainers <pkg-freedesktop-maintainers@lists.alioth.debian.org>,pkg:deb/debian/libfontconfig-dev@2.15.0-2.3?arch=amd64&distro=debian-13.6&upstream=fontconfig,cpe:2.3:a:libfontconfig-dev:libfontconfig-dev:2.15.0-2.3:*:*:*:*:*:*:*,STRUCTURALLY_VALID,,a,libfontconfig-dev,libfontconfig-dev,2.15.0-2.3,*,*,*,*,*,*,*
108804,docker.io/library/python,3.14.6,pilot/results/sboms/python-3.14.6.cdx.json,pkg:deb/debian/libfreetype6@2.13.3%2Bdfsg-1%2Bdeb13u1?arch=amd64&distro=debian-13.6&package-id=fcb706650c034eda&upstream=freetype,library,libfreetype6,2.13.3+dfsg-1+deb13u1,Hugh McMaster <hmc@debian.org>,pkg:deb/debian/libfreetype6@2.13.3%2Bdfsg-1%2Bdeb13u1?arch=amd64&distro=debian-13.6&upstream=freetype,cpe:2.3:a:libfreetype6:libfreetype6:2.13.3\+dfsg-1\+deb13u1:*:*:*:*:*:*:*,STRUCTURALLY_VALID,,a,libfreetype6,libfreetype6,2.13.3\+dfsg-1\+deb13u1,*,*,*,*,*,*,*
108803,docker.io/library/python,3.14.6,pilot/results/sboms/python-3.14.6.cdx.json,pkg:deb/debian/libfreetype-dev@2.13.3%2Bdfsg-1%2Bdeb13u1?arch=amd64&distro=debian-13.6&package-id=a9acf601435c2c1a&upstream=freetype,library,libfreetype-dev,2.13.3+dfsg-1+deb13u1,Hugh McMaster <hmc@debian.org>,pkg:deb/debian/libfreetype-dev@2.13.3%2Bdfsg-1%2Bdeb13u1?arch=amd64&distro=debian-13.6&upstream=freetype,cpe:2.3:a:libfreetype-dev:libfreetype-dev:2.13.3\+dfsg-1\+deb13u1:*:*:*:*:*:*:*,STRUCTURALLY_VALID,,a,libfreetype-dev,libfreetype-dev,2.13.3\+dfsg-1\+deb13u1,*,*,*,*,*,*,*
108806,docker.io/library/python,3.14.6,pilot/results/sboms/python-3.14.6.cdx.json,pkg:deb/debian/libfribidi0@1.0.16-1?arch=amd64&distro=debian-13.6&package-id=0fd63854de6b8594&upstream=fribidi,library,libfribidi0,1.0.16-1,Debian Hebrew Packaging Team <team+hebrew@tracker.debian.org>,pkg:deb/debian/libfribidi0@1.0.16-1?arch=amd64&distro=debian-13.6&upstream=fribidi,cpe:2.3:a:libfribidi0:libfribidi0:1.0.16-1:*:*:*:*:*:*:*,STRUCTURALLY_VALID,,a,libfribidi0,libfribidi0,1.0.16-1,*,*,*,*,*,*,*
108805,docker.io/library/python,3.14.6,pilot/results/sboms/python-3.14.6.cdx.json,pkg:deb/debian/libfribidi-dev@1.0.16-1?arch=amd64&distro=debian-13.6&package-id=784d7298763fb136&upstream=fribidi,library,libfribidi-dev,1.0.16-1,Debian Hebrew Packaging Team <team+hebrew@tracker.debian.org>,pkg:deb/debian/libfribidi-dev@1.0.16-1?arch=amd64&distro=debian-13.6&upstream=fribidi,cpe:2.3:a:libfribidi-dev:libfribidi-dev:1.0.16-1:*:*:*:*:*:*:*,STRUCTURALLY_VALID,,a,libfribidi-dev,libfribidi-dev,1.0.16-1,*,*,*,*,*,*,*
108807,docker.io/library/python,3.14.6,pilot/results/sboms/python-3.14.6.cdx.json,pkg:deb/debian/libgcc-14-dev@14.2.0-19?arch=amd64&distro=debian-13.6&package-id=ef5dd5e55126a732&upstream=gcc-14,library,libgcc-14-dev,14.2.0-19,Debian GCC Maintainers <debian-gcc@lists.debian.org>,pkg:deb/debian/libgcc-14-dev@14.2.0-19?arch=amd64&distro=debian-13.6&upstream=gcc-14,cpe:2.3:a:libgcc-14-dev:libgcc-14-dev:14.2.0-19:*:*:*:*:*:*:*,STRUCTURALLY_VALID,,a,libgcc-14-dev,libgcc-14-dev,14.2.0-19,*,*,*,*,*,*,*
108808,docker.io/library/python,3.14.6,pilot/results/sboms/python-3.14.6.cdx.json,pkg:deb/debian/libgcc-s1@14.2.0-19?arch=amd64&distro=debian-13.6&package-id=2338ed612a82adf3&upstream=gcc-14,library,libgcc-s1,14.2.0-19,Debian GCC Maintainers <debian-gcc@lists.debian.org>,pkg:deb/debian/libgcc-s1@14.2.0-19?arch=amd64&distro=debian-13.6&upstream=gcc-14,cpe:2.3:a:libgcc-s1:libgcc-s1:14.2.0-19:*:*:*:*:*:*:*,STRUCTURALLY_VALID,,a,libgcc-s1,libgcc-s1,14.2.0-19,*,*,*,*,*,*,*
108809,docker.io/library/python,3.14.6,pilot/results/sboms/python-3.14.6.cdx.json,pkg:deb/debian/libgcrypt20@1.11.0-7%2Bdeb13u1?arch=amd64&distro=debian-13.6&package-id=32738b09752b2320,library,libgcrypt20,1.11.0-7+deb13u1,Debian GnuTLS Maintainers <pkg-gnutls-maint@lists.alioth.debian.org>,pkg:deb/debian/libgcrypt20@1.11.0-7%2Bdeb13u1?arch=amd64&distro=debian-13.6,cpe:2.3:a:libgcrypt20:libgcrypt20:1.11.0-7\+deb13u1:*:*:*:*:*:*:*,STRUCTURALLY_VALID,,a,libgcrypt20,libgcrypt20,1.11.0-7\+deb13u1,*,*,*,*,*,*,*
108812,docker.io/library/python,3.14.6,pilot/results/sboms/python-3.14.6.cdx.json,pkg:deb/debian/libgdbm6t64@1.24-2?arch=amd64&distro=debian-13.6&package-id=057243fa006ab11e&upstream=gdbm,library,libgdbm6t64,1.24-2,Nicolas Mora <babelouest@debian.org>,pkg:deb/debian/libgdbm6t64@1.24-2?arch=amd64&distro=debian-13.6&upstream=gdbm,cpe:2.3:a:libgdbm6t64:libgdbm6t64:1.24-2:*:*:*:*:*:*:*,STRUCTURALLY_VALID,,a,libgdbm6t64,libgdbm6t64,1.24-2,*,*,*,*,*,*,*
108810,docker.io/library/python,3.14.6,pilot/results/sboms/python-3.14.6.cdx.json,pkg:deb/debian/libgdbm-compat4t64@1.24-2?arch=amd64&distro=debian-13.6&package-id=01e9cffe3bda80ec&upstream=gdbm,library,libgdbm-compat4t64,1.24-2,Nicolas Mora <babelouest@debian.org>,pkg:deb/debian/libgdbm-compat4t64@1.24-2?arch=amd64&distro=debian-13.6&upstream=gdbm,cpe:2.3:a:libgdbm-compat4t64:libgdbm-compat4t64:1.24-2:*:*:*:*:*:*:*,STRUCTURALLY_VALID,,a,libgdbm-compat4t64,libgdbm-compat4t64,1.24-2,*,*,*,*,*,*,*
108811,docker.io/library/python,3.14.6,pilot/results/sboms/python-3.14.6.cdx.json,pkg:deb/debian/libgdbm-dev@1.24-2?arch=amd64&distro=debian-13.6&package-id=56c01ee8e0950610&upstream=gdbm,library,libgdbm-dev,1.24-2,Nicolas Mora <babelouest@debian.org>,pkg:deb/debian/libgdbm-dev@1.24-2?arch=amd64&distro=debian-13.6&upstream=gdbm,cpe:2.3:a:libgdbm-dev:libgdbm-dev:1.24-2:*:*:*:*:*:*:*,STRUCTURALLY_VALID,,a,libgdbm-dev,libgdbm-dev,1.24-2,*,*,*,*,*,*,*
108813,docker.io/library/python,3.14.6,pilot/results/sboms/python-3.14.6.cdx.json,pkg:deb/debian/libgdk-pixbuf-2.0-0@2.42.12%2Bdfsg-4%2Bdeb13u1?arch=amd64&distro=debian-13.6&package-id=fa3221ed33c40b84&upstream=gdk-pixbuf,library,libgdk-pixbuf-2.0-0,2.42.12+dfsg-4+deb13u1,Debian GNOME Maintainers <pkg-gnome-maintainers@lists.alioth.debian.org>,pkg:deb/debian/libgdk-pixbuf-2.0-0@2.42.12%2Bdfsg-4%2Bdeb13u1?arch=amd64&distro=debian-13.6&upstream=gdk-pixbuf,cpe:2.3:a:libgdk-pixbuf-2.0-0:libgdk-pixbuf-2.0-0:2.42.12\+dfsg-4\+deb13u1:*:*:*:*:*:*:*,STRUCTURALLY_VALID,,a,libgdk-pixbuf-2.0-0,libgdk-pixbuf-2.0-0,2.42.12\+dfsg-4\+deb13u1,*,*,*,*,*,*,*
108815,docker.io/library/python,3.14.6,pilot/results/sboms/python-3.14.6.cdx.json,pkg:deb/debian/libgdk-pixbuf2.0-bin@2.42.12%2Bdfsg-4%2Bdeb13u1?arch=amd64&distro=debian-13.6&package-id=bb765d42e6079cbe&upstream=gdk-pixbuf,library,libgdk-pixbuf2.0-bin,2.42.12+dfsg-4+deb13u1,Debian GNOME Maintainers <pkg-gnome-maintainers@lists.alioth.debian.org>,pkg:deb/debian/libgdk-pixbuf2.0-bin@2.42.12%2Bdfsg-4%2Bdeb13u1?arch=amd64&distro=debian-13.6&upstream=gdk-pixbuf,cpe:2.3:a:libgdk-pixbuf2.0-bin:libgdk-pixbuf2.0-bin:2.42.12\+dfsg-4\+deb13u1:*:*:*:*:*:*:*,STRUCTURALLY_VALID,,a,libgdk-pixbuf2.0-bin,libgdk-pixbuf2.0-bin,2.42.12\+dfsg-4\+deb13u1,*,*,*,*,*,*,*
108816,docker.io/library/python,3.14.6,pilot/results/sboms/python-3.14.6.cdx.json,pkg:deb/debian/libgdk-pixbuf2.0-common@2.42.12%2Bdfsg-4%2Bdeb13u1?arch=all&distro=debian-13.6&package-id=920fc5b9189a88b5&upstream=gdk-pixbuf,library,libgdk-pixbuf2.0-common,2.42.12+dfsg-4+deb13u1,Debian GNOME Maintainers <pkg-gnome-maintainers@lists.alioth.debian.org>,pkg:deb/debian/libgdk-pixbuf2.0-common@2.42.12%2Bdfsg-4%2Bdeb13u1?arch=all&distro=debian-13.6&upstream=gdk-pixbuf,cpe:2.3:a:libgdk-pixbuf2.0-common:libgdk-pixbuf2.0-common:2.42.12\+dfsg-4\+deb13u1:*:*:*:*:*:*:*,STRUCTURALLY_VALID,,a,libgdk-pixbuf2.0-common,libgdk-pixbuf2.0-common,2.42.12\+dfsg-4\+deb13u1,*,*,*,*,*,*,*
108814,docker.io/library/python,3.14.6,pilot/results/sboms/python-3.14.6.cdx.json,pkg:deb/debian/libgdk-pixbuf-2.0-dev@2.42.12%2Bdfsg-4%2Bdeb13u1?arch=amd64&distro=debian-13.6&package-id=c5bb110835fbacdb&upstream=gdk-pixbuf,library,libgdk-pixbuf-2.0-dev,2.42.12+dfsg-4+deb13u1,Debian GNOME Maintainers <pkg-gnome-maintainers@lists.alioth.debian.org>,pkg:deb/debian/libgdk-pixbuf-2.0-dev@2.42.12%2Bdfsg-4%2Bdeb13u1?arch=amd64&distro=debian-13.6&upstream=gdk-pixbuf,cpe:2.3:a:libgdk-pixbuf-2.0-dev:libgdk-pixbuf-2.0-dev:2.42.12\+dfsg-4\+deb13u1:*:*:*:*:*:*:*,STRUCTURALLY_VALID,,a,libgdk-pixbuf-2.0-dev,libgdk-pixbuf-2.0-dev,2.42.12\+dfsg-4\+deb13u1,*,*,*,*,*,*,*
108817,docker.io/library/python,3.14.6,pilot/results/sboms/python-3.14.6.cdx.json,pkg:deb/debian/libgio-2.0-dev@2.84.4-3~deb13u3?arch=amd64&distro=debian-13.6&package-id=0e16f32932461643&upstream=glib2.0,library,libgio-2.0-dev,2.84.4-3~deb13u3,Debian GNOME Maintainers <pkg-gnome-maintainers@lists.alioth.debian.org>,pkg:deb/debian/libgio-2.0-dev@2.84.4-3~deb13u3?arch=amd64&distro=debian-13.6&upstream=glib2.0,cpe:2.3:a:libgio-2.0-dev:libgio-2.0-dev:2.84.4-3\~deb13u3:*:*:*:*:*:*:*,STRUCTURALLY_VALID,,a,libgio-2.0-dev,libgio-2.0-dev,2.84.4-3\~deb13u3,*,*,*,*,*,*,*
108818,docker.io/library/python,3.14.6,pilot/results/sboms/python-3.14.6.cdx.json,pkg:deb/debian/libgio-2.0-dev-bin@2.84.4-3~deb13u3?arch=amd64&distro=debian-13.6&package-id=7a8a0ef1c9bc7946&upstream=glib2.0,library,libgio-2.0-dev-bin,2.84.4-3~deb13u3,Debian GNOME Maintainers <pkg-gnome-maintainers@lists.alioth.debian.org>,pkg:deb/debian/libgio-2.0-dev-bin@2.84.4-3~deb13u3?arch=amd64&distro=debian-13.6&upstream=glib2.0,cpe:2.3:a:libgio-2.0-dev-bin:libgio-2.0-dev-bin:2.84.4-3\~deb13u3:*:*:*:*:*:*:*,STRUCTURALLY_VALID,,a,libgio-2.0-dev-bin,libgio-2.0-dev-bin,2.84.4-3\~deb13u3,*,*,*,*,*,*,*
108819,docker.io/library/python,3.14.6,pilot/results/sboms/python-3.14.6.cdx.json,pkg:deb/debian/libgirepository-2.0-0@2.84.4-3~deb13u3?arch=amd64&distro=debian-13.6&package-id=e406eb6dcf71d948&upstream=glib2.0,library,libgirepository-2.0-0,2.84.4-3~deb13u3,Debian GNOME Maintainers <pkg-gnome-maintainers@lists.alioth.debian.org>,pkg:deb/debian/libgirepository-2.0-0@2.84.4-3~deb13u3?arch=amd64&distro=debian-13.6&upstream=glib2.0,cpe:2.3:a:libgirepository-2.0-0:libgirepository-2.0-0:2.84.4-3\~deb13u3:*:*:*:*:*:*:*,STRUCTURALLY_VALID,,a,libgirepository-2.0-0,libgirepository-2.0-0,2.84.4-3\~deb13u3,*,*,*,*,*,*,*
108820,docker.io/library/python,3.14.6,pilot/results/sboms/python-3.14.6.cdx.json,pkg:deb/debian/libglib2.0-0t64@2.84.4-3~deb13u3?arch=amd64&distro=debian-13.6&package-id=e89c35991babe62b&upstream=glib2.0,library,libglib2.0-0t64,2.84.4-3~deb13u3,Debian GNOME Maintainers <pkg-gnome-maintainers@lists.alioth.debian.org>,pkg:deb/debian/libglib2.0-0t64@2.84.4-3~deb13u3?arch=amd64&distro=debian-13.6&upstream=glib2.0,cpe:2.3:a:libglib2.0-0t64:libglib2.0-0t64:2.84.4-3\~deb13u3:*:*:*:*:*:*:*,STRUCTURALLY_VALID,,a,libglib2.0-0t64,libglib2.0-0t64,2.84.4-3\~deb13u3,*,*,*,*,*,*,*
108821,docker.io/library/python,3.14.6,pilot/results/sboms/python-3.14.6.cdx.json,pkg:deb/debian/libglib2.0-bin@2.84.4-3~deb13u3?arch=amd64&distro=debian-13.6&package-id=7f2b868d906a9211&upstream=glib2.0,library,libglib2.0-bin,2.84.4-3~deb13u3,Debian GNOME Maintainers <pkg-gnome-maintainers@lists.alioth.debian.org>,pkg:deb/debian/libglib2.0-bin@2.84.4-3~deb13u3?arch=amd64&distro=debian-13.6&upstream=glib2.0,cpe:2.3:a:libglib2.0-bin:libglib2.0-bin:2.84.4-3\~deb13u3:*:*:*:*:*:*:*,STRUCTURALLY_VALID,,a,libglib2.0-bin,libglib2.0-bin,2.84.4-3\~deb13u3,*,*,*,*,*,*,*
108822,docker.io/library/python,3.14.6,pilot/results/sboms/python-3.14.6.cdx.json,pkg:deb/debian/libglib2.0-data@2.84.4-3~deb13u3?arch=all&distro=debian-13.6&package-id=44e77fe8eb57ac04&upstream=glib2.0,library,libglib2.0-data,2.84.4-3~deb13u3,Debian GNOME Maintainers <pkg-gnome-maintainers@lists.alioth.debian.org>,pkg:deb/debian/libglib2.0-data@2.84.4-3~deb13u3?arch=all&distro=debian-13.6&upstream=glib2.0,cpe:2.3:a:libglib2.0-data:libglib2.0-data:2.84.4-3\~deb13u3:*:*:*:*:*:*:*,STRUCTURALLY_VALID,,a,libglib2.0-data,libglib2.0-data,2.84.4-3\~deb13u3,*,*,*,*,*,*,*
108823,docker.io/library/python,3.14.6,pilot/results/sboms/python-3.14.6.cdx.json,pkg:deb/debian/libglib2.0-dev@2.84.4-3~deb13u3?arch=amd64&distro=debian-13.6&package-id=07378968830f6ab4&upstream=glib2.0,library,libglib2.0-dev,2.84.4-3~deb13u3,Debian GNOME Maintainers <pkg-gnome-maintainers@lists.alioth.debian.org>,pkg:deb/debian/libglib2.0-dev@2.84.4-3~deb13u3?arch=amd64&distro=debian-13.6&upstream=glib2.0,cpe:2.3:a:libglib2.0-dev:libglib2.0-dev:2.84.4-3\~deb13u3:*:*:*:*:*:*:*,STRUCTURALLY_VALID,,a,libglib2.0-dev,libglib2.0-dev,2.84.4-3\~deb13u3,*,*,*,*,*,*,*
108824,docker.io/library/python,3.14.6,pilot/results/sboms/python-3.14.6.cdx.json,pkg:deb/debian/libglib2.0-dev-bin@2.84.4-3~deb13u3?arch=amd64&distro=debian-13.6&package-id=ecc65e44bc5bb386&upstream=glib2.0,library,libglib2.0-dev-bin,2.84.4-3~deb13u3,Debian GNOME Maintainers <pkg-gnome-maintainers@lists.alioth.debian.org>,pkg:deb/debian/libglib2.0-dev-bin@2.84.4-3~deb13u3?arch=amd64&distro=debian-13.6&upstream=glib2.0,cpe:2.3:a:libglib2.0-dev-bin:libglib2.0-dev-bin:2.84.4-3\~deb13u3:*:*:*:*:*:*:*,STRUCTURALLY_VALID,,a,libglib2.0-dev-bin,libglib2.0-dev-bin,2.84.4-3\~deb13u3,*,*,*,*,*,*,*
108826,docker.io/library/python,3.14.6,pilot/results/sboms/python-3.14.6.cdx.json,pkg:deb/debian/libgmp10@2%3A6.3.0%2Bdfsg-3?arch=amd64&distro=debian-13.6&package-id=1c7a811a4bd26f31&upstream=gmp,library,libgmp10,2:6.3.0+dfsg-3,Debian Science Maintainers <debian-science-maintainers@lists.alioth.debian.org>,pkg:deb/debian/libgmp10@2%3A6.3.0%2Bdfsg-3?arch=amd64&distro=debian-13.6&upstream=gmp,cpe:2.3:a:libgmp10:libgmp10:2\:6.3.0\+dfsg-3:*:*:*:*:*:*:*,STRUCTURALLY_VALID,,a,libgmp10,libgmp10,2\:6.3.0\+dfsg-3,*,*,*,*,*,*,*
108825,docker.io/library/python,3.14.6,pilot/results/sboms/python-3.14.6.cdx.json,pkg:deb/debian/libgmp-dev@2%3A6.3.0%2Bdfsg-3?arch=amd64&distro=debian-13.6&package-id=7443da10a556f163&upstream=gmp,library,libgmp-dev,2:6.3.0+dfsg-3,Debian Science Maintainers <debian-science-maintainers@lists.alioth.debian.org>,pkg:deb/debian/libgmp-dev@2%3A6.3.0%2Bdfsg-3?arch=amd64&distro=debian-13.6&upstream=gmp,cpe:2.3:a:libgmp-dev:libgmp-dev:2\:6.3.0\+dfsg-3:*:*:*:*:*:*:*,STRUCTURALLY_VALID,,a,libgmp-dev,libgmp-dev,2\:6.3.0\+dfsg-3,*,*,*,*,*,*,*
108827,docker.io/library/python,3.14.6,pilot/results/sboms/python-3.14.6.cdx.json,pkg:deb/debian/libgmpxx4ldbl@2%3A6.3.0%2Bdfsg-3?arch=amd64&distro=debian-13.6&package-id=3c97d00dc87198ba&upstream=gmp,library,libgmpxx4ldbl,2:6.3.0+dfsg-3,Debian Science Maintainers <debian-science-maintainers@lists.alioth.debian.org>,pkg:deb/debian/libgmpxx4ldbl@2%3A6.3.0%2Bdfsg-3?arch=amd64&distro=debian-13.6&upstream=gmp,cpe:2.3:a:libgmpxx4ldbl:libgmpxx4ldbl:2\:6.3.0\+dfsg-3:*:*:*:*:*:*:*,STRUCTURALLY_VALID,,a,libgmpxx4ldbl,libgmpxx4ldbl,2\:6.3.0\+dfsg-3,*,*,*,*,*,*,*
108830,docker.io/library/python,3.14.6,pilot/results/sboms/python-3.14.6.cdx.json,pkg:deb/debian/libgnutls28-dev@3.8.9-3%2Bdeb13u4?arch=amd64&distro=debian-13.6&package-id=b0ed802b5a60bdb7&upstream=gnutls28,library,libgnutls28-dev,3.8.9-3+deb13u4,Debian GnuTLS Maintainers <pkg-gnutls-maint@lists.alioth.debian.org>,pkg:deb/debian/libgnutls28-dev@3.8.9-3%2Bdeb13u4?arch=amd64&distro=debian-13.6&upstream=gnutls28,cpe:2.3:a:libgnutls28-dev:libgnutls28-dev:3.8.9-3\+deb13u4:*:*:*:*:*:*:*,STRUCTURALLY_VALID,,a,libgnutls28-dev,libgnutls28-dev,3.8.9-3\+deb13u4,*,*,*,*,*,*,*
108831,docker.io/library/python,3.14.6,pilot/results/sboms/python-3.14.6.cdx.json,pkg:deb/debian/libgnutls30t64@3.8.9-3%2Bdeb13u4?arch=amd64&distro=debian-13.6&package-id=809ea4b423ef5f0e&upstream=gnutls28,library,libgnutls30t64,3.8.9-3+deb13u4,Debian GnuTLS Maintainers <pkg-gnutls-maint@lists.alioth.debian.org>,pkg:deb/debian/libgnutls30t64@3.8.9-3%2Bdeb13u4?arch=amd64&distro=debian-13.6&upstream=gnutls28,cpe:2.3:a:libgnutls30t64:libgnutls30t64:3.8.9-3\+deb13u4:*:*:*:*:*:*:*,STRUCTURALLY_VALID,,a,libgnutls30t64,libgnutls30t64,3.8.9-3\+deb13u4,*,*,*,*,*,*,*
108828,docker.io/library/python,3.14.6,pilot/results/sboms/python-3.14.6.cdx.json,pkg:deb/debian/libgnutls-dane0t64@3.8.9-3%2Bdeb13u4?arch=amd64&distro=debian-13.6&package-id=0e22107970fc7c14&upstream=gnutls28,library,libgnutls-dane0t64,3.8.9-3+deb13u4,Debian GnuTLS Maintainers <pkg-gnutls-maint@lists.alioth.debian.org>,pkg:deb/debian/libgnutls-dane0t64@3.8.9-3%2Bdeb13u4?arch=amd64&distro=debian-13.6&upstream=gnutls28,cpe:2.3:a:libgnutls-dane0t64:libgnutls-dane0t64:3.8.9-3\+deb13u4:*:*:*:*:*:*:*,STRUCTURALLY_VALID,,a,libgnutls-dane0t64,libgnutls-dane0t64,3.8.9-3\+deb13u4,*,*,*,*,*,*,*
108829,docker.io/library/python,3.14.6,pilot/results/sboms/python-3.14.6.cdx.json,pkg:deb/debian/libgnutls-openssl27t64@3.8.9-3%2Bdeb13u4?arch=amd64&distro=debian-13.6&package-id=ed83f81cf4f7639b&upstream=gnutls28,library,libgnutls-openssl27t64,3.8.9-3+deb13u4,Debian GnuTLS Maintainers <pkg-gnutls-maint@lists.alioth.debian.org>,pkg:deb/debian/libgnutls-openssl27t64@3.8.9-3%2Bdeb13u4?arch=amd64&distro=debian-13.6&upstream=gnutls28,cpe:2.3:a:libgnutls-openssl27t64:libgnutls-openssl27t64:3.8.9-3\+deb13u4:*:*:*:*:*:*:*,STRUCTURALLY_VALID,,a,libgnutls-openssl27t64,libgnutls-openssl27t64,3.8.9-3\+deb13u4,*,*,*,*,*,*,*
108832,docker.io/library/python,3.14.6,pilot/results/sboms/python-3.14.6.cdx.json,pkg:deb/debian/libgomp1@14.2.0-19?arch=amd64&distro=debian-13.6&package-id=71d32d5417d636ce&upstream=gcc-14,library,libgomp1,14.2.0-19,Debian GCC Maintainers <debian-gcc@lists.debian.org>,pkg:deb/debian/libgomp1@14.2.0-19?arch=amd64&distro=debian-13.6&upstream=gcc-14,cpe:2.3:a:libgomp1:libgomp1:14.2.0-19:*:*:*:*:*:*:*,STRUCTURALLY_VALID,,a,libgomp1,libgomp1,14.2.0-19,*,*,*,*,*,*,*
108833,docker.io/library/python,3.14.6,pilot/results/sboms/python-3.14.6.cdx.json,pkg:deb/debian/libgpg-error0@1.51-4?arch=amd64&distro=debian-13.6&package-id=9a4d2bd621a6c19e&upstream=libgpg-error,library,libgpg-error0,1.51-4,Debian GnuPG Maintainers <pkg-gnupg-maint@lists.alioth.debian.org>,pkg:deb/debian/libgpg-error0@1.51-4?arch=amd64&distro=debian-13.6&upstream=libgpg-error,cpe:2.3:a:libgpg-error0:libgpg-error0:1.51-4:*:*:*:*:*:*:*,STRUCTURALLY_VALID,,a,libgpg-error0,libgpg-error0,1.51-4,*,*,*,*,*,*,*
108834,docker.io/library/python,3.14.6,pilot/results/sboms/python-3.14.6.cdx.json,pkg:deb/debian/libgprofng0@2.44-3?arch=amd64&distro=debian-13.6&package-id=77edfb107040a28c&upstream=binutils,library,libgprofng0,2.44-3,Matthias Klose <doko@debian.org>,pkg:deb/debian/libgprofng0@2.44-3?arch=amd64&distro=debian-13.6&upstream=binutils,cpe:2.3:a:libgprofng0:libgprofng0:2.44-3:*:*:*:*:*:*:*,STRUCTURALLY_VALID,,a,libgprofng0,libgprofng0,2.44-3,*,*,*,*,*,*,*
108835,docker.io/library/python,3.14.6,pilot/results/sboms/python-3.14.6.cdx.json,pkg:deb/debian/libgraphite2-3@1.3.14-2%2Bdeb13u1?arch=amd64&distro=debian-13.6&package-id=c116b4ec78763423&upstream=graphite2,library,libgraphite2-3,1.3.14-2+deb13u1,Debian LibreOffice Maintainers <debian-openoffice@lists.debian.org>,pkg:deb/debian/libgraphite2-3@1.3.14-2%2Bdeb13u1?arch=amd64&distro=debian-13.6&upstream=graphite2,cpe:2.3:a:libgraphite2-3:libgraphite2-3:1.3.14-2\+deb13u1:*:*:*:*:*:*:*,STRUCTURALLY_VALID,,a,libgraphite2-3,libgraphite2-3,1.3.14-2\+deb13u1,*,*,*,*,*,*,*
108836,docker.io/library/python,3.14.6,pilot/results/sboms/python-3.14.6.cdx.json,pkg:deb/debian/libgraphite2-dev@1.3.14-2%2Bdeb13u1?arch=amd64&distro=debian-13.6&package-id=14befc776421532e&upstream=graphite2,library,libgraphite2-dev,1.3.14-2+deb13u1,Debian LibreOffice Maintainers <debian-openoffice@lists.debian.org>,pkg:deb/debian/libgraphite2-dev@1.3.14-2%2Bdeb13u1?arch=amd64&distro=debian-13.6&upstream=graphite2,cpe:2.3:a:libgraphite2-dev:libgraphite2-dev:1.3.14-2\+deb13u1:*:*:*:*:*:*:*,STRUCTURALLY_VALID,,a,libgraphite2-dev,libgraphite2-dev,1.3.14-2\+deb13u1,*,*,*,*,*,*,*
108837,docker.io/library/python,3.14.6,pilot/results/sboms/python-3.14.6.cdx.json,pkg:deb/debian/libgssapi-krb5-2@1.21.3-5%2Bdeb13u1?arch=amd64&distro=debian-13.6&package-id=daa1f8dfeee1793b&upstream=krb5,library,libgssapi-krb5-2,1.21.3-5+deb13u1,Sam Hartman <hartmans@debian.org>,pkg:deb/debian/libgssapi-krb5-2@1.21.3-5%2Bdeb13u1?arch=amd64&distro=debian-13.6&upstream=krb5,cpe:2.3:a:libgssapi-krb5-2:libgssapi-krb5-2:1.21.3-5\+deb13u1:*:*:*:*:*:*:*,STRUCTURALLY_VALID,,a,libgssapi-krb5-2,libgssapi-krb5-2,1.21.3-5\+deb13u1,*,*,*,*,*,*,*
108838,docker.io/library/python,3.14.6,pilot/results/sboms/python-3.14.6.cdx.json,pkg:deb/debian/libgssrpc4t64@1.21.3-5%2Bdeb13u1?arch=amd64&distro=debian-13.6&package-id=1c7aada3a07d5c76&upstream=krb5,library,libgssrpc4t64,1.21.3-5+deb13u1,Sam Hartman <hartmans@debian.org>,pkg:deb/debian/libgssrpc4t64@1.21.3-5%2Bdeb13u1?arch=amd64&distro=debian-13.6&upstream=krb5,cpe:2.3:a:libgssrpc4t64:libgssrpc4t64:1.21.3-5\+deb13u1:*:*:*:*:*:*:*,STRUCTURALLY_VALID,,a,libgssrpc4t64,libgssrpc4t64,1.21.3-5\+deb13u1,*,*,*,*,*,*,*
108844,docker.io/library/python,3.14.6,pilot/results/sboms/python-3.14.6.cdx.json,pkg:deb/debian/libharfbuzz0b@10.2.0-1%2Bdeb13u1?arch=amd64&distro=debian-13.6&package-id=cbfb8a4ca13a3499&upstream=harfbuzz,library,libharfbuzz0b,10.2.0-1+deb13u1,أحمد المحمودي (Ahmed El-Mahmoudy) <aelmahmoudy@users.sourceforge.net>,pkg:deb/debian/libharfbuzz0b@10.2.0-1%2Bdeb13u1?arch=amd64&distro=debian-13.6&upstream=harfbuzz,cpe:2.3:a:libharfbuzz0b:libharfbuzz0b:10.2.0-1\+deb13u1:*:*:*:*:*:*:*,STRUCTURALLY_VALID,,a,libharfbuzz0b,libharfbuzz0b,10.2.0-1\+deb13u1,*,*,*,*,*,*,*
108839,docker.io/library/python,3.14.6,pilot/results/sboms/python-3.14.6.cdx.json,pkg:deb/debian/libharfbuzz-cairo0@10.2.0-1%2Bdeb13u1?arch=amd64&distro=debian-13.6&package-id=fb3598eb25761c20&upstream=harfbuzz,library,libharfbuzz-cairo0,10.2.0-1+deb13u1,أحمد المحمودي (Ahmed El-Mahmoudy) <aelmahmoudy@users.sourceforge.net>,pkg:deb/debian/libharfbuzz-cairo0@10.2.0-1%2Bdeb13u1?arch=amd64&distro=debian-13.6&upstream=harfbuzz,cpe:2.3:a:libharfbuzz-cairo0:libharfbuzz-cairo0:10.2.0-1\+deb13u1:*:*:*:*:*:*:*,STRUCTURALLY_VALID,,a,libharfbuzz-cairo0,libharfbuzz-cairo0,10.2.0-1\+deb13u1,*,*,*,*,*,*,*
108840,docker.io/library/python,3.14.6,pilot/results/sboms/python-3.14.6.cdx.json,pkg:deb/debian/libharfbuzz-dev@10.2.0-1%2Bdeb13u1?arch=amd64&distro=debian-13.6&package-id=4e24a94656044061&upstream=harfbuzz,library,libharfbuzz-dev,10.2.0-1+deb13u1,أحمد المحمودي (Ahmed El-Mahmoudy) <aelmahmoudy@users.sourceforge.net>,pkg:deb/debian/libharfbuzz-dev@10.2.0-1%2Bdeb13u1?arch=amd64&distro=debian-13.6&upstream=harfbuzz,cpe:2.3:a:libharfbuzz-dev:libharfbuzz-dev:10.2.0-1\+deb13u1:*:*:*:*:*:*:*,STRUCTURALLY_VALID,,a,libharfbuzz-dev,libharfbuzz-dev,10.2.0-1\+deb13u1,*,*,*,*,*,*,*
108841,docker.io/library/python,3.14.6,pilot/results/sboms/python-3.14.6.cdx.json,pkg:deb/debian/libharfbuzz-gobject0@10.2.0-1%2Bdeb13u1?arch=amd64&distro=debian-13.6&package-id=00710e10fd5269de&upstream=harfbuzz,library,libharfbuzz-gobject0,10.2.0-1+deb13u1,أحمد المحمودي (Ahmed El-Mahmoudy) <aelmahmoudy@users.sourceforge.net>,pkg:deb/debian/libharfbuzz-gobject0@10.2.0-1%2Bdeb13u1?arch=amd64&distro=debian-13.6&upstream=harfbuzz,cpe:2.3:a:libharfbuzz-gobject0:libharfbuzz-gobject0:10.2.0-1\+deb13u1:*:*:*:*:*:*:*,STRUCTURALLY_VALID,,a,libharfbuzz-gobject0,libharfbuzz-gobject0,10.2.0-1\+deb13u1,*,*,*,*,*,*,*
108842,docker.io/library/python,3.14.6,pilot/results/sboms/python-3.14.6.cdx.json,pkg:deb/debian/libharfbuzz-icu0@10.2.0-1%2Bdeb13u1?arch=amd64&distro=debian-13.6&package-id=8701a553162307cb&upstream=harfbuzz,library,libharfbuzz-icu0,10.2.0-1+deb13u1,أحمد المحمودي (Ahmed El-Mahmoudy) <aelmahmoudy@users.sourceforge.net>,pkg:deb/debian/libharfbuzz-icu0@10.2.0-1%2Bdeb13u1?arch=amd64&distro=debian-13.6&upstream=harfbuzz,cpe:2.3:a:libharfbuzz-icu0:libharfbuzz-icu0:10.2.0-1\+deb13u1:*:*:*:*:*:*:*,STRUCTURALLY_VALID,,a,libharfbuzz-icu0,libharfbuzz-icu0,10.2.0-1\+deb13u1,*,*,*,*,*,*,*
108843,docker.io/library/python,3.14.6,pilot/results/sboms/python-3.14.6.cdx.json,pkg:deb/debian/libharfbuzz-subset0@10.2.0-1%2Bdeb13u1?arch=amd64&distro=debian-13.6&package-id=8f3b2b5509f372b6&upstream=harfbuzz,library,libharfbuzz-subset0,10.2.0-1+deb13u1,أحمد المحمودي (Ahmed El-Mahmoudy) <aelmahmoudy@users.sourceforge.net>,pkg:deb/debian/libharfbuzz-subset0@10.2.0-1%2Bdeb13u1?arch=amd64&distro=debian-13.6&upstream=harfbuzz,cpe:2.3:a:libharfbuzz-subset0:libharfbuzz-subset0:10.2.0-1\+deb13u1:*:*:*:*:*:*:*,STRUCTURALLY_VALID,,a,libharfbuzz-subset0,libharfbuzz-subset0,10.2.0-1\+deb13u1,*,*,*,*,*,*,*
108847,docker.io/library/python,3.14.6,pilot/results/sboms/python-3.14.6.cdx.json,pkg:deb/debian/libheif1@1.19.8-1?arch=amd64&distro=debian-13.6&package-id=b34abce69fafc7c8&upstream=libheif,library,libheif1,1.19.8-1,Debian Multimedia Maintainers <debian-multimedia@lists.debian.org>,pkg:deb/debian/libheif1@1.19.8-1?arch=amd64&distro=debian-13.6&upstream=libheif,cpe:2.3:a:libheif1:libheif1:1.19.8-1:*:*:*:*:*:*:*,STRUCTURALLY_VALID,,a,libheif1,libheif1,1.19.8-1,*,*,*,*,*,*,*
108845,docker.io/library/python,3.14.6,pilot/results/sboms/python-3.14.6.cdx.json,pkg:deb/debian/libheif-plugin-dav1d@1.19.8-1?arch=amd64&distro=debian-13.6&package-id=7dac0d5c3396088c&upstream=libheif,library,libheif-plugin-dav1d,1.19.8-1,Debian Multimedia Maintainers <debian-multimedia@lists.debian.org>,pkg:deb/debian/libheif-plugin-dav1d@1.19.8-1?arch=amd64&distro=debian-13.6&upstream=libheif,cpe:2.3:a:libheif-plugin-dav1d:libheif-plugin-dav1d:1.19.8-1:*:*:*:*:*:*:*,STRUCTURALLY_VALID,,a,libheif-plugin-dav1d,libheif-plugin-dav1d,1.19.8-1,*,*,*,*,*,*,*
108846,docker.io/library/python,3.14.6,pilot/results/sboms/python-3.14.6.cdx.json,pkg:deb/debian/libheif-plugin-libde265@1.19.8-1?arch=amd64&distro=debian-13.6&package-id=63aa2a2d20ffdcef&upstream=libheif,library,libheif-plugin-libde265,1.19.8-1,Debian Multimedia Maintainers <debian-multimedia@lists.debian.org>,pkg:deb/debian/libheif-plugin-libde265@1.19.8-1?arch=amd64&distro=debian-13.6&upstream=libheif,cpe:2.3:a:libheif-plugin-libde265:libheif-plugin-libde265:1.19.8-1:*:*:*:*:*:*:*,STRUCTURALLY_VALID,,a,libheif-plugin-libde265,libheif-plugin-libde265,1.19.8-1,*,*,*,*,*,*,*
108848,docker.io/library/python,3.14.6,pilot/results/sboms/python-3.14.6.cdx.json,pkg:deb/debian/libhogweed6t64@3.10.1-1?arch=amd64&distro=debian-13.6&package-id=149dfd0fe1a0f504&upstream=nettle,library,libhogweed6t64,3.10.1-1,Magnus Holmgren <holmgren@debian.org>,pkg:deb/debian/libhogweed6t64@3.10.1-1?arch=amd64&distro=debian-13.6&upstream=nettle,cpe:2.3:a:libhogweed6t64:libhogweed6t64:3.10.1-1:*:*:*:*:*:*:*,STRUCTURALLY_VALID,,a,libhogweed6t64,libhogweed6t64,3.10.1-1,*,*,*,*,*,*,*
108849,docker.io/library/python,3.14.6,pilot/results/sboms/python-3.14.6.cdx.json,pkg:deb/debian/libhwasan0@14.2.0-19?arch=amd64&distro=debian-13.6&package-id=81d0f863177c4ff2&upstream=gcc-14,library,libhwasan0,14.2.0-19,Debian GCC Maintainers <debian-gcc@lists.debian.org>,pkg:deb/debian/libhwasan0@14.2.0-19?arch=amd64&distro=debian-13.6&upstream=gcc-14,cpe:2.3:a:libhwasan0:libhwasan0:14.2.0-19:*:*:*:*:*:*:*,STRUCTURALLY_VALID,,a,libhwasan0,libhwasan0,14.2.0-19,*,*,*,*,*,*,*
108851,docker.io/library/python,3.14.6,pilot/results/sboms/python-3.14.6.cdx.json,pkg:deb/debian/libice6@2%3A1.1.1-1?arch=amd64&distro=debian-13.6&package-id=1969bcfb217e6e5d&upstream=libice,library,libice6,2:1.1.1-1,Debian X Strike Force <debian-x@lists.debian.org>,pkg:deb/debian/libice6@2%3A1.1.1-1?arch=amd64&distro=debian-13.6&upstream=libice,cpe:2.3:a:libice6:libice6:2\:1.1.1-1:*:*:*:*:*:*:*,STRUCTURALLY_VALID,,a,libice6,libice6,2\:1.1.1-1,*,*,*,*,*,*,*
108850,docker.io/library/python,3.14.6,pilot/results/sboms/python-3.14.6.cdx.json,pkg:deb/debian/libice-dev@2%3A1.1.1-1?arch=amd64&distro=debian-13.6&package-id=fd96cfb597b371b2&upstream=libice,library,libice-dev,2:1.1.1-1,Debian X Strike Force <debian-x@lists.debian.org>,pkg:deb/debian/libice-dev@2%3A1.1.1-1?arch=amd64&distro=debian-13.6&upstream=libice,cpe:2.3:a:libice-dev:libice-dev:2\:1.1.1-1:*:*:*:*:*:*:*,STRUCTURALLY_VALID,,a,libice-dev,libice-dev,2\:1.1.1-1,*,*,*,*,*,*,*
108853,docker.io/library/python,3.14.6,pilot/results/sboms/python-3.14.6.cdx.json,pkg:deb/debian/libicu76@76.1-4?arch=amd64&distro=debian-13.6&package-id=88987a8b50d3347c&upstream=icu,library,libicu76,76.1-4,Laszlo Boszormenyi (GCS) <gcs@debian.org>,pkg:deb/debian/libicu76@76.1-4?arch=amd64&distro=debian-13.6&upstream=icu,cpe:2.3:a:libicu76:libicu76:76.1-4:*:*:*:*:*:*:*,STRUCTURALLY_VALID,,a,libicu76,libicu76,76.1-4,*,*,*,*,*,*,*
108852,docker.io/library/python,3.14.6,pilot/results/sboms/python-3.14.6.cdx.json,pkg:deb/debian/libicu-dev@76.1-4?arch=amd64&distro=debian-13.6&package-id=f701a887276c638f&upstream=icu,library,libicu-dev,76.1-4,Laszlo Boszormenyi (GCS) <gcs@debian.org>,pkg:deb/debian/libicu-dev@76.1-4?arch=amd64&distro=debian-13.6&upstream=icu,cpe:2.3:a:libicu-dev:libicu-dev:76.1-4:*:*:*:*:*:*:*,STRUCTURALLY_VALID,,a,libicu-dev,libicu-dev,76.1-4,*,*,*,*,*,*,*
108854,docker.io/library/python,3.14.6,pilot/results/sboms/python-3.14.6.cdx.json,pkg:deb/debian/libidn2-0@2.3.8-2?arch=amd64&distro=debian-13.6&package-id=310f287fe307ac10&upstream=libidn2,library,libidn2-0,2.3.8-2,Debian Libidn team <help-libidn@gnu.org>,pkg:deb/debian/libidn2-0@2.3.8-2?arch=amd64&distro=debian-13.6&upstream=libidn2,cpe:2.3:a:libidn2-0:libidn2-0:2.3.8-2:*:*:*:*:*:*:*,STRUCTURALLY_VALID,,a,libidn2-0,libidn2-0,2.3.8-2,*,*,*,*,*,*,*
108855,docker.io/library/python,3.14.6,pilot/results/sboms/python-3.14.6.cdx.json,pkg:deb/debian/libidn2-dev@2.3.8-2?arch=amd64&distro=debian-13.6&package-id=555888f93dd1e581&upstream=libidn2,library,libidn2-dev,2.3.8-2,Debian Libidn team <help-libidn@gnu.org>,pkg:deb/debian/libidn2-dev@2.3.8-2?arch=amd64&distro=debian-13.6&upstream=libidn2,cpe:2.3:a:libidn2-dev:libidn2-dev:2.3.8-2:*:*:*:*:*:*:*,STRUCTURALLY_VALID,,a,libidn2-dev,libidn2-dev,2.3.8-2,*,*,*,*,*,*,*
108856,docker.io/library/python,3.14.6,pilot/results/sboms/python-3.14.6.cdx.json,pkg:deb/debian/libimath-3-1-29t64@3.1.12-1%2Bb3?arch=amd64&distro=debian-13.6&package-id=7afe00c76aaac4b9&upstream=imath%403.1.12-1,library,libimath-3-1-29t64,3.1.12-1+b3,Debian PhotoTools Maintainers <pkg-phototools-devel@lists.alioth.debian.org>,pkg:deb/debian/libimath-3-1-29t64@3.1.12-1%2Bb3?arch=amd64&distro=debian-13.6&upstream=imath%403.1.12-1,cpe:2.3:a:libimath-3-1-29t64:libimath-3-1-29t64:3.1.12-1\+b3:*:*:*:*:*:*:*,STRUCTURALLY_VALID,,a,libimath-3-1-29t64,libimath-3-1-29t64,3.1.12-1\+b3,*,*,*,*,*,*,*
108857,docker.io/library/python,3.14.6,pilot/results/sboms/python-3.14.6.cdx.json,pkg:deb/debian/libimath-dev@3.1.12-1%2Bb3?arch=amd64&distro=debian-13.6&package-id=27e444c6b0b64f4d&upstream=imath%403.1.12-1,library,libimath-dev,3.1.12-1+b3,Debian PhotoTools Maintainers <pkg-phototools-devel@lists.alioth.debian.org>,pkg:deb/debian/libimath-dev@3.1.12-1%2Bb3?arch=amd64&distro=debian-13.6&upstream=imath%403.1.12-1,cpe:2.3:a:libimath-dev:libimath-dev:3.1.12-1\+b3:*:*:*:*:*:*:*,STRUCTURALLY_VALID,,a,libimath-dev,libimath-dev,3.1.12-1\+b3,*,*,*,*,*,*,*
108858,docker.io/library/python,3.14.6,pilot/results/sboms/python-3.14.6.cdx.json,pkg:deb/debian/libisl23@0.27-1?arch=amd64&distro=debian-13.6&package-id=f3da424dae2b1575&upstream=isl,library,libisl23,0.27-1,Debian GCC Maintainers <debian-gcc@lists.debian.org>,pkg:deb/debian/libisl23@0.27-1?arch=amd64&distro=debian-13.6&upstream=isl,cpe:2.3:a:libisl23:libisl23:0.27-1:*:*:*:*:*:*:*,STRUCTURALLY_VALID,,a,libisl23,libisl23,0.27-1,*,*,*,*,*,*,*
108859,docker.io/library/python,3.14.6,pilot/results/sboms/python-3.14.6.cdx.json,pkg:deb/debian/libitm1@14.2.0-19?arch=amd64&distro=debian-13.6&package-id=30ada6cb82fd6f02&upstream=gcc-14,library,libitm1,14.2.0-19,Debian GCC Maintainers <debian-gcc@lists.debian.org>,pkg:deb/debian/libitm1@14.2.0-19?arch=amd64&distro=debian-13.6&upstream=gcc-14,cpe:2.3:a:libitm1:libitm1:14.2.0-19:*:*:*:*:*:*:*,STRUCTURALLY_VALID,,a,libitm1,libitm1,14.2.0-19,*,*,*,*,*,*,*
108860,docker.io/library/python,3.14.6,pilot/results/sboms/python-3.14.6.cdx.json,pkg:deb/debian/libjansson4@2.14-2%2Bb3?arch=amd64&distro=debian-13.6&package-id=63e3a9ca51d8332c&upstream=jansson%402.14-2,library,libjansson4,2.14-2+b3,Alessandro Ghedini <ghedo@debian.org>,pkg:deb/debian/libjansson4@2.14-2%2Bb3?arch=amd64&distro=debian-13.6&upstream=jansson%402.14-2,cpe:2.3:a:libjansson4:libjansson4:2.14-2\+b3:*:*:*:*:*:*:*,STRUCTURALLY_VALID,,a,libjansson4,libjansson4,2.14-2\+b3,*,*,*,*,*,*,*
108862,docker.io/library/python,3.14.6,pilot/results/sboms/python-3.14.6.cdx.json,pkg:deb/debian/libjbig0@2.1-6.1%2Bb2?arch=amd64&distro=debian-13.6&package-id=65d9e9ce270d33b1&upstream=jbigkit%402.1-6.1,library,libjbig0,2.1-6.1+b2,Michael van der Kolff <mvanderkolff@gmail.com>,pkg:deb/debian/libjbig0@2.1-6.1%2Bb2?arch=amd64&distro=debian-13.6&upstream=jbigkit%402.1-6.1,cpe:2.3:a:libjbig0:libjbig0:2.1-6.1\+b2:*:*:*:*:*:*:*,STRUCTURALLY_VALID,,a,libjbig0,libjbig0,2.1-6.1\+b2,*,*,*,*,*,*,*
108861,docker.io/library/python,3.14.6,pilot/results/sboms/python-3.14.6.cdx.json,pkg:deb/debian/libjbig-dev@2.1-6.1%2Bb2?arch=amd64&distro=debian-13.6&package-id=5a08103aa1aac8a7&upstream=jbigkit%402.1-6.1,library,libjbig-dev,2.1-6.1+b2,Michael van der Kolff <mvanderkolff@gmail.com>,pkg:deb/debian/libjbig-dev@2.1-6.1%2Bb2?arch=amd64&distro=debian-13.6&upstream=jbigkit%402.1-6.1,cpe:2.3:a:libjbig-dev:libjbig-dev:2.1-6.1\+b2:*:*:*:*:*:*:*,STRUCTURALLY_VALID,,a,libjbig-dev,libjbig-dev,2.1-6.1\+b2,*,*,*,*,*,*,*
108864,docker.io/library/python,3.14.6,pilot/results/sboms/python-3.14.6.cdx.json,pkg:deb/debian/libjpeg62-turbo@1%3A2.1.5-4?arch=amd64&distro=debian-13.6&package-id=3598c43f07127b4b&upstream=libjpeg-turbo,library,libjpeg62-turbo,1:2.1.5-4,Ondřej Surý <ondrej@debian.org>,pkg:deb/debian/libjpeg62-turbo@1%3A2.1.5-4?arch=amd64&distro=debian-13.6&upstream=libjpeg-turbo,cpe:2.3:a:libjpeg62-turbo:libjpeg62-turbo:1\:2.1.5-4:*:*:*:*:*:*:*,STRUCTURALLY_VALID,,a,libjpeg62-turbo,libjpeg62-turbo,1\:2.1.5-4,*,*,*,*,*,*,*
108865,docker.io/library/python,3.14.6,pilot/results/sboms/python-3.14.6.cdx.json,pkg:deb/debian/libjpeg62-turbo-dev@1%3A2.1.5-4?arch=amd64&distro=debian-13.6&package-id=135b30e7882f73e9&upstream=libjpeg-turbo,library,libjpeg62-turbo-dev,1:2.1.5-4,Ondřej Surý <ondrej@debian.org>,pkg:deb/debian/libjpeg62-turbo-dev@1%3A2.1.5-4?arch=amd64&distro=debian-13.6&upstream=libjpeg-turbo,cpe:2.3:a:libjpeg62-turbo-dev:libjpeg62-turbo-dev:1\:2.1.5-4:*:*:*:*:*:*:*,STRUCTURALLY_VALID,,a,libjpeg62-turbo-dev,libjpeg62-turbo-dev,1\:2.1.5-4,*,*,*,*,*,*,*
108863,docker.io/library/python,3.14.6,pilot/results/sboms/python-3.14.6.cdx.json,pkg:deb/debian/libjpeg-dev@1%3A2.1.5-4?arch=amd64&distro=debian-13.6&package-id=27cbb7aeccb1e517&upstream=libjpeg-turbo,library,libjpeg-dev,1:2.1.5-4,Ondřej Surý <ondrej@debian.org>,pkg:deb/debian/libjpeg-dev@1%3A2.1.5-4?arch=amd64&distro=debian-13.6&upstream=libjpeg-turbo,cpe:2.3:a:libjpeg-dev:libjpeg-dev:1\:2.1.5-4:*:*:*:*:*:*:*,STRUCTURALLY_VALID,,a,libjpeg-dev,libjpeg-dev,1\:2.1.5-4,*,*,*,*,*,*,*
108866,docker.io/library/python,3.14.6,pilot/results/sboms/python-3.14.6.cdx.json,pkg:deb/debian/libk5crypto3@1.21.3-5%2Bdeb13u1?arch=amd64&distro=debian-13.6&package-id=c5f7e9443917908e&upstream=krb5,library,libk5crypto3,1.21.3-5+deb13u1,Sam Hartman <hartmans@debian.org>,pkg:deb/debian/libk5crypto3@1.21.3-5%2Bdeb13u1?arch=amd64&distro=debian-13.6&upstream=krb5,cpe:2.3:a:libk5crypto3:libk5crypto3:1.21.3-5\+deb13u1:*:*:*:*:*:*:*,STRUCTURALLY_VALID,,a,libk5crypto3,libk5crypto3,1.21.3-5\+deb13u1,*,*,*,*,*,*,*
108867,docker.io/library/python,3.14.6,pilot/results/sboms/python-3.14.6.cdx.json,pkg:deb/debian/libkadm5clnt-mit12@1.21.3-5%2Bdeb13u1?arch=amd64&distro=debian-13.6&package-id=1a4924972e25fae3&upstream=krb5,library,libkadm5clnt-mit12,1.21.3-5+deb13u1,Sam Hartman <hartmans@debian.org>,pkg:deb/debian/libkadm5clnt-mit12@1.21.3-5%2Bdeb13u1?arch=amd64&distro=debian-13.6&upstream=krb5,cpe:2.3:a:libkadm5clnt-mit12:libkadm5clnt-mit12:1.21.3-5\+deb13u1:*:*:*:*:*:*:*,STRUCTURALLY_VALID,,a,libkadm5clnt-mit12,libkadm5clnt-mit12,1.21.3-5\+deb13u1,*,*,*,*,*,*,*
108868,docker.io/library/python,3.14.6,pilot/results/sboms/python-3.14.6.cdx.json,pkg:deb/debian/libkadm5srv-mit12@1.21.3-5%2Bdeb13u1?arch=amd64&distro=debian-13.6&package-id=7c44d7d825e2daed&upstream=krb5,library,libkadm5srv-mit12,1.21.3-5+deb13u1,Sam Hartman <hartmans@debian.org>,pkg:deb/debian/libkadm5srv-mit12@1.21.3-5%2Bdeb13u1?arch=amd64&distro=debian-13.6&upstream=krb5,cpe:2.3:a:libkadm5srv-mit12:libkadm5srv-mit12:1.21.3-5\+deb13u1:*:*:*:*:*:*:*,STRUCTURALLY_VALID,,a,libkadm5srv-mit12,libkadm5srv-mit12,1.21.3-5\+deb13u1,*,*,*,*,*,*,*
108869,docker.io/library/python,3.14.6,pilot/results/sboms/python-3.14.6.cdx.json,pkg:deb/debian/libkdb5-10t64@1.21.3-5%2Bdeb13u1?arch=amd64&distro=debian-13.6&package-id=4f3bea6bf0914eab&upstream=krb5,library,libkdb5-10t64,1.21.3-5+deb13u1,Sam Hartman <hartmans@debian.org>,pkg:deb/debian/libkdb5-10t64@1.21.3-5%2Bdeb13u1?arch=amd64&distro=debian-13.6&upstream=krb5,cpe:2.3:a:libkdb5-10t64:libkdb5-10t64:1.21.3-5\+deb13u1:*:*:*:*:*:*:*,STRUCTURALLY_VALID,,a,libkdb5-10t64,libkdb5-10t64,1.21.3-5\+deb13u1,*,*,*,*,*,*,*
108870,docker.io/library/python,3.14.6,pilot/results/sboms/python-3.14.6.cdx.json,pkg:deb/debian/libkeyutils1@1.6.3-6?arch=amd64&distro=debian-13.6&package-id=6581ff8346184554&upstream=keyutils,library,libkeyutils1,1.6.3-6,Christian Kastner <ckk@debian.org>,pkg:deb/debian/libkeyutils1@1.6.3-6?arch=amd64&distro=debian-13.6&upstream=keyutils,cpe:2.3:a:libkeyutils1:libkeyutils1:1.6.3-6:*:*:*:*:*:*:*,STRUCTURALLY_VALID,,a,libkeyutils1,libkeyutils1,1.6.3-6,*,*,*,*,*,*,*
108871,docker.io/library/python,3.14.6,pilot/results/sboms/python-3.14.6.cdx.json,pkg:deb/debian/libkrb5-3@1.21.3-5%2Bdeb13u1?arch=amd64&distro=debian-13.6&package-id=0d7d9accbe1a77b1&upstream=krb5,library,libkrb5-3,1.21.3-5+deb13u1,Sam Hartman <hartmans@debian.org>,pkg:deb/debian/libkrb5-3@1.21.3-5%2Bdeb13u1?arch=amd64&distro=debian-13.6&upstream=krb5,cpe:2.3:a:libkrb5-3:libkrb5-3:1.21.3-5\+deb13u1:*:*:*:*:*:*:*,STRUCTURALLY_VALID,,a,libkrb5-3,libkrb5-3,1.21.3-5\+deb13u1,*,*,*,*,*,*,*
108872,docker.io/library/python,3.14.6,pilot/results/sboms/python-3.14.6.cdx.json,pkg:deb/debian/libkrb5-dev@1.21.3-5%2Bdeb13u1?arch=amd64&distro=debian-13.6&package-id=96b67c021b66081f&upstream=krb5,library,libkrb5-dev,1.21.3-5+deb13u1,Sam Hartman <hartmans@debian.org>,pkg:deb/debian/libkrb5-dev@1.21.3-5%2Bdeb13u1?arch=amd64&distro=debian-13.6&upstream=krb5,cpe:2.3:a:libkrb5-dev:libkrb5-dev:1.21.3-5\+deb13u1:*:*:*:*:*:*:*,STRUCTURALLY_VALID,,a,libkrb5-dev,libkrb5-dev,1.21.3-5\+deb13u1,*,*,*,*,*,*,*
108873,docker.io/library/python,3.14.6,pilot/results/sboms/python-3.14.6.cdx.json,pkg:deb/debian/libkrb5support0@1.21.3-5%2Bdeb13u1?arch=amd64&distro=debian-13.6&package-id=dcbb71b238b6d3d6&upstream=krb5,library,libkrb5support0,1.21.3-5+deb13u1,Sam Hartman <hartmans@debian.org>,pkg:deb/debian/libkrb5support0@1.21.3-5%2Bdeb13u1?arch=amd64&distro=debian-13.6&upstream=krb5,cpe:2.3:a:libkrb5support0:libkrb5support0:1.21.3-5\+deb13u1:*:*:*:*:*:*:*,STRUCTURALLY_VALID,,a,libkrb5support0,libkrb5support0,1.21.3-5\+deb13u1,*,*,*,*,*,*,*
108874,docker.io/library/python,3.14.6,pilot/results/sboms/python-3.14.6.cdx.json,pkg:deb/debian/libksba8@1.6.7-2%2Bb1?arch=amd64&distro=debian-13.6&package-id=e17fdbaa52128882&upstream=libksba%401.6.7-2,library,libksba8,1.6.7-2+b1,Debian GnuTLS Maintainers <pkg-gnutls-maint@lists.alioth.debian.org>,pkg:deb/debian/libksba8@1.6.7-2%2Bb1?arch=amd64&distro=debian-13.6&upstream=libksba%401.6.7-2,cpe:2.3:a:libksba8:libksba8:1.6.7-2\+b1:*:*:*:*:*:*:*,STRUCTURALLY_VALID,,a,libksba8,libksba8,1.6.7-2\+b1,*,*,*,*,*,*,*
108875,docker.io/library/python,3.14.6,pilot/results/sboms/python-3.14.6.cdx.json,pkg:deb/debian/liblastlog2-2@2.41-5?arch=amd64&distro=debian-13.6&package-id=82f554653d484779&upstream=util-linux,library,liblastlog2-2,2.41-5,Chris Hofstaedtler <zeha@debian.org>,pkg:deb/debian/liblastlog2-2@2.41-5?arch=amd64&distro=debian-13.6&upstream=util-linux,cpe:2.3:a:liblastlog2-2:liblastlog2-2:2.41-5:*:*:*:*:*:*:*,STRUCTURALLY_VALID,,a,liblastlog2-2,liblastlog2-2,2.41-5,*,*,*,*,*,*,*
108876,docker.io/library/python,3.14.6,pilot/results/sboms/python-3.14.6.cdx.json,pkg:deb/debian/liblcms2-2@2.16-2%2Bdeb13u2?arch=amd64&distro=debian-13.6&package-id=ec27e9e285a688e2&upstream=lcms2,library,liblcms2-2,2.16-2+deb13u2,Thomas Weber <tweber@debian.org>,pkg:deb/debian/liblcms2-2@2.16-2%2Bdeb13u2?arch=amd64&distro=debian-13.6&upstream=lcms2,cpe:2.3:a:liblcms2-2:liblcms2-2:2.16-2\+deb13u2:*:*:*:*:*:*:*,STRUCTURALLY_VALID,,a,liblcms2-2,liblcms2-2,2.16-2\+deb13u2,*,*,*,*,*,*,*
108877,docker.io/library/python,3.14.6,pilot/results/sboms/python-3.14.6.cdx.json,pkg:deb/debian/liblcms2-dev@2.16-2%2Bdeb13u2?arch=amd64&distro=debian-13.6&package-id=013029575df772eb&upstream=lcms2,library,liblcms2-dev,2.16-2+deb13u2,Thomas Weber <tweber@debian.org>,pkg:deb/debian/liblcms2-dev@2.16-2%2Bdeb13u2?arch=amd64&distro=debian-13.6&upstream=lcms2,cpe:2.3:a:liblcms2-dev:liblcms2-dev:2.16-2\+deb13u2:*:*:*:*:*:*:*,STRUCTURALLY_VALID,,a,liblcms2-dev,liblcms2-dev,2.16-2\+deb13u2,*,*,*,*,*,*,*
108879,docker.io/library/python,3.14.6,pilot/results/sboms/python-3.14.6.cdx.json,pkg:deb/debian/libldap2@2.6.10%2Bdfsg-1?arch=amd64&distro=debian-13.6&package-id=614dd2dfa62b9595&upstream=openldap,library,libldap2,2.6.10+dfsg-1,Debian OpenLDAP Maintainers <pkg-openldap-devel@lists.alioth.debian.org>,pkg:deb/debian/libldap2@2.6.10%2Bdfsg-1?arch=amd64&distro=debian-13.6&upstream=openldap,cpe:2.3:a:libldap2:libldap2:2.6.10\+dfsg-1:*:*:*:*:*:*:*,STRUCTURALLY_VALID,,a,libldap2,libldap2,2.6.10\+dfsg-1,*,*,*,*,*,*,*
108878,docker.io/library/python,3.14.6,pilot/results/sboms/python-3.14.6.cdx.json,pkg:deb/debian/libldap-dev@2.6.10%2Bdfsg-1?arch=amd64&distro=debian-13.6&package-id=27bb07d6f751e941&upstream=openldap,library,libldap-dev,2.6.10+dfsg-1,Debian OpenLDAP Maintainers <pkg-openldap-devel@lists.alioth.debian.org>,pkg:deb/debian/libldap-dev@2.6.10%2Bdfsg-1?arch=amd64&distro=debian-13.6&upstream=openldap,cpe:2.3:a:libldap-dev:libldap-dev:2.6.10\+dfsg-1:*:*:*:*:*:*:*,STRUCTURALLY_VALID,,a,libldap-dev,libldap-dev,2.6.10\+dfsg-1,*,*,*,*,*,*,*
108881,docker.io/library/python,3.14.6,pilot/results/sboms/python-3.14.6.cdx.json,pkg:deb/debian/liblerc4@4.0.0%2Bds-5?arch=amd64&distro=debian-13.6&package-id=923d18c3ea7d725b&upstream=lerc,library,liblerc4,4.0.0+ds-5,Debian GIS Project <pkg-grass-devel@lists.alioth.debian.org>,pkg:deb/debian/liblerc4@4.0.0%2Bds-5?arch=amd64&distro=debian-13.6&upstream=lerc,cpe:2.3:a:liblerc4:liblerc4:4.0.0\+ds-5:*:*:*:*:*:*:*,STRUCTURALLY_VALID,,a,liblerc4,liblerc4,4.0.0\+ds-5,*,*,*,*,*,*,*
108880,docker.io/library/python,3.14.6,pilot/results/sboms/python-3.14.6.cdx.json,pkg:deb/debian/liblerc-dev@4.0.0%2Bds-5?arch=amd64&distro=debian-13.6&package-id=71fbe99871d10b83&upstream=lerc,library,liblerc-dev,4.0.0+ds-5,Debian GIS Project <pkg-grass-devel@lists.alioth.debian.org>,pkg:deb/debian/liblerc-dev@4.0.0%2Bds-5?arch=amd64&distro=debian-13.6&upstream=lerc,cpe:2.3:a:liblerc-dev:liblerc-dev:4.0.0\+ds-5:*:*:*:*:*:*:*,STRUCTURALLY_VALID,,a,liblerc-dev,liblerc-dev,4.0.0\+ds-5,*,*,*,*,*,*,*
108882,docker.io/library/python,3.14.6,pilot/results/sboms/python-3.14.6.cdx.json,pkg:deb/debian/liblqr-1-0@0.4.2-2.1%2Bb2?arch=amd64&distro=debian-13.6&package-id=393e55e9c6ba37d4&upstream=liblqr%400.4.2-2.1,library,liblqr-1-0,0.4.2-2.1+b2,Bernd Zeimetz <bzed@debian.org>,pkg:deb/debian/liblqr-1-0@0.4.2-2.1%2Bb2?arch=amd64&distro=debian-13.6&upstream=liblqr%400.4.2-2.1,cpe:2.3:a:liblqr-1-0:liblqr-1-0:0.4.2-2.1\+b2:*:*:*:*:*:*:*,STRUCTURALLY_VALID,,a,liblqr-1-0,liblqr-1-0,0.4.2-2.1\+b2,*,*,*,*,*,*,*
108883,docker.io/library/python,3.14.6,pilot/results/sboms/python-3.14.6.cdx.json,pkg:deb/debian/liblqr-1-0-dev@0.4.2-2.1%2Bb2?arch=amd64&distro=debian-13.6&package-id=a130cfade661efaf&upstream=liblqr%400.4.2-2.1,library,liblqr-1-0-dev,0.4.2-2.1+b2,Bernd Zeimetz <bzed@debian.org>,pkg:deb/debian/liblqr-1-0-dev@0.4.2-2.1%2Bb2?arch=amd64&distro=debian-13.6&upstream=liblqr%400.4.2-2.1,cpe:2.3:a:liblqr-1-0-dev:liblqr-1-0-dev:0.4.2-2.1\+b2:*:*:*:*:*:*:*,STRUCTURALLY_VALID,,a,liblqr-1-0-dev,liblqr-1-0-dev,0.4.2-2.1\+b2,*,*,*,*,*,*,*
108884,docker.io/library/python,3.14.6,pilot/results/sboms/python-3.14.6.cdx.json,pkg:deb/debian/liblsan0@14.2.0-19?arch=amd64&distro=debian-13.6&package-id=d3f0e91aac2169e5&upstream=gcc-14,library,liblsan0,14.2.0-19,Debian GCC Maintainers <debian-gcc@lists.debian.org>,pkg:deb/debian/liblsan0@14.2.0-19?arch=amd64&distro=debian-13.6&upstream=gcc-14,cpe:2.3:a:liblsan0:liblsan0:14.2.0-19:*:*:*:*:*:*:*,STRUCTURALLY_VALID,,a,liblsan0,liblsan0,14.2.0-19,*,*,*,*,*,*,*
108886,docker.io/library/python,3.14.6,pilot/results/sboms/python-3.14.6.cdx.json,pkg:deb/debian/libltdl7@2.5.4-4?arch=amd64&distro=debian-13.6&package-id=791c343771a73e2c&upstream=libtool,library,libltdl7,2.5.4-4,Alastair McKinstry <mckinstry@debian.org>,pkg:deb/debian/libltdl7@2.5.4-4?arch=amd64&distro=debian-13.6&upstream=libtool,cpe:2.3:a:libltdl7:libltdl7:2.5.4-4:*:*:*:*:*:*:*,STRUCTURALLY_VALID,,a,libltdl7,libltdl7,2.5.4-4,*,*,*,*,*,*,*
108885,docker.io/library/python,3.14.6,pilot/results/sboms/python-3.14.6.cdx.json,pkg:deb/debian/libltdl-dev@2.5.4-4?arch=amd64&distro=debian-13.6&package-id=70f7a8422feef72e&upstream=libtool,library,libltdl-dev,2.5.4-4,Alastair McKinstry <mckinstry@debian.org>,pkg:deb/debian/libltdl-dev@2.5.4-4?arch=amd64&distro=debian-13.6&upstream=libtool,cpe:2.3:a:libltdl-dev:libltdl-dev:2.5.4-4:*:*:*:*:*:*:*,STRUCTURALLY_VALID,,a,libltdl-dev,libltdl-dev,2.5.4-4,*,*,*,*,*,*,*
108887,docker.io/library/python,3.14.6,pilot/results/sboms/python-3.14.6.cdx.json,pkg:deb/debian/liblz4-1@1.10.0-4?arch=amd64&distro=debian-13.6&package-id=4027ba8f2aab9b06&upstream=lz4,library,liblz4-1,1.10.0-4,Nobuhiro Iwamatsu <iwamatsu@debian.org>,pkg:deb/debian/liblz4-1@1.10.0-4?arch=amd64&distro=debian-13.6&upstream=lz4,cpe:2.3:a:liblz4-1:liblz4-1:1.10.0-4:*:*:*:*:*:*:*,STRUCTURALLY_VALID,,a,liblz4-1,liblz4-1,1.10.0-4,*,*,*,*,*,*,*
108889,docker.io/library/python,3.14.6,pilot/results/sboms/python-3.14.6.cdx.json,pkg:deb/debian/liblzma5@5.8.1-1%2Bdeb13u1?arch=amd64&distro=debian-13.6&package-id=9ade75968c48cc77&upstream=xz-utils,library,liblzma5,5.8.1-1+deb13u1,Sebastian Andrzej Siewior <sebastian@breakpoint.cc>,pkg:deb/debian/liblzma5@5.8.1-1%2Bdeb13u1?arch=amd64&distro=debian-13.6&upstream=xz-utils,cpe:2.3:a:liblzma5:liblzma5:5.8.1-1\+deb13u1:*:*:*:*:*:*:*,STRUCTURALLY_VALID,,a,liblzma5,liblzma5,5.8.1-1\+deb13u1,*,*,*,*,*,*,*
108888,docker.io/library/python,3.14.6,pilot/results/sboms/python-3.14.6.cdx.json,pkg:deb/debian/liblzma-dev@5.8.1-1%2Bdeb13u1?arch=amd64&distro=debian-13.6&package-id=50141638ef40e0ba&upstream=xz-utils,library,liblzma-dev,5.8.1-1+deb13u1,Sebastian Andrzej Siewior <sebastian@breakpoint.cc>,pkg:deb/debian/liblzma-dev@5.8.1-1%2Bdeb13u1?arch=amd64&distro=debian-13.6&upstream=xz-utils,cpe:2.3:a:liblzma-dev:liblzma-dev:5.8.1-1\+deb13u1:*:*:*:*:*:*:*,STRUCTURALLY_VALID,,a,liblzma-dev,liblzma-dev,5.8.1-1\+deb13u1,*,*,*,*,*,*,*
108890,docker.io/library/python,3.14.6,pilot/results/sboms/python-3.14.6.cdx.json,pkg:deb/debian/liblzo2-2@2.10-3%2Bb1?arch=amd64&distro=debian-13.6&package-id=3ec6f95ad613c694&upstream=lzo2%402.10-3,library,liblzo2-2,2.10-3+b1,Stephen Kitt <skitt@debian.org>,pkg:deb/debian/liblzo2-2@2.10-3%2Bb1?arch=amd64&distro=debian-13.6&upstream=lzo2%402.10-3,cpe:2.3:a:liblzo2-2:liblzo2-2:2.10-3\+b1:*:*:*:*:*:*:*,STRUCTURALLY_VALID,,a,liblzo2-2,liblzo2-2,2.10-3\+b1,*,*,*,*,*,*,*
108892,docker.io/library/python,3.14.6,pilot/results/sboms/python-3.14.6.cdx.json,pkg:deb/debian/libmagic1t64@1%3A5.46-5?arch=amd64&distro=debian-13.6&package-id=53a8c534083eaaa1&upstream=file,library,libmagic1t64,1:5.46-5,Christoph Biedl <debian.axhn@manchmal.in-ulm.de>,pkg:deb/debian/libmagic1t64@1%3A5.46-5?arch=amd64&distro=debian-13.6&upstream=file,cpe:2.3:a:libmagic1t64:libmagic1t64:1\:5.46-5:*:*:*:*:*:*:*,STRUCTURALLY_VALID,,a,libmagic1t64,libmagic1t64,1\:5.46-5,*,*,*,*,*,*,*
108893,docker.io/library/python,3.14.6,pilot/results/sboms/python-3.14.6.cdx.json,pkg:deb/debian/libmagickcore-7-arch-config@8%3A7.1.1.43%2Bdfsg1-1%2Bdeb13u11?arch=amd64&distro=debian-13.6&package-id=82bdff6af23d03f5&upstream=imagemagick,library,libmagickcore-7-arch-config,8:7.1.1.43+dfsg1-1+deb13u11,ImageMagick Packaging Team <pkg-gmagick-im-team@lists.alioth.debian.org>,pkg:deb/debian/libmagickcore-7-arch-config@8%3A7.1.1.43%2Bdfsg1-1%2Bdeb13u11?arch=amd64&distro=debian-13.6&upstream=imagemagick,cpe:2.3:a:libmagickcore-7-arch-config:libmagickcore-7-arch-config:8\:7.1.1.43\+dfsg1-1\+deb13u11:*:*:*:*:*:*:*,STRUCTURALLY_VALID,,a,libmagickcore-7-arch-config,libmagickcore-7-arch-config,8\:7.1.1.43\+dfsg1-1\+deb13u11,*,*,*,*,*,*,*
108894,docker.io/library/python,3.14.6,pilot/results/sboms/python-3.14.6.cdx.json,pkg:deb/debian/libmagickcore-7-headers@8%3A7.1.1.43%2Bdfsg1-1%2Bdeb13u11?arch=all&distro=debian-13.6&package-id=0bec4f01a4a4aed0&upstream=imagemagick,library,libmagickcore-7-headers,8:7.1.1.43+dfsg1-1+deb13u11,ImageMagick Packaging Team <pkg-gmagick-im-team@lists.alioth.debian.org>,pkg:deb/debian/libmagickcore-7-headers@8%3A7.1.1.43%2Bdfsg1-1%2Bdeb13u11?arch=all&distro=debian-13.6&upstream=imagemagick,cpe:2.3:a:libmagickcore-7-headers:libmagickcore-7-headers:8\:7.1.1.43\+dfsg1-1\+deb13u11:*:*:*:*:*:*:*,STRUCTURALLY_VALID,,a,libmagickcore-7-headers,libmagickcore-7-headers,8\:7.1.1.43\+dfsg1-1\+deb13u11,*,*,*,*,*,*,*
108895,docker.io/library/python,3.14.6,pilot/results/sboms/python-3.14.6.cdx.json,pkg:deb/debian/libmagickcore-7.q16-10@8%3A7.1.1.43%2Bdfsg1-1%2Bdeb13u11?arch=amd64&distro=debian-13.6&package-id=3411739caa61e916&upstream=imagemagick,library,libmagickcore-7.q16-10,8:7.1.1.43+dfsg1-1+deb13u11,ImageMagick Packaging Team <pkg-gmagick-im-team@lists.alioth.debian.org>,pkg:deb/debian/libmagickcore-7.q16-10@8%3A7.1.1.43%2Bdfsg1-1%2Bdeb13u11?arch=amd64&distro=debian-13.6&upstream=imagemagick,cpe:2.3:a:libmagickcore-7.q16-10:libmagickcore-7.q16-10:8\:7.1.1.43\+dfsg1-1\+deb13u11:*:*:*:*:*:*:*,STRUCTURALLY_VALID,,a,libmagickcore-7.q16-10,libmagickcore-7.q16-10,8\:7.1.1.43\+dfsg1-1\+deb13u11,*,*,*,*,*,*,*
108896,docker.io/library/python,3.14.6,pilot/results/sboms/python-3.14.6.cdx.json,pkg:deb/debian/libmagickcore-7.q16-10-extra@8%3A7.1.1.43%2Bdfsg1-1%2Bdeb13u11?arch=amd64&distro=debian-13.6&package-id=eb02a39cc27fcf97&upstream=imagemagick,library,libmagickcore-7.q16-10-extra,8:7.1.1.43+dfsg1-1+deb13u11,ImageMagick Packaging Team <pkg-gmagick-im-team@lists.alioth.debian.org>,pkg:deb/debian/libmagickcore-7.q16-10-extra@8%3A7.1.1.43%2Bdfsg1-1%2Bdeb13u11?arch=amd64&distro=debian-13.6&upstream=imagemagick,cpe:2.3:a:libmagickcore-7.q16-10-extra:libmagickcore-7.q16-10-extra:8\:7.1.1.43\+dfsg1-1\+deb13u11:*:*:*:*:*:*:*,STRUCTURALLY_VALID,,a,libmagickcore-7.q16-10-extra,libmagickcore-7.q16-10-extra,8\:7.1.1.43\+dfsg1-1\+deb13u11,*,*,*,*,*,*,*
108897,docker.io/library/python,3.14.6,pilot/results/sboms/python-3.14.6.cdx.json,pkg:deb/debian/libmagickcore-7.q16-dev@8%3A7.1.1.43%2Bdfsg1-1%2Bdeb13u11?arch=amd64&distro=debian-13.6&package-id=a58ea2907b74236f&upstream=imagemagick,library,libmagickcore-7.q16-dev,8:7.1.1.43+dfsg1-1+deb13u11,ImageMagick Packaging Team <pkg-gmagick-im-team@lists.alioth.debian.org>,pkg:deb/debian/libmagickcore-7.q16-dev@8%3A7.1.1.43%2Bdfsg1-1%2Bdeb13u11?arch=amd64&distro=debian-13.6&upstream=imagemagick,cpe:2.3:a:libmagickcore-7.q16-dev:libmagickcore-7.q16-dev:8\:7.1.1.43\+dfsg1-1\+deb13u11:*:*:*:*:*:*:*,STRUCTURALLY_VALID,,a,libmagickcore-7.q16-dev,libmagickcore-7.q16-dev,8\:7.1.1.43\+dfsg1-1\+deb13u11,*,*,*,*,*,*,*
108898,docker.io/library/python,3.14.6,pilot/results/sboms/python-3.14.6.cdx.json,pkg:deb/debian/libmagickcore-dev@8%3A7.1.1.43%2Bdfsg1-1%2Bdeb13u11?arch=all&distro=debian-13.6&package-id=d744198d07d5a565&upstream=imagemagick,library,libmagickcore-dev,8:7.1.1.43+dfsg1-1+deb13u11,ImageMagick Packaging Team <pkg-gmagick-im-team@lists.alioth.debian.org>,pkg:deb/debian/libmagickcore-dev@8%3A7.1.1.43%2Bdfsg1-1%2Bdeb13u11?arch=all&distro=debian-13.6&upstream=imagemagick,cpe:2.3:a:libmagickcore-dev:libmagickcore-dev:8\:7.1.1.43\+dfsg1-1\+deb13u11:*:*:*:*:*:*:*,STRUCTURALLY_VALID,,a,libmagickcore-dev,libmagickcore-dev,8\:7.1.1.43\+dfsg1-1\+deb13u11,*,*,*,*,*,*,*
108899,docker.io/library/python,3.14.6,pilot/results/sboms/python-3.14.6.cdx.json,pkg:deb/debian/libmagickwand-7-headers@8%3A7.1.1.43%2Bdfsg1-1%2Bdeb13u11?arch=all&distro=debian-13.6&package-id=f98cae6af3818120&upstream=imagemagick,library,libmagickwand-7-headers,8:7.1.1.43+dfsg1-1+deb13u11,ImageMagick Packaging Team <pkg-gmagick-im-team@lists.alioth.debian.org>,pkg:deb/debian/libmagickwand-7-headers@8%3A7.1.1.43%2Bdfsg1-1%2Bdeb13u11?arch=all&distro=debian-13.6&upstream=imagemagick,cpe:2.3:a:libmagickwand-7-headers:libmagickwand-7-headers:8\:7.1.1.43\+dfsg1-1\+deb13u11:*:*:*:*:*:*:*,STRUCTURALLY_VALID,,a,libmagickwand-7-headers,libmagickwand-7-headers,8\:7.1.1.43\+dfsg1-1\+deb13u11,*,*,*,*,*,*,*
108900,docker.io/library/python,3.14.6,pilot/results/sboms/python-3.14.6.cdx.json,pkg:deb/debian/libmagickwand-7.q16-10@8%3A7.1.1.43%2Bdfsg1-1%2Bdeb13u11?arch=amd64&distro=debian-13.6&package-id=42f26d0f4a0a2057&upstream=imagemagick,library,libmagickwand-7.q16-10,8:7.1.1.43+dfsg1-1+deb13u11,ImageMagick Packaging Team <pkg-gmagick-im-team@lists.alioth.debian.org>,pkg:deb/debian/libmagickwand-7.q16-10@8%3A7.1.1.43%2Bdfsg1-1%2Bdeb13u11?arch=amd64&distro=debian-13.6&upstream=imagemagick,cpe:2.3:a:libmagickwand-7.q16-10:libmagickwand-7.q16-10:8\:7.1.1.43\+dfsg1-1\+deb13u11:*:*:*:*:*:*:*,STRUCTURALLY_VALID,,a,libmagickwand-7.q16-10,libmagickwand-7.q16-10,8\:7.1.1.43\+dfsg1-1\+deb13u11,*,*,*,*,*,*,*
108901,docker.io/library/python,3.14.6,pilot/results/sboms/python-3.14.6.cdx.json,pkg:deb/debian/libmagickwand-7.q16-dev@8%3A7.1.1.43%2Bdfsg1-1%2Bdeb13u11?arch=amd64&distro=debian-13.6&package-id=a2768e58707e4c1f&upstream=imagemagick,library,libmagickwand-7.q16-dev,8:7.1.1.43+dfsg1-1+deb13u11,ImageMagick Packaging Team <pkg-gmagick-im-team@lists.alioth.debian.org>,pkg:deb/debian/libmagickwand-7.q16-dev@8%3A7.1.1.43%2Bdfsg1-1%2Bdeb13u11?arch=amd64&distro=debian-13.6&upstream=imagemagick,cpe:2.3:a:libmagickwand-7.q16-dev:libmagickwand-7.q16-dev:8\:7.1.1.43\+dfsg1-1\+deb13u11:*:*:*:*:*:*:*,STRUCTURALLY_VALID,,a,libmagickwand-7.q16-dev,libmagickwand-7.q16-dev,8\:7.1.1.43\+dfsg1-1\+deb13u11,*,*,*,*,*,*,*
108902,docker.io/library/python,3.14.6,pilot/results/sboms/python-3.14.6.cdx.json,pkg:deb/debian/libmagickwand-dev@8%3A7.1.1.43%2Bdfsg1-1%2Bdeb13u11?arch=all&distro=debian-13.6&package-id=4003e1c48a022fcf&upstream=imagemagick,library,libmagickwand-dev,8:7.1.1.43+dfsg1-1+deb13u11,ImageMagick Packaging Team <pkg-gmagick-im-team@lists.alioth.debian.org>,pkg:deb/debian/libmagickwand-dev@8%3A7.1.1.43%2Bdfsg1-1%2Bdeb13u11?arch=all&distro=debian-13.6&upstream=imagemagick,cpe:2.3:a:libmagickwand-dev:libmagickwand-dev:8\:7.1.1.43\+dfsg1-1\+deb13u11:*:*:*:*:*:*:*,STRUCTURALLY_VALID,,a,libmagickwand-dev,libmagickwand-dev,8\:7.1.1.43\+dfsg1-1\+deb13u11,*,*,*,*,*,*,*
108891,docker.io/library/python,3.14.6,pilot/results/sboms/python-3.14.6.cdx.json,pkg:deb/debian/libmagic-mgc@1%3A5.46-5?arch=amd64&distro=debian-13.6&package-id=767bc8441a91895a&upstream=file,library,libmagic-mgc,1:5.46-5,Christoph Biedl <debian.axhn@manchmal.in-ulm.de>,pkg:deb/debian/libmagic-mgc@1%3A5.46-5?arch=amd64&distro=debian-13.6&upstream=file,cpe:2.3:a:libmagic-mgc:libmagic-mgc:1\:5.46-5:*:*:*:*:*:*:*,STRUCTURALLY_VALID,,a,libmagic-mgc,libmagic-mgc,1\:5.46-5,*,*,*,*,*,*,*
108905,docker.io/library/python,3.14.6,pilot/results/sboms/python-3.14.6.cdx.json,pkg:deb/debian/libmariadb3@1%3A11.8.6-0%2Bdeb13u1?arch=amd64&distro=debian-13.6&package-id=fe7e6e1ad0b2ec14&upstream=mariadb,library,libmariadb3,1:11.8.6-0+deb13u1,Debian MySQL Maintainers <pkg-mysql-maint@lists.alioth.debian.org>,pkg:deb/debian/libmariadb3@1%3A11.8.6-0%2Bdeb13u1?arch=amd64&distro=debian-13.6&upstream=mariadb,cpe:2.3:a:libmariadb3:libmariadb3:1\:11.8.6-0\+deb13u1:*:*:*:*:*:*:*,STRUCTURALLY_VALID,,a,libmariadb3,libmariadb3,1\:11.8.6-0\+deb13u1,*,*,*,*,*,*,*
108903,docker.io/library/python,3.14.6,pilot/results/sboms/python-3.14.6.cdx.json,pkg:deb/debian/libmariadb-dev@1%3A11.8.6-0%2Bdeb13u1?arch=amd64&distro=debian-13.6&package-id=71daf1efd9d81e66&upstream=mariadb,library,libmariadb-dev,1:11.8.6-0+deb13u1,Debian MySQL Maintainers <pkg-mysql-maint@lists.alioth.debian.org>,pkg:deb/debian/libmariadb-dev@1%3A11.8.6-0%2Bdeb13u1?arch=amd64&distro=debian-13.6&upstream=mariadb,cpe:2.3:a:libmariadb-dev:libmariadb-dev:1\:11.8.6-0\+deb13u1:*:*:*:*:*:*:*,STRUCTURALLY_VALID,,a,libmariadb-dev,libmariadb-dev,1\:11.8.6-0\+deb13u1,*,*,*,*,*,*,*
108904,docker.io/library/python,3.14.6,pilot/results/sboms/python-3.14.6.cdx.json,pkg:deb/debian/libmariadb-dev-compat@1%3A11.8.6-0%2Bdeb13u1?arch=amd64&distro=debian-13.6&package-id=498ea45976563a97&upstream=mariadb,library,libmariadb-dev-compat,1:11.8.6-0+deb13u1,Debian MySQL Maintainers <pkg-mysql-maint@lists.alioth.debian.org>,pkg:deb/debian/libmariadb-dev-compat@1%3A11.8.6-0%2Bdeb13u1?arch=amd64&distro=debian-13.6&upstream=mariadb,cpe:2.3:a:libmariadb-dev-compat:libmariadb-dev-compat:1\:11.8.6-0\+deb13u1:*:*:*:*:*:*:*,STRUCTURALLY_VALID,,a,libmariadb-dev-compat,libmariadb-dev-compat,1\:11.8.6-0\+deb13u1,*,*,*,*,*,*,*
108907,docker.io/library/python,3.14.6,pilot/results/sboms/python-3.14.6.cdx.json,pkg:deb/debian/libmaxminddb0@1.12.2-1?arch=amd64&distro=debian-13.6&package-id=6b484d1149c579ab&upstream=libmaxminddb,library,libmaxminddb0,1.12.2-1,Faidon Liambotis <paravoid@debian.org>,pkg:deb/debian/libmaxminddb0@1.12.2-1?arch=amd64&distro=debian-13.6&upstream=libmaxminddb,cpe:2.3:a:libmaxminddb0:libmaxminddb0:1.12.2-1:*:*:*:*:*:*:*,STRUCTURALLY_VALID,,a,libmaxminddb0,libmaxminddb0,1.12.2-1,*,*,*,*,*,*,*
108906,docker.io/library/python,3.14.6,pilot/results/sboms/python-3.14.6.cdx.json,pkg:deb/debian/libmaxminddb-dev@1.12.2-1?arch=amd64&distro=debian-13.6&package-id=cb9d711d9aecba2b&upstream=libmaxminddb,library,libmaxminddb-dev,1.12.2-1,Faidon Liambotis <paravoid@debian.org>,pkg:deb/debian/libmaxminddb-dev@1.12.2-1?arch=amd64&distro=debian-13.6&upstream=libmaxminddb,cpe:2.3:a:libmaxminddb-dev:libmaxminddb-dev:1.12.2-1:*:*:*:*:*:*:*,STRUCTURALLY_VALID,,a,libmaxminddb-dev,libmaxminddb-dev,1.12.2-1,*,*,*,*,*,*,*
108908,docker.io/library/python,3.14.6,pilot/results/sboms/python-3.14.6.cdx.json,pkg:deb/debian/libmd0@1.1.0-2%2Bb1?arch=amd64&distro=debian-13.6&package-id=ffd304ab77f359f2&upstream=libmd%401.1.0-2,library,libmd0,1.1.0-2+b1,Guillem Jover <guillem@debian.org>,pkg:deb/debian/libmd0@1.1.0-2%2Bb1?arch=amd64&distro=debian-13.6&upstream=libmd%401.1.0-2,cpe:2.3:a:libmd0:libmd0:1.1.0-2\+b1:*:*:*:*:*:*:*,STRUCTURALLY_VALID,,a,libmd0,libmd0,1.1.0-2\+b1,*,*,*,*,*,*,*
108910,docker.io/library/python,3.14.6,pilot/results/sboms/python-3.14.6.cdx.json,pkg:deb/debian/libmount1@2.41-5?arch=amd64&distro=debian-13.6&package-id=fb348d32a9e96833&upstream=util-linux,library,libmount1,2.41-5,Chris Hofstaedtler <zeha@debian.org>,pkg:deb/debian/libmount1@2.41-5?arch=amd64&distro=debian-13.6&upstream=util-linux,cpe:2.3:a:libmount1:libmount1:2.41-5:*:*:*:*:*:*:*,STRUCTURALLY_VALID,,a,libmount1,libmount1,2.41-5,*,*,*,*,*,*,*
108909,docker.io/library/python,3.14.6,pilot/results/sboms/python-3.14.6.cdx.json,pkg:deb/debian/libmount-dev@2.41-5?arch=amd64&distro=debian-13.6&package-id=024ed992d1eb6685&upstream=util-linux,library,libmount-dev,2.41-5,Chris Hofstaedtler <zeha@debian.org>,pkg:deb/debian/libmount-dev@2.41-5?arch=amd64&distro=debian-13.6&upstream=util-linux,cpe:2.3:a:libmount-dev:libmount-dev:2.41-5:*:*:*:*:*:*:*,STRUCTURALLY_VALID,,a,libmount-dev,libmount-dev,2.41-5,*,*,*,*,*,*,*
108911,docker.io/library/python,3.14.6,pilot/results/sboms/python-3.14.6.cdx.json,pkg:deb/debian/libmpc3@1.3.1-1%2Bb3?arch=amd64&distro=debian-13.6&package-id=3b68933e074e8b9f&upstream=mpclib3%401.3.1-1,library,libmpc3,1.3.1-1+b3,Debian GCC Maintainers <debian-gcc@lists.debian.org>,pkg:deb/debian/libmpc3@1.3.1-1%2Bb3?arch=amd64&distro=debian-13.6&upstream=mpclib3%401.3.1-1,cpe:2.3:a:libmpc3:libmpc3:1.3.1-1\+b3:*:*:*:*:*:*:*,STRUCTURALLY_VALID,,a,libmpc3,libmpc3,1.3.1-1\+b3,*,*,*,*,*,*,*
108912,docker.io/library/python,3.14.6,pilot/results/sboms/python-3.14.6.cdx.json,pkg:deb/debian/libmpfr6@4.2.2-1?arch=amd64&distro=debian-13.6&package-id=97540023501b989e&upstream=mpfr4,library,libmpfr6,4.2.2-1,Debian GCC Maintainers <debian-gcc@lists.debian.org>,pkg:deb/debian/libmpfr6@4.2.2-1?arch=amd64&distro=debian-13.6&upstream=mpfr4,cpe:2.3:a:libmpfr6:libmpfr6:4.2.2-1:*:*:*:*:*:*:*,STRUCTURALLY_VALID,,a,libmpfr6,libmpfr6,4.2.2-1,*,*,*,*,*,*,*
108914,docker.io/library/python,3.14.6,pilot/results/sboms/python-3.14.6.cdx.json,pkg:deb/debian/libncurses6@6.5%2B20250216-2?arch=amd64&distro=debian-13.6&package-id=a604db0b806d9b55&upstream=ncurses,library,libncurses6,6.5+20250216-2,Ncurses Maintainers <ncurses@packages.debian.org>,pkg:deb/debian/libncurses6@6.5%2B20250216-2?arch=amd64&distro=debian-13.6&upstream=ncurses,cpe:2.3:a:libncurses6:libncurses6:6.5\+20250216-2:*:*:*:*:*:*:*,STRUCTURALLY_VALID,,a,libncurses6,libncurses6,6.5\+20250216-2,*,*,*,*,*,*,*
108913,docker.io/library/python,3.14.6,pilot/results/sboms/python-3.14.6.cdx.json,pkg:deb/debian/libncurses-dev@6.5%2B20250216-2?arch=amd64&distro=debian-13.6&package-id=219bf2d56e5a019d&upstream=ncurses,library,libncurses-dev,6.5+20250216-2,Ncurses Maintainers <ncurses@packages.debian.org>,pkg:deb/debian/libncurses-dev@6.5%2B20250216-2?arch=amd64&distro=debian-13.6&upstream=ncurses,cpe:2.3:a:libncurses-dev:libncurses-dev:6.5\+20250216-2:*:*:*:*:*:*:*,STRUCTURALLY_VALID,,a,libncurses-dev,libncurses-dev,6.5\+20250216-2,*,*,*,*,*,*,*
108915,docker.io/library/python,3.14.6,pilot/results/sboms/python-3.14.6.cdx.json,pkg:deb/debian/libncursesw6@6.5%2B20250216-2?arch=amd64&distro=debian-13.6&package-id=212a71fa16031fdf&upstream=ncurses,library,libncursesw6,6.5+20250216-2,Ncurses Maintainers <ncurses@packages.debian.org>,pkg:deb/debian/libncursesw6@6.5%2B20250216-2?arch=amd64&distro=debian-13.6&upstream=ncurses,cpe:2.3:a:libncursesw6:libncursesw6:6.5\+20250216-2:*:*:*:*:*:*:*,STRUCTURALLY_VALID,,a,libncursesw6,libncursesw6,6.5\+20250216-2,*,*,*,*,*,*,*
108916,docker.io/library/python,3.14.6,pilot/results/sboms/python-3.14.6.cdx.json,pkg:deb/debian/libnettle8t64@3.10.1-1?arch=amd64&distro=debian-13.6&package-id=830df7dec0785e1a&upstream=nettle,library,libnettle8t64,3.10.1-1,Magnus Holmgren <holmgren@debian.org>,pkg:deb/debian/libnettle8t64@3.10.1-1?arch=amd64&distro=debian-13.6&upstream=nettle,cpe:2.3:a:libnettle8t64:libnettle8t64:3.10.1-1:*:*:*:*:*:*:*,STRUCTURALLY_VALID,,a,libnettle8t64,libnettle8t64,3.10.1-1,*,*,*,*,*,*,*
108917,docker.io/library/python,3.14.6,pilot/results/sboms/python-3.14.6.cdx.json,pkg:deb/debian/libnghttp2-14@1.64.0-1.1%2Bdeb13u1?arch=amd64&distro=debian-13.6&package-id=de3bcbf9daefbcfb&upstream=nghttp2,library,libnghttp2-14,1.64.0-1.1+deb13u1,Tomasz Buchert <tomasz@debian.org>,pkg:deb/debian/libnghttp2-14@1.64.0-1.1%2Bdeb13u1?arch=amd64&distro=debian-13.6&upstream=nghttp2,cpe:2.3:a:libnghttp2-14:libnghttp2-14:1.64.0-1.1\+deb13u1:*:*:*:*:*:*:*,STRUCTURALLY_VALID,,a,libnghttp2-14,libnghttp2-14,1.64.0-1.1\+deb13u1,*,*,*,*,*,*,*
108918,docker.io/library/python,3.14.6,pilot/results/sboms/python-3.14.6.cdx.json,pkg:deb/debian/libnghttp2-dev@1.64.0-1.1%2Bdeb13u1?arch=amd64&distro=debian-13.6&package-id=6d7b8db0c0f2341a&upstream=nghttp2,library,libnghttp2-dev,1.64.0-1.1+deb13u1,Tomasz Buchert <tomasz@debian.org>,pkg:deb/debian/libnghttp2-dev@1.64.0-1.1%2Bdeb13u1?arch=amd64&distro=debian-13.6&upstream=nghttp2,cpe:2.3:a:libnghttp2-dev:libnghttp2-dev:1.64.0-1.1\+deb13u1:*:*:*:*:*:*:*,STRUCTURALLY_VALID,,a,libnghttp2-dev,libnghttp2-dev,1.64.0-1.1\+deb13u1,*,*,*,*,*,*,*
108919,docker.io/library/python,3.14.6,pilot/results/sboms/python-3.14.6.cdx.json,pkg:deb/debian/libnghttp3-9@1.8.0-1?arch=amd64&distro=debian-13.6&package-id=bd0ec430893cc174&upstream=nghttp3,library,libnghttp3-9,1.8.0-1,Debian Curl Maintainers <team+curl@tracker.debian.org>,pkg:deb/debian/libnghttp3-9@1.8.0-1?arch=amd64&distro=debian-13.6&upstream=nghttp3,cpe:2.3:a:libnghttp3-9:libnghttp3-9:1.8.0-1:*:*:*:*:*:*:*,STRUCTURALLY_VALID,,a,libnghttp3-9,libnghttp3-9,1.8.0-1,*,*,*,*,*,*,*
108920,docker.io/library/python,3.14.6,pilot/results/sboms/python-3.14.6.cdx.json,pkg:deb/debian/libnghttp3-dev@1.8.0-1?arch=amd64&distro=debian-13.6&package-id=302bc6e55e035f11&upstream=nghttp3,library,libnghttp3-dev,1.8.0-1,Debian Curl Maintainers <team+curl@tracker.debian.org>,pkg:deb/debian/libnghttp3-dev@1.8.0-1?arch=amd64&distro=debian-13.6&upstream=nghttp3,cpe:2.3:a:libnghttp3-dev:libnghttp3-dev:1.8.0-1:*:*:*:*:*:*:*,STRUCTURALLY_VALID,,a,libnghttp3-dev,libnghttp3-dev,1.8.0-1,*,*,*,*,*,*,*
108921,docker.io/library/python,3.14.6,pilot/results/sboms/python-3.14.6.cdx.json,pkg:deb/debian/libngtcp2-16@1.11.0-1%2Bdeb13u1?arch=amd64&distro=debian-13.6&package-id=03287c10e85ecb4a&upstream=ngtcp2,library,libngtcp2-16,1.11.0-1+deb13u1,Debian Curl Maintainers <team+curl@tracker.debian.org>,pkg:deb/debian/libngtcp2-16@1.11.0-1%2Bdeb13u1?arch=amd64&distro=debian-13.6&upstream=ngtcp2,cpe:2.3:a:libngtcp2-16:libngtcp2-16:1.11.0-1\+deb13u1:*:*:*:*:*:*:*,STRUCTURALLY_VALID,,a,libngtcp2-16,libngtcp2-16,1.11.0-1\+deb13u1,*,*,*,*,*,*,*
108922,docker.io/library/python,3.14.6,pilot/results/sboms/python-3.14.6.cdx.json,pkg:deb/debian/libngtcp2-crypto-gnutls8@1.11.0-1%2Bdeb13u1?arch=amd64&distro=debian-13.6&package-id=b516748e095e1c28&upstream=ngtcp2,library,libngtcp2-crypto-gnutls8,1.11.0-1+deb13u1,Debian Curl Maintainers <team+curl@tracker.debian.org>,pkg:deb/debian/libngtcp2-crypto-gnutls8@1.11.0-1%2Bdeb13u1?arch=amd64&distro=debian-13.6&upstream=ngtcp2,cpe:2.3:a:libngtcp2-crypto-gnutls8:libngtcp2-crypto-gnutls8:1.11.0-1\+deb13u1:*:*:*:*:*:*:*,STRUCTURALLY_VALID,,a,libngtcp2-crypto-gnutls8,libngtcp2-crypto-gnutls8,1.11.0-1\+deb13u1,*,*,*,*,*,*,*
108923,docker.io/library/python,3.14.6,pilot/results/sboms/python-3.14.6.cdx.json,pkg:deb/debian/libnpth0t64@1.8-3?arch=amd64&distro=debian-13.6&package-id=ed714f9d6c0e6eab&upstream=npth,library,libnpth0t64,1.8-3,Eric Dorland <eric@debian.org>,pkg:deb/debian/libnpth0t64@1.8-3?arch=amd64&distro=debian-13.6&upstream=npth,cpe:2.3:a:libnpth0t64:libnpth0t64:1.8-3:*:*:*:*:*:*:*,STRUCTURALLY_VALID,,a,libnpth0t64,libnpth0t64,1.8-3,*,*,*,*,*,*,*
108924,docker.io/library/python,3.14.6,pilot/results/sboms/python-3.14.6.cdx.json,pkg:deb/debian/libopenexr-3-1-30@3.1.13-2?arch=amd64&distro=debian-13.6&package-id=1b00f466d9bf38f8&upstream=openexr,library,libopenexr-3-1-30,3.1.13-2,Debian PhotoTools Maintainers <pkg-phototools-devel@lists.alioth.debian.org>,pkg:deb/debian/libopenexr-3-1-30@3.1.13-2?arch=amd64&distro=debian-13.6&upstream=openexr,cpe:2.3:a:libopenexr-3-1-30:libopenexr-3-1-30:3.1.13-2:*:*:*:*:*:*:*,STRUCTURALLY_VALID,,a,libopenexr-3-1-30,libopenexr-3-1-30,3.1.13-2,*,*,*,*,*,*,*
108925,docker.io/library/python,3.14.6,pilot/results/sboms/python-3.14.6.cdx.json,pkg:deb/debian/libopenexr-dev@3.1.13-2?arch=amd64&distro=debian-13.6&package-id=807aee7c746dd803&upstream=openexr,library,libopenexr-dev,3.1.13-2,Debian PhotoTools Maintainers <pkg-phototools-devel@lists.alioth.debian.org>,pkg:deb/debian/libopenexr-dev@3.1.13-2?arch=amd64&distro=debian-13.6&upstream=openexr,cpe:2.3:a:libopenexr-dev:libopenexr-dev:3.1.13-2:*:*:*:*:*:*:*,STRUCTURALLY_VALID,,a,libopenexr-dev,libopenexr-dev,3.1.13-2,*,*,*,*,*,*,*
108926,docker.io/library/python,3.14.6,pilot/results/sboms/python-3.14.6.cdx.json,pkg:deb/debian/libopenjp2-7@2.5.3-2.1~deb13u2?arch=amd64&distro=debian-13.6&package-id=3747a63ebad1c96d&upstream=openjpeg2,library,libopenjp2-7,2.5.3-2.1~deb13u2,Debian PhotoTools Maintainers <pkg-phototools-devel@lists.alioth.debian.org>,pkg:deb/debian/libopenjp2-7@2.5.3-2.1~deb13u2?arch=amd64&distro=debian-13.6&upstream=openjpeg2,cpe:2.3:a:libopenjp2-7:libopenjp2-7:2.5.3-2.1\~deb13u2:*:*:*:*:*:*:*,STRUCTURALLY_VALID,,a,libopenjp2-7,libopenjp2-7,2.5.3-2.1\~deb13u2,*,*,*,*,*,*,*
108927,docker.io/library/python,3.14.6,pilot/results/sboms/python-3.14.6.cdx.json,pkg:deb/debian/libopenjp2-7-dev@2.5.3-2.1~deb13u2?arch=amd64&distro=debian-13.6&package-id=03f037a0ba128646&upstream=openjpeg2,library,libopenjp2-7-dev,2.5.3-2.1~deb13u2,Debian PhotoTools Maintainers <pkg-phototools-devel@lists.alioth.debian.org>,pkg:deb/debian/libopenjp2-7-dev@2.5.3-2.1~deb13u2?arch=amd64&distro=debian-13.6&upstream=openjpeg2,cpe:2.3:a:libopenjp2-7-dev:libopenjp2-7-dev:2.5.3-2.1\~deb13u2:*:*:*:*:*:*:*,STRUCTURALLY_VALID,,a,libopenjp2-7-dev,libopenjp2-7-dev,2.5.3-2.1\~deb13u2,*,*,*,*,*,*,*
108929,docker.io/library/python,3.14.6,pilot/results/sboms/python-3.14.6.cdx.json,pkg:deb/debian/libp11-kit0@0.25.5-3?arch=amd64&distro=debian-13.6&package-id=21af26782f8669a0&upstream=p11-kit,library,libp11-kit0,0.25.5-3,Debian GnuTLS Maintainers <pkg-gnutls-maint@lists.alioth.debian.org>,pkg:deb/debian/libp11-kit0@0.25.5-3?arch=amd64&distro=debian-13.6&upstream=p11-kit,cpe:2.3:a:libp11-kit0:libp11-kit0:0.25.5-3:*:*:*:*:*:*:*,STRUCTURALLY_VALID,,a,libp11-kit0,libp11-kit0,0.25.5-3,*,*,*,*,*,*,*
108928,docker.io/library/python,3.14.6,pilot/results/sboms/python-3.14.6.cdx.json,pkg:deb/debian/libp11-kit-dev@0.25.5-3?arch=amd64&distro=debian-13.6&package-id=512de7daeedecc8e&upstream=p11-kit,library,libp11-kit-dev,0.25.5-3,Debian GnuTLS Maintainers <pkg-gnutls-maint@lists.alioth.debian.org>,pkg:deb/debian/libp11-kit-dev@0.25.5-3?arch=amd64&distro=debian-13.6&upstream=p11-kit,cpe:2.3:a:libp11-kit-dev:libp11-kit-dev:0.25.5-3:*:*:*:*:*:*:*,STRUCTURALLY_VALID,,a,libp11-kit-dev,libp11-kit-dev,0.25.5-3,*,*,*,*,*,*,*
108933,docker.io/library/python,3.14.6,pilot/results/sboms/python-3.14.6.cdx.json,pkg:deb/debian/libpam0g@1.7.0-5?arch=amd64&distro=debian-13.6&package-id=1c6c7728b37b94de&upstream=pam,library,libpam0g,1.7.0-5,Sam Hartman <hartmans@debian.org>,pkg:deb/debian/libpam0g@1.7.0-5?arch=amd64&distro=debian-13.6&upstream=pam,cpe:2.3:a:libpam0g:libpam0g:1.7.0-5:*:*:*:*:*:*:*,STRUCTURALLY_VALID,,a,libpam0g,libpam0g,1.7.0-5,*,*,*,*,*,*,*
108930,docker.io/library/python,3.14.6,pilot/results/sboms/python-3.14.6.cdx.json,pkg:deb/debian/libpam-modules@1.7.0-5?arch=amd64&distro=debian-13.6&package-id=1f32975dfd37be95&upstream=pam,library,libpam-modules,1.7.0-5,Sam Hartman <hartmans@debian.org>,pkg:deb/debian/libpam-modules@1.7.0-5?arch=amd64&distro=debian-13.6&upstream=pam,cpe:2.3:a:libpam-modules:libpam-modules:1.7.0-5:*:*:*:*:*:*:*,STRUCTURALLY_VALID,,a,libpam-modules,libpam-modules,1.7.0-5,*,*,*,*,*,*,*
108931,docker.io/library/python,3.14.6,pilot/results/sboms/python-3.14.6.cdx.json,pkg:deb/debian/libpam-modules-bin@1.7.0-5?arch=amd64&distro=debian-13.6&package-id=cb7fdbb7b6a04bdc&upstream=pam,library,libpam-modules-bin,1.7.0-5,Sam Hartman <hartmans@debian.org>,pkg:deb/debian/libpam-modules-bin@1.7.0-5?arch=amd64&distro=debian-13.6&upstream=pam,cpe:2.3:a:libpam-modules-bin:libpam-modules-bin:1.7.0-5:*:*:*:*:*:*:*,STRUCTURALLY_VALID,,a,libpam-modules-bin,libpam-modules-bin,1.7.0-5,*,*,*,*,*,*,*
108932,docker.io/library/python,3.14.6,pilot/results/sboms/python-3.14.6.cdx.json,pkg:deb/debian/libpam-runtime@1.7.0-5?arch=all&distro=debian-13.6&package-id=eb5873c5c35e21b8&upstream=pam,library,libpam-runtime,1.7.0-5,Sam Hartman <hartmans@debian.org>,pkg:deb/debian/libpam-runtime@1.7.0-5?arch=all&distro=debian-13.6&upstream=pam,cpe:2.3:a:libpam-runtime:libpam-runtime:1.7.0-5:*:*:*:*:*:*:*,STRUCTURALLY_VALID,,a,libpam-runtime,libpam-runtime,1.7.0-5,*,*,*,*,*,*,*
108934,docker.io/library/python,3.14.6,pilot/results/sboms/python-3.14.6.cdx.json,pkg:deb/debian/libpango-1.0-0@1.56.3-1?arch=amd64&distro=debian-13.6&package-id=d5ee532dbddb34e2&upstream=pango1.0,library,libpango-1.0-0,1.56.3-1,Debian GNOME Maintainers <pkg-gnome-maintainers@lists.alioth.debian.org>,pkg:deb/debian/libpango-1.0-0@1.56.3-1?arch=amd64&distro=debian-13.6&upstream=pango1.0,cpe:2.3:a:libpango-1.0-0:libpango-1.0-0:1.56.3-1:*:*:*:*:*:*:*,STRUCTURALLY_VALID,,a,libpango-1.0-0,libpango-1.0-0,1.56.3-1,*,*,*,*,*,*,*
108935,docker.io/library/python,3.14.6,pilot/results/sboms/python-3.14.6.cdx.json,pkg:deb/debian/libpango1.0-dev@1.56.3-1?arch=amd64&distro=debian-13.6&package-id=2ed1464788b0a65d&upstream=pango1.0,library,libpango1.0-dev,1.56.3-1,Debian GNOME Maintainers <pkg-gnome-maintainers@lists.alioth.debian.org>,pkg:deb/debian/libpango1.0-dev@1.56.3-1?arch=amd64&distro=debian-13.6&upstream=pango1.0,cpe:2.3:a:libpango1.0-dev:libpango1.0-dev:1.56.3-1:*:*:*:*:*:*:*,STRUCTURALLY_VALID,,a,libpango1.0-dev,libpango1.0-dev,1.56.3-1,*,*,*,*,*,*,*
108936,docker.io/library/python,3.14.6,pilot/results/sboms/python-3.14.6.cdx.json,pkg:deb/debian/libpangocairo-1.0-0@1.56.3-1?arch=amd64&distro=debian-13.6&package-id=b953be068395211e&upstream=pango1.0,library,libpangocairo-1.0-0,1.56.3-1,Debian GNOME Maintainers <pkg-gnome-maintainers@lists.alioth.debian.org>,pkg:deb/debian/libpangocairo-1.0-0@1.56.3-1?arch=amd64&distro=debian-13.6&upstream=pango1.0,cpe:2.3:a:libpangocairo-1.0-0:libpangocairo-1.0-0:1.56.3-1:*:*:*:*:*:*:*,STRUCTURALLY_VALID,,a,libpangocairo-1.0-0,libpangocairo-1.0-0,1.56.3-1,*,*,*,*,*,*,*
108937,docker.io/library/python,3.14.6,pilot/results/sboms/python-3.14.6.cdx.json,pkg:deb/debian/libpangoft2-1.0-0@1.56.3-1?arch=amd64&distro=debian-13.6&package-id=5fd46a2242405e87&upstream=pango1.0,library,libpangoft2-1.0-0,1.56.3-1,Debian GNOME Maintainers <pkg-gnome-maintainers@lists.alioth.debian.org>,pkg:deb/debian/libpangoft2-1.0-0@1.56.3-1?arch=amd64&distro=debian-13.6&upstream=pango1.0,cpe:2.3:a:libpangoft2-1.0-0:libpangoft2-1.0-0:1.56.3-1:*:*:*:*:*:*:*,STRUCTURALLY_VALID,,a,libpangoft2-1.0-0,libpangoft2-1.0-0,1.56.3-1,*,*,*,*,*,*,*
108938,docker.io/library/python,3.14.6,pilot/results/sboms/python-3.14.6.cdx.json,pkg:deb/debian/libpangoxft-1.0-0@1.56.3-1?arch=amd64&distro=debian-13.6&package-id=9d20da4dd8244420&upstream=pango1.0,library,libpangoxft-1.0-0,1.56.3-1,Debian GNOME Maintainers <pkg-gnome-maintainers@lists.alioth.debian.org>,pkg:deb/debian/libpangoxft-1.0-0@1.56.3-1?arch=amd64&distro=debian-13.6&upstream=pango1.0,cpe:2.3:a:libpangoxft-1.0-0:libpangoxft-1.0-0:1.56.3-1:*:*:*:*:*:*:*,STRUCTURALLY_VALID,,a,libpangoxft-1.0-0,libpangoxft-1.0-0,1.56.3-1,*,*,*,*,*,*,*
108939,docker.io/library/python,3.14.6,pilot/results/sboms/python-3.14.6.cdx.json,pkg:deb/debian/libpcre2-16-0@10.46-1~deb13u1?arch=amd64&distro=debian-13.6&package-id=ad5d785037f01259&upstream=pcre2,library,libpcre2-16-0,10.46-1~deb13u1,Matthew Vernon <matthew@debian.org>,pkg:deb/debian/libpcre2-16-0@10.46-1~deb13u1?arch=amd64&distro=debian-13.6&upstream=pcre2,cpe:2.3:a:libpcre2-16-0:libpcre2-16-0:10.46-1\~deb13u1:*:*:*:*:*:*:*,STRUCTURALLY_VALID,,a,libpcre2-16-0,libpcre2-16-0,10.46-1\~deb13u1,*,*,*,*,*,*,*
108940,docker.io/library/python,3.14.6,pilot/results/sboms/python-3.14.6.cdx.json,pkg:deb/debian/libpcre2-32-0@10.46-1~deb13u1?arch=amd64&distro=debian-13.6&package-id=faea53ff41422c48&upstream=pcre2,library,libpcre2-32-0,10.46-1~deb13u1,Matthew Vernon <matthew@debian.org>,pkg:deb/debian/libpcre2-32-0@10.46-1~deb13u1?arch=amd64&distro=debian-13.6&upstream=pcre2,cpe:2.3:a:libpcre2-32-0:libpcre2-32-0:10.46-1\~deb13u1:*:*:*:*:*:*:*,STRUCTURALLY_VALID,,a,libpcre2-32-0,libpcre2-32-0,10.46-1\~deb13u1,*,*,*,*,*,*,*
108941,docker.io/library/python,3.14.6,pilot/results/sboms/python-3.14.6.cdx.json,pkg:deb/debian/libpcre2-8-0@10.46-1~deb13u1?arch=amd64&distro=debian-13.6&package-id=c8ce23e36f4d6bca&upstream=pcre2,library,libpcre2-8-0,10.46-1~deb13u1,Matthew Vernon <matthew@debian.org>,pkg:deb/debian/libpcre2-8-0@10.46-1~deb13u1?arch=amd64&distro=debian-13.6&upstream=pcre2,cpe:2.3:a:libpcre2-8-0:libpcre2-8-0:10.46-1\~deb13u1:*:*:*:*:*:*:*,STRUCTURALLY_VALID,,a,libpcre2-8-0,libpcre2-8-0,10.46-1\~deb13u1,*,*,*,*,*,*,*
108942,docker.io/library/python,3.14.6,pilot/results/sboms/python-3.14.6.cdx.json,pkg:deb/debian/libpcre2-dev@10.46-1~deb13u1?arch=amd64&distro=debian-13.6&package-id=4230547efbe60045&upstream=pcre2,library,libpcre2-dev,10.46-1~deb13u1,Matthew Vernon <matthew@debian.org>,pkg:deb/debian/libpcre2-dev@10.46-1~deb13u1?arch=amd64&distro=debian-13.6&upstream=pcre2,cpe:2.3:a:libpcre2-dev:libpcre2-dev:10.46-1\~deb13u1:*:*:*:*:*:*:*,STRUCTURALLY_VALID,,a,libpcre2-dev,libpcre2-dev,10.46-1\~deb13u1,*,*,*,*,*,*,*
108943,docker.io/library/python,3.14.6,pilot/results/sboms/python-3.14.6.cdx.json,pkg:deb/debian/libpcre2-posix3@10.46-1~deb13u1?arch=amd64&distro=debian-13.6&package-id=720cb83506da81df&upstream=pcre2,library,libpcre2-posix3,10.46-1~deb13u1,Matthew Vernon <matthew@debian.org>,pkg:deb/debian/libpcre2-posix3@10.46-1~deb13u1?arch=amd64&distro=debian-13.6&upstream=pcre2,cpe:2.3:a:libpcre2-posix3:libpcre2-posix3:10.46-1\~deb13u1:*:*:*:*:*:*:*,STRUCTURALLY_VALID,,a,libpcre2-posix3,libpcre2-posix3,10.46-1\~deb13u1,*,*,*,*,*,*,*
108944,docker.io/library/python,3.14.6,pilot/results/sboms/python-3.14.6.cdx.json,pkg:deb/debian/libperl5.40@5.40.1-6?arch=amd64&distro=debian-13.6&package-id=7da008112faf0691&upstream=perl,library,libperl5.40,5.40.1-6,Niko Tyni <ntyni@debian.org>,pkg:deb/debian/libperl5.40@5.40.1-6?arch=amd64&distro=debian-13.6&upstream=perl,cpe:2.3:a:libperl5.40:libperl5.40:5.40.1-6:*:*:*:*:*:*:*,STRUCTURALLY_VALID,,a,libperl5.40,libperl5.40,5.40.1-6,*,*,*,*,*,*,*
108945,docker.io/library/python,3.14.6,pilot/results/sboms/python-3.14.6.cdx.json,pkg:deb/debian/libpixman-1-0@0.44.0-3?arch=amd64&distro=debian-13.6&package-id=af403df031c47934&upstream=pixman,library,libpixman-1-0,0.44.0-3,Debian X Strike Force <debian-x@lists.debian.org>,pkg:deb/debian/libpixman-1-0@0.44.0-3?arch=amd64&distro=debian-13.6&upstream=pixman,cpe:2.3:a:libpixman-1-0:libpixman-1-0:0.44.0-3:*:*:*:*:*:*:*,STRUCTURALLY_VALID,,a,libpixman-1-0,libpixman-1-0,0.44.0-3,*,*,*,*,*,*,*
108946,docker.io/library/python,3.14.6,pilot/results/sboms/python-3.14.6.cdx.json,pkg:deb/debian/libpixman-1-dev@0.44.0-3?arch=amd64&distro=debian-13.6&package-id=5325a583469636a5&upstream=pixman,library,libpixman-1-dev,0.44.0-3,Debian X Strike Force <debian-x@lists.debian.org>,pkg:deb/debian/libpixman-1-dev@0.44.0-3?arch=amd64&distro=debian-13.6&upstream=pixman,cpe:2.3:a:libpixman-1-dev:libpixman-1-dev:0.44.0-3:*:*:*:*:*:*:*,STRUCTURALLY_VALID,,a,libpixman-1-dev,libpixman-1-dev,0.44.0-3,*,*,*,*,*,*,*
108947,docker.io/library/python,3.14.6,pilot/results/sboms/python-3.14.6.cdx.json,pkg:deb/debian/libpkgconf3@1.8.1-4?arch=amd64&distro=debian-13.6&package-id=c14c571f7faa9df1&upstream=pkgconf,library,libpkgconf3,1.8.1-4,Andrej Shadura <andrewsh@debian.org>,pkg:deb/debian/libpkgconf3@1.8.1-4?arch=amd64&distro=debian-13.6&upstream=pkgconf,cpe:2.3:a:libpkgconf3:libpkgconf3:1.8.1-4:*:*:*:*:*:*:*,STRUCTURALLY_VALID,,a,libpkgconf3,libpkgconf3,1.8.1-4,*,*,*,*,*,*,*
108949,docker.io/library/python,3.14.6,pilot/results/sboms/python-3.14.6.cdx.json,pkg:deb/debian/libpng16-16t64@1.6.48-1%2Bdeb13u5?arch=amd64&distro=debian-13.6&package-id=f04491801b5f5c94&upstream=libpng1.6,library,libpng16-16t64,1.6.48-1+deb13u5,Maintainers of libpng1.6 packages <libpng1.6@packages.debian.org>,pkg:deb/debian/libpng16-16t64@1.6.48-1%2Bdeb13u5?arch=amd64&distro=debian-13.6&upstream=libpng1.6,cpe:2.3:a:libpng16-16t64:libpng16-16t64:1.6.48-1\+deb13u5:*:*:*:*:*:*:*,STRUCTURALLY_VALID,,a,libpng16-16t64,libpng16-16t64,1.6.48-1\+deb13u5,*,*,*,*,*,*,*
108948,docker.io/library/python,3.14.6,pilot/results/sboms/python-3.14.6.cdx.json,pkg:deb/debian/libpng-dev@1.6.48-1%2Bdeb13u5?arch=amd64&distro=debian-13.6&package-id=9fae867fa5b49931&upstream=libpng1.6,library,libpng-dev,1.6.48-1+deb13u5,Maintainers of libpng1.6 packages <libpng1.6@packages.debian.org>,pkg:deb/debian/libpng-dev@1.6.48-1%2Bdeb13u5?arch=amd64&distro=debian-13.6&upstream=libpng1.6,cpe:2.3:a:libpng-dev:libpng-dev:1.6.48-1\+deb13u5:*:*:*:*:*:*:*,STRUCTURALLY_VALID,,a,libpng-dev,libpng-dev,1.6.48-1\+deb13u5,*,*,*,*,*,*,*
108951,docker.io/library/python,3.14.6,pilot/results/sboms/python-3.14.6.cdx.json,pkg:deb/debian/libpq5@17.10-0%2Bdeb13u1?arch=amd64&distro=debian-13.6&package-id=861193662b0d1dfe&upstream=postgresql-17,library,libpq5,17.10-0+deb13u1,Debian PostgreSQL Maintainers <team+postgresql@tracker.debian.org>,pkg:deb/debian/libpq5@17.10-0%2Bdeb13u1?arch=amd64&distro=debian-13.6&upstream=postgresql-17,cpe:2.3:a:libpq5:libpq5:17.10-0\+deb13u1:*:*:*:*:*:*:*,STRUCTURALLY_VALID,,a,libpq5,libpq5,17.10-0\+deb13u1,*,*,*,*,*,*,*
108950,docker.io/library/python,3.14.6,pilot/results/sboms/python-3.14.6.cdx.json,pkg:deb/debian/libpq-dev@17.10-0%2Bdeb13u1?arch=amd64&distro=debian-13.6&package-id=6bcdd3ee79f08e88&upstream=postgresql-17,library,libpq-dev,17.10-0+deb13u1,Debian PostgreSQL Maintainers <team+postgresql@tracker.debian.org>,pkg:deb/debian/libpq-dev@17.10-0%2Bdeb13u1?arch=amd64&distro=debian-13.6&upstream=postgresql-17,cpe:2.3:a:libpq-dev:libpq-dev:17.10-0\+deb13u1:*:*:*:*:*:*:*,STRUCTURALLY_VALID,,a,libpq-dev,libpq-dev,17.10-0\+deb13u1,*,*,*,*,*,*,*
108952,docker.io/library/python,3.14.6,pilot/results/sboms/python-3.14.6.cdx.json,pkg:deb/debian/libproc2-0@2%3A4.0.4-9?arch=amd64&distro=debian-13.6&package-id=452d322154821edf&upstream=procps,library,libproc2-0,2:4.0.4-9,Craig Small <csmall@debian.org>,pkg:deb/debian/libproc2-0@2%3A4.0.4-9?arch=amd64&distro=debian-13.6&upstream=procps,cpe:2.3:a:libproc2-0:libproc2-0:2\:4.0.4-9:*:*:*:*:*:*:*,STRUCTURALLY_VALID,,a,libproc2-0,libproc2-0,2\:4.0.4-9,*,*,*,*,*,*,*
108954,docker.io/library/python,3.14.6,pilot/results/sboms/python-3.14.6.cdx.json,pkg:deb/debian/libpsl5t64@0.21.2-1.1%2Bb1?arch=amd64&distro=debian-13.6&package-id=f3fb8b815e7283a5&upstream=libpsl%400.21.2-1.1,library,libpsl5t64,0.21.2-1.1+b1,Tim Rühsen <tim.ruehsen@gmx.de>,pkg:deb/debian/libpsl5t64@0.21.2-1.1%2Bb1?arch=amd64&distro=debian-13.6&upstream=libpsl%400.21.2-1.1,cpe:2.3:a:libpsl5t64:libpsl5t64:0.21.2-1.1\+b1:*:*:*:*:*:*:*,STRUCTURALLY_VALID,,a,libpsl5t64,libpsl5t64,0.21.2-1.1\+b1,*,*,*,*,*,*,*
108953,docker.io/library/python,3.14.6,pilot/results/sboms/python-3.14.6.cdx.json,pkg:deb/debian/libpsl-dev@0.21.2-1.1%2Bb1?arch=amd64&distro=debian-13.6&package-id=b8e1ebf6b033e9e6&upstream=libpsl%400.21.2-1.1,library,libpsl-dev,0.21.2-1.1+b1,Tim Rühsen <tim.ruehsen@gmx.de>,pkg:deb/debian/libpsl-dev@0.21.2-1.1%2Bb1?arch=amd64&distro=debian-13.6&upstream=libpsl%400.21.2-1.1,cpe:2.3:a:libpsl-dev:libpsl-dev:0.21.2-1.1\+b1:*:*:*:*:*:*:*,STRUCTURALLY_VALID,,a,libpsl-dev,libpsl-dev,0.21.2-1.1\+b1,*,*,*,*,*,*,*
108956,docker.io/library/python,3.14.6,pilot/results/sboms/python-3.14.6.cdx.json,pkg:deb/debian/libpython3.13-minimal@3.13.5-2%2Bdeb13u3?arch=amd64&distro=debian-13.6&package-id=2b5409132bab3420&upstream=python3.13,library,libpython3.13-minimal,3.13.5-2+deb13u3,Matthias Klose <doko@debian.org>,pkg:deb/debian/libpython3.13-minimal@3.13.5-2%2Bdeb13u3?arch=amd64&distro=debian-13.6&upstream=python3.13,cpe:2.3:a:libpython3.13-minimal:libpython3.13-minimal:3.13.5-2\+deb13u3:*:*:*:*:*:*:*,STRUCTURALLY_VALID,,a,libpython3.13-minimal,libpython3.13-minimal,3.13.5-2\+deb13u3,*,*,*,*,*,*,*
108957,docker.io/library/python,3.14.6,pilot/results/sboms/python-3.14.6.cdx.json,pkg:deb/debian/libpython3.13-stdlib@3.13.5-2%2Bdeb13u3?arch=amd64&distro=debian-13.6&package-id=7e90637b15c48dd3&upstream=python3.13,library,libpython3.13-stdlib,3.13.5-2+deb13u3,Matthias Klose <doko@debian.org>,pkg:deb/debian/libpython3.13-stdlib@3.13.5-2%2Bdeb13u3?arch=amd64&distro=debian-13.6&upstream=python3.13,cpe:2.3:a:libpython3.13-stdlib:libpython3.13-stdlib:3.13.5-2\+deb13u3:*:*:*:*:*:*:*,STRUCTURALLY_VALID,,a,libpython3.13-stdlib,libpython3.13-stdlib,3.13.5-2\+deb13u3,*,*,*,*,*,*,*
108955,docker.io/library/python,3.14.6,pilot/results/sboms/python-3.14.6.cdx.json,pkg:deb/debian/libpython3-stdlib@3.13.5-1?arch=amd64&distro=debian-13.6&package-id=db9b7f730f5604c9&upstream=python3-defaults,library,libpython3-stdlib,3.13.5-1,Matthias Klose <doko@debian.org>,pkg:deb/debian/libpython3-stdlib@3.13.5-1?arch=amd64&distro=debian-13.6&upstream=python3-defaults,cpe:2.3:a:libpython3-stdlib:libpython3-stdlib:3.13.5-1:*:*:*:*:*:*:*,STRUCTURALLY_VALID,,a,libpython3-stdlib,libpython3-stdlib,3.13.5-1,*,*,*,*,*,*,*
108958,docker.io/library/python,3.14.6,pilot/results/sboms/python-3.14.6.cdx.json,pkg:deb/debian/libquadmath0@14.2.0-19?arch=amd64&distro=debian-13.6&package-id=2e7766dcd5ecb5f3&upstream=gcc-14,library,libquadmath0,14.2.0-19,Debian GCC Maintainers <debian-gcc@lists.debian.org>,pkg:deb/debian/libquadmath0@14.2.0-19?arch=amd64&distro=debian-13.6&upstream=gcc-14,cpe:2.3:a:libquadmath0:libquadmath0:14.2.0-19:*:*:*:*:*:*:*,STRUCTURALLY_VALID,,a,libquadmath0,libquadmath0,14.2.0-19,*,*,*,*,*,*,*
108959,docker.io/library/python,3.14.6,pilot/results/sboms/python-3.14.6.cdx.json,pkg:deb/debian/libraw23t64@0.21.4-2?arch=amd64&distro=debian-13.6&package-id=590f4c0c615b8d65&upstream=libraw,library,libraw23t64,0.21.4-2,Debian PhotoTools Maintainers <pkg-phototools-devel@lists.alioth.debian.org>,pkg:deb/debian/libraw23t64@0.21.4-2?arch=amd64&distro=debian-13.6&upstream=libraw,cpe:2.3:a:libraw23t64:libraw23t64:0.21.4-2:*:*:*:*:*:*:*,STRUCTURALLY_VALID,,a,libraw23t64,libraw23t64,0.21.4-2,*,*,*,*,*,*,*
108961,docker.io/library/python,3.14.6,pilot/results/sboms/python-3.14.6.cdx.json,pkg:deb/debian/libreadline8t64@8.2-6?arch=amd64&distro=debian-13.6&package-id=851027559f660f3d&upstream=readline,library,libreadline8t64,8.2-6,Matthias Klose <doko@debian.org>,pkg:deb/debian/libreadline8t64@8.2-6?arch=amd64&distro=debian-13.6&upstream=readline,cpe:2.3:a:libreadline8t64:libreadline8t64:8.2-6:*:*:*:*:*:*:*,STRUCTURALLY_VALID,,a,libreadline8t64,libreadline8t64,8.2-6,*,*,*,*,*,*,*
108960,docker.io/library/python,3.14.6,pilot/results/sboms/python-3.14.6.cdx.json,pkg:deb/debian/libreadline-dev@8.2-6?arch=amd64&distro=debian-13.6&package-id=026ddd8403be5592&upstream=readline,library,libreadline-dev,8.2-6,Matthias Klose <doko@debian.org>,pkg:deb/debian/libreadline-dev@8.2-6?arch=amd64&distro=debian-13.6&upstream=readline,cpe:2.3:a:libreadline-dev:libreadline-dev:8.2-6:*:*:*:*:*:*:*,STRUCTURALLY_VALID,,a,libreadline-dev,libreadline-dev,8.2-6,*,*,*,*,*,*,*
108962,docker.io/library/python,3.14.6,pilot/results/sboms/python-3.14.6.cdx.json,pkg:deb/debian/librsvg2-2@2.60.0%2Bdfsg-1?arch=amd64&distro=debian-13.6&package-id=3168bde237bf24b4&upstream=librsvg,library,librsvg2-2,2.60.0+dfsg-1,Debian GNOME Maintainers <pkg-gnome-maintainers@lists.alioth.debian.org>,pkg:deb/debian/librsvg2-2@2.60.0%2Bdfsg-1?arch=amd64&distro=debian-13.6&upstream=librsvg,cpe:2.3:a:librsvg2-2:librsvg2-2:2.60.0\+dfsg-1:*:*:*:*:*:*:*,STRUCTURALLY_VALID,,a,librsvg2-2,librsvg2-2,2.60.0\+dfsg-1,*,*,*,*,*,*,*
108963,docker.io/library/python,3.14.6,pilot/results/sboms/python-3.14.6.cdx.json,pkg:deb/debian/librsvg2-common@2.60.0%2Bdfsg-1?arch=amd64&distro=debian-13.6&package-id=4fb92e5777a624b9&upstream=librsvg,library,librsvg2-common,2.60.0+dfsg-1,Debian GNOME Maintainers <pkg-gnome-maintainers@lists.alioth.debian.org>,pkg:deb/debian/librsvg2-common@2.60.0%2Bdfsg-1?arch=amd64&distro=debian-13.6&upstream=librsvg,cpe:2.3:a:librsvg2-common:librsvg2-common:2.60.0\+dfsg-1:*:*:*:*:*:*:*,STRUCTURALLY_VALID,,a,librsvg2-common,librsvg2-common,2.60.0\+dfsg-1,*,*,*,*,*,*,*
108964,docker.io/library/python,3.14.6,pilot/results/sboms/python-3.14.6.cdx.json,pkg:deb/debian/librsvg2-dev@2.60.0%2Bdfsg-1?arch=amd64&distro=debian-13.6&package-id=a9bc1ce838c6e313&upstream=librsvg,library,librsvg2-dev,2.60.0+dfsg-1,Debian GNOME Maintainers <pkg-gnome-maintainers@lists.alioth.debian.org>,pkg:deb/debian/librsvg2-dev@2.60.0%2Bdfsg-1?arch=amd64&distro=debian-13.6&upstream=librsvg,cpe:2.3:a:librsvg2-dev:librsvg2-dev:2.60.0\+dfsg-1:*:*:*:*:*:*:*,STRUCTURALLY_VALID,,a,librsvg2-dev,librsvg2-dev,2.60.0\+dfsg-1,*,*,*,*,*,*,*
108966,docker.io/library/python,3.14.6,pilot/results/sboms/python-3.14.6.cdx.json,pkg:deb/debian/librtmp1@2.4%2B20151223.gitfa8646d.1-2%2Bb5?arch=amd64&distro=debian-13.6&package-id=2b58e4bc7ff2f416&upstream=rtmpdump%402.4%2B20151223.gitfa8646d.1-2,library,librtmp1,2.4+20151223.gitfa8646d.1-2+b5,Debian Multimedia Maintainers <debian-multimedia@lists.debian.org>,pkg:deb/debian/librtmp1@2.4%2B20151223.gitfa8646d.1-2%2Bb5?arch=amd64&distro=debian-13.6&upstream=rtmpdump%402.4%2B20151223.gitfa8646d.1-2,cpe:2.3:a:librtmp1:librtmp1:2.4\+20151223.gitfa8646d.1-2\+b5:*:*:*:*:*:*:*,STRUCTURALLY_VALID,,a,librtmp1,librtmp1,2.4\+20151223.gitfa8646d.1-2\+b5,*,*,*,*,*,*,*
108965,docker.io/library/python,3.14.6,pilot/results/sboms/python-3.14.6.cdx.json,pkg:deb/debian/librtmp-dev@2.4%2B20151223.gitfa8646d.1-2%2Bb5?arch=amd64&distro=debian-13.6&package-id=f6e0d3edb427f24b&upstream=rtmpdump%402.4%2B20151223.gitfa8646d.1-2,library,librtmp-dev,2.4+20151223.gitfa8646d.1-2+b5,Debian Multimedia Maintainers <debian-multimedia@lists.debian.org>,pkg:deb/debian/librtmp-dev@2.4%2B20151223.gitfa8646d.1-2%2Bb5?arch=amd64&distro=debian-13.6&upstream=rtmpdump%402.4%2B20151223.gitfa8646d.1-2,cpe:2.3:a:librtmp-dev:librtmp-dev:2.4\+20151223.gitfa8646d.1-2\+b5:*:*:*:*:*:*:*,STRUCTURALLY_VALID,,a,librtmp-dev,librtmp-dev,2.4\+20151223.gitfa8646d.1-2\+b5,*,*,*,*,*,*,*
108967,docker.io/library/python,3.14.6,pilot/results/sboms/python-3.14.6.cdx.json,pkg:deb/debian/libsasl2-2@2.1.28%2Bdfsg1-9?arch=amd64&distro=debian-13.6&package-id=0fa9072a5bfd36b6&upstream=cyrus-sasl2,library,libsasl2-2,2.1.28+dfsg1-9,Debian Cyrus Team <team+cyrus@tracker.debian.org>,pkg:deb/debian/libsasl2-2@2.1.28%2Bdfsg1-9?arch=amd64&distro=debian-13.6&upstream=cyrus-sasl2,cpe:2.3:a:libsasl2-2:libsasl2-2:2.1.28\+dfsg1-9:*:*:*:*:*:*:*,STRUCTURALLY_VALID,,a,libsasl2-2,libsasl2-2,2.1.28\+dfsg1-9,*,*,*,*,*,*,*
108968,docker.io/library/python,3.14.6,pilot/results/sboms/python-3.14.6.cdx.json,pkg:deb/debian/libsasl2-modules-db@2.1.28%2Bdfsg1-9?arch=amd64&distro=debian-13.6&package-id=175bd219d71968b9&upstream=cyrus-sasl2,library,libsasl2-modules-db,2.1.28+dfsg1-9,Debian Cyrus Team <team+cyrus@tracker.debian.org>,pkg:deb/debian/libsasl2-modules-db@2.1.28%2Bdfsg1-9?arch=amd64&distro=debian-13.6&upstream=cyrus-sasl2,cpe:2.3:a:libsasl2-modules-db:libsasl2-modules-db:2.1.28\+dfsg1-9:*:*:*:*:*:*:*,STRUCTURALLY_VALID,,a,libsasl2-modules-db,libsasl2-modules-db,2.1.28\+dfsg1-9,*,*,*,*,*,*,*
108969,docker.io/library/python,3.14.6,pilot/results/sboms/python-3.14.6.cdx.json,pkg:deb/debian/libseccomp2@2.6.0-2?arch=amd64&distro=debian-13.6&package-id=484580cc24603555&upstream=libseccomp,library,libseccomp2,2.6.0-2,Kees Cook <kees@debian.org>,pkg:deb/debian/libseccomp2@2.6.0-2?arch=amd64&distro=debian-13.6&upstream=libseccomp,cpe:2.3:a:libseccomp2:libseccomp2:2.6.0-2:*:*:*:*:*:*:*,STRUCTURALLY_VALID,,a,libseccomp2,libseccomp2,2.6.0-2,*,*,*,*,*,*,*
108970,docker.io/library/python,3.14.6,pilot/results/sboms/python-3.14.6.cdx.json,pkg:deb/debian/libselinux1@3.8.1-1?arch=amd64&distro=debian-13.6&package-id=519cd66aedc85adf&upstream=libselinux,library,libselinux1,3.8.1-1,Debian SELinux maintainers <selinux-devel@lists.alioth.debian.org>,pkg:deb/debian/libselinux1@3.8.1-1?arch=amd64&distro=debian-13.6&upstream=libselinux,cpe:2.3:a:libselinux1:libselinux1:3.8.1-1:*:*:*:*:*:*:*,STRUCTURALLY_VALID,,a,libselinux1,libselinux1,3.8.1-1,*,*,*,*,*,*,*
108971,docker.io/library/python,3.14.6,pilot/results/sboms/python-3.14.6.cdx.json,pkg:deb/debian/libselinux1-dev@3.8.1-1?arch=amd64&distro=debian-13.6&package-id=ed969c3807c30daf&upstream=libselinux,library,libselinux1-dev,3.8.1-1,Debian SELinux maintainers <selinux-devel@lists.alioth.debian.org>,pkg:deb/debian/libselinux1-dev@3.8.1-1?arch=amd64&distro=debian-13.6&upstream=libselinux,cpe:2.3:a:libselinux1-dev:libselinux1-dev:3.8.1-1:*:*:*:*:*:*:*,STRUCTURALLY_VALID,,a,libselinux1-dev,libselinux1-dev,3.8.1-1,*,*,*,*,*,*,*
108973,docker.io/library/python,3.14.6,pilot/results/sboms/python-3.14.6.cdx.json,pkg:deb/debian/libsemanage2@3.8.1-1?arch=amd64&distro=debian-13.6&package-id=48d5af32889b375b&upstream=libsemanage,library,libsemanage2,3.8.1-1,Debian SELinux maintainers <selinux-devel@lists.alioth.debian.org>,pkg:deb/debian/libsemanage2@3.8.1-1?arch=amd64&distro=debian-13.6&upstream=libsemanage,cpe:2.3:a:libsemanage2:libsemanage2:3.8.1-1:*:*:*:*:*:*:*,STRUCTURALLY_VALID,,a,libsemanage2,libsemanage2,3.8.1-1,*,*,*,*,*,*,*
108972,docker.io/library/python,3.14.6,pilot/results/sboms/python-3.14.6.cdx.json,pkg:deb/debian/libsemanage-common@3.8.1-1?arch=all&distro=debian-13.6&package-id=c638ea9ec05d410a&upstream=libsemanage,library,libsemanage-common,3.8.1-1,Debian SELinux maintainers <selinux-devel@lists.alioth.debian.org>,pkg:deb/debian/libsemanage-common@3.8.1-1?arch=all&distro=debian-13.6&upstream=libsemanage,cpe:2.3:a:libsemanage-common:libsemanage-common:3.8.1-1:*:*:*:*:*:*:*,STRUCTURALLY_VALID,,a,libsemanage-common,libsemanage-common,3.8.1-1,*,*,*,*,*,*,*
108975,docker.io/library/python,3.14.6,pilot/results/sboms/python-3.14.6.cdx.json,pkg:deb/debian/libsepol2@3.8.1-1?arch=amd64&distro=debian-13.6&package-id=3392d9f030dfa725&upstream=libsepol,library,libsepol2,3.8.1-1,Debian SELinux maintainers <selinux-devel@lists.alioth.debian.org>,pkg:deb/debian/libsepol2@3.8.1-1?arch=amd64&distro=debian-13.6&upstream=libsepol,cpe:2.3:a:libsepol2:libsepol2:3.8.1-1:*:*:*:*:*:*:*,STRUCTURALLY_VALID,,a,libsepol2,libsepol2,3.8.1-1,*,*,*,*,*,*,*
108974,docker.io/library/python,3.14.6,pilot/results/sboms/python-3.14.6.cdx.json,pkg:deb/debian/libsepol-dev@3.8.1-1?arch=amd64&distro=debian-13.6&package-id=93af07cddab4b9cf&upstream=libsepol,library,libsepol-dev,3.8.1-1,Debian SELinux maintainers <selinux-devel@lists.alioth.debian.org>,pkg:deb/debian/libsepol-dev@3.8.1-1?arch=amd64&distro=debian-13.6&upstream=libsepol,cpe:2.3:a:libsepol-dev:libsepol-dev:3.8.1-1:*:*:*:*:*:*:*,STRUCTURALLY_VALID,,a,libsepol-dev,libsepol-dev,3.8.1-1,*,*,*,*,*,*,*
108976,docker.io/library/python,3.14.6,pilot/results/sboms/python-3.14.6.cdx.json,pkg:deb/debian/libserf-1-1@1.3.10-3%2Bb1?arch=amd64&distro=debian-13.6&package-id=3fe2abb5fc148f3e&upstream=serf%401.3.10-3,library,libserf-1-1,1.3.10-3+b1,James McCoy <jamessan@debian.org>,pkg:deb/debian/libserf-1-1@1.3.10-3%2Bb1?arch=amd64&distro=debian-13.6&upstream=serf%401.3.10-3,cpe:2.3:a:libserf-1-1:libserf-1-1:1.3.10-3\+b1:*:*:*:*:*:*:*,STRUCTURALLY_VALID,,a,libserf-1-1,libserf-1-1,1.3.10-3\+b1,*,*,*,*,*,*,*
108977,docker.io/library/python,3.14.6,pilot/results/sboms/python-3.14.6.cdx.json,pkg:deb/debian/libsframe1@2.44-3?arch=amd64&distro=debian-13.6&package-id=9c03630d3a75e45e&upstream=binutils,library,libsframe1,2.44-3,Matthias Klose <doko@debian.org>,pkg:deb/debian/libsframe1@2.44-3?arch=amd64&distro=debian-13.6&upstream=binutils,cpe:2.3:a:libsframe1:libsframe1:2.44-3:*:*:*:*:*:*:*,STRUCTURALLY_VALID,,a,libsframe1,libsframe1,2.44-3,*,*,*,*,*,*,*
108979,docker.io/library/python,3.14.6,pilot/results/sboms/python-3.14.6.cdx.json,pkg:deb/debian/libsharpyuv0@1.5.0-0.1?arch=amd64&distro=debian-13.6&package-id=cd741ba79a397558&upstream=libwebp,library,libsharpyuv0,1.5.0-0.1,Jeff Breidenbach <jab@debian.org>,pkg:deb/debian/libsharpyuv0@1.5.0-0.1?arch=amd64&distro=debian-13.6&upstream=libwebp,cpe:2.3:a:libsharpyuv0:libsharpyuv0:1.5.0-0.1:*:*:*:*:*:*:*,STRUCTURALLY_VALID,,a,libsharpyuv0,libsharpyuv0,1.5.0-0.1,*,*,*,*,*,*,*
108978,docker.io/library/python,3.14.6,pilot/results/sboms/python-3.14.6.cdx.json,pkg:deb/debian/libsharpyuv-dev@1.5.0-0.1?arch=amd64&distro=debian-13.6&package-id=93f118dd374a8137&upstream=libwebp,library,libsharpyuv-dev,1.5.0-0.1,Jeff Breidenbach <jab@debian.org>,pkg:deb/debian/libsharpyuv-dev@1.5.0-0.1?arch=amd64&distro=debian-13.6&upstream=libwebp,cpe:2.3:a:libsharpyuv-dev:libsharpyuv-dev:1.5.0-0.1:*:*:*:*:*:*:*,STRUCTURALLY_VALID,,a,libsharpyuv-dev,libsharpyuv-dev,1.5.0-0.1,*,*,*,*,*,*,*
108981,docker.io/library/python,3.14.6,pilot/results/sboms/python-3.14.6.cdx.json,pkg:deb/debian/libsm6@2%3A1.2.6-1?arch=amd64&distro=debian-13.6&package-id=f0ba4272495f7cfc&upstream=libsm,library,libsm6,2:1.2.6-1,Debian X Strike Force <debian-x@lists.debian.org>,pkg:deb/debian/libsm6@2%3A1.2.6-1?arch=amd64&distro=debian-13.6&upstream=libsm,cpe:2.3:a:libsm6:libsm6:2\:1.2.6-1:*:*:*:*:*:*:*,STRUCTURALLY_VALID,,a,libsm6,libsm6,2\:1.2.6-1,*,*,*,*,*,*,*
108982,docker.io/library/python,3.14.6,pilot/results/sboms/python-3.14.6.cdx.json,pkg:deb/debian/libsmartcols1@2.41-5?arch=amd64&distro=debian-13.6&package-id=a8b3fa3699849e35&upstream=util-linux,library,libsmartcols1,2.41-5,Chris Hofstaedtler <zeha@debian.org>,pkg:deb/debian/libsmartcols1@2.41-5?arch=amd64&distro=debian-13.6&upstream=util-linux,cpe:2.3:a:libsmartcols1:libsmartcols1:2.41-5:*:*:*:*:*:*:*,STRUCTURALLY_VALID,,a,libsmartcols1,libsmartcols1,2.41-5,*,*,*,*,*,*,*
108980,docker.io/library/python,3.14.6,pilot/results/sboms/python-3.14.6.cdx.json,pkg:deb/debian/libsm-dev@2%3A1.2.6-1?arch=amd64&distro=debian-13.6&package-id=37f522dcb65aea86&upstream=libsm,library,libsm-dev,2:1.2.6-1,Debian X Strike Force <debian-x@lists.debian.org>,pkg:deb/debian/libsm-dev@2%3A1.2.6-1?arch=amd64&distro=debian-13.6&upstream=libsm,cpe:2.3:a:libsm-dev:libsm-dev:2\:1.2.6-1:*:*:*:*:*:*:*,STRUCTURALLY_VALID,,a,libsm-dev,libsm-dev,2\:1.2.6-1,*,*,*,*,*,*,*
108983,docker.io/library/python,3.14.6,pilot/results/sboms/python-3.14.6.cdx.json,pkg:deb/debian/libsqlite3-0@3.46.1-7%2Bdeb13u1?arch=amd64&distro=debian-13.6&package-id=0e674e420f2bfafa&upstream=sqlite3,library,libsqlite3-0,3.46.1-7+deb13u1,Laszlo Boszormenyi (GCS) <gcs@debian.org>,pkg:deb/debian/libsqlite3-0@3.46.1-7%2Bdeb13u1?arch=amd64&distro=debian-13.6&upstream=sqlite3,cpe:2.3:a:libsqlite3-0:libsqlite3-0:3.46.1-7\+deb13u1:*:*:*:*:*:*:*,STRUCTURALLY_VALID,,a,libsqlite3-0,libsqlite3-0,3.46.1-7\+deb13u1,*,*,*,*,*,*,*
108984,docker.io/library/python,3.14.6,pilot/results/sboms/python-3.14.6.cdx.json,pkg:deb/debian/libsqlite3-dev@3.46.1-7%2Bdeb13u1?arch=amd64&distro=debian-13.6&package-id=1cc7536e1fc84ba5&upstream=sqlite3,library,libsqlite3-dev,3.46.1-7+deb13u1,Laszlo Boszormenyi (GCS) <gcs@debian.org>,pkg:deb/debian/libsqlite3-dev@3.46.1-7%2Bdeb13u1?arch=amd64&distro=debian-13.6&upstream=sqlite3,cpe:2.3:a:libsqlite3-dev:libsqlite3-dev:3.46.1-7\+deb13u1:*:*:*:*:*:*:*,STRUCTURALLY_VALID,,a,libsqlite3-dev,libsqlite3-dev,3.46.1-7\+deb13u1,*,*,*,*,*,*,*
108985,docker.io/library/python,3.14.6,pilot/results/sboms/python-3.14.6.cdx.json,pkg:deb/debian/libssh2-1-dev@1.11.1-1%2Bdeb13u1?arch=amd64&distro=debian-13.6&package-id=37b3ed59fc5f31f3&upstream=libssh2,library,libssh2-1-dev,1.11.1-1+deb13u1,Nicolas Mora <babelouest@debian.org>,pkg:deb/debian/libssh2-1-dev@1.11.1-1%2Bdeb13u1?arch=amd64&distro=debian-13.6&upstream=libssh2,cpe:2.3:a:libssh2-1-dev:libssh2-1-dev:1.11.1-1\+deb13u1:*:*:*:*:*:*:*,STRUCTURALLY_VALID,,a,libssh2-1-dev,libssh2-1-dev,1.11.1-1\+deb13u1,*,*,*,*,*,*,*
108986,docker.io/library/python,3.14.6,pilot/results/sboms/python-3.14.6.cdx.json,pkg:deb/debian/libssh2-1t64@1.11.1-1%2Bdeb13u1?arch=amd64&distro=debian-13.6&package-id=99d64a21b6e327fd&upstream=libssh2,library,libssh2-1t64,1.11.1-1+deb13u1,Nicolas Mora <babelouest@debian.org>,pkg:deb/debian/libssh2-1t64@1.11.1-1%2Bdeb13u1?arch=amd64&distro=debian-13.6&upstream=libssh2,cpe:2.3:a:libssh2-1t64:libssh2-1t64:1.11.1-1\+deb13u1:*:*:*:*:*:*:*,STRUCTURALLY_VALID,,a,libssh2-1t64,libssh2-1t64,1.11.1-1\+deb13u1,*,*,*,*,*,*,*
108988,docker.io/library/python,3.14.6,pilot/results/sboms/python-3.14.6.cdx.json,pkg:deb/debian/libssl3t64@3.5.6-1~deb13u2?arch=amd64&distro=debian-13.6&package-id=b53f18d1bacb9feb&upstream=openssl,library,libssl3t64,3.5.6-1~deb13u2,Debian OpenSSL Team <pkg-openssl-devel@alioth-lists.debian.net>,pkg:deb/debian/libssl3t64@3.5.6-1~deb13u2?arch=amd64&distro=debian-13.6&upstream=openssl,cpe:2.3:a:libssl3t64:libssl3t64:3.5.6-1\~deb13u2:*:*:*:*:*:*:*,STRUCTURALLY_VALID,,a,libssl3t64,libssl3t64,3.5.6-1\~deb13u2,*,*,*,*,*,*,*
108987,docker.io/library/python,3.14.6,pilot/results/sboms/python-3.14.6.cdx.json,pkg:deb/debian/libssl-dev@3.5.6-1~deb13u2?arch=amd64&distro=debian-13.6&package-id=93b56ab5ecbb09c4&upstream=openssl,library,libssl-dev,3.5.6-1~deb13u2,Debian OpenSSL Team <pkg-openssl-devel@alioth-lists.debian.net>,pkg:deb/debian/libssl-dev@3.5.6-1~deb13u2?arch=amd64&distro=debian-13.6&upstream=openssl,cpe:2.3:a:libssl-dev:libssl-dev:3.5.6-1\~deb13u2:*:*:*:*:*:*:*,STRUCTURALLY_VALID,,a,libssl-dev,libssl-dev,3.5.6-1\~deb13u2,*,*,*,*,*,*,*
108989,docker.io/library/python,3.14.6,pilot/results/sboms/python-3.14.6.cdx.json,pkg:deb/debian/libstdc%2B%2B-14-dev@14.2.0-19?arch=amd64&distro=debian-13.6&package-id=0f0a43dbd793abf5&upstream=gcc-14,library,libstdc++-14-dev,14.2.0-19,Debian GCC Maintainers <debian-gcc@lists.debian.org>,pkg:deb/debian/libstdc%2B%2B-14-dev@14.2.0-19?arch=amd64&distro=debian-13.6&upstream=gcc-14,cpe:2.3:a:libstdc\+\+-14-dev:libstdc\+\+-14-dev:14.2.0-19:*:*:*:*:*:*:*,STRUCTURALLY_VALID,,a,libstdc\+\+-14-dev,libstdc\+\+-14-dev,14.2.0-19,*,*,*,*,*,*,*
108990,docker.io/library/python,3.14.6,pilot/results/sboms/python-3.14.6.cdx.json,pkg:deb/debian/libstdc%2B%2B6@14.2.0-19?arch=amd64&distro=debian-13.6&package-id=7dc961cf921ecd08&upstream=gcc-14,library,libstdc++6,14.2.0-19,Debian GCC Maintainers <debian-gcc@lists.debian.org>,pkg:deb/debian/libstdc%2B%2B6@14.2.0-19?arch=amd64&distro=debian-13.6&upstream=gcc-14,cpe:2.3:a:libstdc\+\+6:libstdc\+\+6:14.2.0-19:*:*:*:*:*:*:*,STRUCTURALLY_VALID,,a,libstdc\+\+6,libstdc\+\+6,14.2.0-19,*,*,*,*,*,*,*
108991,docker.io/library/python,3.14.6,pilot/results/sboms/python-3.14.6.cdx.json,pkg:deb/debian/libsvn1@1.14.5-3?arch=amd64&distro=debian-13.6&package-id=96c4ad481d56b0fa&upstream=subversion,library,libsvn1,1.14.5-3,James McCoy <jamessan@debian.org>,pkg:deb/debian/libsvn1@1.14.5-3?arch=amd64&distro=debian-13.6&upstream=subversion,cpe:2.3:a:libsvn1:libsvn1:1.14.5-3:*:*:*:*:*:*:*,STRUCTURALLY_VALID,,a,libsvn1,libsvn1,1.14.5-3,*,*,*,*,*,*,*
108992,docker.io/library/python,3.14.6,pilot/results/sboms/python-3.14.6.cdx.json,pkg:deb/debian/libsysprof-capture-4-dev@48.0-2?arch=amd64&distro=debian-13.6&package-id=25c90a3571aba65f&upstream=sysprof,library,libsysprof-capture-4-dev,48.0-2,Debian GNOME Maintainers <pkg-gnome-maintainers@lists.alioth.debian.org>,pkg:deb/debian/libsysprof-capture-4-dev@48.0-2?arch=amd64&distro=debian-13.6&upstream=sysprof,cpe:2.3:a:libsysprof-capture-4-dev:libsysprof-capture-4-dev:48.0-2:*:*:*:*:*:*:*,STRUCTURALLY_VALID,,a,libsysprof-capture-4-dev,libsysprof-capture-4-dev,48.0-2,*,*,*,*,*,*,*
108993,docker.io/library/python,3.14.6,pilot/results/sboms/python-3.14.6.cdx.json,pkg:deb/debian/libsystemd0@257.13-1~deb13u1?arch=amd64&distro=debian-13.6&package-id=8bfae933fd40ea5d&upstream=systemd,library,libsystemd0,257.13-1~deb13u1,Debian systemd Maintainers <pkg-systemd-maintainers@lists.alioth.debian.org>,pkg:deb/debian/libsystemd0@257.13-1~deb13u1?arch=amd64&distro=debian-13.6&upstream=systemd,cpe:2.3:a:libsystemd0:libsystemd0:257.13-1\~deb13u1:*:*:*:*:*:*:*,STRUCTURALLY_VALID,,a,libsystemd0,libsystemd0,257.13-1\~deb13u1,*,*,*,*,*,*,*
108994,docker.io/library/python,3.14.6,pilot/results/sboms/python-3.14.6.cdx.json,pkg:deb/debian/libtasn1-6@4.20.0-2%2Bdeb13u1?arch=amd64&distro=debian-13.6&package-id=46682377babaf93f,library,libtasn1-6,4.20.0-2+deb13u1,Debian GnuTLS Maintainers <pkg-gnutls-maint@lists.alioth.debian.org>,pkg:deb/debian/libtasn1-6@4.20.0-2%2Bdeb13u1?arch=amd64&distro=debian-13.6,cpe:2.3:a:libtasn1-6:libtasn1-6:4.20.0-2\+deb13u1:*:*:*:*:*:*:*,STRUCTURALLY_VALID,,a,libtasn1-6,libtasn1-6,4.20.0-2\+deb13u1,*,*,*,*,*,*,*
108995,docker.io/library/python,3.14.6,pilot/results/sboms/python-3.14.6.cdx.json,pkg:deb/debian/libtasn1-6-dev@4.20.0-2%2Bdeb13u1?arch=amd64&distro=debian-13.6&package-id=104019ef831ed06b&upstream=libtasn1-6,library,libtasn1-6-dev,4.20.0-2+deb13u1,Debian GnuTLS Maintainers <pkg-gnutls-maint@lists.alioth.debian.org>,pkg:deb/debian/libtasn1-6-dev@4.20.0-2%2Bdeb13u1?arch=amd64&distro=debian-13.6&upstream=libtasn1-6,cpe:2.3:a:libtasn1-6-dev:libtasn1-6-dev:4.20.0-2\+deb13u1:*:*:*:*:*:*:*,STRUCTURALLY_VALID,,a,libtasn1-6-dev,libtasn1-6-dev,4.20.0-2\+deb13u1,*,*,*,*,*,*,*
108996,docker.io/library/python,3.14.6,pilot/results/sboms/python-3.14.6.cdx.json,pkg:deb/debian/libtcl8.6@8.6.16%2Bdfsg-1?arch=amd64&distro=debian-13.6&package-id=8438085f6fa41791&upstream=tcl8.6,library,libtcl8.6,8.6.16+dfsg-1,Debian Tcl/Tk Packagers <pkg-tcltk-devel@lists.alioth.debian.org>,pkg:deb/debian/libtcl8.6@8.6.16%2Bdfsg-1?arch=amd64&distro=debian-13.6&upstream=tcl8.6,cpe:2.3:a:libtcl8.6:libtcl8.6:8.6.16\+dfsg-1:*:*:*:*:*:*:*,STRUCTURALLY_VALID,,a,libtcl8.6,libtcl8.6,8.6.16\+dfsg-1,*,*,*,*,*,*,*
108997,docker.io/library/python,3.14.6,pilot/results/sboms/python-3.14.6.cdx.json,pkg:deb/debian/libtext-charwidth-perl@0.04-11%2Bb4?arch=amd64&distro=debian-13.6&package-id=fc0834e035853f2c&upstream=libtext-charwidth-perl%400.04-11,library,libtext-charwidth-perl,0.04-11+b4,Debian Perl Group <pkg-perl-maintainers@lists.alioth.debian.org>,pkg:deb/debian/libtext-charwidth-perl@0.04-11%2Bb4?arch=amd64&distro=debian-13.6&upstream=libtext-charwidth-perl%400.04-11,cpe:2.3:a:libtext-charwidth-perl:libtext-charwidth-perl:0.04-11\+b4:*:*:*:*:*:*:*,STRUCTURALLY_VALID,,a,libtext-charwidth-perl,libtext-charwidth-perl,0.04-11\+b4,*,*,*,*,*,*,*
108998,docker.io/library/python,3.14.6,pilot/results/sboms/python-3.14.6.cdx.json,pkg:deb/debian/libtext-wrapi18n-perl@0.06-10?arch=all&distro=debian-13.6&package-id=4c282e341c332f33,library,libtext-wrapi18n-perl,0.06-10,Debian Perl Group <pkg-perl-maintainers@lists.alioth.debian.org>,pkg:deb/debian/libtext-wrapi18n-perl@0.06-10?arch=all&distro=debian-13.6,cpe:2.3:a:libtext-wrapi18n-perl:libtext-wrapi18n-perl:0.06-10:*:*:*:*:*:*:*,STRUCTURALLY_VALID,,a,libtext-wrapi18n-perl,libtext-wrapi18n-perl,0.06-10,*,*,*,*,*,*,*
109001,docker.io/library/python,3.14.6,pilot/results/sboms/python-3.14.6.cdx.json,pkg:deb/debian/libthai0@0.1.29-2%2Bb1?arch=amd64&distro=debian-13.6&package-id=b2c4bac0cd59dac0&upstream=libthai%400.1.29-2,library,libthai0,0.1.29-2+b1,Theppitak Karoonboonyanan <thep@debian.org>,pkg:deb/debian/libthai0@0.1.29-2%2Bb1?arch=amd64&distro=debian-13.6&upstream=libthai%400.1.29-2,cpe:2.3:a:libthai0:libthai0:0.1.29-2\+b1:*:*:*:*:*:*:*,STRUCTURALLY_VALID,,a,libthai0,libthai0,0.1.29-2\+b1,*,*,*,*,*,*,*
108999,docker.io/library/python,3.14.6,pilot/results/sboms/python-3.14.6.cdx.json,pkg:deb/debian/libthai-data@0.1.29-2?arch=all&distro=debian-13.6&package-id=fb4787710dc4e0e5&upstream=libthai,library,libthai-data,0.1.29-2,Theppitak Karoonboonyanan <thep@debian.org>,pkg:deb/debian/libthai-data@0.1.29-2?arch=all&distro=debian-13.6&upstream=libthai,cpe:2.3:a:libthai-data:libthai-data:0.1.29-2:*:*:*:*:*:*:*,STRUCTURALLY_VALID,,a,libthai-data,libthai-data,0.1.29-2,*,*,*,*,*,*,*
109000,docker.io/library/python,3.14.6,pilot/results/sboms/python-3.14.6.cdx.json,pkg:deb/debian/libthai-dev@0.1.29-2%2Bb1?arch=amd64&distro=debian-13.6&package-id=30fb0c298409c594&upstream=libthai%400.1.29-2,library,libthai-dev,0.1.29-2+b1,Theppitak Karoonboonyanan <thep@debian.org>,pkg:deb/debian/libthai-dev@0.1.29-2%2Bb1?arch=amd64&distro=debian-13.6&upstream=libthai%400.1.29-2,cpe:2.3:a:libthai-dev:libthai-dev:0.1.29-2\+b1:*:*:*:*:*:*:*,STRUCTURALLY_VALID,,a,libthai-dev,libthai-dev,0.1.29-2\+b1,*,*,*,*,*,*,*
109003,docker.io/library/python,3.14.6,pilot/results/sboms/python-3.14.6.cdx.json,pkg:deb/debian/libtiff6@4.7.0-3%2Bdeb13u2?arch=amd64&distro=debian-13.6&package-id=1f0cfa47905a3da8&upstream=tiff,library,libtiff6,4.7.0-3+deb13u2,Laszlo Boszormenyi (GCS) <gcs@debian.org>,pkg:deb/debian/libtiff6@4.7.0-3%2Bdeb13u2?arch=amd64&distro=debian-13.6&upstream=tiff,cpe:2.3:a:libtiff6:libtiff6:4.7.0-3\+deb13u2:*:*:*:*:*:*:*,STRUCTURALLY_VALID,,a,libtiff6,libtiff6,4.7.0-3\+deb13u2,*,*,*,*,*,*,*
109002,docker.io/library/python,3.14.6,pilot/results/sboms/python-3.14.6.cdx.json,pkg:deb/debian/libtiff-dev@4.7.0-3%2Bdeb13u2?arch=amd64&distro=debian-13.6&package-id=ab612e5bc4b85c21&upstream=tiff,library,libtiff-dev,4.7.0-3+deb13u2,Laszlo Boszormenyi (GCS) <gcs@debian.org>,pkg:deb/debian/libtiff-dev@4.7.0-3%2Bdeb13u2?arch=amd64&distro=debian-13.6&upstream=tiff,cpe:2.3:a:libtiff-dev:libtiff-dev:4.7.0-3\+deb13u2:*:*:*:*:*:*:*,STRUCTURALLY_VALID,,a,libtiff-dev,libtiff-dev,4.7.0-3\+deb13u2,*,*,*,*,*,*,*
109004,docker.io/library/python,3.14.6,pilot/results/sboms/python-3.14.6.cdx.json,pkg:deb/debian/libtiffxx6@4.7.0-3%2Bdeb13u2?arch=amd64&distro=debian-13.6&package-id=259a77c4414aa995&upstream=tiff,library,libtiffxx6,4.7.0-3+deb13u2,Laszlo Boszormenyi (GCS) <gcs@debian.org>,pkg:deb/debian/libtiffxx6@4.7.0-3%2Bdeb13u2?arch=amd64&distro=debian-13.6&upstream=tiff,cpe:2.3:a:libtiffxx6:libtiffxx6:4.7.0-3\+deb13u2:*:*:*:*:*:*:*,STRUCTURALLY_VALID,,a,libtiffxx6,libtiffxx6,4.7.0-3\+deb13u2,*,*,*,*,*,*,*
109005,docker.io/library/python,3.14.6,pilot/results/sboms/python-3.14.6.cdx.json,pkg:deb/debian/libtinfo6@6.5%2B20250216-2?arch=amd64&distro=debian-13.6&package-id=7402a3d31bb024db&upstream=ncurses,library,libtinfo6,6.5+20250216-2,Ncurses Maintainers <ncurses@packages.debian.org>,pkg:deb/debian/libtinfo6@6.5%2B20250216-2?arch=amd64&distro=debian-13.6&upstream=ncurses,cpe:2.3:a:libtinfo6:libtinfo6:6.5\+20250216-2:*:*:*:*:*:*:*,STRUCTURALLY_VALID,,a,libtinfo6,libtinfo6,6.5\+20250216-2,*,*,*,*,*,*,*
109006,docker.io/library/python,3.14.6,pilot/results/sboms/python-3.14.6.cdx.json,pkg:deb/debian/libtk8.6@8.6.16-1?arch=amd64&distro=debian-13.6&package-id=cf09994217759b17&upstream=tk8.6,library,libtk8.6,8.6.16-1,Debian Tcl/Tk Packagers <pkg-tcltk-devel@lists.alioth.debian.org>,pkg:deb/debian/libtk8.6@8.6.16-1?arch=amd64&distro=debian-13.6&upstream=tk8.6,cpe:2.3:a:libtk8.6:libtk8.6:8.6.16-1:*:*:*:*:*:*:*,STRUCTURALLY_VALID,,a,libtk8.6,libtk8.6,8.6.16-1,*,*,*,*,*,*,*
109007,docker.io/library/python,3.14.6,pilot/results/sboms/python-3.14.6.cdx.json,pkg:deb/debian/libtool@2.5.4-4?arch=all&distro=debian-13.6&package-id=70d249a5acf34f1a,library,libtool,2.5.4-4,Alastair McKinstry <mckinstry@debian.org>,pkg:deb/debian/libtool@2.5.4-4?arch=all&distro=debian-13.6,cpe:2.3:a:libtool:libtool:2.5.4-4:*:*:*:*:*:*:*,STRUCTURALLY_VALID,,a,libtool,libtool,2.5.4-4,*,*,*,*,*,*,*
109008,docker.io/library/python,3.14.6,pilot/results/sboms/python-3.14.6.cdx.json,pkg:deb/debian/libtsan2@14.2.0-19?arch=amd64&distro=debian-13.6&package-id=3faa4e2eb1e6610c&upstream=gcc-14,library,libtsan2,14.2.0-19,Debian GCC Maintainers <debian-gcc@lists.debian.org>,pkg:deb/debian/libtsan2@14.2.0-19?arch=amd64&distro=debian-13.6&upstream=gcc-14,cpe:2.3:a:libtsan2:libtsan2:14.2.0-19:*:*:*:*:*:*:*,STRUCTURALLY_VALID,,a,libtsan2,libtsan2,14.2.0-19,*,*,*,*,*,*,*
109009,docker.io/library/python,3.14.6,pilot/results/sboms/python-3.14.6.cdx.json,pkg:deb/debian/libubsan1@14.2.0-19?arch=amd64&distro=debian-13.6&package-id=79fd96516c7017fa&upstream=gcc-14,library,libubsan1,14.2.0-19,Debian GCC Maintainers <debian-gcc@lists.debian.org>,pkg:deb/debian/libubsan1@14.2.0-19?arch=amd64&distro=debian-13.6&upstream=gcc-14,cpe:2.3:a:libubsan1:libubsan1:14.2.0-19:*:*:*:*:*:*:*,STRUCTURALLY_VALID,,a,libubsan1,libubsan1,14.2.0-19,*,*,*,*,*,*,*
109010,docker.io/library/python,3.14.6,pilot/results/sboms/python-3.14.6.cdx.json,pkg:deb/debian/libudev1@257.13-1~deb13u1?arch=amd64&distro=debian-13.6&package-id=4468281f476fc994&upstream=systemd,library,libudev1,257.13-1~deb13u1,Debian systemd Maintainers <pkg-systemd-maintainers@lists.alioth.debian.org>,pkg:deb/debian/libudev1@257.13-1~deb13u1?arch=amd64&distro=debian-13.6&upstream=systemd,cpe:2.3:a:libudev1:libudev1:257.13-1\~deb13u1:*:*:*:*:*:*:*,STRUCTURALLY_VALID,,a,libudev1,libudev1,257.13-1\~deb13u1,*,*,*,*,*,*,*
109011,docker.io/library/python,3.14.6,pilot/results/sboms/python-3.14.6.cdx.json,pkg:deb/debian/libunbound8@1.22.0-2%2Bdeb13u3?arch=amd64&distro=debian-13.6&package-id=9accda91378e77f5&upstream=unbound,library,libunbound8,1.22.0-2+deb13u3,unbound packagers <unbound@packages.debian.org>,pkg:deb/debian/libunbound8@1.22.0-2%2Bdeb13u3?arch=amd64&distro=debian-13.6&upstream=unbound,cpe:2.3:a:libunbound8:libunbound8:1.22.0-2\+deb13u3:*:*:*:*:*:*:*,STRUCTURALLY_VALID,,a,libunbound8,libunbound8,1.22.0-2\+deb13u3,*,*,*,*,*,*,*
109012,docker.io/library/python,3.14.6,pilot/results/sboms/python-3.14.6.cdx.json,pkg:deb/debian/libunistring5@1.3-2?arch=amd64&distro=debian-13.6&package-id=38cd4368751ca52c&upstream=libunistring,library,libunistring5,1.3-2,Jörg Frings-Fürst <debian@jff.email>,pkg:deb/debian/libunistring5@1.3-2?arch=amd64&distro=debian-13.6&upstream=libunistring,cpe:2.3:a:libunistring5:libunistring5:1.3-2:*:*:*:*:*:*:*,STRUCTURALLY_VALID,,a,libunistring5,libunistring5,1.3-2,*,*,*,*,*,*,*
109013,docker.io/library/python,3.14.6,pilot/results/sboms/python-3.14.6.cdx.json,pkg:deb/debian/libutf8proc3@2.9.0-1%2Bb2?arch=amd64&distro=debian-13.6&package-id=6d6f079deefc8ded&upstream=utf8proc%402.9.0-1,library,libutf8proc3,2.9.0-1+b2,Debian Julia Team <pkg-julia-devel@lists.alioth.debian.org>,pkg:deb/debian/libutf8proc3@2.9.0-1%2Bb2?arch=amd64&distro=debian-13.6&upstream=utf8proc%402.9.0-1,cpe:2.3:a:libutf8proc3:libutf8proc3:2.9.0-1\+b2:*:*:*:*:*:*:*,STRUCTURALLY_VALID,,a,libutf8proc3,libutf8proc3,2.9.0-1\+b2,*,*,*,*,*,*,*
109014,docker.io/library/python,3.14.6,pilot/results/sboms/python-3.14.6.cdx.json,pkg:deb/debian/libuuid1@2.41-5?arch=amd64&distro=debian-13.6&package-id=a8a27df4740c7b35&upstream=util-linux,library,libuuid1,2.41-5,Chris Hofstaedtler <zeha@debian.org>,pkg:deb/debian/libuuid1@2.41-5?arch=amd64&distro=debian-13.6&upstream=util-linux,cpe:2.3:a:libuuid1:libuuid1:2.41-5:*:*:*:*:*:*:*,STRUCTURALLY_VALID,,a,libuuid1,libuuid1,2.41-5,*,*,*,*,*,*,*
109016,docker.io/library/python,3.14.6,pilot/results/sboms/python-3.14.6.cdx.json,pkg:deb/debian/libwebp7@1.5.0-0.1?arch=amd64&distro=debian-13.6&package-id=2f0f8011797cf4fe&upstream=libwebp,library,libwebp7,1.5.0-0.1,Jeff Breidenbach <jab@debian.org>,pkg:deb/debian/libwebp7@1.5.0-0.1?arch=amd64&distro=debian-13.6&upstream=libwebp,cpe:2.3:a:libwebp7:libwebp7:1.5.0-0.1:*:*:*:*:*:*:*,STRUCTURALLY_VALID,,a,libwebp7,libwebp7,1.5.0-0.1,*,*,*,*,*,*,*
109017,docker.io/library/python,3.14.6,pilot/results/sboms/python-3.14.6.cdx.json,pkg:deb/debian/libwebpdecoder3@1.5.0-0.1?arch=amd64&distro=debian-13.6&package-id=f10ab9114f9ef865&upstream=libwebp,library,libwebpdecoder3,1.5.0-0.1,Jeff Breidenbach <jab@debian.org>,pkg:deb/debian/libwebpdecoder3@1.5.0-0.1?arch=amd64&distro=debian-13.6&upstream=libwebp,cpe:2.3:a:libwebpdecoder3:libwebpdecoder3:1.5.0-0.1:*:*:*:*:*:*:*,STRUCTURALLY_VALID,,a,libwebpdecoder3,libwebpdecoder3,1.5.0-0.1,*,*,*,*,*,*,*
109018,docker.io/library/python,3.14.6,pilot/results/sboms/python-3.14.6.cdx.json,pkg:deb/debian/libwebpdemux2@1.5.0-0.1?arch=amd64&distro=debian-13.6&package-id=8229444a85ed7d5e&upstream=libwebp,library,libwebpdemux2,1.5.0-0.1,Jeff Breidenbach <jab@debian.org>,pkg:deb/debian/libwebpdemux2@1.5.0-0.1?arch=amd64&distro=debian-13.6&upstream=libwebp,cpe:2.3:a:libwebpdemux2:libwebpdemux2:1.5.0-0.1:*:*:*:*:*:*:*,STRUCTURALLY_VALID,,a,libwebpdemux2,libwebpdemux2,1.5.0-0.1,*,*,*,*,*,*,*
109015,docker.io/library/python,3.14.6,pilot/results/sboms/python-3.14.6.cdx.json,pkg:deb/debian/libwebp-dev@1.5.0-0.1?arch=amd64&distro=debian-13.6&package-id=00a8ebef8dde46d7&upstream=libwebp,library,libwebp-dev,1.5.0-0.1,Jeff Breidenbach <jab@debian.org>,pkg:deb/debian/libwebp-dev@1.5.0-0.1?arch=amd64&distro=debian-13.6&upstream=libwebp,cpe:2.3:a:libwebp-dev:libwebp-dev:1.5.0-0.1:*:*:*:*:*:*:*,STRUCTURALLY_VALID,,a,libwebp-dev,libwebp-dev,1.5.0-0.1,*,*,*,*,*,*,*
109019,docker.io/library/python,3.14.6,pilot/results/sboms/python-3.14.6.cdx.json,pkg:deb/debian/libwebpmux3@1.5.0-0.1?arch=amd64&distro=debian-13.6&package-id=b5615d9bd707155b&upstream=libwebp,library,libwebpmux3,1.5.0-0.1,Jeff Breidenbach <jab@debian.org>,pkg:deb/debian/libwebpmux3@1.5.0-0.1?arch=amd64&distro=debian-13.6&upstream=libwebp,cpe:2.3:a:libwebpmux3:libwebpmux3:1.5.0-0.1:*:*:*:*:*:*:*,STRUCTURALLY_VALID,,a,libwebpmux3,libwebpmux3,1.5.0-0.1,*,*,*,*,*,*,*
109020,docker.io/library/python,3.14.6,pilot/results/sboms/python-3.14.6.cdx.json,pkg:deb/debian/libwmf-0.2-7@0.2.13-1.1%2Bb3?arch=amd64&distro=debian-13.6&package-id=b2171ee7ff6f0830&upstream=libwmf%400.2.13-1.1,library,libwmf-0.2-7,0.2.13-1.1+b3,Yangfl <mmyangfl@gmail.com>,pkg:deb/debian/libwmf-0.2-7@0.2.13-1.1%2Bb3?arch=amd64&distro=debian-13.6&upstream=libwmf%400.2.13-1.1,cpe:2.3:a:libwmf-0.2-7:libwmf-0.2-7:0.2.13-1.1\+b3:*:*:*:*:*:*:*,STRUCTURALLY_VALID,,a,libwmf-0.2-7,libwmf-0.2-7,0.2.13-1.1\+b3,*,*,*,*,*,*,*
109021,docker.io/library/python,3.14.6,pilot/results/sboms/python-3.14.6.cdx.json,pkg:deb/debian/libwmf-dev@0.2.13-1.1%2Bb3?arch=amd64&distro=debian-13.6&package-id=8655fad350555115&upstream=libwmf%400.2.13-1.1,library,libwmf-dev,0.2.13-1.1+b3,Yangfl <mmyangfl@gmail.com>,pkg:deb/debian/libwmf-dev@0.2.13-1.1%2Bb3?arch=amd64&distro=debian-13.6&upstream=libwmf%400.2.13-1.1,cpe:2.3:a:libwmf-dev:libwmf-dev:0.2.13-1.1\+b3:*:*:*:*:*:*:*,STRUCTURALLY_VALID,,a,libwmf-dev,libwmf-dev,0.2.13-1.1\+b3,*,*,*,*,*,*,*
109022,docker.io/library/python,3.14.6,pilot/results/sboms/python-3.14.6.cdx.json,pkg:deb/debian/libwmflite-0.2-7@0.2.13-1.1%2Bb3?arch=amd64&distro=debian-13.6&package-id=287eddbbe765451f&upstream=libwmf%400.2.13-1.1,library,libwmflite-0.2-7,0.2.13-1.1+b3,Yangfl <mmyangfl@gmail.com>,pkg:deb/debian/libwmflite-0.2-7@0.2.13-1.1%2Bb3?arch=amd64&distro=debian-13.6&upstream=libwmf%400.2.13-1.1,cpe:2.3:a:libwmflite-0.2-7:libwmflite-0.2-7:0.2.13-1.1\+b3:*:*:*:*:*:*:*,STRUCTURALLY_VALID,,a,libwmflite-0.2-7,libwmflite-0.2-7,0.2.13-1.1\+b3,*,*,*,*,*,*,*
109023,docker.io/library/python,3.14.6,pilot/results/sboms/python-3.14.6.cdx.json,pkg:deb/debian/libx11-6@2%3A1.8.12-1?arch=amd64&distro=debian-13.6&package-id=ea4018933b7b4ef6&upstream=libx11,library,libx11-6,2:1.8.12-1,Debian X Strike Force <debian-x@lists.debian.org>,pkg:deb/debian/libx11-6@2%3A1.8.12-1?arch=amd64&distro=debian-13.6&upstream=libx11,cpe:2.3:a:libx11-6:libx11-6:2\:1.8.12-1:*:*:*:*:*:*:*,STRUCTURALLY_VALID,,a,libx11-6,libx11-6,2\:1.8.12-1,*,*,*,*,*,*,*
109024,docker.io/library/python,3.14.6,pilot/results/sboms/python-3.14.6.cdx.json,pkg:deb/debian/libx11-data@2%3A1.8.12-1?arch=all&distro=debian-13.6&package-id=25c33176f8e0362a&upstream=libx11,library,libx11-data,2:1.8.12-1,Debian X Strike Force <debian-x@lists.debian.org>,pkg:deb/debian/libx11-data@2%3A1.8.12-1?arch=all&distro=debian-13.6&upstream=libx11,cpe:2.3:a:libx11-data:libx11-data:2\:1.8.12-1:*:*:*:*:*:*:*,STRUCTURALLY_VALID,,a,libx11-data,libx11-data,2\:1.8.12-1,*,*,*,*,*,*,*
109025,docker.io/library/python,3.14.6,pilot/results/sboms/python-3.14.6.cdx.json,pkg:deb/debian/libx11-dev@2%3A1.8.12-1?arch=amd64&distro=debian-13.6&package-id=72e9be1234ffb541&upstream=libx11,library,libx11-dev,2:1.8.12-1,Debian X Strike Force <debian-x@lists.debian.org>,pkg:deb/debian/libx11-dev@2%3A1.8.12-1?arch=amd64&distro=debian-13.6&upstream=libx11,cpe:2.3:a:libx11-dev:libx11-dev:2\:1.8.12-1:*:*:*:*:*:*:*,STRUCTURALLY_VALID,,a,libx11-dev,libx11-dev,2\:1.8.12-1,*,*,*,*,*,*,*
109027,docker.io/library/python,3.14.6,pilot/results/sboms/python-3.14.6.cdx.json,pkg:deb/debian/libxau6@1%3A1.0.11-1?arch=amd64&distro=debian-13.6&package-id=aad04b1e645cb798&upstream=libxau,library,libxau6,1:1.0.11-1,Debian X Strike Force <debian-x@lists.debian.org>,pkg:deb/debian/libxau6@1%3A1.0.11-1?arch=amd64&distro=debian-13.6&upstream=libxau,cpe:2.3:a:libxau6:libxau6:1\:1.0.11-1:*:*:*:*:*:*:*,STRUCTURALLY_VALID,,a,libxau6,libxau6,1\:1.0.11-1,*,*,*,*,*,*,*
109026,docker.io/library/python,3.14.6,pilot/results/sboms/python-3.14.6.cdx.json,pkg:deb/debian/libxau-dev@1%3A1.0.11-1?arch=amd64&distro=debian-13.6&package-id=f039285c909bdd2a&upstream=libxau,library,libxau-dev,1:1.0.11-1,Debian X Strike Force <debian-x@lists.debian.org>,pkg:deb/debian/libxau-dev@1%3A1.0.11-1?arch=amd64&distro=debian-13.6&upstream=libxau,cpe:2.3:a:libxau-dev:libxau-dev:1\:1.0.11-1:*:*:*:*:*:*:*,STRUCTURALLY_VALID,,a,libxau-dev,libxau-dev,1\:1.0.11-1,*,*,*,*,*,*,*
109032,docker.io/library/python,3.14.6,pilot/results/sboms/python-3.14.6.cdx.json,pkg:deb/debian/libxcb1@1.17.0-2%2Bb1?arch=amd64&distro=debian-13.6&package-id=e06e36ba33793c64&upstream=libxcb%401.17.0-2,library,libxcb1,1.17.0-2+b1,Debian X Strike Force <debian-x@lists.debian.org>,pkg:deb/debian/libxcb1@1.17.0-2%2Bb1?arch=amd64&distro=debian-13.6&upstream=libxcb%401.17.0-2,cpe:2.3:a:libxcb1:libxcb1:1.17.0-2\+b1:*:*:*:*:*:*:*,STRUCTURALLY_VALID,,a,libxcb1,libxcb1,1.17.0-2\+b1,*,*,*,*,*,*,*
109033,docker.io/library/python,3.14.6,pilot/results/sboms/python-3.14.6.cdx.json,pkg:deb/debian/libxcb1-dev@1.17.0-2%2Bb1?arch=amd64&distro=debian-13.6&package-id=4b07ee93e52d9943&upstream=libxcb%401.17.0-2,library,libxcb1-dev,1.17.0-2+b1,Debian X Strike Force <debian-x@lists.debian.org>,pkg:deb/debian/libxcb1-dev@1.17.0-2%2Bb1?arch=amd64&distro=debian-13.6&upstream=libxcb%401.17.0-2,cpe:2.3:a:libxcb1-dev:libxcb1-dev:1.17.0-2\+b1:*:*:*:*:*:*:*,STRUCTURALLY_VALID,,a,libxcb1-dev,libxcb1-dev,1.17.0-2\+b1,*,*,*,*,*,*,*
109028,docker.io/library/python,3.14.6,pilot/results/sboms/python-3.14.6.cdx.json,pkg:deb/debian/libxcb-render0@1.17.0-2%2Bb1?arch=amd64&distro=debian-13.6&package-id=9e2dc1980717a92d&upstream=libxcb%401.17.0-2,library,libxcb-render0,1.17.0-2+b1,Debian X Strike Force <debian-x@lists.debian.org>,pkg:deb/debian/libxcb-render0@1.17.0-2%2Bb1?arch=amd64&distro=debian-13.6&upstream=libxcb%401.17.0-2,cpe:2.3:a:libxcb-render0:libxcb-render0:1.17.0-2\+b1:*:*:*:*:*:*:*,STRUCTURALLY_VALID,,a,libxcb-render0,libxcb-render0,1.17.0-2\+b1,*,*,*,*,*,*,*
109029,docker.io/library/python,3.14.6,pilot/results/sboms/python-3.14.6.cdx.json,pkg:deb/debian/libxcb-render0-dev@1.17.0-2%2Bb1?arch=amd64&distro=debian-13.6&package-id=398155830d489c8c&upstream=libxcb%401.17.0-2,library,libxcb-render0-dev,1.17.0-2+b1,Debian X Strike Force <debian-x@lists.debian.org>,pkg:deb/debian/libxcb-render0-dev@1.17.0-2%2Bb1?arch=amd64&distro=debian-13.6&upstream=libxcb%401.17.0-2,cpe:2.3:a:libxcb-render0-dev:libxcb-render0-dev:1.17.0-2\+b1:*:*:*:*:*:*:*,STRUCTURALLY_VALID,,a,libxcb-render0-dev,libxcb-render0-dev,1.17.0-2\+b1,*,*,*,*,*,*,*
109030,docker.io/library/python,3.14.6,pilot/results/sboms/python-3.14.6.cdx.json,pkg:deb/debian/libxcb-shm0@1.17.0-2%2Bb1?arch=amd64&distro=debian-13.6&package-id=355232c8aeb14ae2&upstream=libxcb%401.17.0-2,library,libxcb-shm0,1.17.0-2+b1,Debian X Strike Force <debian-x@lists.debian.org>,pkg:deb/debian/libxcb-shm0@1.17.0-2%2Bb1?arch=amd64&distro=debian-13.6&upstream=libxcb%401.17.0-2,cpe:2.3:a:libxcb-shm0:libxcb-shm0:1.17.0-2\+b1:*:*:*:*:*:*:*,STRUCTURALLY_VALID,,a,libxcb-shm0,libxcb-shm0,1.17.0-2\+b1,*,*,*,*,*,*,*
109031,docker.io/library/python,3.14.6,pilot/results/sboms/python-3.14.6.cdx.json,pkg:deb/debian/libxcb-shm0-dev@1.17.0-2%2Bb1?arch=amd64&distro=debian-13.6&package-id=35c23be463a9b2cc&upstream=libxcb%401.17.0-2,library,libxcb-shm0-dev,1.17.0-2+b1,Debian X Strike Force <debian-x@lists.debian.org>,pkg:deb/debian/libxcb-shm0-dev@1.17.0-2%2Bb1?arch=amd64&distro=debian-13.6&upstream=libxcb%401.17.0-2,cpe:2.3:a:libxcb-shm0-dev:libxcb-shm0-dev:1.17.0-2\+b1:*:*:*:*:*:*:*,STRUCTURALLY_VALID,,a,libxcb-shm0-dev,libxcb-shm0-dev,1.17.0-2\+b1,*,*,*,*,*,*,*
109035,docker.io/library/python,3.14.6,pilot/results/sboms/python-3.14.6.cdx.json,pkg:deb/debian/libxdmcp6@1%3A1.1.5-1?arch=amd64&distro=debian-13.6&package-id=f714d826c26260ab&upstream=libxdmcp,library,libxdmcp6,1:1.1.5-1,Debian X Strike Force <debian-x@lists.debian.org>,pkg:deb/debian/libxdmcp6@1%3A1.1.5-1?arch=amd64&distro=debian-13.6&upstream=libxdmcp,cpe:2.3:a:libxdmcp6:libxdmcp6:1\:1.1.5-1:*:*:*:*:*:*:*,STRUCTURALLY_VALID,,a,libxdmcp6,libxdmcp6,1\:1.1.5-1,*,*,*,*,*,*,*
109034,docker.io/library/python,3.14.6,pilot/results/sboms/python-3.14.6.cdx.json,pkg:deb/debian/libxdmcp-dev@1%3A1.1.5-1?arch=amd64&distro=debian-13.6&package-id=73629c8985a6b10f&upstream=libxdmcp,library,libxdmcp-dev,1:1.1.5-1,Debian X Strike Force <debian-x@lists.debian.org>,pkg:deb/debian/libxdmcp-dev@1%3A1.1.5-1?arch=amd64&distro=debian-13.6&upstream=libxdmcp,cpe:2.3:a:libxdmcp-dev:libxdmcp-dev:1\:1.1.5-1:*:*:*:*:*:*:*,STRUCTURALLY_VALID,,a,libxdmcp-dev,libxdmcp-dev,1\:1.1.5-1,*,*,*,*,*,*,*
109037,docker.io/library/python,3.14.6,pilot/results/sboms/python-3.14.6.cdx.json,pkg:deb/debian/libxext6@2%3A1.3.4-1%2Bb3?arch=amd64&distro=debian-13.6&package-id=3f799c9a48a2a9ff&upstream=libxext%402%3A1.3.4-1,library,libxext6,2:1.3.4-1+b3,Debian X Strike Force <debian-x@lists.debian.org>,pkg:deb/debian/libxext6@2%3A1.3.4-1%2Bb3?arch=amd64&distro=debian-13.6&upstream=libxext%402%3A1.3.4-1,cpe:2.3:a:libxext6:libxext6:2\:1.3.4-1\+b3:*:*:*:*:*:*:*,STRUCTURALLY_VALID,,a,libxext6,libxext6,2\:1.3.4-1\+b3,*,*,*,*,*,*,*
109036,docker.io/library/python,3.14.6,pilot/results/sboms/python-3.14.6.cdx.json,pkg:deb/debian/libxext-dev@2%3A1.3.4-1%2Bb3?arch=amd64&distro=debian-13.6&package-id=a87ce42dfb24a4f1&upstream=libxext%402%3A1.3.4-1,library,libxext-dev,2:1.3.4-1+b3,Debian X Strike Force <debian-x@lists.debian.org>,pkg:deb/debian/libxext-dev@2%3A1.3.4-1%2Bb3?arch=amd64&distro=debian-13.6&upstream=libxext%402%3A1.3.4-1,cpe:2.3:a:libxext-dev:libxext-dev:2\:1.3.4-1\+b3:*:*:*:*:*:*:*,STRUCTURALLY_VALID,,a,libxext-dev,libxext-dev,2\:1.3.4-1\+b3,*,*,*,*,*,*,*
109039,docker.io/library/python,3.14.6,pilot/results/sboms/python-3.14.6.cdx.json,pkg:deb/debian/libxft2@2.3.6-1%2Bb4?arch=amd64&distro=debian-13.6&package-id=bd9d9e7773ba074b&upstream=xft%402.3.6-1,library,libxft2,2.3.6-1+b4,Debian X Strike Force <debian-x@lists.debian.org>,pkg:deb/debian/libxft2@2.3.6-1%2Bb4?arch=amd64&distro=debian-13.6&upstream=xft%402.3.6-1,cpe:2.3:a:libxft2:libxft2:2.3.6-1\+b4:*:*:*:*:*:*:*,STRUCTURALLY_VALID,,a,libxft2,libxft2,2.3.6-1\+b4,*,*,*,*,*,*,*
109038,docker.io/library/python,3.14.6,pilot/results/sboms/python-3.14.6.cdx.json,pkg:deb/debian/libxft-dev@2.3.6-1%2Bb4?arch=amd64&distro=debian-13.6&package-id=f8d6b0bcf9845489&upstream=xft%402.3.6-1,library,libxft-dev,2.3.6-1+b4,Debian X Strike Force <debian-x@lists.debian.org>,pkg:deb/debian/libxft-dev@2.3.6-1%2Bb4?arch=amd64&distro=debian-13.6&upstream=xft%402.3.6-1,cpe:2.3:a:libxft-dev:libxft-dev:2.3.6-1\+b4:*:*:*:*:*:*:*,STRUCTURALLY_VALID,,a,libxft-dev,libxft-dev,2.3.6-1\+b4,*,*,*,*,*,*,*
109040,docker.io/library/python,3.14.6,pilot/results/sboms/python-3.14.6.cdx.json,pkg:deb/debian/libxml2@2.12.7%2Bdfsg%2Breally2.9.14-2.1%2Bdeb13u3?arch=amd64&distro=debian-13.6&package-id=74e0d2fced48138b,library,libxml2,2.12.7+dfsg+really2.9.14-2.1+deb13u3,Debian XML/SGML Group <debian-xml-sgml-pkgs@lists.alioth.debian.org>,pkg:deb/debian/libxml2@2.12.7%2Bdfsg%2Breally2.9.14-2.1%2Bdeb13u3?arch=amd64&distro=debian-13.6,cpe:2.3:a:libxml2:libxml2:2.12.7\+dfsg\+really2.9.14-2.1\+deb13u3:*:*:*:*:*:*:*,STRUCTURALLY_VALID,,a,libxml2,libxml2,2.12.7\+dfsg\+really2.9.14-2.1\+deb13u3,*,*,*,*,*,*,*
109041,docker.io/library/python,3.14.6,pilot/results/sboms/python-3.14.6.cdx.json,pkg:deb/debian/libxml2-dev@2.12.7%2Bdfsg%2Breally2.9.14-2.1%2Bdeb13u3?arch=amd64&distro=debian-13.6&package-id=6d239adb9c08f473&upstream=libxml2,library,libxml2-dev,2.12.7+dfsg+really2.9.14-2.1+deb13u3,Debian XML/SGML Group <debian-xml-sgml-pkgs@lists.alioth.debian.org>,pkg:deb/debian/libxml2-dev@2.12.7%2Bdfsg%2Breally2.9.14-2.1%2Bdeb13u3?arch=amd64&distro=debian-13.6&upstream=libxml2,cpe:2.3:a:libxml2-dev:libxml2-dev:2.12.7\+dfsg\+really2.9.14-2.1\+deb13u3:*:*:*:*:*:*:*,STRUCTURALLY_VALID,,a,libxml2-dev,libxml2-dev,2.12.7\+dfsg\+really2.9.14-2.1\+deb13u3,*,*,*,*,*,*,*
109043,docker.io/library/python,3.14.6,pilot/results/sboms/python-3.14.6.cdx.json,pkg:deb/debian/libxrender1@1%3A0.9.12-1?arch=amd64&distro=debian-13.6&package-id=f95bb02a97e4846d&upstream=libxrender,library,libxrender1,1:0.9.12-1,Debian X Strike Force <debian-x@lists.debian.org>,pkg:deb/debian/libxrender1@1%3A0.9.12-1?arch=amd64&distro=debian-13.6&upstream=libxrender,cpe:2.3:a:libxrender1:libxrender1:1\:0.9.12-1:*:*:*:*:*:*:*,STRUCTURALLY_VALID,,a,libxrender1,libxrender1,1\:0.9.12-1,*,*,*,*,*,*,*
109042,docker.io/library/python,3.14.6,pilot/results/sboms/python-3.14.6.cdx.json,pkg:deb/debian/libxrender-dev@1%3A0.9.12-1?arch=amd64&distro=debian-13.6&package-id=4faa6a26c9ad116f&upstream=libxrender,library,libxrender-dev,1:0.9.12-1,Debian X Strike Force <debian-x@lists.debian.org>,pkg:deb/debian/libxrender-dev@1%3A0.9.12-1?arch=amd64&distro=debian-13.6&upstream=libxrender,cpe:2.3:a:libxrender-dev:libxrender-dev:1\:0.9.12-1:*:*:*:*:*:*:*,STRUCTURALLY_VALID,,a,libxrender-dev,libxrender-dev,1\:0.9.12-1,*,*,*,*,*,*,*
109045,docker.io/library/python,3.14.6,pilot/results/sboms/python-3.14.6.cdx.json,pkg:deb/debian/libxslt1.1@1.1.35-1.2%2Bdeb13u3?arch=amd64&distro=debian-13.6&package-id=a316acb628a29c97&upstream=libxslt,library,libxslt1.1,1.1.35-1.2+deb13u3,Debian XML/SGML Group <debian-xml-sgml-pkgs@lists.alioth.debian.org>,pkg:deb/debian/libxslt1.1@1.1.35-1.2%2Bdeb13u3?arch=amd64&distro=debian-13.6&upstream=libxslt,cpe:2.3:a:libxslt1.1:libxslt1.1:1.1.35-1.2\+deb13u3:*:*:*:*:*:*:*,STRUCTURALLY_VALID,,a,libxslt1.1,libxslt1.1,1.1.35-1.2\+deb13u3,*,*,*,*,*,*,*
109044,docker.io/library/python,3.14.6,pilot/results/sboms/python-3.14.6.cdx.json,pkg:deb/debian/libxslt1-dev@1.1.35-1.2%2Bdeb13u3?arch=amd64&distro=debian-13.6&package-id=4a3085f7455cedbe&upstream=libxslt,library,libxslt1-dev,1.1.35-1.2+deb13u3,Debian XML/SGML Group <debian-xml-sgml-pkgs@lists.alioth.debian.org>,pkg:deb/debian/libxslt1-dev@1.1.35-1.2%2Bdeb13u3?arch=amd64&distro=debian-13.6&upstream=libxslt,cpe:2.3:a:libxslt1-dev:libxslt1-dev:1.1.35-1.2\+deb13u3:*:*:*:*:*:*:*,STRUCTURALLY_VALID,,a,libxslt1-dev,libxslt1-dev,1.1.35-1.2\+deb13u3,*,*,*,*,*,*,*
109047,docker.io/library/python,3.14.6,pilot/results/sboms/python-3.14.6.cdx.json,pkg:deb/debian/libxss1@1%3A1.2.3-1%2Bb3?arch=amd64&distro=debian-13.6&package-id=1cafb655efe50b64&upstream=libxss%401%3A1.2.3-1,library,libxss1,1:1.2.3-1+b3,Debian X Strike Force <debian-x@lists.debian.org>,pkg:deb/debian/libxss1@1%3A1.2.3-1%2Bb3?arch=amd64&distro=debian-13.6&upstream=libxss%401%3A1.2.3-1,cpe:2.3:a:libxss1:libxss1:1\:1.2.3-1\+b3:*:*:*:*:*:*:*,STRUCTURALLY_VALID,,a,libxss1,libxss1,1\:1.2.3-1\+b3,*,*,*,*,*,*,*
109046,docker.io/library/python,3.14.6,pilot/results/sboms/python-3.14.6.cdx.json,pkg:deb/debian/libxss-dev@1%3A1.2.3-1%2Bb3?arch=amd64&distro=debian-13.6&package-id=260b85bdeb039b21&upstream=libxss%401%3A1.2.3-1,library,libxss-dev,1:1.2.3-1+b3,Debian X Strike Force <debian-x@lists.debian.org>,pkg:deb/debian/libxss-dev@1%3A1.2.3-1%2Bb3?arch=amd64&distro=debian-13.6&upstream=libxss%401%3A1.2.3-1,cpe:2.3:a:libxss-dev:libxss-dev:1\:1.2.3-1\+b3:*:*:*:*:*:*:*,STRUCTURALLY_VALID,,a,libxss-dev,libxss-dev,1\:1.2.3-1\+b3,*,*,*,*,*,*,*
109049,docker.io/library/python,3.14.6,pilot/results/sboms/python-3.14.6.cdx.json,pkg:deb/debian/libxt6t64@1%3A1.2.1-1.2%2Bb2?arch=amd64&distro=debian-13.6&package-id=a2c0ab391d04f569&upstream=libxt%401%3A1.2.1-1.2,library,libxt6t64,1:1.2.1-1.2+b2,Debian X Strike Force <debian-x@lists.debian.org>,pkg:deb/debian/libxt6t64@1%3A1.2.1-1.2%2Bb2?arch=amd64&distro=debian-13.6&upstream=libxt%401%3A1.2.1-1.2,cpe:2.3:a:libxt6t64:libxt6t64:1\:1.2.1-1.2\+b2:*:*:*:*:*:*:*,STRUCTURALLY_VALID,,a,libxt6t64,libxt6t64,1\:1.2.1-1.2\+b2,*,*,*,*,*,*,*
109048,docker.io/library/python,3.14.6,pilot/results/sboms/python-3.14.6.cdx.json,pkg:deb/debian/libxt-dev@1%3A1.2.1-1.2%2Bb2?arch=amd64&distro=debian-13.6&package-id=5e62cd064d8ce635&upstream=libxt%401%3A1.2.1-1.2,library,libxt-dev,1:1.2.1-1.2+b2,Debian X Strike Force <debian-x@lists.debian.org>,pkg:deb/debian/libxt-dev@1%3A1.2.1-1.2%2Bb2?arch=amd64&distro=debian-13.6&upstream=libxt%401%3A1.2.1-1.2,cpe:2.3:a:libxt-dev:libxt-dev:1\:1.2.1-1.2\+b2:*:*:*:*:*:*:*,STRUCTURALLY_VALID,,a,libxt-dev,libxt-dev,1\:1.2.1-1.2\+b2,*,*,*,*,*,*,*
109050,docker.io/library/python,3.14.6,pilot/results/sboms/python-3.14.6.cdx.json,pkg:deb/debian/libxxhash0@0.8.3-2?arch=amd64&distro=debian-13.6&package-id=8047a2247d2d0e45&upstream=xxhash,library,libxxhash0,0.8.3-2,Josue Ortega <josue@debian.org>,pkg:deb/debian/libxxhash0@0.8.3-2?arch=amd64&distro=debian-13.6&upstream=xxhash,cpe:2.3:a:libxxhash0:libxxhash0:0.8.3-2:*:*:*:*:*:*:*,STRUCTURALLY_VALID,,a,libxxhash0,libxxhash0,0.8.3-2,*,*,*,*,*,*,*
109051,docker.io/library/python,3.14.6,pilot/results/sboms/python-3.14.6.cdx.json,pkg:deb/debian/libyaml-0-2@0.2.5-2?arch=amd64&distro=debian-13.6&package-id=9ae8493f4753f6b8&upstream=libyaml,library,libyaml-0-2,0.2.5-2,Florian Ernst <florian@debian.org>,pkg:deb/debian/libyaml-0-2@0.2.5-2?arch=amd64&distro=debian-13.6&upstream=libyaml,cpe:2.3:a:libyaml-0-2:libyaml-0-2:0.2.5-2:*:*:*:*:*:*:*,STRUCTURALLY_VALID,,a,libyaml-0-2,libyaml-0-2,0.2.5-2,*,*,*,*,*,*,*
109052,docker.io/library/python,3.14.6,pilot/results/sboms/python-3.14.6.cdx.json,pkg:deb/debian/libyaml-dev@0.2.5-2?arch=amd64&distro=debian-13.6&package-id=6d7d6bd833d62a77&upstream=libyaml,library,libyaml-dev,0.2.5-2,Florian Ernst <florian@debian.org>,pkg:deb/debian/libyaml-dev@0.2.5-2?arch=amd64&distro=debian-13.6&upstream=libyaml,cpe:2.3:a:libyaml-dev:libyaml-dev:0.2.5-2:*:*:*:*:*:*:*,STRUCTURALLY_VALID,,a,libyaml-dev,libyaml-dev,0.2.5-2,*,*,*,*,*,*,*
109054,docker.io/library/python,3.14.6,pilot/results/sboms/python-3.14.6.cdx.json,pkg:deb/debian/libzstd1@1.5.7%2Bdfsg-1?arch=amd64&distro=debian-13.6&package-id=a054cdb90cdf7119&upstream=libzstd,library,libzstd1,1.5.7+dfsg-1,RPM packaging team <team+pkg-rpm@tracker.debian.org>,pkg:deb/debian/libzstd1@1.5.7%2Bdfsg-1?arch=amd64&distro=debian-13.6&upstream=libzstd,cpe:2.3:a:libzstd1:libzstd1:1.5.7\+dfsg-1:*:*:*:*:*:*:*,STRUCTURALLY_VALID,,a,libzstd1,libzstd1,1.5.7\+dfsg-1,*,*,*,*,*,*,*
109053,docker.io/library/python,3.14.6,pilot/results/sboms/python-3.14.6.cdx.json,pkg:deb/debian/libzstd-dev@1.5.7%2Bdfsg-1?arch=amd64&distro=debian-13.6&package-id=5fee39b8b7ebc368&upstream=libzstd,library,libzstd-dev,1.5.7+dfsg-1,RPM packaging team <team+pkg-rpm@tracker.debian.org>,pkg:deb/debian/libzstd-dev@1.5.7%2Bdfsg-1?arch=amd64&distro=debian-13.6&upstream=libzstd,cpe:2.3:a:libzstd-dev:libzstd-dev:1.5.7\+dfsg-1:*:*:*:*:*:*:*,STRUCTURALLY_VALID,,a,libzstd-dev,libzstd-dev,1.5.7\+dfsg-1,*,*,*,*,*,*,*
109055,docker.io/library/python,3.14.6,pilot/results/sboms/python-3.14.6.cdx.json,pkg:deb/debian/linux-libc-dev@6.12.95-1?arch=all&distro=debian-13.6&package-id=af677637c1ff590c&upstream=linux,library,linux-libc-dev,6.12.95-1,Debian Kernel Team <debian-kernel@lists.debian.org>,pkg:deb/debian/linux-libc-dev@6.12.95-1?arch=all&distro=debian-13.6&upstream=linux,cpe:2.3:a:linux-libc-dev:linux-libc-dev:6.12.95-1:*:*:*:*:*:*:*,STRUCTURALLY_VALID,,a,linux-libc-dev,linux-libc-dev,6.12.95-1,*,*,*,*,*,*,*
109056,docker.io/library/python,3.14.6,pilot/results/sboms/python-3.14.6.cdx.json,pkg:deb/debian/login@1%3A4.16.0-2%2Breally2.41-5?arch=amd64&distro=debian-13.6&package-id=dd4a8fd9dddb7191&upstream=util-linux%402.41-5,library,login,1:4.16.0-2+really2.41-5,Chris Hofstaedtler <zeha@debian.org>,pkg:deb/debian/login@1%3A4.16.0-2%2Breally2.41-5?arch=amd64&distro=debian-13.6&upstream=util-linux%402.41-5,cpe:2.3:a:login:login:1\:4.16.0-2\+really2.41-5:*:*:*:*:*:*:*,STRUCTURALLY_VALID,,a,login,login,1\:4.16.0-2\+really2.41-5,*,*,*,*,*,*,*
109057,docker.io/library/python,3.14.6,pilot/results/sboms/python-3.14.6.cdx.json,pkg:deb/debian/login.defs@1%3A4.17.4-2?arch=all&distro=debian-13.6&package-id=893ab677af71bedc&upstream=shadow,library,login.defs,1:4.17.4-2,Shadow package maintainers <pkg-shadow-devel@lists.alioth.debian.org>,pkg:deb/debian/login.defs@1%3A4.17.4-2?arch=all&distro=debian-13.6&upstream=shadow,cpe:2.3:a:login.defs:login.defs:1\:4.17.4-2:*:*:*:*:*:*:*,STRUCTURALLY_VALID,,a,login.defs,login.defs,1\:4.17.4-2,*,*,*,*,*,*,*
109058,docker.io/library/python,3.14.6,pilot/results/sboms/python-3.14.6.cdx.json,pkg:deb/debian/m4@1.4.19-8?arch=amd64&distro=debian-13.6&package-id=eaa0fe7eb7a30a90,library,m4,1.4.19-8,Santiago Vila <sanvila@debian.org>,pkg:deb/debian/m4@1.4.19-8?arch=amd64&distro=debian-13.6,cpe:2.3:a:m4:m4:1.4.19-8:*:*:*:*:*:*:*,STRUCTURALLY_VALID,,a,m4,m4,1.4.19-8,*,*,*,*,*,*,*
109059,docker.io/library/python,3.14.6,pilot/results/sboms/python-3.14.6.cdx.json,pkg:deb/debian/make@4.4.1-2?arch=amd64&distro=debian-13.6&package-id=75ca521095dae2be&upstream=make-dfsg,library,make,4.4.1-2,Stephen Kitt <skitt@debian.org>,pkg:deb/debian/make@4.4.1-2?arch=amd64&distro=debian-13.6&upstream=make-dfsg,cpe:2.3:a:make:make:4.4.1-2:*:*:*:*:*:*:*,STRUCTURALLY_VALID,,a,make,make,4.4.1-2,*,*,*,*,*,*,*
109060,docker.io/library/python,3.14.6,pilot/results/sboms/python-3.14.6.cdx.json,pkg:deb/debian/mariadb-common@1%3A11.8.6-0%2Bdeb13u1?arch=all&distro=debian-13.6&package-id=bc670f2a58abb257&upstream=mariadb,library,mariadb-common,1:11.8.6-0+deb13u1,Debian MySQL Maintainers <pkg-mysql-maint@lists.alioth.debian.org>,pkg:deb/debian/mariadb-common@1%3A11.8.6-0%2Bdeb13u1?arch=all&distro=debian-13.6&upstream=mariadb,cpe:2.3:a:mariadb-common:mariadb-common:1\:11.8.6-0\+deb13u1:*:*:*:*:*:*:*,STRUCTURALLY_VALID,,a,mariadb-common,mariadb-common,1\:11.8.6-0\+deb13u1,*,*,*,*,*,*,*
109061,docker.io/library/python,3.14.6,pilot/results/sboms/python-3.14.6.cdx.json,pkg:deb/debian/mawk@1.3.4.20250131-1?arch=amd64&distro=debian-13.6&package-id=d66f7150f339b011,library,mawk,1.3.4.20250131-1,Boyuan Yang <byang@debian.org>,pkg:deb/debian/mawk@1.3.4.20250131-1?arch=amd64&distro=debian-13.6,cpe:2.3:a:mawk:mawk:1.3.4.20250131-1:*:*:*:*:*:*:*,STRUCTURALLY_VALID,,a,mawk,mawk,1.3.4.20250131-1,*,*,*,*,*,*,*
109062,docker.io/library/python,3.14.6,pilot/results/sboms/python-3.14.6.cdx.json,pkg:deb/debian/media-types@13.0.0?arch=all&distro=debian-13.6&package-id=578b0d187bcca638,library,media-types,13.0.0,Mime-Support Packagers <team+debian-mimesupport-packagers@tracker.debian.org>,pkg:deb/debian/media-types@13.0.0?arch=all&distro=debian-13.6,cpe:2.3:a:media-types:media-types:13.0.0:*:*:*:*:*:*:*,STRUCTURALLY_VALID,,a,media-types,media-types,13.0.0,*,*,*,*,*,*,*
109063,docker.io/library/python,3.14.6,pilot/results/sboms/python-3.14.6.cdx.json,pkg:pypi/mercurial@7.0.1?package-id=d36adf2cb44a30f1,library,mercurial,7.0.1,,pkg:pypi/mercurial@7.0.1,cpe:2.3:a:olivia_mackall_and_many_others_\<mercurial_project:python-mercurial:7.0.1:*:*:*:*:*:*:*,STRUCTURALLY_VALID,,a,olivia_mackall_and_many_others_\<mercurial_project,python-mercurial,7.0.1,*,*,*,*,*,*,*
109064,docker.io/library/python,3.14.6,pilot/results/sboms/python-3.14.6.cdx.json,pkg:deb/debian/mercurial@7.0.1-2?arch=amd64&distro=debian-13.6&package-id=8104a31fb79937e8,library,mercurial,7.0.1-2,Debian Python Team <team+python@tracker.debian.org>,pkg:deb/debian/mercurial@7.0.1-2?arch=amd64&distro=debian-13.6,cpe:2.3:a:mercurial:mercurial:7.0.1-2:*:*:*:*:*:*:*,STRUCTURALLY_VALID,,a,mercurial,mercurial,7.0.1-2,*,*,*,*,*,*,*
109065,docker.io/library/python,3.14.6,pilot/results/sboms/python-3.14.6.cdx.json,pkg:deb/debian/mercurial-common@7.0.1-2?arch=all&distro=debian-13.6&package-id=d6d98234132dc894&upstream=mercurial,library,mercurial-common,7.0.1-2,Debian Python Team <team+python@tracker.debian.org>,pkg:deb/debian/mercurial-common@7.0.1-2?arch=all&distro=debian-13.6&upstream=mercurial,cpe:2.3:a:mercurial-common:mercurial-common:7.0.1-2:*:*:*:*:*:*:*,STRUCTURALLY_VALID,,a,mercurial-common,mercurial-common,7.0.1-2,*,*,*,*,*,*,*
109066,docker.io/library/python,3.14.6,pilot/results/sboms/python-3.14.6.cdx.json,pkg:deb/debian/mount@2.41-5?arch=amd64&distro=debian-13.6&package-id=0875fd1d871c7e1b&upstream=util-linux,library,mount,2.41-5,Chris Hofstaedtler <zeha@debian.org>,pkg:deb/debian/mount@2.41-5?arch=amd64&distro=debian-13.6&upstream=util-linux,cpe:2.3:a:mount:mount:2.41-5:*:*:*:*:*:*:*,STRUCTURALLY_VALID,,a,mount,mount,2.41-5,*,*,*,*,*,*,*
109067,docker.io/library/python,3.14.6,pilot/results/sboms/python-3.14.6.cdx.json,pkg:deb/debian/mysql-common@5.8%2B1.1.1?arch=all&distro=debian-13.6&package-id=eafd62eab6b8efc2&upstream=mysql-defaults%401.1.1,library,mysql-common,5.8+1.1.1,Debian MySQL Maintainers <pkg-mysql-maint@lists.alioth.debian.org>,pkg:deb/debian/mysql-common@5.8%2B1.1.1?arch=all&distro=debian-13.6&upstream=mysql-defaults%401.1.1,cpe:2.3:a:mysql-common:mysql-common:5.8\+1.1.1:*:*:*:*:*:*:*,STRUCTURALLY_VALID,,a,mysql-common,mysql-common,5.8\+1.1.1,*,*,*,*,*,*,*
109068,docker.io/library/python,3.14.6,pilot/results/sboms/python-3.14.6.cdx.json,pkg:deb/debian/native-architecture@0.2.6?arch=all&distro=debian-13.6&package-id=69637c0ab3815adc&upstream=architecture-properties,library,native-architecture,0.2.6,Architecture Properties Maintainers <architecture-properties@packages.debian.org>,pkg:deb/debian/native-architecture@0.2.6?arch=all&distro=debian-13.6&upstream=architecture-properties,cpe:2.3:a:native-architecture:native-architecture:0.2.6:*:*:*:*:*:*:*,STRUCTURALLY_VALID,,a,native-architecture,native-architecture,0.2.6,*,*,*,*,*,*,*
109069,docker.io/library/python,3.14.6,pilot/results/sboms/python-3.14.6.cdx.json,pkg:deb/debian/ncurses-base@6.5%2B20250216-2?arch=all&distro=debian-13.6&package-id=3f9378db54aaac9e&upstream=ncurses,library,ncurses-base,6.5+20250216-2,Ncurses Maintainers <ncurses@packages.debian.org>,pkg:deb/debian/ncurses-base@6.5%2B20250216-2?arch=all&distro=debian-13.6&upstream=ncurses,cpe:2.3:a:ncurses-base:ncurses-base:6.5\+20250216-2:*:*:*:*:*:*:*,STRUCTURALLY_VALID,,a,ncurses-base,ncurses-base,6.5\+20250216-2,*,*,*,*,*,*,*
109070,docker.io/library/python,3.14.6,pilot/results/sboms/python-3.14.6.cdx.json,pkg:deb/debian/ncurses-bin@6.5%2B20250216-2?arch=amd64&distro=debian-13.6&package-id=e96cb50e09a471e0&upstream=ncurses,library,ncurses-bin,6.5+20250216-2,Ncurses Maintainers <ncurses@packages.debian.org>,pkg:deb/debian/ncurses-bin@6.5%2B20250216-2?arch=amd64&distro=debian-13.6&upstream=ncurses,cpe:2.3:a:ncurses-bin:ncurses-bin:6.5\+20250216-2:*:*:*:*:*:*:*,STRUCTURALLY_VALID,,a,ncurses-bin,ncurses-bin,6.5\+20250216-2,*,*,*,*,*,*,*
109071,docker.io/library/python,3.14.6,pilot/results/sboms/python-3.14.6.cdx.json,pkg:deb/debian/netbase@6.5?arch=all&distro=debian-13.6&package-id=2059dae617a0ca9a,library,netbase,6.5,Marco d'Itri <md@linux.it>,pkg:deb/debian/netbase@6.5?arch=all&distro=debian-13.6,cpe:2.3:a:netbase:netbase:6.5:*:*:*:*:*:*:*,STRUCTURALLY_VALID,,a,netbase,netbase,6.5,*,*,*,*,*,*,*
109072,docker.io/library/python,3.14.6,pilot/results/sboms/python-3.14.6.cdx.json,pkg:deb/debian/nettle-dev@3.10.1-1?arch=amd64&distro=debian-13.6&package-id=66698cfa9b3c2dae&upstream=nettle,library,nettle-dev,3.10.1-1,Magnus Holmgren <holmgren@debian.org>,pkg:deb/debian/nettle-dev@3.10.1-1?arch=amd64&distro=debian-13.6&upstream=nettle,cpe:2.3:a:nettle-dev:nettle-dev:3.10.1-1:*:*:*:*:*:*:*,STRUCTURALLY_VALID,,a,nettle-dev,nettle-dev,3.10.1-1,*,*,*,*,*,*,*
109073,docker.io/library/python,3.14.6,pilot/results/sboms/python-3.14.6.cdx.json,pkg:deb/debian/openssh-client@1%3A10.0p1-7%2Bdeb13u4?arch=amd64&distro=debian-13.6&package-id=f6e6d547b12be80a&upstream=openssh,library,openssh-client,1:10.0p1-7+deb13u4,Debian OpenSSH Maintainers <debian-ssh@lists.debian.org>,pkg:deb/debian/openssh-client@1%3A10.0p1-7%2Bdeb13u4?arch=amd64&distro=debian-13.6&upstream=openssh,cpe:2.3:a:openssh-client:openssh-client:1\:10.0p1-7\+deb13u4:*:*:*:*:*:*:*,STRUCTURALLY_VALID,,a,openssh-client,openssh-client,1\:10.0p1-7\+deb13u4,*,*,*,*,*,*,*
109074,docker.io/library/python,3.14.6,pilot/results/sboms/python-3.14.6.cdx.json,pkg:deb/debian/openssl@3.5.6-1~deb13u2?arch=amd64&distro=debian-13.6&package-id=f6113e6cdbf866f3,library,openssl,3.5.6-1~deb13u2,Debian OpenSSL Team <pkg-openssl-devel@alioth-lists.debian.net>,pkg:deb/debian/openssl@3.5.6-1~deb13u2?arch=amd64&distro=debian-13.6,cpe:2.3:a:openssl:openssl:3.5.6-1\~deb13u2:*:*:*:*:*:*:*,STRUCTURALLY_VALID,,a,openssl,openssl,3.5.6-1\~deb13u2,*,*,*,*,*,*,*
109075,docker.io/library/python,3.14.6,pilot/results/sboms/python-3.14.6.cdx.json,pkg:deb/debian/openssl-provider-legacy@3.5.6-1~deb13u2?arch=amd64&distro=debian-13.6&package-id=3278b1eea0a38ab7&upstream=openssl,library,openssl-provider-legacy,3.5.6-1~deb13u2,Debian OpenSSL Team <pkg-openssl-devel@alioth-lists.debian.net>,pkg:deb/debian/openssl-provider-legacy@3.5.6-1~deb13u2?arch=amd64&distro=debian-13.6&upstream=openssl,cpe:2.3:a:openssl-provider-legacy:openssl-provider-legacy:3.5.6-1\~deb13u2:*:*:*:*:*:*:*,STRUCTURALLY_VALID,,a,openssl-provider-legacy,openssl-provider-legacy,3.5.6-1\~deb13u2,*,*,*,*,*,*,*
109076,docker.io/library/python,3.14.6,pilot/results/sboms/python-3.14.6.cdx.json,pkg:pypi/packaging@25.0?package-id=105118f03d81929b,library,packaging,25.0,,pkg:pypi/packaging@25.0,cpe:2.3:a:donald_stufft_\<donald_project:python-packaging:25.0:*:*:*:*:*:*:*,STRUCTURALLY_VALID,,a,donald_stufft_\<donald_project,python-packaging,25.0,*,*,*,*,*,*,*
109077,docker.io/library/python,3.14.6,pilot/results/sboms/python-3.14.6.cdx.json,pkg:deb/debian/pango1.0-tools@1.56.3-1?arch=amd64&distro=debian-13.6&package-id=7c03d69e2e2828e8&upstream=pango1.0,library,pango1.0-tools,1.56.3-1,Debian GNOME Maintainers <pkg-gnome-maintainers@lists.alioth.debian.org>,pkg:deb/debian/pango1.0-tools@1.56.3-1?arch=amd64&distro=debian-13.6&upstream=pango1.0,cpe:2.3:a:pango1.0-tools:pango1.0-tools:1.56.3-1:*:*:*:*:*:*:*,STRUCTURALLY_VALID,,a,pango1.0-tools,pango1.0-tools,1.56.3-1,*,*,*,*,*,*,*
109078,docker.io/library/python,3.14.6,pilot/results/sboms/python-3.14.6.cdx.json,pkg:deb/debian/passwd@1%3A4.17.4-2?arch=amd64&distro=debian-13.6&package-id=a0c2eaa9ca5431ff&upstream=shadow,library,passwd,1:4.17.4-2,Shadow package maintainers <pkg-shadow-devel@lists.alioth.debian.org>,pkg:deb/debian/passwd@1%3A4.17.4-2?arch=amd64&distro=debian-13.6&upstream=shadow,cpe:2.3:a:passwd:passwd:1\:4.17.4-2:*:*:*:*:*:*:*,STRUCTURALLY_VALID,,a,passwd,passwd,1\:4.17.4-2,*,*,*,*,*,*,*
109079,docker.io/library/python,3.14.6,pilot/results/sboms/python-3.14.6.cdx.json,pkg:deb/debian/patch@2.8-2?arch=amd64&distro=debian-13.6&package-id=ca88752821693d8d,library,patch,2.8-2,Laszlo Boszormenyi (GCS) <gcs@debian.org>,pkg:deb/debian/patch@2.8-2?arch=amd64&distro=debian-13.6,cpe:2.3:a:patch:patch:2.8-2:*:*:*:*:*:*:*,STRUCTURALLY_VALID,,a,patch,patch,2.8-2,*,*,*,*,*,*,*
109080,docker.io/library/python,3.14.6,pilot/results/sboms/python-3.14.6.cdx.json,pkg:deb/debian/perl@5.40.1-6?arch=amd64&distro=debian-13.6&package-id=31ca1b2415b0d14d,library,perl,5.40.1-6,Niko Tyni <ntyni@debian.org>,pkg:deb/debian/perl@5.40.1-6?arch=amd64&distro=debian-13.6,cpe:2.3:a:perl:perl:5.40.1-6:*:*:*:*:*:*:*,STRUCTURALLY_VALID,,a,perl,perl,5.40.1-6,*,*,*,*,*,*,*
109081,docker.io/library/python,3.14.6,pilot/results/sboms/python-3.14.6.cdx.json,pkg:deb/debian/perl-base@5.40.1-6?arch=amd64&distro=debian-13.6&package-id=c9a7a6c12ce9a73e&upstream=perl,library,perl-base,5.40.1-6,Niko Tyni <ntyni@debian.org>,pkg:deb/debian/perl-base@5.40.1-6?arch=amd64&distro=debian-13.6&upstream=perl,cpe:2.3:a:perl-base:perl-base:5.40.1-6:*:*:*:*:*:*:*,STRUCTURALLY_VALID,,a,perl-base,perl-base,5.40.1-6,*,*,*,*,*,*,*
109082,docker.io/library/python,3.14.6,pilot/results/sboms/python-3.14.6.cdx.json,pkg:deb/debian/perl-modules-5.40@5.40.1-6?arch=all&distro=debian-13.6&package-id=2ddb516994b4c1cb&upstream=perl,library,perl-modules-5.40,5.40.1-6,Niko Tyni <ntyni@debian.org>,pkg:deb/debian/perl-modules-5.40@5.40.1-6?arch=all&distro=debian-13.6&upstream=perl,cpe:2.3:a:perl-modules-5.40:perl-modules-5.40:5.40.1-6:*:*:*:*:*:*:*,STRUCTURALLY_VALID,,a,perl-modules-5.40,perl-modules-5.40,5.40.1-6,*,*,*,*,*,*,*
109083,docker.io/library/python,3.14.6,pilot/results/sboms/python-3.14.6.cdx.json,pkg:deb/debian/pinentry-curses@1.3.1-2?arch=amd64&distro=debian-13.6&package-id=d82d620ac211dd2a&upstream=pinentry,library,pinentry-curses,1.3.1-2,Debian GnuPG Maintainers <pkg-gnupg-maint@lists.alioth.debian.org>,pkg:deb/debian/pinentry-curses@1.3.1-2?arch=amd64&distro=debian-13.6&upstream=pinentry,cpe:2.3:a:pinentry-curses:pinentry-curses:1.3.1-2:*:*:*:*:*:*:*,STRUCTURALLY_VALID,,a,pinentry-curses,pinentry-curses,1.3.1-2,*,*,*,*,*,*,*
109084,docker.io/library/python,3.14.6,pilot/results/sboms/python-3.14.6.cdx.json,pkg:pypi/pip@26.1.2?package-id=844b684c18f31fed,library,pip,26.1.2,,pkg:pypi/pip@26.1.2,cpe:2.3:a:pip_developers_\<distutils_sig_project:python-pip:26.1.2:*:*:*:*:*:*:*,STRUCTURALLY_VALID,,a,pip_developers_\<distutils_sig_project,python-pip,26.1.2,*,*,*,*,*,*,*
109085,docker.io/library/python,3.14.6,pilot/results/sboms/python-3.14.6.cdx.json,pkg:deb/debian/pkgconf@1.8.1-4?arch=amd64&distro=debian-13.6&package-id=2e40fc1778de29c8,library,pkgconf,1.8.1-4,Andrej Shadura <andrewsh@debian.org>,pkg:deb/debian/pkgconf@1.8.1-4?arch=amd64&distro=debian-13.6,cpe:2.3:a:pkgconf:pkgconf:1.8.1-4:*:*:*:*:*:*:*,STRUCTURALLY_VALID,,a,pkgconf,pkgconf,1.8.1-4,*,*,*,*,*,*,*
109086,docker.io/library/python,3.14.6,pilot/results/sboms/python-3.14.6.cdx.json,pkg:deb/debian/pkgconf-bin@1.8.1-4?arch=amd64&distro=debian-13.6&package-id=82301b0e18d832a7&upstream=pkgconf,library,pkgconf-bin,1.8.1-4,Andrej Shadura <andrewsh@debian.org>,pkg:deb/debian/pkgconf-bin@1.8.1-4?arch=amd64&distro=debian-13.6&upstream=pkgconf,cpe:2.3:a:pkgconf-bin:pkgconf-bin:1.8.1-4:*:*:*:*:*:*:*,STRUCTURALLY_VALID,,a,pkgconf-bin,pkgconf-bin,1.8.1-4,*,*,*,*,*,*,*
109087,docker.io/library/python,3.14.6,pilot/results/sboms/python-3.14.6.cdx.json,pkg:deb/debian/procps@2%3A4.0.4-9?arch=amd64&distro=debian-13.6&package-id=f2cfb09f9304c03c,library,procps,2:4.0.4-9,Craig Small <csmall@debian.org>,pkg:deb/debian/procps@2%3A4.0.4-9?arch=amd64&distro=debian-13.6,cpe:2.3:a:procps:procps:2\:4.0.4-9:*:*:*:*:*:*:*,STRUCTURALLY_VALID,,a,procps,procps,2\:4.0.4-9,*,*,*,*,*,*,*
109088,docker.io/library/python,3.14.6,pilot/results/sboms/python-3.14.6.cdx.json,pkg:generic/python@3.14.6?package-id=6c645d368f6fc628,application,python,3.14.6,,pkg:generic/python@3.14.6,cpe:2.3:a:python_software_foundation:python:3.14.6:*:*:*:*:*:*:*,STRUCTURALLY_VALID,,a,python_software_foundation,python,3.14.6,*,*,*,*,*,*,*
109089,docker.io/library/python,3.14.6,pilot/results/sboms/python-3.14.6.cdx.json,pkg:deb/debian/python3@3.13.5-1?arch=amd64&distro=debian-13.6&package-id=edb5df3f9b8e9dea&upstream=python3-defaults,library,python3,3.13.5-1,Matthias Klose <doko@debian.org>,pkg:deb/debian/python3@3.13.5-1?arch=amd64&distro=debian-13.6&upstream=python3-defaults,cpe:2.3:a:python3:python3:3.13.5-1:*:*:*:*:*:*:*,STRUCTURALLY_VALID,,a,python3,python3,3.13.5-1,*,*,*,*,*,*,*
109092,docker.io/library/python,3.14.6,pilot/results/sboms/python-3.14.6.cdx.json,pkg:deb/debian/python3.13@3.13.5-2%2Bdeb13u3?arch=amd64&distro=debian-13.6&package-id=21c88b5d2b4acbb2,library,python3.13,3.13.5-2+deb13u3,Matthias Klose <doko@debian.org>,pkg:deb/debian/python3.13@3.13.5-2%2Bdeb13u3?arch=amd64&distro=debian-13.6,cpe:2.3:a:python3.13:python3.13:3.13.5-2\+deb13u3:*:*:*:*:*:*:*,STRUCTURALLY_VALID,,a,python3.13,python3.13,3.13.5-2\+deb13u3,*,*,*,*,*,*,*
109093,docker.io/library/python,3.14.6,pilot/results/sboms/python-3.14.6.cdx.json,pkg:deb/debian/python3.13-minimal@3.13.5-2%2Bdeb13u3?arch=amd64&distro=debian-13.6&package-id=cc3ecfdd3e70dd7a&upstream=python3.13,library,python3.13-minimal,3.13.5-2+deb13u3,Matthias Klose <doko@debian.org>,pkg:deb/debian/python3.13-minimal@3.13.5-2%2Bdeb13u3?arch=amd64&distro=debian-13.6&upstream=python3.13,cpe:2.3:a:python3.13-minimal:python3.13-minimal:3.13.5-2\+deb13u3:*:*:*:*:*:*:*,STRUCTURALLY_VALID,,a,python3.13-minimal,python3.13-minimal,3.13.5-2\+deb13u3,*,*,*,*,*,*,*
109090,docker.io/library/python,3.14.6,pilot/results/sboms/python-3.14.6.cdx.json,pkg:deb/debian/python3-minimal@3.13.5-1?arch=amd64&distro=debian-13.6&package-id=8c356d4f1d27f321&upstream=python3-defaults,library,python3-minimal,3.13.5-1,Matthias Klose <doko@debian.org>,pkg:deb/debian/python3-minimal@3.13.5-1?arch=amd64&distro=debian-13.6&upstream=python3-defaults,cpe:2.3:a:python3-minimal:python3-minimal:3.13.5-1:*:*:*:*:*:*:*,STRUCTURALLY_VALID,,a,python3-minimal,python3-minimal,3.13.5-1,*,*,*,*,*,*,*
109091,docker.io/library/python,3.14.6,pilot/results/sboms/python-3.14.6.cdx.json,pkg:deb/debian/python3-packaging@25.0-1?arch=all&distro=debian-13.6&package-id=b13c09c080ddb603&upstream=python-packaging,library,python3-packaging,25.0-1,Debian Python Team <team+python@tracker.debian.org>,pkg:deb/debian/python3-packaging@25.0-1?arch=all&distro=debian-13.6&upstream=python-packaging,cpe:2.3:a:python3-packaging:python3-packaging:25.0-1:*:*:*:*:*:*:*,STRUCTURALLY_VALID,,a,python3-packaging,python3-packaging,25.0-1,*,*,*,*,*,*,*
109094,docker.io/library/python,3.14.6,pilot/results/sboms/python-3.14.6.cdx.json,pkg:deb/debian/readline-common@8.2-6?arch=all&distro=debian-13.6&package-id=6e61c8bb5094dfc3&upstream=readline,library,readline-common,8.2-6,Matthias Klose <doko@debian.org>,pkg:deb/debian/readline-common@8.2-6?arch=all&distro=debian-13.6&upstream=readline,cpe:2.3:a:readline-common:readline-common:8.2-6:*:*:*:*:*:*:*,STRUCTURALLY_VALID,,a,readline-common,readline-common,8.2-6,*,*,*,*,*,*,*
109095,docker.io/library/python,3.14.6,pilot/results/sboms/python-3.14.6.cdx.json,pkg:deb/debian/rpcsvc-proto@1.4.3-1?arch=amd64&distro=debian-13.6&package-id=37c509db60e362bb,library,rpcsvc-proto,1.4.3-1,GNU Libc Maintainers <debian-glibc@lists.debian.org>,pkg:deb/debian/rpcsvc-proto@1.4.3-1?arch=amd64&distro=debian-13.6,cpe:2.3:a:rpcsvc-proto:rpcsvc-proto:1.4.3-1:*:*:*:*:*:*:*,STRUCTURALLY_VALID,,a,rpcsvc-proto,rpcsvc-proto,1.4.3-1,*,*,*,*,*,*,*
109096,docker.io/library/python,3.14.6,pilot/results/sboms/python-3.14.6.cdx.json,pkg:deb/debian/sed@4.9-2%2Bdeb13u1?arch=amd64&distro=debian-13.6&package-id=095aaa03979d18fd,library,sed,4.9-2+deb13u1,Clint Adams <clint@debian.org>,pkg:deb/debian/sed@4.9-2%2Bdeb13u1?arch=amd64&distro=debian-13.6,cpe:2.3:a:sed:sed:4.9-2\+deb13u1:*:*:*:*:*:*:*,STRUCTURALLY_VALID,,a,sed,sed,4.9-2\+deb13u1,*,*,*,*,*,*,*
109097,docker.io/library/python,3.14.6,pilot/results/sboms/python-3.14.6.cdx.json,pkg:deb/debian/sensible-utils@0.0.25?arch=all&distro=debian-13.6&package-id=aff4dd32b85efc74,library,sensible-utils,0.0.25,Anibal Monsalve Salazar <anibal@debian.org>,pkg:deb/debian/sensible-utils@0.0.25?arch=all&distro=debian-13.6,cpe:2.3:a:sensible-utils:sensible-utils:0.0.25:*:*:*:*:*:*:*,STRUCTURALLY_VALID,,a,sensible-utils,sensible-utils,0.0.25,*,*,*,*,*,*,*
109098,docker.io/library/python,3.14.6,pilot/results/sboms/python-3.14.6.cdx.json,pkg:deb/debian/shared-mime-info@2.4-5%2Bb2?arch=amd64&distro=debian-13.6&package-id=39700f63a2e5f20e&upstream=shared-mime-info%402.4-5,library,shared-mime-info,2.4-5+b2,Debian freedesktop.org maintainers <pkg-freedesktop-maintainers@lists.alioth.debian.org>,pkg:deb/debian/shared-mime-info@2.4-5%2Bb2?arch=amd64&distro=debian-13.6&upstream=shared-mime-info%402.4-5,cpe:2.3:a:shared-mime-info:shared-mime-info:2.4-5\+b2:*:*:*:*:*:*:*,STRUCTURALLY_VALID,,a,shared-mime-info,shared-mime-info,2.4-5\+b2,*,*,*,*,*,*,*
108646,docker.io/library/python,3.14.6,pilot/results/sboms/python-3.14.6.cdx.json,25a36b5a8634bed9,application,Simple Launcher,1.1.0.14,,,cpe:2.3:a:Simple_Launcher:Simple_Launcher:1.1.0.14:*:*:*:*:*:*:*,STRUCTURALLY_VALID,,a,Simple_Launcher,Simple_Launcher,1.1.0.14,*,*,*,*,*,*,*
108647,docker.io/library/python,3.14.6,pilot/results/sboms/python-3.14.6.cdx.json,490c2c79aefaa91f,application,Simple Launcher,1.1.0.14,,,cpe:2.3:a:Simple_Launcher:Simple_Launcher:1.1.0.14:*:*:*:*:*:*:*,STRUCTURALLY_VALID,,a,Simple_Launcher,Simple_Launcher,1.1.0.14,*,*,*,*,*,*,*
108648,docker.io/library/python,3.14.6,pilot/results/sboms/python-3.14.6.cdx.json,a59f03c333b4c4bc,application,Simple Launcher,1.1.0.14,,,cpe:2.3:a:Simple_Launcher:Simple_Launcher:1.1.0.14:*:*:*:*:*:*:*,STRUCTURALLY_VALID,,a,Simple_Launcher,Simple_Launcher,1.1.0.14,*,*,*,*,*,*,*
108649,docker.io/library/python,3.14.6,pilot/results/sboms/python-3.14.6.cdx.json,867e91205fbf5542,application,Simple Launcher,1.1.0.14,,,cpe:2.3:a:Simple_Launcher:Simple_Launcher:1.1.0.14:*:*:*:*:*:*:*,STRUCTURALLY_VALID,,a,Simple_Launcher,Simple_Launcher,1.1.0.14,*,*,*,*,*,*,*
108650,docker.io/library/python,3.14.6,pilot/results/sboms/python-3.14.6.cdx.json,8c638e8dd780aa90,application,Simple Launcher,1.1.0.14,,,cpe:2.3:a:Simple_Launcher:Simple_Launcher:1.1.0.14:*:*:*:*:*:*:*,STRUCTURALLY_VALID,,a,Simple_Launcher,Simple_Launcher,1.1.0.14,*,*,*,*,*,*,*
108651,docker.io/library/python,3.14.6,pilot/results/sboms/python-3.14.6.cdx.json,cdd6e784c3ece257,application,Simple Launcher,1.1.0.14,,,cpe:2.3:a:Simple_Launcher:Simple_Launcher:1.1.0.14:*:*:*:*:*:*:*,STRUCTURALLY_VALID,,a,Simple_Launcher,Simple_Launcher,1.1.0.14,*,*,*,*,*,*,*
109099,docker.io/library/python,3.14.6,pilot/results/sboms/python-3.14.6.cdx.json,pkg:deb/debian/sq@1.3.1-2%2Bb2?arch=amd64&distro=debian-13.6&package-id=e693930e0fd57c1b&upstream=rust-sequoia-sq%401.3.1-2,library,sq,1.3.1-2+b2,Debian Rust Maintainers <pkg-rust-maintainers@alioth-lists.debian.net>,pkg:deb/debian/sq@1.3.1-2%2Bb2?arch=amd64&distro=debian-13.6&upstream=rust-sequoia-sq%401.3.1-2,cpe:2.3:a:sq:sq:1.3.1-2\+b2:*:*:*:*:*:*:*,STRUCTURALLY_VALID,,a,sq,sq,1.3.1-2\+b2,*,*,*,*,*,*,*
109100,docker.io/library/python,3.14.6,pilot/results/sboms/python-3.14.6.cdx.json,pkg:deb/debian/sqv@1.3.0-3%2Bb2?arch=amd64&distro=debian-13.6&package-id=2c6d91dc7bbd50cb&upstream=rust-sequoia-sqv%401.3.0-3,library,sqv,1.3.0-3+b2,Debian Rust Maintainers <pkg-rust-maintainers@alioth-lists.debian.net>,pkg:deb/debian/sqv@1.3.0-3%2Bb2?arch=amd64&distro=debian-13.6&upstream=rust-sequoia-sqv%401.3.0-3,cpe:2.3:a:sqv:sqv:1.3.0-3\+b2:*:*:*:*:*:*:*,STRUCTURALLY_VALID,,a,sqv,sqv,1.3.0-3\+b2,*,*,*,*,*,*,*
109101,docker.io/library/python,3.14.6,pilot/results/sboms/python-3.14.6.cdx.json,pkg:deb/debian/subversion@1.14.5-3?arch=amd64&distro=debian-13.6&package-id=c89618873c73e8b2,library,subversion,1.14.5-3,James McCoy <jamessan@debian.org>,pkg:deb/debian/subversion@1.14.5-3?arch=amd64&distro=debian-13.6,cpe:2.3:a:subversion:subversion:1.14.5-3:*:*:*:*:*:*:*,STRUCTURALLY_VALID,,a,subversion,subversion,1.14.5-3,*,*,*,*,*,*,*
109102,docker.io/library/python,3.14.6,pilot/results/sboms/python-3.14.6.cdx.json,pkg:deb/debian/sysvinit-utils@3.14-4?arch=amd64&distro=debian-13.6&package-id=199f374ab128923e&upstream=sysvinit,library,sysvinit-utils,3.14-4,Debian sysvinit maintainers <debian-init-diversity@chiark.greenend.org.uk>,pkg:deb/debian/sysvinit-utils@3.14-4?arch=amd64&distro=debian-13.6&upstream=sysvinit,cpe:2.3:a:sysvinit-utils:sysvinit-utils:3.14-4:*:*:*:*:*:*:*,STRUCTURALLY_VALID,,a,sysvinit-utils,sysvinit-utils,3.14-4,*,*,*,*,*,*,*
109103,docker.io/library/python,3.14.6,pilot/results/sboms/python-3.14.6.cdx.json,pkg:deb/debian/tar@1.35%2Bdfsg-3.1?arch=amd64&distro=debian-13.6&package-id=213d133cc46bf69b,library,tar,1.35+dfsg-3.1,Janos Lenart <ocsi@debian.org>,pkg:deb/debian/tar@1.35%2Bdfsg-3.1?arch=amd64&distro=debian-13.6,cpe:2.3:a:tar:tar:1.35\+dfsg-3.1:*:*:*:*:*:*:*,STRUCTURALLY_VALID,,a,tar,tar,1.35\+dfsg-3.1,*,*,*,*,*,*,*
109104,docker.io/library/python,3.14.6,pilot/results/sboms/python-3.14.6.cdx.json,pkg:deb/debian/tcl@8.6.16?arch=amd64&distro=debian-13.6&package-id=7e32ffa5e7fc07cc&upstream=tcltk-defaults,library,tcl,8.6.16,Debian Tcl/Tk Packagers <pkg-tcltk-devel@lists.alioth.debian.org>,pkg:deb/debian/tcl@8.6.16?arch=amd64&distro=debian-13.6&upstream=tcltk-defaults,cpe:2.3:a:tcl:tcl:8.6.16:*:*:*:*:*:*:*,STRUCTURALLY_VALID,,a,tcl,tcl,8.6.16,*,*,*,*,*,*,*
109106,docker.io/library/python,3.14.6,pilot/results/sboms/python-3.14.6.cdx.json,pkg:deb/debian/tcl8.6@8.6.16%2Bdfsg-1?arch=amd64&distro=debian-13.6&package-id=f490138aad7cc05a,library,tcl8.6,8.6.16+dfsg-1,Debian Tcl/Tk Packagers <pkg-tcltk-devel@lists.alioth.debian.org>,pkg:deb/debian/tcl8.6@8.6.16%2Bdfsg-1?arch=amd64&distro=debian-13.6,cpe:2.3:a:tcl8.6:tcl8.6:8.6.16\+dfsg-1:*:*:*:*:*:*:*,STRUCTURALLY_VALID,,a,tcl8.6,tcl8.6,8.6.16\+dfsg-1,*,*,*,*,*,*,*
109107,docker.io/library/python,3.14.6,pilot/results/sboms/python-3.14.6.cdx.json,pkg:deb/debian/tcl8.6-dev@8.6.16%2Bdfsg-1?arch=amd64&distro=debian-13.6&package-id=14b11a57b61554e6&upstream=tcl8.6,library,tcl8.6-dev,8.6.16+dfsg-1,Debian Tcl/Tk Packagers <pkg-tcltk-devel@lists.alioth.debian.org>,pkg:deb/debian/tcl8.6-dev@8.6.16%2Bdfsg-1?arch=amd64&distro=debian-13.6&upstream=tcl8.6,cpe:2.3:a:tcl8.6-dev:tcl8.6-dev:8.6.16\+dfsg-1:*:*:*:*:*:*:*,STRUCTURALLY_VALID,,a,tcl8.6-dev,tcl8.6-dev,8.6.16\+dfsg-1,*,*,*,*,*,*,*
109105,docker.io/library/python,3.14.6,pilot/results/sboms/python-3.14.6.cdx.json,pkg:deb/debian/tcl-dev@8.6.16?arch=amd64&distro=debian-13.6&package-id=76d348e59285932e&upstream=tcltk-defaults,library,tcl-dev,8.6.16,Debian Tcl/Tk Packagers <pkg-tcltk-devel@lists.alioth.debian.org>,pkg:deb/debian/tcl-dev@8.6.16?arch=amd64&distro=debian-13.6&upstream=tcltk-defaults,cpe:2.3:a:tcl-dev:tcl-dev:8.6.16:*:*:*:*:*:*:*,STRUCTURALLY_VALID,,a,tcl-dev,tcl-dev,8.6.16,*,*,*,*,*,*,*
109108,docker.io/library/python,3.14.6,pilot/results/sboms/python-3.14.6.cdx.json,pkg:deb/debian/tk@8.6.16?arch=amd64&distro=debian-13.6&package-id=2cbaf40da009518f&upstream=tcltk-defaults,library,tk,8.6.16,Debian Tcl/Tk Packagers <pkg-tcltk-devel@lists.alioth.debian.org>,pkg:deb/debian/tk@8.6.16?arch=amd64&distro=debian-13.6&upstream=tcltk-defaults,cpe:2.3:a:tk:tk:8.6.16:*:*:*:*:*:*:*,STRUCTURALLY_VALID,,a,tk,tk,8.6.16,*,*,*,*,*,*,*
109110,docker.io/library/python,3.14.6,pilot/results/sboms/python-3.14.6.cdx.json,pkg:deb/debian/tk8.6@8.6.16-1?arch=amd64&distro=debian-13.6&package-id=a1fd304263fa5581,library,tk8.6,8.6.16-1,Debian Tcl/Tk Packagers <pkg-tcltk-devel@lists.alioth.debian.org>,pkg:deb/debian/tk8.6@8.6.16-1?arch=amd64&distro=debian-13.6,cpe:2.3:a:tk8.6:tk8.6:8.6.16-1:*:*:*:*:*:*:*,STRUCTURALLY_VALID,,a,tk8.6,tk8.6,8.6.16-1,*,*,*,*,*,*,*
109111,docker.io/library/python,3.14.6,pilot/results/sboms/python-3.14.6.cdx.json,pkg:deb/debian/tk8.6-dev@8.6.16-1?arch=amd64&distro=debian-13.6&package-id=d26c0a4c75e3d2ed&upstream=tk8.6,library,tk8.6-dev,8.6.16-1,Debian Tcl/Tk Packagers <pkg-tcltk-devel@lists.alioth.debian.org>,pkg:deb/debian/tk8.6-dev@8.6.16-1?arch=amd64&distro=debian-13.6&upstream=tk8.6,cpe:2.3:a:tk8.6-dev:tk8.6-dev:8.6.16-1:*:*:*:*:*:*:*,STRUCTURALLY_VALID,,a,tk8.6-dev,tk8.6-dev,8.6.16-1,*,*,*,*,*,*,*
109109,docker.io/library/python,3.14.6,pilot/results/sboms/python-3.14.6.cdx.json,pkg:deb/debian/tk-dev@8.6.16?arch=amd64&distro=debian-13.6&package-id=0c510067a0fcd0fd&upstream=tcltk-defaults,library,tk-dev,8.6.16,Debian Tcl/Tk Packagers <pkg-tcltk-devel@lists.alioth.debian.org>,pkg:deb/debian/tk-dev@8.6.16?arch=amd64&distro=debian-13.6&upstream=tcltk-defaults,cpe:2.3:a:tk-dev:tk-dev:8.6.16:*:*:*:*:*:*:*,STRUCTURALLY_VALID,,a,tk-dev,tk-dev,8.6.16,*,*,*,*,*,*,*
109112,docker.io/library/python,3.14.6,pilot/results/sboms/python-3.14.6.cdx.json,pkg:deb/debian/tzdata@2026b-0%2Bdeb13u1?arch=all&distro=debian-13.6&package-id=c6c8689fd91c54f1,library,tzdata,2026b-0+deb13u1,GNU Libc Maintainers <debian-glibc@lists.debian.org>,pkg:deb/debian/tzdata@2026b-0%2Bdeb13u1?arch=all&distro=debian-13.6,cpe:2.3:a:tzdata:tzdata:2026b-0\+deb13u1:*:*:*:*:*:*:*,STRUCTURALLY_VALID,,a,tzdata,tzdata,2026b-0\+deb13u1,*,*,*,*,*,*,*
109113,docker.io/library/python,3.14.6,pilot/results/sboms/python-3.14.6.cdx.json,pkg:deb/debian/ucf@3.0052?arch=all&distro=debian-13.6&package-id=431e8a67b2c010a5,library,ucf,3.0052,Mark Hindley <leepen@debian.org>,pkg:deb/debian/ucf@3.0052?arch=all&distro=debian-13.6,cpe:2.3:a:ucf:ucf:3.0052:*:*:*:*:*:*:*,STRUCTURALLY_VALID,,a,ucf,ucf,3.0052,*,*,*,*,*,*,*
109114,docker.io/library/python,3.14.6,pilot/results/sboms/python-3.14.6.cdx.json,pkg:deb/debian/unzip@6.0-29?arch=amd64&distro=debian-13.6&package-id=66851464c9e47bf1,library,unzip,6.0-29,Santiago Vila <sanvila@debian.org>,pkg:deb/debian/unzip@6.0-29?arch=amd64&distro=debian-13.6,cpe:2.3:a:unzip:unzip:6.0-29:*:*:*:*:*:*:*,STRUCTURALLY_VALID,,a,unzip,unzip,6.0-29,*,*,*,*,*,*,*
109115,docker.io/library/python,3.14.6,pilot/results/sboms/python-3.14.6.cdx.json,pkg:deb/debian/util-linux@2.41-5?arch=amd64&distro=debian-13.6&package-id=afc98bf002d364bb,library,util-linux,2.41-5,Chris Hofstaedtler <zeha@debian.org>,pkg:deb/debian/util-linux@2.41-5?arch=amd64&distro=debian-13.6,cpe:2.3:a:util-linux:util-linux:2.41-5:*:*:*:*:*:*:*,STRUCTURALLY_VALID,,a,util-linux,util-linux,2.41-5,*,*,*,*,*,*,*
109116,docker.io/library/python,3.14.6,pilot/results/sboms/python-3.14.6.cdx.json,pkg:deb/debian/uuid-dev@2.41-5?arch=amd64&distro=debian-13.6&package-id=150835ae2f1d6554&upstream=util-linux,library,uuid-dev,2.41-5,Chris Hofstaedtler <zeha@debian.org>,pkg:deb/debian/uuid-dev@2.41-5?arch=amd64&distro=debian-13.6&upstream=util-linux,cpe:2.3:a:uuid-dev:uuid-dev:2.41-5:*:*:*:*:*:*:*,STRUCTURALLY_VALID,,a,uuid-dev,uuid-dev,2.41-5,*,*,*,*,*,*,*
109117,docker.io/library/python,3.14.6,pilot/results/sboms/python-3.14.6.cdx.json,pkg:deb/debian/wget@1.25.0-2?arch=amd64&distro=debian-13.6&package-id=cd1dee0d8eb3394e,library,wget,1.25.0-2,Noël Köthe <noel@debian.org>,pkg:deb/debian/wget@1.25.0-2?arch=amd64&distro=debian-13.6,cpe:2.3:a:wget:wget:1.25.0-2:*:*:*:*:*:*:*,STRUCTURALLY_VALID,,a,wget,wget,1.25.0-2,*,*,*,*,*,*,*
109118,docker.io/library/python,3.14.6,pilot/results/sboms/python-3.14.6.cdx.json,pkg:deb/debian/x11-common@1%3A7.7%2B24%2Bdeb13u1?arch=all&distro=debian-13.6&package-id=236afdf21f58f2e4&upstream=xorg,library,x11-common,1:7.7+24+deb13u1,Debian X Strike Force <debian-x@lists.debian.org>,pkg:deb/debian/x11-common@1%3A7.7%2B24%2Bdeb13u1?arch=all&distro=debian-13.6&upstream=xorg,cpe:2.3:a:x11-common:x11-common:1\:7.7\+24\+deb13u1:*:*:*:*:*:*:*,STRUCTURALLY_VALID,,a,x11-common,x11-common,1\:7.7\+24\+deb13u1,*,*,*,*,*,*,*
109119,docker.io/library/python,3.14.6,pilot/results/sboms/python-3.14.6.cdx.json,pkg:deb/debian/x11proto-dev@2024.1-1?arch=all&distro=debian-13.6&package-id=35301c8afca0fd66&upstream=xorgproto,library,x11proto-dev,2024.1-1,Debian X Strike Force <debian-x@lists.debian.org>,pkg:deb/debian/x11proto-dev@2024.1-1?arch=all&distro=debian-13.6&upstream=xorgproto,cpe:2.3:a:x11proto-dev:x11proto-dev:2024.1-1:*:*:*:*:*:*:*,STRUCTURALLY_VALID,,a,x11proto-dev,x11proto-dev,2024.1-1,*,*,*,*,*,*,*
109120,docker.io/library/python,3.14.6,pilot/results/sboms/python-3.14.6.cdx.json,pkg:deb/debian/xorg-sgml-doctools@1%3A1.11-1.1?arch=all&distro=debian-13.6&package-id=9a1de6cbb99e42b5,library,xorg-sgml-doctools,1:1.11-1.1,Debian X Strike Force <debian-x@lists.debian.org>,pkg:deb/debian/xorg-sgml-doctools@1%3A1.11-1.1?arch=all&distro=debian-13.6,cpe:2.3:a:xorg-sgml-doctools:xorg-sgml-doctools:1\:1.11-1.1:*:*:*:*:*:*:*,STRUCTURALLY_VALID,,a,xorg-sgml-doctools,xorg-sgml-doctools,1\:1.11-1.1,*,*,*,*,*,*,*
109121,docker.io/library/python,3.14.6,pilot/results/sboms/python-3.14.6.cdx.json,pkg:deb/debian/xtrans-dev@1.4.0-1?arch=all&distro=debian-13.6&package-id=8d1e2a44dbc1f971&upstream=xtrans,library,xtrans-dev,1.4.0-1,Debian X Strike Force <debian-x@lists.debian.org>,pkg:deb/debian/xtrans-dev@1.4.0-1?arch=all&distro=debian-13.6&upstream=xtrans,cpe:2.3:a:xtrans-dev:xtrans-dev:1.4.0-1:*:*:*:*:*:*:*,STRUCTURALLY_VALID,,a,xtrans-dev,xtrans-dev,1.4.0-1,*,*,*,*,*,*,*
109122,docker.io/library/python,3.14.6,pilot/results/sboms/python-3.14.6.cdx.json,pkg:deb/debian/xz-utils@5.8.1-1%2Bdeb13u1?arch=amd64&distro=debian-13.6&package-id=889b8176a9963128,library,xz-utils,5.8.1-1+deb13u1,Sebastian Andrzej Siewior <sebastian@breakpoint.cc>,pkg:deb/debian/xz-utils@5.8.1-1%2Bdeb13u1?arch=amd64&distro=debian-13.6,cpe:2.3:a:xz-utils:xz-utils:5.8.1-1\+deb13u1:*:*:*:*:*:*:*,STRUCTURALLY_VALID,,a,xz-utils,xz-utils,5.8.1-1\+deb13u1,*,*,*,*,*,*,*
109123,docker.io/library/python,3.14.6,pilot/results/sboms/python-3.14.6.cdx.json,pkg:deb/debian/zlib1g@1%3A1.3.dfsg%2Breally1.3.1-1%2Bb1?arch=amd64&distro=debian-13.6&package-id=8a1ec6d9372df578&upstream=zlib%401%3A1.3.dfsg%2Breally1.3.1-1,library,zlib1g,1:1.3.dfsg+really1.3.1-1+b1,Mark Brown <broonie@debian.org>,pkg:deb/debian/zlib1g@1%3A1.3.dfsg%2Breally1.3.1-1%2Bb1?arch=amd64&distro=debian-13.6&upstream=zlib%401%3A1.3.dfsg%2Breally1.3.1-1,cpe:2.3:a:zlib1g:zlib1g:1\:1.3.dfsg\+really1.3.1-1\+b1:*:*:*:*:*:*:*,STRUCTURALLY_VALID,,a,zlib1g,zlib1g,1\:1.3.dfsg\+really1.3.1-1\+b1,*,*,*,*,*,*,*
109124,docker.io/library/python,3.14.6,pilot/results/sboms/python-3.14.6.cdx.json,pkg:deb/debian/zlib1g-dev@1%3A1.3.dfsg%2Breally1.3.1-1%2Bb1?arch=amd64&distro=debian-13.6&package-id=54881eece553bcf7&upstream=zlib%401%3A1.3.dfsg%2Breally1.3.1-1,library,zlib1g-dev,1:1.3.dfsg+really1.3.1-1+b1,Mark Brown <broonie@debian.org>,pkg:deb/debian/zlib1g-dev@1%3A1.3.dfsg%2Breally1.3.1-1%2Bb1?arch=amd64&distro=debian-13.6&upstream=zlib%401%3A1.3.dfsg%2Breally1.3.1-1,cpe:2.3:a:zlib1g-dev:zlib1g-dev:1\:1.3.dfsg\+really1.3.1-1\+b1:*:*:*:*:*:*:*,STRUCTURALLY_VALID,,a,zlib1g-dev,zlib1g-dev,1\:1.3.dfsg\+really1.3.1-1\+b1,*,*,*,*,*,*,*
100890,docker.io/library/redis,8.8.0,pilot/results/sboms/redis-8.8.0.cdx.json,pkg:deb/debian/apt@3.0.3?arch=amd64&distro=debian-13.6&package-id=0ea1a43670a5d18e,library,apt,3.0.3,APT Development Team <deity@lists.debian.org>,pkg:deb/debian/apt@3.0.3?arch=amd64&distro=debian-13.6,cpe:2.3:a:apt:apt:3.0.3:*:*:*:*:*:*:*,STRUCTURALLY_VALID,,a,apt,apt,3.0.3,*,*,*,*,*,*,*
100891,docker.io/library/redis,8.8.0,pilot/results/sboms/redis-8.8.0.cdx.json,pkg:deb/debian/base-files@13.8%2Bdeb13u6?arch=amd64&distro=debian-13.6&package-id=852e09cf2b9dfd87,library,base-files,13.8+deb13u6,Santiago Vila <sanvila@debian.org>,pkg:deb/debian/base-files@13.8%2Bdeb13u6?arch=amd64&distro=debian-13.6,cpe:2.3:a:base-files:base-files:13.8\+deb13u6:*:*:*:*:*:*:*,STRUCTURALLY_VALID,,a,base-files,base-files,13.8\+deb13u6,*,*,*,*,*,*,*
100892,docker.io/library/redis,8.8.0,pilot/results/sboms/redis-8.8.0.cdx.json,pkg:deb/debian/base-passwd@3.6.7?arch=amd64&distro=debian-13.6&package-id=44aca50e14654da9,library,base-passwd,3.6.7,Shadow package maintainers <pkg-shadow-devel@lists.alioth.debian.org>,pkg:deb/debian/base-passwd@3.6.7?arch=amd64&distro=debian-13.6,cpe:2.3:a:base-passwd:base-passwd:3.6.7:*:*:*:*:*:*:*,STRUCTURALLY_VALID,,a,base-passwd,base-passwd,3.6.7,*,*,*,*,*,*,*
100893,docker.io/library/redis,8.8.0,pilot/results/sboms/redis-8.8.0.cdx.json,pkg:deb/debian/bash@5.2.37-2%2Bb9?arch=amd64&distro=debian-13.6&package-id=ca6f1c985bc1aba9&upstream=bash%405.2.37-2,library,bash,5.2.37-2+b9,Matthias Klose <doko@debian.org>,pkg:deb/debian/bash@5.2.37-2%2Bb9?arch=amd64&distro=debian-13.6&upstream=bash%405.2.37-2,cpe:2.3:a:bash:bash:5.2.37-2\+b9:*:*:*:*:*:*:*,STRUCTURALLY_VALID,,a,bash,bash,5.2.37-2\+b9,*,*,*,*,*,*,*
100894,docker.io/library/redis,8.8.0,pilot/results/sboms/redis-8.8.0.cdx.json,pkg:deb/debian/bsdutils@1%3A2.41-5?arch=amd64&distro=debian-13.6&package-id=15791da16e435065&upstream=util-linux%402.41-5,library,bsdutils,1:2.41-5,Chris Hofstaedtler <zeha@debian.org>,pkg:deb/debian/bsdutils@1%3A2.41-5?arch=amd64&distro=debian-13.6&upstream=util-linux%402.41-5,cpe:2.3:a:bsdutils:bsdutils:1\:2.41-5:*:*:*:*:*:*:*,STRUCTURALLY_VALID,,a,bsdutils,bsdutils,1\:2.41-5,*,*,*,*,*,*,*
100895,docker.io/library/redis,8.8.0,pilot/results/sboms/redis-8.8.0.cdx.json,pkg:deb/debian/coreutils@9.7-3?arch=amd64&distro=debian-13.6&package-id=2f8436d480a75c8c,library,coreutils,9.7-3,Michael Stone <mstone@debian.org>,pkg:deb/debian/coreutils@9.7-3?arch=amd64&distro=debian-13.6,cpe:2.3:a:coreutils:coreutils:9.7-3:*:*:*:*:*:*:*,STRUCTURALLY_VALID,,a,coreutils,coreutils,9.7-3,*,*,*,*,*,*,*
100896,docker.io/library/redis,8.8.0,pilot/results/sboms/redis-8.8.0.cdx.json,pkg:deb/debian/dash@0.5.12-12?arch=amd64&distro=debian-13.6&package-id=e919b2d690c3a4f3,library,dash,0.5.12-12,Andrej Shadura <andrewsh@debian.org>,pkg:deb/debian/dash@0.5.12-12?arch=amd64&distro=debian-13.6,cpe:2.3:a:dash:dash:0.5.12-12:*:*:*:*:*:*:*,STRUCTURALLY_VALID,,a,dash,dash,0.5.12-12,*,*,*,*,*,*,*
100897,docker.io/library/redis,8.8.0,pilot/results/sboms/redis-8.8.0.cdx.json,pkg:deb/debian/debconf@1.5.91?arch=all&distro=debian-13.6&package-id=0f203ecbcf805e2b,library,debconf,1.5.91,Debconf Developers <debconf-devel@lists.alioth.debian.org>,pkg:deb/debian/debconf@1.5.91?arch=all&distro=debian-13.6,cpe:2.3:a:debconf:debconf:1.5.91:*:*:*:*:*:*:*,STRUCTURALLY_VALID,,a,debconf,debconf,1.5.91,*,*,*,*,*,*,*
100898,docker.io/library/redis,8.8.0,pilot/results/sboms/redis-8.8.0.cdx.json,pkg:deb/debian/debian-archive-keyring@2025.1?arch=all&distro=debian-13.6&package-id=7991e18ee6aee390,library,debian-archive-keyring,2025.1,Debian Release Team <packages@release.debian.org>,pkg:deb/debian/debian-archive-keyring@2025.1?arch=all&distro=debian-13.6,cpe:2.3:a:debian-archive-keyring:debian-archive-keyring:2025.1:*:*:*:*:*:*:*,STRUCTURALLY_VALID,,a,debian-archive-keyring,debian-archive-keyring,2025.1,*,*,*,*,*,*,*
100899,docker.io/library/redis,8.8.0,pilot/results/sboms/redis-8.8.0.cdx.json,pkg:deb/debian/debianutils@5.23.2?arch=amd64&distro=debian-13.6&package-id=1a372c2eb99c9c63,library,debianutils,5.23.2,Ileana Dumitrescu <ileanadumitrescu95@gmail.com>,pkg:deb/debian/debianutils@5.23.2?arch=amd64&distro=debian-13.6,cpe:2.3:a:debianutils:debianutils:5.23.2:*:*:*:*:*:*:*,STRUCTURALLY_VALID,,a,debianutils,debianutils,5.23.2,*,*,*,*,*,*,*
100900,docker.io/library/redis,8.8.0,pilot/results/sboms/redis-8.8.0.cdx.json,pkg:deb/debian/diffutils@1%3A3.10-4?arch=amd64&distro=debian-13.6&package-id=928a2837cd45ff34,library,diffutils,1:3.10-4,Santiago Vila <sanvila@debian.org>,pkg:deb/debian/diffutils@1%3A3.10-4?arch=amd64&distro=debian-13.6,cpe:2.3:a:diffutils:diffutils:1\:3.10-4:*:*:*:*:*:*:*,STRUCTURALLY_VALID,,a,diffutils,diffutils,1\:3.10-4,*,*,*,*,*,*,*
100901,docker.io/library/redis,8.8.0,pilot/results/sboms/redis-8.8.0.cdx.json,pkg:deb/debian/dpkg@1.22.22?arch=amd64&distro=debian-13.6&package-id=3fcb1891109bbf9a,library,dpkg,1.22.22,Dpkg Developers <debian-dpkg@lists.debian.org>,pkg:deb/debian/dpkg@1.22.22?arch=amd64&distro=debian-13.6,cpe:2.3:a:dpkg:dpkg:1.22.22:*:*:*:*:*:*:*,STRUCTURALLY_VALID,,a,dpkg,dpkg,1.22.22,*,*,*,*,*,*,*
100902,docker.io/library/redis,8.8.0,pilot/results/sboms/redis-8.8.0.cdx.json,pkg:deb/debian/findutils@4.10.0-3?arch=amd64&distro=debian-13.6&package-id=d26956c159c0ed3a,library,findutils,4.10.0-3,Andreas Metzler <ametzler@debian.org>,pkg:deb/debian/findutils@4.10.0-3?arch=amd64&distro=debian-13.6,cpe:2.3:a:findutils:findutils:4.10.0-3:*:*:*:*:*:*:*,STRUCTURALLY_VALID,,a,findutils,findutils,4.10.0-3,*,*,*,*,*,*,*
100903,docker.io/library/redis,8.8.0,pilot/results/sboms/redis-8.8.0.cdx.json,pkg:deb/debian/gcc-14-base@14.2.0-19?arch=amd64&distro=debian-13.6&package-id=8a928cc6733b8d4c&upstream=gcc-14,library,gcc-14-base,14.2.0-19,Debian GCC Maintainers <debian-gcc@lists.debian.org>,pkg:deb/debian/gcc-14-base@14.2.0-19?arch=amd64&distro=debian-13.6&upstream=gcc-14,cpe:2.3:a:gcc-14-base:gcc-14-base:14.2.0-19:*:*:*:*:*:*:*,STRUCTURALLY_VALID,,a,gcc-14-base,gcc-14-base,14.2.0-19,*,*,*,*,*,*,*
100904,docker.io/library/redis,8.8.0,pilot/results/sboms/redis-8.8.0.cdx.json,pkg:deb/debian/grep@3.11-4?arch=amd64&distro=debian-13.6&package-id=a92d218620498fb7,library,grep,3.11-4,Anibal Monsalve Salazar <anibal@debian.org>,pkg:deb/debian/grep@3.11-4?arch=amd64&distro=debian-13.6,cpe:2.3:a:grep:grep:3.11-4:*:*:*:*:*:*:*,STRUCTURALLY_VALID,,a,grep,grep,3.11-4,*,*,*,*,*,*,*
100905,docker.io/library/redis,8.8.0,pilot/results/sboms/redis-8.8.0.cdx.json,pkg:deb/debian/gzip@1.13-1?arch=amd64&distro=debian-13.6&package-id=b30644f429eabdac,library,gzip,1.13-1,Milan Kupcevic <milan@debian.org>,pkg:deb/debian/gzip@1.13-1?arch=amd64&distro=debian-13.6,cpe:2.3:a:gzip:gzip:1.13-1:*:*:*:*:*:*:*,STRUCTURALLY_VALID,,a,gzip,gzip,1.13-1,*,*,*,*,*,*,*
100906,docker.io/library/redis,8.8.0,pilot/results/sboms/redis-8.8.0.cdx.json,pkg:deb/debian/hostname@3.25?arch=amd64&distro=debian-13.6&package-id=99de93ca9ff6e65f,library,hostname,3.25,Michael Meskes <meskes@debian.org>,pkg:deb/debian/hostname@3.25?arch=amd64&distro=debian-13.6,cpe:2.3:a:hostname:hostname:3.25:*:*:*:*:*:*:*,STRUCTURALLY_VALID,,a,hostname,hostname,3.25,*,*,*,*,*,*,*
100907,docker.io/library/redis,8.8.0,pilot/results/sboms/redis-8.8.0.cdx.json,pkg:deb/debian/init-system-helpers@1.69~deb13u1?arch=all&distro=debian-13.6&package-id=40e23b20a464282c,library,init-system-helpers,1.69~deb13u1,Debian systemd Maintainers <pkg-systemd-maintainers@lists.alioth.debian.org>,pkg:deb/debian/init-system-helpers@1.69~deb13u1?arch=all&distro=debian-13.6,cpe:2.3:a:init-system-helpers:init-system-helpers:1.69\~deb13u1:*:*:*:*:*:*:*,STRUCTURALLY_VALID,,a,init-system-helpers,init-system-helpers,1.69\~deb13u1,*,*,*,*,*,*,*
100908,docker.io/library/redis,8.8.0,pilot/results/sboms/redis-8.8.0.cdx.json,pkg:deb/debian/libacl1@2.3.2-2%2Bb1?arch=amd64&distro=debian-13.6&package-id=0af6f2d3417a318d&upstream=acl%402.3.2-2,library,libacl1,2.3.2-2+b1,Guillem Jover <guillem@debian.org>,pkg:deb/debian/libacl1@2.3.2-2%2Bb1?arch=amd64&distro=debian-13.6&upstream=acl%402.3.2-2,cpe:2.3:a:libacl1:libacl1:2.3.2-2\+b1:*:*:*:*:*:*:*,STRUCTURALLY_VALID,,a,libacl1,libacl1,2.3.2-2\+b1,*,*,*,*,*,*,*
100909,docker.io/library/redis,8.8.0,pilot/results/sboms/redis-8.8.0.cdx.json,pkg:deb/debian/libapt-pkg7.0@3.0.3?arch=amd64&distro=debian-13.6&package-id=25f4161ec6258e4d&upstream=apt,library,libapt-pkg7.0,3.0.3,APT Development Team <deity@lists.debian.org>,pkg:deb/debian/libapt-pkg7.0@3.0.3?arch=amd64&distro=debian-13.6&upstream=apt,cpe:2.3:a:libapt-pkg7.0:libapt-pkg7.0:3.0.3:*:*:*:*:*:*:*,STRUCTURALLY_VALID,,a,libapt-pkg7.0,libapt-pkg7.0,3.0.3,*,*,*,*,*,*,*
100910,docker.io/library/redis,8.8.0,pilot/results/sboms/redis-8.8.0.cdx.json,pkg:deb/debian/libattr1@1%3A2.5.2-3?arch=amd64&distro=debian-13.6&package-id=6f2066ac1c2128fd&upstream=attr,library,libattr1,1:2.5.2-3,Guillem Jover <guillem@debian.org>,pkg:deb/debian/libattr1@1%3A2.5.2-3?arch=amd64&distro=debian-13.6&upstream=attr,cpe:2.3:a:libattr1:libattr1:1\:2.5.2-3:*:*:*:*:*:*:*,STRUCTURALLY_VALID,,a,libattr1,libattr1,1\:2.5.2-3,*,*,*,*,*,*,*
100912,docker.io/library/redis,8.8.0,pilot/results/sboms/redis-8.8.0.cdx.json,pkg:deb/debian/libaudit1@1%3A4.0.2-2%2Bb2?arch=amd64&distro=debian-13.6&package-id=2ca8f5fa0f4e4bfa&upstream=audit%401%3A4.0.2-2,library,libaudit1,1:4.0.2-2+b2,Laurent Bigonville <bigon@debian.org>,pkg:deb/debian/libaudit1@1%3A4.0.2-2%2Bb2?arch=amd64&distro=debian-13.6&upstream=audit%401%3A4.0.2-2,cpe:2.3:a:libaudit1:libaudit1:1\:4.0.2-2\+b2:*:*:*:*:*:*:*,STRUCTURALLY_VALID,,a,libaudit1,libaudit1,1\:4.0.2-2\+b2,*,*,*,*,*,*,*
100911,docker.io/library/redis,8.8.0,pilot/results/sboms/redis-8.8.0.cdx.json,pkg:deb/debian/libaudit-common@1%3A4.0.2-2?arch=all&distro=debian-13.6&package-id=6cb43ac21ec2f2a0&upstream=audit,library,libaudit-common,1:4.0.2-2,Laurent Bigonville <bigon@debian.org>,pkg:deb/debian/libaudit-common@1%3A4.0.2-2?arch=all&distro=debian-13.6&upstream=audit,cpe:2.3:a:libaudit-common:libaudit-common:1\:4.0.2-2:*:*:*:*:*:*:*,STRUCTURALLY_VALID,,a,libaudit-common,libaudit-common,1\:4.0.2-2,*,*,*,*,*,*,*
100913,docker.io/library/redis,8.8.0,pilot/results/sboms/redis-8.8.0.cdx.json,pkg:deb/debian/libblkid1@2.41-5?arch=amd64&distro=debian-13.6&package-id=229bfebd2f7fc7f3&upstream=util-linux,library,libblkid1,2.41-5,Chris Hofstaedtler <zeha@debian.org>,pkg:deb/debian/libblkid1@2.41-5?arch=amd64&distro=debian-13.6&upstream=util-linux,cpe:2.3:a:libblkid1:libblkid1:2.41-5:*:*:*:*:*:*:*,STRUCTURALLY_VALID,,a,libblkid1,libblkid1,2.41-5,*,*,*,*,*,*,*
100914,docker.io/library/redis,8.8.0,pilot/results/sboms/redis-8.8.0.cdx.json,pkg:deb/debian/libbsd0@0.12.2-2?arch=amd64&distro=debian-13.6&package-id=5421a64a3af7445b&upstream=libbsd,library,libbsd0,0.12.2-2,Guillem Jover <guillem@debian.org>,pkg:deb/debian/libbsd0@0.12.2-2?arch=amd64&distro=debian-13.6&upstream=libbsd,cpe:2.3:a:libbsd0:libbsd0:0.12.2-2:*:*:*:*:*:*:*,STRUCTURALLY_VALID,,a,libbsd0,libbsd0,0.12.2-2,*,*,*,*,*,*,*
100915,docker.io/library/redis,8.8.0,pilot/results/sboms/redis-8.8.0.cdx.json,pkg:deb/debian/libbz2-1.0@1.0.8-6?arch=amd64&distro=debian-13.6&package-id=6004b03bf692a003&upstream=bzip2,library,libbz2-1.0,1.0.8-6,Anibal Monsalve Salazar <anibal@debian.org>,pkg:deb/debian/libbz2-1.0@1.0.8-6?arch=amd64&distro=debian-13.6&upstream=bzip2,cpe:2.3:a:libbz2-1.0:libbz2-1.0:1.0.8-6:*:*:*:*:*:*:*,STRUCTURALLY_VALID,,a,libbz2-1.0,libbz2-1.0,1.0.8-6,*,*,*,*,*,*,*
100917,docker.io/library/redis,8.8.0,pilot/results/sboms/redis-8.8.0.cdx.json,pkg:deb/debian/libc6@2.41-12%2Bdeb13u3?arch=amd64&distro=debian-13.6&package-id=396f0047ff1f6fad&upstream=glibc,library,libc6,2.41-12+deb13u3,GNU Libc Maintainers <debian-glibc@lists.debian.org>,pkg:deb/debian/libc6@2.41-12%2Bdeb13u3?arch=amd64&distro=debian-13.6&upstream=glibc,cpe:2.3:a:libc6:libc6:2.41-12\+deb13u3:*:*:*:*:*:*:*,STRUCTURALLY_VALID,,a,libc6,libc6,2.41-12\+deb13u3,*,*,*,*,*,*,*
100919,docker.io/library/redis,8.8.0,pilot/results/sboms/redis-8.8.0.cdx.json,pkg:deb/debian/libcap2@1%3A2.75-10%2Bdeb13u1%2Bb1?arch=amd64&distro=debian-13.6&package-id=82b01daae666f7f2&upstream=libcap2%401%3A2.75-10%2Bdeb13u1,library,libcap2,1:2.75-10+deb13u1+b1,Christian Kastner <ckk@debian.org>,pkg:deb/debian/libcap2@1%3A2.75-10%2Bdeb13u1%2Bb1?arch=amd64&distro=debian-13.6&upstream=libcap2%401%3A2.75-10%2Bdeb13u1,cpe:2.3:a:libcap2:libcap2:1\:2.75-10\+deb13u1\+b1:*:*:*:*:*:*:*,STRUCTURALLY_VALID,,a,libcap2,libcap2,1\:2.75-10\+deb13u1\+b1,*,*,*,*,*,*,*
100918,docker.io/library/redis,8.8.0,pilot/results/sboms/redis-8.8.0.cdx.json,pkg:deb/debian/libcap-ng0@0.8.5-4%2Bb1?arch=amd64&distro=debian-13.6&package-id=b41a5e7ee674f97b&upstream=libcap-ng%400.8.5-4,library,libcap-ng0,0.8.5-4+b1,Håvard F. Aasen <havard.f.aasen@pfft.no>,pkg:deb/debian/libcap-ng0@0.8.5-4%2Bb1?arch=amd64&distro=debian-13.6&upstream=libcap-ng%400.8.5-4,cpe:2.3:a:libcap-ng0:libcap-ng0:0.8.5-4\+b1:*:*:*:*:*:*:*,STRUCTURALLY_VALID,,a,libcap-ng0,libcap-ng0,0.8.5-4\+b1,*,*,*,*,*,*,*
100916,docker.io/library/redis,8.8.0,pilot/results/sboms/redis-8.8.0.cdx.json,pkg:deb/debian/libc-bin@2.41-12%2Bdeb13u3?arch=amd64&distro=debian-13.6&package-id=db8f902611567c92&upstream=glibc,library,libc-bin,2.41-12+deb13u3,GNU Libc Maintainers <debian-glibc@lists.debian.org>,pkg:deb/debian/libc-bin@2.41-12%2Bdeb13u3?arch=amd64&distro=debian-13.6&upstream=glibc,cpe:2.3:a:libc-bin:libc-bin:2.41-12\+deb13u3:*:*:*:*:*:*:*,STRUCTURALLY_VALID,,a,libc-bin,libc-bin,2.41-12\+deb13u3,*,*,*,*,*,*,*
100920,docker.io/library/redis,8.8.0,pilot/results/sboms/redis-8.8.0.cdx.json,pkg:deb/debian/libcrypt1@1%3A4.4.38-1?arch=amd64&distro=debian-13.6&package-id=757587ed7bd452da&upstream=libxcrypt,library,libcrypt1,1:4.4.38-1,Marco d'Itri <md@linux.it>,pkg:deb/debian/libcrypt1@1%3A4.4.38-1?arch=amd64&distro=debian-13.6&upstream=libxcrypt,cpe:2.3:a:libcrypt1:libcrypt1:1\:4.4.38-1:*:*:*:*:*:*:*,STRUCTURALLY_VALID,,a,libcrypt1,libcrypt1,1\:4.4.38-1,*,*,*,*,*,*,*
100921,docker.io/library/redis,8.8.0,pilot/results/sboms/redis-8.8.0.cdx.json,pkg:deb/debian/libdb5.3t64@5.3.28%2Bdfsg2-9?arch=amd64&distro=debian-13.6&package-id=691cff16cd9ac9e6&upstream=db5.3,library,libdb5.3t64,5.3.28+dfsg2-9,Debian QA Group <packages@qa.debian.org>,pkg:deb/debian/libdb5.3t64@5.3.28%2Bdfsg2-9?arch=amd64&distro=debian-13.6&upstream=db5.3,cpe:2.3:a:libdb5.3t64:libdb5.3t64:5.3.28\+dfsg2-9:*:*:*:*:*:*:*,STRUCTURALLY_VALID,,a,libdb5.3t64,libdb5.3t64,5.3.28\+dfsg2-9,*,*,*,*,*,*,*
100922,docker.io/library/redis,8.8.0,pilot/results/sboms/redis-8.8.0.cdx.json,pkg:deb/debian/libdebconfclient0@0.280?arch=amd64&distro=debian-13.6&package-id=58dd2cc5f3eff2c7&upstream=cdebconf,library,libdebconfclient0,0.280,Debian Install System Team <debian-boot@lists.debian.org>,pkg:deb/debian/libdebconfclient0@0.280?arch=amd64&distro=debian-13.6&upstream=cdebconf,cpe:2.3:a:libdebconfclient0:libdebconfclient0:0.280:*:*:*:*:*:*:*,STRUCTURALLY_VALID,,a,libdebconfclient0,libdebconfclient0,0.280,*,*,*,*,*,*,*
100923,docker.io/library/redis,8.8.0,pilot/results/sboms/redis-8.8.0.cdx.json,pkg:deb/debian/libgcc-s1@14.2.0-19?arch=amd64&distro=debian-13.6&package-id=2338ed612a82adf3&upstream=gcc-14,library,libgcc-s1,14.2.0-19,Debian GCC Maintainers <debian-gcc@lists.debian.org>,pkg:deb/debian/libgcc-s1@14.2.0-19?arch=amd64&distro=debian-13.6&upstream=gcc-14,cpe:2.3:a:libgcc-s1:libgcc-s1:14.2.0-19:*:*:*:*:*:*:*,STRUCTURALLY_VALID,,a,libgcc-s1,libgcc-s1,14.2.0-19,*,*,*,*,*,*,*
100924,docker.io/library/redis,8.8.0,pilot/results/sboms/redis-8.8.0.cdx.json,pkg:deb/debian/libgmp10@2%3A6.3.0%2Bdfsg-3?arch=amd64&distro=debian-13.6&package-id=1c7a811a4bd26f31&upstream=gmp,library,libgmp10,2:6.3.0+dfsg-3,Debian Science Maintainers <debian-science-maintainers@lists.alioth.debian.org>,pkg:deb/debian/libgmp10@2%3A6.3.0%2Bdfsg-3?arch=amd64&distro=debian-13.6&upstream=gmp,cpe:2.3:a:libgmp10:libgmp10:2\:6.3.0\+dfsg-3:*:*:*:*:*:*:*,STRUCTURALLY_VALID,,a,libgmp10,libgmp10,2\:6.3.0\+dfsg-3,*,*,*,*,*,*,*
100925,docker.io/library/redis,8.8.0,pilot/results/sboms/redis-8.8.0.cdx.json,pkg:deb/debian/libhogweed6t64@3.10.1-1?arch=amd64&distro=debian-13.6&package-id=149dfd0fe1a0f504&upstream=nettle,library,libhogweed6t64,3.10.1-1,Magnus Holmgren <holmgren@debian.org>,pkg:deb/debian/libhogweed6t64@3.10.1-1?arch=amd64&distro=debian-13.6&upstream=nettle,cpe:2.3:a:libhogweed6t64:libhogweed6t64:3.10.1-1:*:*:*:*:*:*:*,STRUCTURALLY_VALID,,a,libhogweed6t64,libhogweed6t64,3.10.1-1,*,*,*,*,*,*,*
100926,docker.io/library/redis,8.8.0,pilot/results/sboms/redis-8.8.0.cdx.json,pkg:deb/debian/liblastlog2-2@2.41-5?arch=amd64&distro=debian-13.6&package-id=82f554653d484779&upstream=util-linux,library,liblastlog2-2,2.41-5,Chris Hofstaedtler <zeha@debian.org>,pkg:deb/debian/liblastlog2-2@2.41-5?arch=amd64&distro=debian-13.6&upstream=util-linux,cpe:2.3:a:liblastlog2-2:liblastlog2-2:2.41-5:*:*:*:*:*:*:*,STRUCTURALLY_VALID,,a,liblastlog2-2,liblastlog2-2,2.41-5,*,*,*,*,*,*,*
100927,docker.io/library/redis,8.8.0,pilot/results/sboms/redis-8.8.0.cdx.json,pkg:deb/debian/liblz4-1@1.10.0-4?arch=amd64&distro=debian-13.6&package-id=4027ba8f2aab9b06&upstream=lz4,library,liblz4-1,1.10.0-4,Nobuhiro Iwamatsu <iwamatsu@debian.org>,pkg:deb/debian/liblz4-1@1.10.0-4?arch=amd64&distro=debian-13.6&upstream=lz4,cpe:2.3:a:liblz4-1:liblz4-1:1.10.0-4:*:*:*:*:*:*:*,STRUCTURALLY_VALID,,a,liblz4-1,liblz4-1,1.10.0-4,*,*,*,*,*,*,*
100928,docker.io/library/redis,8.8.0,pilot/results/sboms/redis-8.8.0.cdx.json,pkg:deb/debian/liblzma5@5.8.1-1%2Bdeb13u1?arch=amd64&distro=debian-13.6&package-id=9ade75968c48cc77&upstream=xz-utils,library,liblzma5,5.8.1-1+deb13u1,Sebastian Andrzej Siewior <sebastian@breakpoint.cc>,pkg:deb/debian/liblzma5@5.8.1-1%2Bdeb13u1?arch=amd64&distro=debian-13.6&upstream=xz-utils,cpe:2.3:a:liblzma5:liblzma5:5.8.1-1\+deb13u1:*:*:*:*:*:*:*,STRUCTURALLY_VALID,,a,liblzma5,liblzma5,5.8.1-1\+deb13u1,*,*,*,*,*,*,*
100929,docker.io/library/redis,8.8.0,pilot/results/sboms/redis-8.8.0.cdx.json,pkg:deb/debian/libmd0@1.1.0-2%2Bb1?arch=amd64&distro=debian-13.6&package-id=ffd304ab77f359f2&upstream=libmd%401.1.0-2,library,libmd0,1.1.0-2+b1,Guillem Jover <guillem@debian.org>,pkg:deb/debian/libmd0@1.1.0-2%2Bb1?arch=amd64&distro=debian-13.6&upstream=libmd%401.1.0-2,cpe:2.3:a:libmd0:libmd0:1.1.0-2\+b1:*:*:*:*:*:*:*,STRUCTURALLY_VALID,,a,libmd0,libmd0,1.1.0-2\+b1,*,*,*,*,*,*,*
100930,docker.io/library/redis,8.8.0,pilot/results/sboms/redis-8.8.0.cdx.json,pkg:deb/debian/libmount1@2.41-5?arch=amd64&distro=debian-13.6&package-id=fb348d32a9e96833&upstream=util-linux,library,libmount1,2.41-5,Chris Hofstaedtler <zeha@debian.org>,pkg:deb/debian/libmount1@2.41-5?arch=amd64&distro=debian-13.6&upstream=util-linux,cpe:2.3:a:libmount1:libmount1:2.41-5:*:*:*:*:*:*:*,STRUCTURALLY_VALID,,a,libmount1,libmount1,2.41-5,*,*,*,*,*,*,*
100931,docker.io/library/redis,8.8.0,pilot/results/sboms/redis-8.8.0.cdx.json,pkg:deb/debian/libnettle8t64@3.10.1-1?arch=amd64&distro=debian-13.6&package-id=830df7dec0785e1a&upstream=nettle,library,libnettle8t64,3.10.1-1,Magnus Holmgren <holmgren@debian.org>,pkg:deb/debian/libnettle8t64@3.10.1-1?arch=amd64&distro=debian-13.6&upstream=nettle,cpe:2.3:a:libnettle8t64:libnettle8t64:3.10.1-1:*:*:*:*:*:*:*,STRUCTURALLY_VALID,,a,libnettle8t64,libnettle8t64,3.10.1-1,*,*,*,*,*,*,*
100935,docker.io/library/redis,8.8.0,pilot/results/sboms/redis-8.8.0.cdx.json,pkg:deb/debian/libpam0g@1.7.0-5?arch=amd64&distro=debian-13.6&package-id=1c6c7728b37b94de&upstream=pam,library,libpam0g,1.7.0-5,Sam Hartman <hartmans@debian.org>,pkg:deb/debian/libpam0g@1.7.0-5?arch=amd64&distro=debian-13.6&upstream=pam,cpe:2.3:a:libpam0g:libpam0g:1.7.0-5:*:*:*:*:*:*:*,STRUCTURALLY_VALID,,a,libpam0g,libpam0g,1.7.0-5,*,*,*,*,*,*,*
100932,docker.io/library/redis,8.8.0,pilot/results/sboms/redis-8.8.0.cdx.json,pkg:deb/debian/libpam-modules@1.7.0-5?arch=amd64&distro=debian-13.6&package-id=1f32975dfd37be95&upstream=pam,library,libpam-modules,1.7.0-5,Sam Hartman <hartmans@debian.org>,pkg:deb/debian/libpam-modules@1.7.0-5?arch=amd64&distro=debian-13.6&upstream=pam,cpe:2.3:a:libpam-modules:libpam-modules:1.7.0-5:*:*:*:*:*:*:*,STRUCTURALLY_VALID,,a,libpam-modules,libpam-modules,1.7.0-5,*,*,*,*,*,*,*
100933,docker.io/library/redis,8.8.0,pilot/results/sboms/redis-8.8.0.cdx.json,pkg:deb/debian/libpam-modules-bin@1.7.0-5?arch=amd64&distro=debian-13.6&package-id=cb7fdbb7b6a04bdc&upstream=pam,library,libpam-modules-bin,1.7.0-5,Sam Hartman <hartmans@debian.org>,pkg:deb/debian/libpam-modules-bin@1.7.0-5?arch=amd64&distro=debian-13.6&upstream=pam,cpe:2.3:a:libpam-modules-bin:libpam-modules-bin:1.7.0-5:*:*:*:*:*:*:*,STRUCTURALLY_VALID,,a,libpam-modules-bin,libpam-modules-bin,1.7.0-5,*,*,*,*,*,*,*
100934,docker.io/library/redis,8.8.0,pilot/results/sboms/redis-8.8.0.cdx.json,pkg:deb/debian/libpam-runtime@1.7.0-5?arch=all&distro=debian-13.6&package-id=eb5873c5c35e21b8&upstream=pam,library,libpam-runtime,1.7.0-5,Sam Hartman <hartmans@debian.org>,pkg:deb/debian/libpam-runtime@1.7.0-5?arch=all&distro=debian-13.6&upstream=pam,cpe:2.3:a:libpam-runtime:libpam-runtime:1.7.0-5:*:*:*:*:*:*:*,STRUCTURALLY_VALID,,a,libpam-runtime,libpam-runtime,1.7.0-5,*,*,*,*,*,*,*
100936,docker.io/library/redis,8.8.0,pilot/results/sboms/redis-8.8.0.cdx.json,pkg:deb/debian/libpcre2-8-0@10.46-1~deb13u1?arch=amd64&distro=debian-13.6&package-id=c8ce23e36f4d6bca&upstream=pcre2,library,libpcre2-8-0,10.46-1~deb13u1,Matthew Vernon <matthew@debian.org>,pkg:deb/debian/libpcre2-8-0@10.46-1~deb13u1?arch=amd64&distro=debian-13.6&upstream=pcre2,cpe:2.3:a:libpcre2-8-0:libpcre2-8-0:10.46-1\~deb13u1:*:*:*:*:*:*:*,STRUCTURALLY_VALID,,a,libpcre2-8-0,libpcre2-8-0,10.46-1\~deb13u1,*,*,*,*,*,*,*
100937,docker.io/library/redis,8.8.0,pilot/results/sboms/redis-8.8.0.cdx.json,pkg:deb/debian/libseccomp2@2.6.0-2?arch=amd64&distro=debian-13.6&package-id=484580cc24603555&upstream=libseccomp,library,libseccomp2,2.6.0-2,Kees Cook <kees@debian.org>,pkg:deb/debian/libseccomp2@2.6.0-2?arch=amd64&distro=debian-13.6&upstream=libseccomp,cpe:2.3:a:libseccomp2:libseccomp2:2.6.0-2:*:*:*:*:*:*:*,STRUCTURALLY_VALID,,a,libseccomp2,libseccomp2,2.6.0-2,*,*,*,*,*,*,*
100938,docker.io/library/redis,8.8.0,pilot/results/sboms/redis-8.8.0.cdx.json,pkg:deb/debian/libselinux1@3.8.1-1?arch=amd64&distro=debian-13.6&package-id=519cd66aedc85adf&upstream=libselinux,library,libselinux1,3.8.1-1,Debian SELinux maintainers <selinux-devel@lists.alioth.debian.org>,pkg:deb/debian/libselinux1@3.8.1-1?arch=amd64&distro=debian-13.6&upstream=libselinux,cpe:2.3:a:libselinux1:libselinux1:3.8.1-1:*:*:*:*:*:*:*,STRUCTURALLY_VALID,,a,libselinux1,libselinux1,3.8.1-1,*,*,*,*,*,*,*
100940,docker.io/library/redis,8.8.0,pilot/results/sboms/redis-8.8.0.cdx.json,pkg:deb/debian/libsemanage2@3.8.1-1?arch=amd64&distro=debian-13.6&package-id=48d5af32889b375b&upstream=libsemanage,library,libsemanage2,3.8.1-1,Debian SELinux maintainers <selinux-devel@lists.alioth.debian.org>,pkg:deb/debian/libsemanage2@3.8.1-1?arch=amd64&distro=debian-13.6&upstream=libsemanage,cpe:2.3:a:libsemanage2:libsemanage2:3.8.1-1:*:*:*:*:*:*:*,STRUCTURALLY_VALID,,a,libsemanage2,libsemanage2,3.8.1-1,*,*,*,*,*,*,*
100939,docker.io/library/redis,8.8.0,pilot/results/sboms/redis-8.8.0.cdx.json,pkg:deb/debian/libsemanage-common@3.8.1-1?arch=all&distro=debian-13.6&package-id=c638ea9ec05d410a&upstream=libsemanage,library,libsemanage-common,3.8.1-1,Debian SELinux maintainers <selinux-devel@lists.alioth.debian.org>,pkg:deb/debian/libsemanage-common@3.8.1-1?arch=all&distro=debian-13.6&upstream=libsemanage,cpe:2.3:a:libsemanage-common:libsemanage-common:3.8.1-1:*:*:*:*:*:*:*,STRUCTURALLY_VALID,,a,libsemanage-common,libsemanage-common,3.8.1-1,*,*,*,*,*,*,*
100941,docker.io/library/redis,8.8.0,pilot/results/sboms/redis-8.8.0.cdx.json,pkg:deb/debian/libsepol2@3.8.1-1?arch=amd64&distro=debian-13.6&package-id=3392d9f030dfa725&upstream=libsepol,library,libsepol2,3.8.1-1,Debian SELinux maintainers <selinux-devel@lists.alioth.debian.org>,pkg:deb/debian/libsepol2@3.8.1-1?arch=amd64&distro=debian-13.6&upstream=libsepol,cpe:2.3:a:libsepol2:libsepol2:3.8.1-1:*:*:*:*:*:*:*,STRUCTURALLY_VALID,,a,libsepol2,libsepol2,3.8.1-1,*,*,*,*,*,*,*
100942,docker.io/library/redis,8.8.0,pilot/results/sboms/redis-8.8.0.cdx.json,pkg:deb/debian/libsmartcols1@2.41-5?arch=amd64&distro=debian-13.6&package-id=a8b3fa3699849e35&upstream=util-linux,library,libsmartcols1,2.41-5,Chris Hofstaedtler <zeha@debian.org>,pkg:deb/debian/libsmartcols1@2.41-5?arch=amd64&distro=debian-13.6&upstream=util-linux,cpe:2.3:a:libsmartcols1:libsmartcols1:2.41-5:*:*:*:*:*:*:*,STRUCTURALLY_VALID,,a,libsmartcols1,libsmartcols1,2.41-5,*,*,*,*,*,*,*
100943,docker.io/library/redis,8.8.0,pilot/results/sboms/redis-8.8.0.cdx.json,pkg:deb/debian/libsqlite3-0@3.46.1-7%2Bdeb13u1?arch=amd64&distro=debian-13.6&package-id=0e674e420f2bfafa&upstream=sqlite3,library,libsqlite3-0,3.46.1-7+deb13u1,Laszlo Boszormenyi (GCS) <gcs@debian.org>,pkg:deb/debian/libsqlite3-0@3.46.1-7%2Bdeb13u1?arch=amd64&distro=debian-13.6&upstream=sqlite3,cpe:2.3:a:libsqlite3-0:libsqlite3-0:3.46.1-7\+deb13u1:*:*:*:*:*:*:*,STRUCTURALLY_VALID,,a,libsqlite3-0,libsqlite3-0,3.46.1-7\+deb13u1,*,*,*,*,*,*,*
100944,docker.io/library/redis,8.8.0,pilot/results/sboms/redis-8.8.0.cdx.json,pkg:deb/debian/libssl3t64@3.5.6-1~deb13u2?arch=amd64&distro=debian-13.6&package-id=b53f18d1bacb9feb&upstream=openssl,library,libssl3t64,3.5.6-1~deb13u2,Debian OpenSSL Team <pkg-openssl-devel@alioth-lists.debian.net>,pkg:deb/debian/libssl3t64@3.5.6-1~deb13u2?arch=amd64&distro=debian-13.6&upstream=openssl,cpe:2.3:a:libssl3t64:libssl3t64:3.5.6-1\~deb13u2:*:*:*:*:*:*:*,STRUCTURALLY_VALID,,a,libssl3t64,libssl3t64,3.5.6-1\~deb13u2,*,*,*,*,*,*,*
100945,docker.io/library/redis,8.8.0,pilot/results/sboms/redis-8.8.0.cdx.json,pkg:deb/debian/libstdc%2B%2B6@14.2.0-19?arch=amd64&distro=debian-13.6&package-id=7dc961cf921ecd08&upstream=gcc-14,library,libstdc++6,14.2.0-19,Debian GCC Maintainers <debian-gcc@lists.debian.org>,pkg:deb/debian/libstdc%2B%2B6@14.2.0-19?arch=amd64&distro=debian-13.6&upstream=gcc-14,cpe:2.3:a:libstdc\+\+6:libstdc\+\+6:14.2.0-19:*:*:*:*:*:*:*,STRUCTURALLY_VALID,,a,libstdc\+\+6,libstdc\+\+6,14.2.0-19,*,*,*,*,*,*,*
100946,docker.io/library/redis,8.8.0,pilot/results/sboms/redis-8.8.0.cdx.json,pkg:deb/debian/libsystemd0@257.13-1~deb13u1?arch=amd64&distro=debian-13.6&package-id=8bfae933fd40ea5d&upstream=systemd,library,libsystemd0,257.13-1~deb13u1,Debian systemd Maintainers <pkg-systemd-maintainers@lists.alioth.debian.org>,pkg:deb/debian/libsystemd0@257.13-1~deb13u1?arch=amd64&distro=debian-13.6&upstream=systemd,cpe:2.3:a:libsystemd0:libsystemd0:257.13-1\~deb13u1:*:*:*:*:*:*:*,STRUCTURALLY_VALID,,a,libsystemd0,libsystemd0,257.13-1\~deb13u1,*,*,*,*,*,*,*
100947,docker.io/library/redis,8.8.0,pilot/results/sboms/redis-8.8.0.cdx.json,pkg:deb/debian/libtinfo6@6.5%2B20250216-2?arch=amd64&distro=debian-13.6&package-id=7402a3d31bb024db&upstream=ncurses,library,libtinfo6,6.5+20250216-2,Ncurses Maintainers <ncurses@packages.debian.org>,pkg:deb/debian/libtinfo6@6.5%2B20250216-2?arch=amd64&distro=debian-13.6&upstream=ncurses,cpe:2.3:a:libtinfo6:libtinfo6:6.5\+20250216-2:*:*:*:*:*:*:*,STRUCTURALLY_VALID,,a,libtinfo6,libtinfo6,6.5\+20250216-2,*,*,*,*,*,*,*
100948,docker.io/library/redis,8.8.0,pilot/results/sboms/redis-8.8.0.cdx.json,pkg:deb/debian/libudev1@257.13-1~deb13u1?arch=amd64&distro=debian-13.6&package-id=4468281f476fc994&upstream=systemd,library,libudev1,257.13-1~deb13u1,Debian systemd Maintainers <pkg-systemd-maintainers@lists.alioth.debian.org>,pkg:deb/debian/libudev1@257.13-1~deb13u1?arch=amd64&distro=debian-13.6&upstream=systemd,cpe:2.3:a:libudev1:libudev1:257.13-1\~deb13u1:*:*:*:*:*:*:*,STRUCTURALLY_VALID,,a,libudev1,libudev1,257.13-1\~deb13u1,*,*,*,*,*,*,*
100949,docker.io/library/redis,8.8.0,pilot/results/sboms/redis-8.8.0.cdx.json,pkg:deb/debian/libuuid1@2.41-5?arch=amd64&distro=debian-13.6&package-id=a8a27df4740c7b35&upstream=util-linux,library,libuuid1,2.41-5,Chris Hofstaedtler <zeha@debian.org>,pkg:deb/debian/libuuid1@2.41-5?arch=amd64&distro=debian-13.6&upstream=util-linux,cpe:2.3:a:libuuid1:libuuid1:2.41-5:*:*:*:*:*:*:*,STRUCTURALLY_VALID,,a,libuuid1,libuuid1,2.41-5,*,*,*,*,*,*,*
100950,docker.io/library/redis,8.8.0,pilot/results/sboms/redis-8.8.0.cdx.json,pkg:deb/debian/libxxhash0@0.8.3-2?arch=amd64&distro=debian-13.6&package-id=8047a2247d2d0e45&upstream=xxhash,library,libxxhash0,0.8.3-2,Josue Ortega <josue@debian.org>,pkg:deb/debian/libxxhash0@0.8.3-2?arch=amd64&distro=debian-13.6&upstream=xxhash,cpe:2.3:a:libxxhash0:libxxhash0:0.8.3-2:*:*:*:*:*:*:*,STRUCTURALLY_VALID,,a,libxxhash0,libxxhash0,0.8.3-2,*,*,*,*,*,*,*
100951,docker.io/library/redis,8.8.0,pilot/results/sboms/redis-8.8.0.cdx.json,pkg:deb/debian/libzstd1@1.5.7%2Bdfsg-1?arch=amd64&distro=debian-13.6&package-id=a054cdb90cdf7119&upstream=libzstd,library,libzstd1,1.5.7+dfsg-1,RPM packaging team <team+pkg-rpm@tracker.debian.org>,pkg:deb/debian/libzstd1@1.5.7%2Bdfsg-1?arch=amd64&distro=debian-13.6&upstream=libzstd,cpe:2.3:a:libzstd1:libzstd1:1.5.7\+dfsg-1:*:*:*:*:*:*:*,STRUCTURALLY_VALID,,a,libzstd1,libzstd1,1.5.7\+dfsg-1,*,*,*,*,*,*,*
100952,docker.io/library/redis,8.8.0,pilot/results/sboms/redis-8.8.0.cdx.json,pkg:deb/debian/login@1%3A4.16.0-2%2Breally2.41-5?arch=amd64&distro=debian-13.6&package-id=dd4a8fd9dddb7191&upstream=util-linux%402.41-5,library,login,1:4.16.0-2+really2.41-5,Chris Hofstaedtler <zeha@debian.org>,pkg:deb/debian/login@1%3A4.16.0-2%2Breally2.41-5?arch=amd64&distro=debian-13.6&upstream=util-linux%402.41-5,cpe:2.3:a:login:login:1\:4.16.0-2\+really2.41-5:*:*:*:*:*:*:*,STRUCTURALLY_VALID,,a,login,login,1\:4.16.0-2\+really2.41-5,*,*,*,*,*,*,*
100953,docker.io/library/redis,8.8.0,pilot/results/sboms/redis-8.8.0.cdx.json,pkg:deb/debian/login.defs@1%3A4.17.4-2?arch=all&distro=debian-13.6&package-id=893ab677af71bedc&upstream=shadow,library,login.defs,1:4.17.4-2,Shadow package maintainers <pkg-shadow-devel@lists.alioth.debian.org>,pkg:deb/debian/login.defs@1%3A4.17.4-2?arch=all&distro=debian-13.6&upstream=shadow,cpe:2.3:a:login.defs:login.defs:1\:4.17.4-2:*:*:*:*:*:*:*,STRUCTURALLY_VALID,,a,login.defs,login.defs,1\:4.17.4-2,*,*,*,*,*,*,*
100954,docker.io/library/redis,8.8.0,pilot/results/sboms/redis-8.8.0.cdx.json,pkg:deb/debian/mawk@1.3.4.20250131-1?arch=amd64&distro=debian-13.6&package-id=d66f7150f339b011,library,mawk,1.3.4.20250131-1,Boyuan Yang <byang@debian.org>,pkg:deb/debian/mawk@1.3.4.20250131-1?arch=amd64&distro=debian-13.6,cpe:2.3:a:mawk:mawk:1.3.4.20250131-1:*:*:*:*:*:*:*,STRUCTURALLY_VALID,,a,mawk,mawk,1.3.4.20250131-1,*,*,*,*,*,*,*
100955,docker.io/library/redis,8.8.0,pilot/results/sboms/redis-8.8.0.cdx.json,pkg:deb/debian/mount@2.41-5?arch=amd64&distro=debian-13.6&package-id=0875fd1d871c7e1b&upstream=util-linux,library,mount,2.41-5,Chris Hofstaedtler <zeha@debian.org>,pkg:deb/debian/mount@2.41-5?arch=amd64&distro=debian-13.6&upstream=util-linux,cpe:2.3:a:mount:mount:2.41-5:*:*:*:*:*:*:*,STRUCTURALLY_VALID,,a,mount,mount,2.41-5,*,*,*,*,*,*,*
100956,docker.io/library/redis,8.8.0,pilot/results/sboms/redis-8.8.0.cdx.json,pkg:deb/debian/ncurses-base@6.5%2B20250216-2?arch=all&distro=debian-13.6&package-id=3f9378db54aaac9e&upstream=ncurses,library,ncurses-base,6.5+20250216-2,Ncurses Maintainers <ncurses@packages.debian.org>,pkg:deb/debian/ncurses-base@6.5%2B20250216-2?arch=all&distro=debian-13.6&upstream=ncurses,cpe:2.3:a:ncurses-base:ncurses-base:6.5\+20250216-2:*:*:*:*:*:*:*,STRUCTURALLY_VALID,,a,ncurses-base,ncurses-base,6.5\+20250216-2,*,*,*,*,*,*,*
100957,docker.io/library/redis,8.8.0,pilot/results/sboms/redis-8.8.0.cdx.json,pkg:deb/debian/ncurses-bin@6.5%2B20250216-2?arch=amd64&distro=debian-13.6&package-id=e96cb50e09a471e0&upstream=ncurses,library,ncurses-bin,6.5+20250216-2,Ncurses Maintainers <ncurses@packages.debian.org>,pkg:deb/debian/ncurses-bin@6.5%2B20250216-2?arch=amd64&distro=debian-13.6&upstream=ncurses,cpe:2.3:a:ncurses-bin:ncurses-bin:6.5\+20250216-2:*:*:*:*:*:*:*,STRUCTURALLY_VALID,,a,ncurses-bin,ncurses-bin,6.5\+20250216-2,*,*,*,*,*,*,*
100958,docker.io/library/redis,8.8.0,pilot/results/sboms/redis-8.8.0.cdx.json,pkg:deb/debian/openssl-provider-legacy@3.5.6-1~deb13u2?arch=amd64&distro=debian-13.6&package-id=3278b1eea0a38ab7&upstream=openssl,library,openssl-provider-legacy,3.5.6-1~deb13u2,Debian OpenSSL Team <pkg-openssl-devel@alioth-lists.debian.net>,pkg:deb/debian/openssl-provider-legacy@3.5.6-1~deb13u2?arch=amd64&distro=debian-13.6&upstream=openssl,cpe:2.3:a:openssl-provider-legacy:openssl-provider-legacy:3.5.6-1\~deb13u2:*:*:*:*:*:*:*,STRUCTURALLY_VALID,,a,openssl-provider-legacy,openssl-provider-legacy,3.5.6-1\~deb13u2,*,*,*,*,*,*,*
100959,docker.io/library/redis,8.8.0,pilot/results/sboms/redis-8.8.0.cdx.json,pkg:deb/debian/passwd@1%3A4.17.4-2?arch=amd64&distro=debian-13.6&package-id=a0c2eaa9ca5431ff&upstream=shadow,library,passwd,1:4.17.4-2,Shadow package maintainers <pkg-shadow-devel@lists.alioth.debian.org>,pkg:deb/debian/passwd@1%3A4.17.4-2?arch=amd64&distro=debian-13.6&upstream=shadow,cpe:2.3:a:passwd:passwd:1\:4.17.4-2:*:*:*:*:*:*:*,STRUCTURALLY_VALID,,a,passwd,passwd,1\:4.17.4-2,*,*,*,*,*,*,*
100960,docker.io/library/redis,8.8.0,pilot/results/sboms/redis-8.8.0.cdx.json,pkg:deb/debian/perl-base@5.40.1-6?arch=amd64&distro=debian-13.6&package-id=c9a7a6c12ce9a73e&upstream=perl,library,perl-base,5.40.1-6,Niko Tyni <ntyni@debian.org>,pkg:deb/debian/perl-base@5.40.1-6?arch=amd64&distro=debian-13.6&upstream=perl,cpe:2.3:a:perl-base:perl-base:5.40.1-6:*:*:*:*:*:*:*,STRUCTURALLY_VALID,,a,perl-base,perl-base,5.40.1-6,*,*,*,*,*,*,*
100961,docker.io/library/redis,8.8.0,pilot/results/sboms/redis-8.8.0.cdx.json,pkg:generic/redis@8.8.0?package-id=84596929f33e8b1e,application,redis,8.8.0,,pkg:generic/redis@8.8.0,cpe:2.3:a:redislabs:redis:8.8.0:*:*:*:*:*:*:*,STRUCTURALLY_VALID,,a,redislabs,redis,8.8.0,*,*,*,*,*,*,*
100962,docker.io/library/redis,8.8.0,pilot/results/sboms/redis-8.8.0.cdx.json,pkg:deb/debian/sed@4.9-2%2Bdeb13u1?arch=amd64&distro=debian-13.6&package-id=095aaa03979d18fd,library,sed,4.9-2+deb13u1,Clint Adams <clint@debian.org>,pkg:deb/debian/sed@4.9-2%2Bdeb13u1?arch=amd64&distro=debian-13.6,cpe:2.3:a:sed:sed:4.9-2\+deb13u1:*:*:*:*:*:*:*,STRUCTURALLY_VALID,,a,sed,sed,4.9-2\+deb13u1,*,*,*,*,*,*,*
100963,docker.io/library/redis,8.8.0,pilot/results/sboms/redis-8.8.0.cdx.json,pkg:deb/debian/sqv@1.3.0-3%2Bb2?arch=amd64&distro=debian-13.6&package-id=2c6d91dc7bbd50cb&upstream=rust-sequoia-sqv%401.3.0-3,library,sqv,1.3.0-3+b2,Debian Rust Maintainers <pkg-rust-maintainers@alioth-lists.debian.net>,pkg:deb/debian/sqv@1.3.0-3%2Bb2?arch=amd64&distro=debian-13.6&upstream=rust-sequoia-sqv%401.3.0-3,cpe:2.3:a:sqv:sqv:1.3.0-3\+b2:*:*:*:*:*:*:*,STRUCTURALLY_VALID,,a,sqv,sqv,1.3.0-3\+b2,*,*,*,*,*,*,*
100964,docker.io/library/redis,8.8.0,pilot/results/sboms/redis-8.8.0.cdx.json,pkg:deb/debian/sysvinit-utils@3.14-4?arch=amd64&distro=debian-13.6&package-id=199f374ab128923e&upstream=sysvinit,library,sysvinit-utils,3.14-4,Debian sysvinit maintainers <debian-init-diversity@chiark.greenend.org.uk>,pkg:deb/debian/sysvinit-utils@3.14-4?arch=amd64&distro=debian-13.6&upstream=sysvinit,cpe:2.3:a:sysvinit-utils:sysvinit-utils:3.14-4:*:*:*:*:*:*:*,STRUCTURALLY_VALID,,a,sysvinit-utils,sysvinit-utils,3.14-4,*,*,*,*,*,*,*
100965,docker.io/library/redis,8.8.0,pilot/results/sboms/redis-8.8.0.cdx.json,pkg:deb/debian/tar@1.35%2Bdfsg-3.1?arch=amd64&distro=debian-13.6&package-id=213d133cc46bf69b,library,tar,1.35+dfsg-3.1,Janos Lenart <ocsi@debian.org>,pkg:deb/debian/tar@1.35%2Bdfsg-3.1?arch=amd64&distro=debian-13.6,cpe:2.3:a:tar:tar:1.35\+dfsg-3.1:*:*:*:*:*:*:*,STRUCTURALLY_VALID,,a,tar,tar,1.35\+dfsg-3.1,*,*,*,*,*,*,*
100966,docker.io/library/redis,8.8.0,pilot/results/sboms/redis-8.8.0.cdx.json,pkg:deb/debian/tzdata@2026b-0%2Bdeb13u1?arch=all&distro=debian-13.6&package-id=c6c8689fd91c54f1,library,tzdata,2026b-0+deb13u1,GNU Libc Maintainers <debian-glibc@lists.debian.org>,pkg:deb/debian/tzdata@2026b-0%2Bdeb13u1?arch=all&distro=debian-13.6,cpe:2.3:a:tzdata:tzdata:2026b-0\+deb13u1:*:*:*:*:*:*:*,STRUCTURALLY_VALID,,a,tzdata,tzdata,2026b-0\+deb13u1,*,*,*,*,*,*,*
100967,docker.io/library/redis,8.8.0,pilot/results/sboms/redis-8.8.0.cdx.json,pkg:deb/debian/util-linux@2.41-5?arch=amd64&distro=debian-13.6&package-id=afc98bf002d364bb,library,util-linux,2.41-5,Chris Hofstaedtler <zeha@debian.org>,pkg:deb/debian/util-linux@2.41-5?arch=amd64&distro=debian-13.6,cpe:2.3:a:util-linux:util-linux:2.41-5:*:*:*:*:*:*:*,STRUCTURALLY_VALID,,a,util-linux,util-linux,2.41-5,*,*,*,*,*,*,*
100968,docker.io/library/redis,8.8.0,pilot/results/sboms/redis-8.8.0.cdx.json,pkg:deb/debian/zlib1g@1%3A1.3.dfsg%2Breally1.3.1-1%2Bb1?arch=amd64&distro=debian-13.6&package-id=8a1ec6d9372df578&upstream=zlib%401%3A1.3.dfsg%2Breally1.3.1-1,library,zlib1g,1:1.3.dfsg+really1.3.1-1+b1,Mark Brown <broonie@debian.org>,pkg:deb/debian/zlib1g@1%3A1.3.dfsg%2Breally1.3.1-1%2Bb1?arch=amd64&distro=debian-13.6&upstream=zlib%401%3A1.3.dfsg%2Breally1.3.1-1,cpe:2.3:a:zlib1g:zlib1g:1\:1.3.dfsg\+really1.3.1-1\+b1:*:*:*:*:*:*:*,STRUCTURALLY_VALID,,a,zlib1g,zlib1g,1\:1.3.dfsg\+really1.3.1-1\+b1,*,*,*,*,*,*,*
103397,docker.io/library/ubuntu,26.04,pilot/results/sboms/ubuntu-26.04.cdx.json,pkg:deb/ubuntu/apt@3.2.0?arch=amd64&distro=ubuntu-26.04&package-id=05b48161bb797565,library,apt,3.2.0,Ubuntu Developers <ubuntu-devel-discuss@lists.ubuntu.com>,pkg:deb/ubuntu/apt@3.2.0?arch=amd64&distro=ubuntu-26.04,cpe:2.3:a:apt:apt:3.2.0:*:*:*:*:*:*:*,STRUCTURALLY_VALID,,a,apt,apt,3.2.0,*,*,*,*,*,*,*
103398,docker.io/library/ubuntu,26.04,pilot/results/sboms/ubuntu-26.04.cdx.json,pkg:deb/ubuntu/base-files@14ubuntu6.1?arch=amd64&distro=ubuntu-26.04&package-id=cdf0887771001eaa,library,base-files,14ubuntu6.1,Ubuntu Developers <ubuntu-devel-discuss@lists.ubuntu.com>,pkg:deb/ubuntu/base-files@14ubuntu6.1?arch=amd64&distro=ubuntu-26.04,cpe:2.3:a:base-files:base-files:14ubuntu6.1:*:*:*:*:*:*:*,STRUCTURALLY_VALID,,a,base-files,base-files,14ubuntu6.1,*,*,*,*,*,*,*
103399,docker.io/library/ubuntu,26.04,pilot/results/sboms/ubuntu-26.04.cdx.json,pkg:deb/ubuntu/base-passwd@3.6.8?arch=amd64&distro=ubuntu-26.04&package-id=d6971926f3c04508,library,base-passwd,3.6.8,Ubuntu Developers <ubuntu-devel-discuss@lists.ubuntu.com>,pkg:deb/ubuntu/base-passwd@3.6.8?arch=amd64&distro=ubuntu-26.04,cpe:2.3:a:base-passwd:base-passwd:3.6.8:*:*:*:*:*:*:*,STRUCTURALLY_VALID,,a,base-passwd,base-passwd,3.6.8,*,*,*,*,*,*,*
103400,docker.io/library/ubuntu,26.04,pilot/results/sboms/ubuntu-26.04.cdx.json,pkg:deb/ubuntu/bash@5.3-2ubuntu1?arch=amd64&distro=ubuntu-26.04&package-id=4cb926d0186eb25f,library,bash,5.3-2ubuntu1,Ubuntu Developers <ubuntu-devel-discuss@lists.ubuntu.com>,pkg:deb/ubuntu/bash@5.3-2ubuntu1?arch=amd64&distro=ubuntu-26.04,cpe:2.3:a:bash:bash:5.3-2ubuntu1:*:*:*:*:*:*:*,STRUCTURALLY_VALID,,a,bash,bash,5.3-2ubuntu1,*,*,*,*,*,*,*
103401,docker.io/library/ubuntu,26.04,pilot/results/sboms/ubuntu-26.04.cdx.json,pkg:deb/ubuntu/bsdutils@1%3A2.41.3-3ubuntu2?arch=amd64&distro=ubuntu-26.04&package-id=db36abaeb7fed24e&upstream=util-linux%402.41.3-3ubuntu2,library,bsdutils,1:2.41.3-3ubuntu2,Ubuntu Developers <ubuntu-devel-discuss@lists.ubuntu.com>,pkg:deb/ubuntu/bsdutils@1%3A2.41.3-3ubuntu2?arch=amd64&distro=ubuntu-26.04&upstream=util-linux%402.41.3-3ubuntu2,cpe:2.3:a:bsdutils:bsdutils:1\:2.41.3-3ubuntu2:*:*:*:*:*:*:*,STRUCTURALLY_VALID,,a,bsdutils,bsdutils,1\:2.41.3-3ubuntu2,*,*,*,*,*,*,*
103402,docker.io/library/ubuntu,26.04,pilot/results/sboms/ubuntu-26.04.cdx.json,pkg:deb/ubuntu/coreutils@9.5-1ubuntu2%2B0.0.0~ubuntu25?arch=all&distro=ubuntu-26.04&package-id=3241626449a80bf7&upstream=coreutils-from%400.0.0~ubuntu25,library,coreutils,9.5-1ubuntu2+0.0.0~ubuntu25,Ubuntu Developers <ubuntu-devel-discuss@lists.ubuntu.com>,pkg:deb/ubuntu/coreutils@9.5-1ubuntu2%2B0.0.0~ubuntu25?arch=all&distro=ubuntu-26.04&upstream=coreutils-from%400.0.0~ubuntu25,cpe:2.3:a:coreutils:coreutils:9.5-1ubuntu2\+0.0.0\~ubuntu25:*:*:*:*:*:*:*,STRUCTURALLY_VALID,,a,coreutils,coreutils,9.5-1ubuntu2\+0.0.0\~ubuntu25,*,*,*,*,*,*,*
103403,docker.io/library/ubuntu,26.04,pilot/results/sboms/ubuntu-26.04.cdx.json,pkg:deb/ubuntu/coreutils-from-uutils@0.0.0~ubuntu25?arch=all&distro=ubuntu-26.04&package-id=d279c982703148c3&upstream=coreutils-from,library,coreutils-from-uutils,0.0.0~ubuntu25,Ubuntu Developers <ubuntu-devel-discuss@lists.ubuntu.com>,pkg:deb/ubuntu/coreutils-from-uutils@0.0.0~ubuntu25?arch=all&distro=ubuntu-26.04&upstream=coreutils-from,cpe:2.3:a:coreutils-from-uutils:coreutils-from-uutils:0.0.0\~ubuntu25:*:*:*:*:*:*:*,STRUCTURALLY_VALID,,a,coreutils-from-uutils,coreutils-from-uutils,0.0.0\~ubuntu25,*,*,*,*,*,*,*
103404,docker.io/library/ubuntu,26.04,pilot/results/sboms/ubuntu-26.04.cdx.json,pkg:deb/ubuntu/dash@0.5.12-12ubuntu3?arch=amd64&distro=ubuntu-26.04&package-id=277f395452b739ec,library,dash,0.5.12-12ubuntu3,Ubuntu Developers <ubuntu-devel-discuss@lists.ubuntu.com>,pkg:deb/ubuntu/dash@0.5.12-12ubuntu3?arch=amd64&distro=ubuntu-26.04,cpe:2.3:a:dash:dash:0.5.12-12ubuntu3:*:*:*:*:*:*:*,STRUCTURALLY_VALID,,a,dash,dash,0.5.12-12ubuntu3,*,*,*,*,*,*,*
103405,docker.io/library/ubuntu,26.04,pilot/results/sboms/ubuntu-26.04.cdx.json,pkg:deb/ubuntu/debconf@1.5.92?arch=all&distro=ubuntu-26.04&package-id=2aa54b713a44a5a8,library,debconf,1.5.92,Ubuntu Developers <ubuntu-devel-discuss@lists.ubuntu.com>,pkg:deb/ubuntu/debconf@1.5.92?arch=all&distro=ubuntu-26.04,cpe:2.3:a:debconf:debconf:1.5.92:*:*:*:*:*:*:*,STRUCTURALLY_VALID,,a,debconf,debconf,1.5.92,*,*,*,*,*,*,*
103406,docker.io/library/ubuntu,26.04,pilot/results/sboms/ubuntu-26.04.cdx.json,pkg:deb/ubuntu/debianutils@5.23.2build1?arch=amd64&distro=ubuntu-26.04&package-id=3c71470ac411c165,library,debianutils,5.23.2build1,Ileana Dumitrescu <ileanadumitrescu95@gmail.com>,pkg:deb/ubuntu/debianutils@5.23.2build1?arch=amd64&distro=ubuntu-26.04,cpe:2.3:a:debianutils:debianutils:5.23.2build1:*:*:*:*:*:*:*,STRUCTURALLY_VALID,,a,debianutils,debianutils,5.23.2build1,*,*,*,*,*,*,*
103407,docker.io/library/ubuntu,26.04,pilot/results/sboms/ubuntu-26.04.cdx.json,pkg:deb/ubuntu/diffutils@1%3A3.12-1?arch=amd64&distro=ubuntu-26.04&package-id=5d636247a12d081d,library,diffutils,1:3.12-1,Ubuntu Developers <ubuntu-devel-discuss@lists.ubuntu.com>,pkg:deb/ubuntu/diffutils@1%3A3.12-1?arch=amd64&distro=ubuntu-26.04,cpe:2.3:a:diffutils:diffutils:1\:3.12-1:*:*:*:*:*:*:*,STRUCTURALLY_VALID,,a,diffutils,diffutils,1\:3.12-1,*,*,*,*,*,*,*
103408,docker.io/library/ubuntu,26.04,pilot/results/sboms/ubuntu-26.04.cdx.json,pkg:deb/ubuntu/dpkg@1.23.7ubuntu1?arch=amd64&distro=ubuntu-26.04&package-id=939c9c6604e565e0,library,dpkg,1.23.7ubuntu1,Ubuntu Developers <ubuntu-devel-discuss@lists.ubuntu.com>,pkg:deb/ubuntu/dpkg@1.23.7ubuntu1?arch=amd64&distro=ubuntu-26.04,cpe:2.3:a:dpkg:dpkg:1.23.7ubuntu1:*:*:*:*:*:*:*,STRUCTURALLY_VALID,,a,dpkg,dpkg,1.23.7ubuntu1,*,*,*,*,*,*,*
103409,docker.io/library/ubuntu,26.04,pilot/results/sboms/ubuntu-26.04.cdx.json,pkg:deb/ubuntu/e2fsprogs@1.47.2-3ubuntu4?arch=amd64&distro=ubuntu-26.04&package-id=4b98b7f78acb2214,library,e2fsprogs,1.47.2-3ubuntu4,Ubuntu Developers <ubuntu-devel-discuss@lists.ubuntu.com>,pkg:deb/ubuntu/e2fsprogs@1.47.2-3ubuntu4?arch=amd64&distro=ubuntu-26.04,cpe:2.3:a:e2fsprogs:e2fsprogs:1.47.2-3ubuntu4:*:*:*:*:*:*:*,STRUCTURALLY_VALID,,a,e2fsprogs,e2fsprogs,1.47.2-3ubuntu4,*,*,*,*,*,*,*
103410,docker.io/library/ubuntu,26.04,pilot/results/sboms/ubuntu-26.04.cdx.json,pkg:deb/ubuntu/findutils@4.10.0-3build2?arch=amd64&distro=ubuntu-26.04&package-id=c2313b8fc82f0d9b,library,findutils,4.10.0-3build2,Ubuntu Developers <ubuntu-devel-discuss@lists.ubuntu.com>,pkg:deb/ubuntu/findutils@4.10.0-3build2?arch=amd64&distro=ubuntu-26.04,cpe:2.3:a:findutils:findutils:4.10.0-3build2:*:*:*:*:*:*:*,STRUCTURALLY_VALID,,a,findutils,findutils,4.10.0-3build2,*,*,*,*,*,*,*
103411,docker.io/library/ubuntu,26.04,pilot/results/sboms/ubuntu-26.04.cdx.json,pkg:deb/ubuntu/gcc-16-base@16-20260322-1ubuntu1?arch=amd64&distro=ubuntu-26.04&package-id=5d2131218b207df3&upstream=gcc-16,library,gcc-16-base,16-20260322-1ubuntu1,Ubuntu Core developers <ubuntu-devel-discuss@lists.ubuntu.com>,pkg:deb/ubuntu/gcc-16-base@16-20260322-1ubuntu1?arch=amd64&distro=ubuntu-26.04&upstream=gcc-16,cpe:2.3:a:gcc-16-base:gcc-16-base:16-20260322-1ubuntu1:*:*:*:*:*:*:*,STRUCTURALLY_VALID,,a,gcc-16-base,gcc-16-base,16-20260322-1ubuntu1,*,*,*,*,*,*,*
103413,docker.io/library/ubuntu,26.04,pilot/results/sboms/ubuntu-26.04.cdx.json,pkg:golang/github.com/canonical/go-flags@v0.0.0-20230403090104-105d09a091b8?package-id=0c81d36a476f2549,library,github.com/canonical/go-flags,v0.0.0-20230403090104-105d09a091b8,,pkg:golang/github.com/canonical/go-flags@v0.0.0-20230403090104-105d09a091b8,cpe:2.3:a:canonical:go-flags:v0.0.0-20230403090104-105d09a091b8:*:*:*:*:*:*:*,STRUCTURALLY_VALID,,a,canonical,go-flags,v0.0.0-20230403090104-105d09a091b8,*,*,*,*,*,*,*
103414,docker.io/library/ubuntu,26.04,pilot/results/sboms/ubuntu-26.04.cdx.json,pkg:golang/github.com/canonical/pebble@v1.32.1-0.20260630051629-e583e44ebd02?package-id=0f0d36f9ea4ad812,library,github.com/canonical/pebble,v1.32.1-0.20260630051629-e583e44ebd02,,pkg:golang/github.com/canonical/pebble@v1.32.1-0.20260630051629-e583e44ebd02,cpe:2.3:a:canonical:pebble:v1.32.1-0.20260630051629-e583e44ebd02:*:*:*:*:*:*:*,STRUCTURALLY_VALID,,a,canonical,pebble,v1.32.1-0.20260630051629-e583e44ebd02,*,*,*,*,*,*,*
103415,docker.io/library/ubuntu,26.04,pilot/results/sboms/ubuntu-26.04.cdx.json,pkg:golang/github.com/canonical/x-go@v0.0.0-20230522092633-7947a7587f5b?package-id=5f6efd9e1d1c5c7e,library,github.com/canonical/x-go,v0.0.0-20230522092633-7947a7587f5b,,pkg:golang/github.com/canonical/x-go@v0.0.0-20230522092633-7947a7587f5b,cpe:2.3:a:canonical:x-go:v0.0.0-20230522092633-7947a7587f5b:*:*:*:*:*:*:*,STRUCTURALLY_VALID,,a,canonical,x-go,v0.0.0-20230522092633-7947a7587f5b,*,*,*,*,*,*,*
103412,docker.io/library/ubuntu,26.04,pilot/results/sboms/ubuntu-26.04.cdx.json,pkg:golang/github.com/gehirninc/crypt@v0.0.0-20230320061759-8cc1b52080c5?package-id=11e9380ede6cc70b,library,github.com/GehirnInc/crypt,v0.0.0-20230320061759-8cc1b52080c5,,pkg:golang/github.com/GehirnInc/crypt@v0.0.0-20230320061759-8cc1b52080c5,cpe:2.3:a:GehirnInc:crypt:v0.0.0-20230320061759-8cc1b52080c5:*:*:*:*:*:*:*,STRUCTURALLY_VALID,,a,GehirnInc,crypt,v0.0.0-20230320061759-8cc1b52080c5,*,*,*,*,*,*,*
103416,docker.io/library/ubuntu,26.04,pilot/results/sboms/ubuntu-26.04.cdx.json,pkg:golang/github.com/gorilla/mux@v1.8.1?package-id=7fdcc18adfebd06c,library,github.com/gorilla/mux,v1.8.1,,pkg:golang/github.com/gorilla/mux@v1.8.1,cpe:2.3:a:gorilla:mux:v1.8.1:*:*:*:*:*:*:*,STRUCTURALLY_VALID,,a,gorilla,mux,v1.8.1,*,*,*,*,*,*,*
103417,docker.io/library/ubuntu,26.04,pilot/results/sboms/ubuntu-26.04.cdx.json,pkg:golang/github.com/gorilla/websocket@v1.5.1?package-id=6662330d49eddfbf,library,github.com/gorilla/websocket,v1.5.1,,pkg:golang/github.com/gorilla/websocket@v1.5.1,cpe:2.3:a:gorilla:websocket:v1.5.1:*:*:*:*:*:*:*,STRUCTURALLY_VALID,,a,gorilla,websocket,v1.5.1,*,*,*,*,*,*,*
103418,docker.io/library/ubuntu,26.04,pilot/results/sboms/ubuntu-26.04.cdx.json,pkg:golang/github.com/pkg/term@v1.1.0?package-id=08260be69b5fec5e,library,github.com/pkg/term,v1.1.0,,pkg:golang/github.com/pkg/term@v1.1.0,cpe:2.3:a:pkg:term:v1.1.0:*:*:*:*:*:*:*,STRUCTURALLY_VALID,,a,pkg,term,v1.1.0,*,*,*,*,*,*,*
103419,docker.io/library/ubuntu,26.04,pilot/results/sboms/ubuntu-26.04.cdx.json,pkg:deb/ubuntu/gnu-coreutils@9.7-3ubuntu2?arch=amd64&distro=ubuntu-26.04&package-id=811e6e426e503fad&upstream=coreutils,library,gnu-coreutils,9.7-3ubuntu2,Ubuntu Developers <ubuntu-devel-discuss@lists.ubuntu.com>,pkg:deb/ubuntu/gnu-coreutils@9.7-3ubuntu2?arch=amd64&distro=ubuntu-26.04&upstream=coreutils,cpe:2.3:a:gnu-coreutils:gnu-coreutils:9.7-3ubuntu2:*:*:*:*:*:*:*,STRUCTURALLY_VALID,,a,gnu-coreutils,gnu-coreutils,9.7-3ubuntu2,*,*,*,*,*,*,*
103420,docker.io/library/ubuntu,26.04,pilot/results/sboms/ubuntu-26.04.cdx.json,pkg:golang/golang.org/x/net@v0.40.0?package-id=132da6746b4e583a,library,golang.org/x/net,v0.40.0,,pkg:golang/golang.org/x/net@v0.40.0,cpe:2.3:a:golang:networking:v0.40.0:*:*:*:*:go:*:*,STRUCTURALLY_VALID,,a,golang,networking,v0.40.0,*,*,*,*,go,*,*
103421,docker.io/library/ubuntu,26.04,pilot/results/sboms/ubuntu-26.04.cdx.json,pkg:golang/golang.org/x/sys@v0.33.0?package-id=10a949d619d4a7cc,library,golang.org/x/sys,v0.33.0,,pkg:golang/golang.org/x/sys@v0.33.0,cpe:2.3:a:golang:x\/sys:v0.33.0:*:*:*:*:*:*:*,STRUCTURALLY_VALID,,a,golang,x\/sys,v0.33.0,*,*,*,*,*,*,*
103422,docker.io/library/ubuntu,26.04,pilot/results/sboms/ubuntu-26.04.cdx.json,pkg:golang/golang.org/x/term@v0.32.0?package-id=736a94c0930338d3,library,golang.org/x/term,v0.32.0,,pkg:golang/golang.org/x/term@v0.32.0,cpe:2.3:a:golang:x\/term:v0.32.0:*:*:*:*:*:*:*,STRUCTURALLY_VALID,,a,golang,x\/term,v0.32.0,*,*,*,*,*,*,*
103425,docker.io/library/ubuntu,26.04,pilot/results/sboms/ubuntu-26.04.cdx.json,pkg:golang/gopkg.in/yaml.v3@v3.0.1?package-id=c16c39818da00303,library,gopkg.in/yaml.v3,v3.0.1,,pkg:golang/gopkg.in/yaml.v3@v3.0.1,cpe:2.3:a:yaml_project:yaml:v3.0.1:*:*:*:*:go:*:*,STRUCTURALLY_VALID,,a,yaml_project,yaml,v3.0.1,*,*,*,*,go,*,*
103426,docker.io/library/ubuntu,26.04,pilot/results/sboms/ubuntu-26.04.cdx.json,pkg:deb/ubuntu/gpgv@2.4.8-4ubuntu3?arch=amd64&distro=ubuntu-26.04&package-id=09afd1f8b91cdcc7&upstream=gnupg2,library,gpgv,2.4.8-4ubuntu3,Ubuntu Developers <ubuntu-devel-discuss@lists.ubuntu.com>,pkg:deb/ubuntu/gpgv@2.4.8-4ubuntu3?arch=amd64&distro=ubuntu-26.04&upstream=gnupg2,cpe:2.3:a:gpgv:gpgv:2.4.8-4ubuntu3:*:*:*:*:*:*:*,STRUCTURALLY_VALID,,a,gpgv,gpgv,2.4.8-4ubuntu3,*,*,*,*,*,*,*
103427,docker.io/library/ubuntu,26.04,pilot/results/sboms/ubuntu-26.04.cdx.json,pkg:deb/ubuntu/grep@3.12-1?arch=amd64&distro=ubuntu-26.04&package-id=2cb74e039f0789ce,library,grep,3.12-1,Ubuntu Developers <ubuntu-devel-discuss@lists.ubuntu.com>,pkg:deb/ubuntu/grep@3.12-1?arch=amd64&distro=ubuntu-26.04,cpe:2.3:a:grep:grep:3.12-1:*:*:*:*:*:*:*,STRUCTURALLY_VALID,,a,grep,grep,3.12-1,*,*,*,*,*,*,*
103428,docker.io/library/ubuntu,26.04,pilot/results/sboms/ubuntu-26.04.cdx.json,pkg:deb/ubuntu/gzip@1.14-1~exp2ubuntu1.1?arch=amd64&distro=ubuntu-26.04&package-id=77412d6a419f07bf,library,gzip,1.14-1~exp2ubuntu1.1,Ubuntu Developers <ubuntu-devel-discuss@lists.ubuntu.com>,pkg:deb/ubuntu/gzip@1.14-1~exp2ubuntu1.1?arch=amd64&distro=ubuntu-26.04,cpe:2.3:a:gzip:gzip:1.14-1\~exp2ubuntu1.1:*:*:*:*:*:*:*,STRUCTURALLY_VALID,,a,gzip,gzip,1.14-1\~exp2ubuntu1.1,*,*,*,*,*,*,*
103429,docker.io/library/ubuntu,26.04,pilot/results/sboms/ubuntu-26.04.cdx.json,pkg:deb/ubuntu/hostname@3.25build1?arch=amd64&distro=ubuntu-26.04&package-id=6e23ba31a38ff745,library,hostname,3.25build1,Ubuntu Developers <ubuntu-devel-discuss@lists.ubuntu.com>,pkg:deb/ubuntu/hostname@3.25build1?arch=amd64&distro=ubuntu-26.04,cpe:2.3:a:hostname:hostname:3.25build1:*:*:*:*:*:*:*,STRUCTURALLY_VALID,,a,hostname,hostname,3.25build1,*,*,*,*,*,*,*
103430,docker.io/library/ubuntu,26.04,pilot/results/sboms/ubuntu-26.04.cdx.json,pkg:deb/ubuntu/init-system-helpers@1.69?arch=all&distro=ubuntu-26.04&package-id=43b953c35c0452b4,library,init-system-helpers,1.69,Ubuntu Developers <ubuntu-devel-discuss@lists.ubuntu.com>,pkg:deb/ubuntu/init-system-helpers@1.69?arch=all&distro=ubuntu-26.04,cpe:2.3:a:init-system-helpers:init-system-helpers:1.69:*:*:*:*:*:*:*,STRUCTURALLY_VALID,,a,init-system-helpers,init-system-helpers,1.69,*,*,*,*,*,*,*
103431,docker.io/library/ubuntu,26.04,pilot/results/sboms/ubuntu-26.04.cdx.json,pkg:deb/ubuntu/libacl1@2.3.2-2?arch=amd64&distro=ubuntu-26.04&package-id=5aa7ffd2288489ce&upstream=acl,library,libacl1,2.3.2-2,Ubuntu Developers <ubuntu-devel-discuss@lists.ubuntu.com>,pkg:deb/ubuntu/libacl1@2.3.2-2?arch=amd64&distro=ubuntu-26.04&upstream=acl,cpe:2.3:a:libacl1:libacl1:2.3.2-2:*:*:*:*:*:*:*,STRUCTURALLY_VALID,,a,libacl1,libacl1,2.3.2-2,*,*,*,*,*,*,*
103432,docker.io/library/ubuntu,26.04,pilot/results/sboms/ubuntu-26.04.cdx.json,pkg:deb/ubuntu/libapt-pkg7.0@3.2.0?arch=amd64&distro=ubuntu-26.04&package-id=04bae2d1ef691362&upstream=apt,library,libapt-pkg7.0,3.2.0,Ubuntu Developers <ubuntu-devel-discuss@lists.ubuntu.com>,pkg:deb/ubuntu/libapt-pkg7.0@3.2.0?arch=amd64&distro=ubuntu-26.04&upstream=apt,cpe:2.3:a:libapt-pkg7.0:libapt-pkg7.0:3.2.0:*:*:*:*:*:*:*,STRUCTURALLY_VALID,,a,libapt-pkg7.0,libapt-pkg7.0,3.2.0,*,*,*,*,*,*,*
103433,docker.io/library/ubuntu,26.04,pilot/results/sboms/ubuntu-26.04.cdx.json,pkg:deb/ubuntu/libattr1@1%3A2.5.2-4?arch=amd64&distro=ubuntu-26.04&package-id=9254ce328e567586&upstream=attr,library,libattr1,1:2.5.2-4,Ubuntu Developers <ubuntu-devel-discuss@lists.ubuntu.com>,pkg:deb/ubuntu/libattr1@1%3A2.5.2-4?arch=amd64&distro=ubuntu-26.04&upstream=attr,cpe:2.3:a:libattr1:libattr1:1\:2.5.2-4:*:*:*:*:*:*:*,STRUCTURALLY_VALID,,a,libattr1,libattr1,1\:2.5.2-4,*,*,*,*,*,*,*
103435,docker.io/library/ubuntu,26.04,pilot/results/sboms/ubuntu-26.04.cdx.json,pkg:deb/ubuntu/libaudit1@1%3A4.1.2-1build1?arch=amd64&distro=ubuntu-26.04&package-id=77ac17c900668fbd&upstream=audit,library,libaudit1,1:4.1.2-1build1,Ubuntu Developers <ubuntu-devel-discuss@lists.ubuntu.com>,pkg:deb/ubuntu/libaudit1@1%3A4.1.2-1build1?arch=amd64&distro=ubuntu-26.04&upstream=audit,cpe:2.3:a:libaudit1:libaudit1:1\:4.1.2-1build1:*:*:*:*:*:*:*,STRUCTURALLY_VALID,,a,libaudit1,libaudit1,1\:4.1.2-1build1,*,*,*,*,*,*,*
103434,docker.io/library/ubuntu,26.04,pilot/results/sboms/ubuntu-26.04.cdx.json,pkg:deb/ubuntu/libaudit-common@1%3A4.1.2-1build1?arch=all&distro=ubuntu-26.04&package-id=dda88d5c42871e0e&upstream=audit,library,libaudit-common,1:4.1.2-1build1,Ubuntu Developers <ubuntu-devel-discuss@lists.ubuntu.com>,pkg:deb/ubuntu/libaudit-common@1%3A4.1.2-1build1?arch=all&distro=ubuntu-26.04&upstream=audit,cpe:2.3:a:libaudit-common:libaudit-common:1\:4.1.2-1build1:*:*:*:*:*:*:*,STRUCTURALLY_VALID,,a,libaudit-common,libaudit-common,1\:4.1.2-1build1,*,*,*,*,*,*,*
103436,docker.io/library/ubuntu,26.04,pilot/results/sboms/ubuntu-26.04.cdx.json,pkg:deb/ubuntu/libblkid1@2.41.3-3ubuntu2?arch=amd64&distro=ubuntu-26.04&package-id=1caf309e2eda23ae&upstream=util-linux,library,libblkid1,2.41.3-3ubuntu2,Ubuntu Developers <ubuntu-devel-discuss@lists.ubuntu.com>,pkg:deb/ubuntu/libblkid1@2.41.3-3ubuntu2?arch=amd64&distro=ubuntu-26.04&upstream=util-linux,cpe:2.3:a:libblkid1:libblkid1:2.41.3-3ubuntu2:*:*:*:*:*:*:*,STRUCTURALLY_VALID,,a,libblkid1,libblkid1,2.41.3-3ubuntu2,*,*,*,*,*,*,*
103437,docker.io/library/ubuntu,26.04,pilot/results/sboms/ubuntu-26.04.cdx.json,pkg:deb/ubuntu/libbsd0@0.12.2-2build2?arch=amd64&distro=ubuntu-26.04&package-id=b85b5b88ab7aa455&upstream=libbsd,library,libbsd0,0.12.2-2build2,Ubuntu Developers <ubuntu-devel-discuss@lists.ubuntu.com>,pkg:deb/ubuntu/libbsd0@0.12.2-2build2?arch=amd64&distro=ubuntu-26.04&upstream=libbsd,cpe:2.3:a:libbsd0:libbsd0:0.12.2-2build2:*:*:*:*:*:*:*,STRUCTURALLY_VALID,,a,libbsd0,libbsd0,0.12.2-2build2,*,*,*,*,*,*,*
103438,docker.io/library/ubuntu,26.04,pilot/results/sboms/ubuntu-26.04.cdx.json,pkg:deb/ubuntu/libbz2-1.0@1.0.8-6build2?arch=amd64&distro=ubuntu-26.04&package-id=baa76d05a7a51e96&upstream=bzip2,library,libbz2-1.0,1.0.8-6build2,Ubuntu Developers <ubuntu-devel-discuss@lists.ubuntu.com>,pkg:deb/ubuntu/libbz2-1.0@1.0.8-6build2?arch=amd64&distro=ubuntu-26.04&upstream=bzip2,cpe:2.3:a:libbz2-1.0:libbz2-1.0:1.0.8-6build2:*:*:*:*:*:*:*,STRUCTURALLY_VALID,,a,libbz2-1.0,libbz2-1.0,1.0.8-6build2,*,*,*,*,*,*,*
103441,docker.io/library/ubuntu,26.04,pilot/results/sboms/ubuntu-26.04.cdx.json,pkg:deb/ubuntu/libc6@2.43-2ubuntu2?arch=amd64&distro=ubuntu-26.04&package-id=733211b7b591a5d5&upstream=glibc,library,libc6,2.43-2ubuntu2,Ubuntu Developers <ubuntu-devel-discuss@lists.ubuntu.com>,pkg:deb/ubuntu/libc6@2.43-2ubuntu2?arch=amd64&distro=ubuntu-26.04&upstream=glibc,cpe:2.3:a:libc6:libc6:2.43-2ubuntu2:*:*:*:*:*:*:*,STRUCTURALLY_VALID,,a,libc6,libc6,2.43-2ubuntu2,*,*,*,*,*,*,*
103442,docker.io/library/ubuntu,26.04,pilot/results/sboms/ubuntu-26.04.cdx.json,pkg:deb/ubuntu/libcap-ng0@0.8.5-4build5?arch=amd64&distro=ubuntu-26.04&package-id=a97251746e5e9b02&upstream=libcap-ng,library,libcap-ng0,0.8.5-4build5,Ubuntu Developers <ubuntu-devel-discuss@lists.ubuntu.com>,pkg:deb/ubuntu/libcap-ng0@0.8.5-4build5?arch=amd64&distro=ubuntu-26.04&upstream=libcap-ng,cpe:2.3:a:libcap-ng0:libcap-ng0:0.8.5-4build5:*:*:*:*:*:*:*,STRUCTURALLY_VALID,,a,libcap-ng0,libcap-ng0,0.8.5-4build5,*,*,*,*,*,*,*
103439,docker.io/library/ubuntu,26.04,pilot/results/sboms/ubuntu-26.04.cdx.json,pkg:deb/ubuntu/libc-bin@2.43-2ubuntu2?arch=amd64&distro=ubuntu-26.04&package-id=5700e3d251986292&upstream=glibc,library,libc-bin,2.43-2ubuntu2,Ubuntu Developers <ubuntu-devel-discuss@lists.ubuntu.com>,pkg:deb/ubuntu/libc-bin@2.43-2ubuntu2?arch=amd64&distro=ubuntu-26.04&upstream=glibc,cpe:2.3:a:libc-bin:libc-bin:2.43-2ubuntu2:*:*:*:*:*:*:*,STRUCTURALLY_VALID,,a,libc-bin,libc-bin,2.43-2ubuntu2,*,*,*,*,*,*,*
103440,docker.io/library/ubuntu,26.04,pilot/results/sboms/ubuntu-26.04.cdx.json,pkg:deb/ubuntu/libc-gconv-modules-extra@2.43-2ubuntu2?arch=amd64&distro=ubuntu-26.04&package-id=780be5df27d6da9d&upstream=glibc,library,libc-gconv-modules-extra,2.43-2ubuntu2,Ubuntu Developers <ubuntu-devel-discuss@lists.ubuntu.com>,pkg:deb/ubuntu/libc-gconv-modules-extra@2.43-2ubuntu2?arch=amd64&distro=ubuntu-26.04&upstream=glibc,cpe:2.3:a:libc-gconv-modules-extra:libc-gconv-modules-extra:2.43-2ubuntu2:*:*:*:*:*:*:*,STRUCTURALLY_VALID,,a,libc-gconv-modules-extra,libc-gconv-modules-extra,2.43-2ubuntu2,*,*,*,*,*,*,*
103443,docker.io/library/ubuntu,26.04,pilot/results/sboms/ubuntu-26.04.cdx.json,pkg:deb/ubuntu/libcom-err2@1.47.2-3ubuntu4?arch=amd64&distro=ubuntu-26.04&package-id=8d0f810b299b9e23&upstream=e2fsprogs,library,libcom-err2,1.47.2-3ubuntu4,Ubuntu Developers <ubuntu-devel-discuss@lists.ubuntu.com>,pkg:deb/ubuntu/libcom-err2@1.47.2-3ubuntu4?arch=amd64&distro=ubuntu-26.04&upstream=e2fsprogs,cpe:2.3:a:libcom-err2:libcom-err2:1.47.2-3ubuntu4:*:*:*:*:*:*:*,STRUCTURALLY_VALID,,a,libcom-err2,libcom-err2,1.47.2-3ubuntu4,*,*,*,*,*,*,*
103444,docker.io/library/ubuntu,26.04,pilot/results/sboms/ubuntu-26.04.cdx.json,pkg:deb/ubuntu/libcrypt1@1%3A4.5.1-1?arch=amd64&distro=ubuntu-26.04&package-id=373d8f8daf782cb0&upstream=libxcrypt,library,libcrypt1,1:4.5.1-1,Ubuntu Developers <ubuntu-devel-discuss@lists.ubuntu.com>,pkg:deb/ubuntu/libcrypt1@1%3A4.5.1-1?arch=amd64&distro=ubuntu-26.04&upstream=libxcrypt,cpe:2.3:a:libcrypt1:libcrypt1:1\:4.5.1-1:*:*:*:*:*:*:*,STRUCTURALLY_VALID,,a,libcrypt1,libcrypt1,1\:4.5.1-1,*,*,*,*,*,*,*
103445,docker.io/library/ubuntu,26.04,pilot/results/sboms/ubuntu-26.04.cdx.json,pkg:deb/ubuntu/libdb5.3t64@5.3.28%2Bdfsg2-10ubuntu1?arch=amd64&distro=ubuntu-26.04&package-id=bac0e3f4dcad4fb9&upstream=db5.3,library,libdb5.3t64,5.3.28+dfsg2-10ubuntu1,Ubuntu Developers <ubuntu-devel-discuss@lists.ubuntu.com>,pkg:deb/ubuntu/libdb5.3t64@5.3.28%2Bdfsg2-10ubuntu1?arch=amd64&distro=ubuntu-26.04&upstream=db5.3,cpe:2.3:a:libdb5.3t64:libdb5.3t64:5.3.28\+dfsg2-10ubuntu1:*:*:*:*:*:*:*,STRUCTURALLY_VALID,,a,libdb5.3t64,libdb5.3t64,5.3.28\+dfsg2-10ubuntu1,*,*,*,*,*,*,*
103446,docker.io/library/ubuntu,26.04,pilot/results/sboms/ubuntu-26.04.cdx.json,pkg:deb/ubuntu/libdebconfclient0@0.280ubuntu1?arch=amd64&distro=ubuntu-26.04&package-id=a8a0058285e8e220&upstream=cdebconf,library,libdebconfclient0,0.280ubuntu1,Ubuntu Developers <ubuntu-devel-discuss@lists.ubuntu.com>,pkg:deb/ubuntu/libdebconfclient0@0.280ubuntu1?arch=amd64&distro=ubuntu-26.04&upstream=cdebconf,cpe:2.3:a:libdebconfclient0:libdebconfclient0:0.280ubuntu1:*:*:*:*:*:*:*,STRUCTURALLY_VALID,,a,libdebconfclient0,libdebconfclient0,0.280ubuntu1,*,*,*,*,*,*,*
103447,docker.io/library/ubuntu,26.04,pilot/results/sboms/ubuntu-26.04.cdx.json,pkg:deb/ubuntu/libext2fs2t64@1.47.2-3ubuntu4?arch=amd64&distro=ubuntu-26.04&package-id=cb895093a9b03d0e&upstream=e2fsprogs,library,libext2fs2t64,1.47.2-3ubuntu4,Ubuntu Developers <ubuntu-devel-discuss@lists.ubuntu.com>,pkg:deb/ubuntu/libext2fs2t64@1.47.2-3ubuntu4?arch=amd64&distro=ubuntu-26.04&upstream=e2fsprogs,cpe:2.3:a:libext2fs2t64:libext2fs2t64:1.47.2-3ubuntu4:*:*:*:*:*:*:*,STRUCTURALLY_VALID,,a,libext2fs2t64,libext2fs2t64,1.47.2-3ubuntu4,*,*,*,*,*,*,*
103448,docker.io/library/ubuntu,26.04,pilot/results/sboms/ubuntu-26.04.cdx.json,pkg:deb/ubuntu/libgcc-s1@16-20260322-1ubuntu1?arch=amd64&distro=ubuntu-26.04&package-id=a36c7049bfb39930&upstream=gcc-16,library,libgcc-s1,16-20260322-1ubuntu1,Ubuntu Core developers <ubuntu-devel-discuss@lists.ubuntu.com>,pkg:deb/ubuntu/libgcc-s1@16-20260322-1ubuntu1?arch=amd64&distro=ubuntu-26.04&upstream=gcc-16,cpe:2.3:a:libgcc-s1:libgcc-s1:16-20260322-1ubuntu1:*:*:*:*:*:*:*,STRUCTURALLY_VALID,,a,libgcc-s1,libgcc-s1,16-20260322-1ubuntu1,*,*,*,*,*,*,*
103449,docker.io/library/ubuntu,26.04,pilot/results/sboms/ubuntu-26.04.cdx.json,pkg:deb/ubuntu/libgcrypt20@1.12.0-2ubuntu1?arch=amd64&distro=ubuntu-26.04&package-id=698a6f59a483c4b4,library,libgcrypt20,1.12.0-2ubuntu1,Ubuntu Developers <ubuntu-devel-discuss@lists.ubuntu.com>,pkg:deb/ubuntu/libgcrypt20@1.12.0-2ubuntu1?arch=amd64&distro=ubuntu-26.04,cpe:2.3:a:libgcrypt20:libgcrypt20:1.12.0-2ubuntu1:*:*:*:*:*:*:*,STRUCTURALLY_VALID,,a,libgcrypt20,libgcrypt20,1.12.0-2ubuntu1,*,*,*,*,*,*,*
103450,docker.io/library/ubuntu,26.04,pilot/results/sboms/ubuntu-26.04.cdx.json,pkg:deb/ubuntu/libgmp10@2%3A6.3.0%2Bdfsg-5ubuntu2?arch=amd64&distro=ubuntu-26.04&package-id=a302a4d66c16ff10&upstream=gmp,library,libgmp10,2:6.3.0+dfsg-5ubuntu2,Ubuntu Developers <ubuntu-devel-discuss@lists.ubuntu.com>,pkg:deb/ubuntu/libgmp10@2%3A6.3.0%2Bdfsg-5ubuntu2?arch=amd64&distro=ubuntu-26.04&upstream=gmp,cpe:2.3:a:libgmp10:libgmp10:2\:6.3.0\+dfsg-5ubuntu2:*:*:*:*:*:*:*,STRUCTURALLY_VALID,,a,libgmp10,libgmp10,2\:6.3.0\+dfsg-5ubuntu2,*,*,*,*,*,*,*
103451,docker.io/library/ubuntu,26.04,pilot/results/sboms/ubuntu-26.04.cdx.json,pkg:deb/ubuntu/libgpg-error0@1.58-2?arch=amd64&distro=ubuntu-26.04&package-id=f1f2938c6836bfe0&upstream=libgpg-error,library,libgpg-error0,1.58-2,Ubuntu Developers <ubuntu-devel-discuss@lists.ubuntu.com>,pkg:deb/ubuntu/libgpg-error0@1.58-2?arch=amd64&distro=ubuntu-26.04&upstream=libgpg-error,cpe:2.3:a:libgpg-error0:libgpg-error0:1.58-2:*:*:*:*:*:*:*,STRUCTURALLY_VALID,,a,libgpg-error0,libgpg-error0,1.58-2,*,*,*,*,*,*,*
103452,docker.io/library/ubuntu,26.04,pilot/results/sboms/ubuntu-26.04.cdx.json,pkg:deb/ubuntu/liblz4-1@1.10.0-8?arch=amd64&distro=ubuntu-26.04&package-id=3baf66301401dce5&upstream=lz4,library,liblz4-1,1.10.0-8,Ubuntu Developers <ubuntu-devel-discuss@lists.ubuntu.com>,pkg:deb/ubuntu/liblz4-1@1.10.0-8?arch=amd64&distro=ubuntu-26.04&upstream=lz4,cpe:2.3:a:liblz4-1:liblz4-1:1.10.0-8:*:*:*:*:*:*:*,STRUCTURALLY_VALID,,a,liblz4-1,liblz4-1,1.10.0-8,*,*,*,*,*,*,*
103453,docker.io/library/ubuntu,26.04,pilot/results/sboms/ubuntu-26.04.cdx.json,pkg:deb/ubuntu/liblzma5@5.8.3-1?arch=amd64&distro=ubuntu-26.04&package-id=ac5d1c3980833596&upstream=xz-utils,library,liblzma5,5.8.3-1,Ubuntu Developers <ubuntu-devel-discuss@lists.ubuntu.com>,pkg:deb/ubuntu/liblzma5@5.8.3-1?arch=amd64&distro=ubuntu-26.04&upstream=xz-utils,cpe:2.3:a:liblzma5:liblzma5:5.8.3-1:*:*:*:*:*:*:*,STRUCTURALLY_VALID,,a,liblzma5,liblzma5,5.8.3-1,*,*,*,*,*,*,*
103454,docker.io/library/ubuntu,26.04,pilot/results/sboms/ubuntu-26.04.cdx.json,pkg:deb/ubuntu/libmd0@1.1.0-2build4?arch=amd64&distro=ubuntu-26.04&package-id=d68070289fb918f4&upstream=libmd,library,libmd0,1.1.0-2build4,Ubuntu Developers <ubuntu-devel-discuss@lists.ubuntu.com>,pkg:deb/ubuntu/libmd0@1.1.0-2build4?arch=amd64&distro=ubuntu-26.04&upstream=libmd,cpe:2.3:a:libmd0:libmd0:1.1.0-2build4:*:*:*:*:*:*:*,STRUCTURALLY_VALID,,a,libmd0,libmd0,1.1.0-2build4,*,*,*,*,*,*,*
103455,docker.io/library/ubuntu,26.04,pilot/results/sboms/ubuntu-26.04.cdx.json,pkg:deb/ubuntu/libmount1@2.41.3-3ubuntu2?arch=amd64&distro=ubuntu-26.04&package-id=7678566089ba3791&upstream=util-linux,library,libmount1,2.41.3-3ubuntu2,Ubuntu Developers <ubuntu-devel-discuss@lists.ubuntu.com>,pkg:deb/ubuntu/libmount1@2.41.3-3ubuntu2?arch=amd64&distro=ubuntu-26.04&upstream=util-linux,cpe:2.3:a:libmount1:libmount1:2.41.3-3ubuntu2:*:*:*:*:*:*:*,STRUCTURALLY_VALID,,a,libmount1,libmount1,2.41.3-3ubuntu2,*,*,*,*,*,*,*
103456,docker.io/library/ubuntu,26.04,pilot/results/sboms/ubuntu-26.04.cdx.json,pkg:deb/ubuntu/libncursesw6@6.6%2B20251231-1?arch=amd64&distro=ubuntu-26.04&package-id=404bc95618485439&upstream=ncurses,library,libncursesw6,6.6+20251231-1,Ubuntu Developers <ubuntu-devel-discuss@lists.ubuntu.com>,pkg:deb/ubuntu/libncursesw6@6.6%2B20251231-1?arch=amd64&distro=ubuntu-26.04&upstream=ncurses,cpe:2.3:a:libncursesw6:libncursesw6:6.6\+20251231-1:*:*:*:*:*:*:*,STRUCTURALLY_VALID,,a,libncursesw6,libncursesw6,6.6\+20251231-1,*,*,*,*,*,*,*
103460,docker.io/library/ubuntu,26.04,pilot/results/sboms/ubuntu-26.04.cdx.json,pkg:deb/ubuntu/libpam0g@1.7.0-5ubuntu3?arch=amd64&distro=ubuntu-26.04&package-id=22fe9fc0f6208297&upstream=pam,library,libpam0g,1.7.0-5ubuntu3,Ubuntu Developers <ubuntu-devel-discuss@lists.ubuntu.com>,pkg:deb/ubuntu/libpam0g@1.7.0-5ubuntu3?arch=amd64&distro=ubuntu-26.04&upstream=pam,cpe:2.3:a:libpam0g:libpam0g:1.7.0-5ubuntu3:*:*:*:*:*:*:*,STRUCTURALLY_VALID,,a,libpam0g,libpam0g,1.7.0-5ubuntu3,*,*,*,*,*,*,*
103457,docker.io/library/ubuntu,26.04,pilot/results/sboms/ubuntu-26.04.cdx.json,pkg:deb/ubuntu/libpam-modules@1.7.0-5ubuntu3?arch=amd64&distro=ubuntu-26.04&package-id=d3795b51d45f86ee&upstream=pam,library,libpam-modules,1.7.0-5ubuntu3,Ubuntu Developers <ubuntu-devel-discuss@lists.ubuntu.com>,pkg:deb/ubuntu/libpam-modules@1.7.0-5ubuntu3?arch=amd64&distro=ubuntu-26.04&upstream=pam,cpe:2.3:a:libpam-modules:libpam-modules:1.7.0-5ubuntu3:*:*:*:*:*:*:*,STRUCTURALLY_VALID,,a,libpam-modules,libpam-modules,1.7.0-5ubuntu3,*,*,*,*,*,*,*
103458,docker.io/library/ubuntu,26.04,pilot/results/sboms/ubuntu-26.04.cdx.json,pkg:deb/ubuntu/libpam-modules-bin@1.7.0-5ubuntu3?arch=amd64&distro=ubuntu-26.04&package-id=7f8e1b71fbbe3a02&upstream=pam,library,libpam-modules-bin,1.7.0-5ubuntu3,Ubuntu Developers <ubuntu-devel-discuss@lists.ubuntu.com>,pkg:deb/ubuntu/libpam-modules-bin@1.7.0-5ubuntu3?arch=amd64&distro=ubuntu-26.04&upstream=pam,cpe:2.3:a:libpam-modules-bin:libpam-modules-bin:1.7.0-5ubuntu3:*:*:*:*:*:*:*,STRUCTURALLY_VALID,,a,libpam-modules-bin,libpam-modules-bin,1.7.0-5ubuntu3,*,*,*,*,*,*,*
103459,docker.io/library/ubuntu,26.04,pilot/results/sboms/ubuntu-26.04.cdx.json,pkg:deb/ubuntu/libpam-runtime@1.7.0-5ubuntu3?arch=all&distro=ubuntu-26.04&package-id=4c528392a31d2481&upstream=pam,library,libpam-runtime,1.7.0-5ubuntu3,Ubuntu Developers <ubuntu-devel-discuss@lists.ubuntu.com>,pkg:deb/ubuntu/libpam-runtime@1.7.0-5ubuntu3?arch=all&distro=ubuntu-26.04&upstream=pam,cpe:2.3:a:libpam-runtime:libpam-runtime:1.7.0-5ubuntu3:*:*:*:*:*:*:*,STRUCTURALLY_VALID,,a,libpam-runtime,libpam-runtime,1.7.0-5ubuntu3,*,*,*,*,*,*,*
103461,docker.io/library/ubuntu,26.04,pilot/results/sboms/ubuntu-26.04.cdx.json,pkg:deb/ubuntu/libpcre2-8-0@10.46-1build1?arch=amd64&distro=ubuntu-26.04&package-id=2ab9a02662b35ad1&upstream=pcre2,library,libpcre2-8-0,10.46-1build1,Ubuntu Developers <ubuntu-devel-discuss@lists.ubuntu.com>,pkg:deb/ubuntu/libpcre2-8-0@10.46-1build1?arch=amd64&distro=ubuntu-26.04&upstream=pcre2,cpe:2.3:a:libpcre2-8-0:libpcre2-8-0:10.46-1build1:*:*:*:*:*:*:*,STRUCTURALLY_VALID,,a,libpcre2-8-0,libpcre2-8-0,10.46-1build1,*,*,*,*,*,*,*
103462,docker.io/library/ubuntu,26.04,pilot/results/sboms/ubuntu-26.04.cdx.json,pkg:deb/ubuntu/libproc2-0@2%3A4.0.4-9ubuntu1?arch=amd64&distro=ubuntu-26.04&package-id=336916f1e08e4036&upstream=procps,library,libproc2-0,2:4.0.4-9ubuntu1,Ubuntu Developers <ubuntu-devel-discuss@lists.ubuntu.com>,pkg:deb/ubuntu/libproc2-0@2%3A4.0.4-9ubuntu1?arch=amd64&distro=ubuntu-26.04&upstream=procps,cpe:2.3:a:libproc2-0:libproc2-0:2\:4.0.4-9ubuntu1:*:*:*:*:*:*:*,STRUCTURALLY_VALID,,a,libproc2-0,libproc2-0,2\:4.0.4-9ubuntu1,*,*,*,*,*,*,*
103463,docker.io/library/ubuntu,26.04,pilot/results/sboms/ubuntu-26.04.cdx.json,pkg:deb/ubuntu/libseccomp2@2.6.0-2ubuntu5?arch=amd64&distro=ubuntu-26.04&package-id=3911bf94bb126d5f&upstream=libseccomp,library,libseccomp2,2.6.0-2ubuntu5,Ubuntu Developers <ubuntu-devel-discuss@lists.ubuntu.com>,pkg:deb/ubuntu/libseccomp2@2.6.0-2ubuntu5?arch=amd64&distro=ubuntu-26.04&upstream=libseccomp,cpe:2.3:a:libseccomp2:libseccomp2:2.6.0-2ubuntu5:*:*:*:*:*:*:*,STRUCTURALLY_VALID,,a,libseccomp2,libseccomp2,2.6.0-2ubuntu5,*,*,*,*,*,*,*
103464,docker.io/library/ubuntu,26.04,pilot/results/sboms/ubuntu-26.04.cdx.json,pkg:deb/ubuntu/libselinux1@3.9-4build1?arch=amd64&distro=ubuntu-26.04&package-id=781fdf6486d6e219&upstream=libselinux,library,libselinux1,3.9-4build1,Ubuntu Developers <ubuntu-devel-discuss@lists.ubuntu.com>,pkg:deb/ubuntu/libselinux1@3.9-4build1?arch=amd64&distro=ubuntu-26.04&upstream=libselinux,cpe:2.3:a:libselinux1:libselinux1:3.9-4build1:*:*:*:*:*:*:*,STRUCTURALLY_VALID,,a,libselinux1,libselinux1,3.9-4build1,*,*,*,*,*,*,*
103466,docker.io/library/ubuntu,26.04,pilot/results/sboms/ubuntu-26.04.cdx.json,pkg:deb/ubuntu/libsemanage2@3.9-1build1?arch=amd64&distro=ubuntu-26.04&package-id=e890a6e4ac1d8481&upstream=libsemanage,library,libsemanage2,3.9-1build1,Ubuntu Developers <ubuntu-devel-discuss@lists.ubuntu.com>,pkg:deb/ubuntu/libsemanage2@3.9-1build1?arch=amd64&distro=ubuntu-26.04&upstream=libsemanage,cpe:2.3:a:libsemanage2:libsemanage2:3.9-1build1:*:*:*:*:*:*:*,STRUCTURALLY_VALID,,a,libsemanage2,libsemanage2,3.9-1build1,*,*,*,*,*,*,*
103465,docker.io/library/ubuntu,26.04,pilot/results/sboms/ubuntu-26.04.cdx.json,pkg:deb/ubuntu/libsemanage-common@3.9-1build1?arch=all&distro=ubuntu-26.04&package-id=06d6850b7d325ac8&upstream=libsemanage,library,libsemanage-common,3.9-1build1,Ubuntu Developers <ubuntu-devel-discuss@lists.ubuntu.com>,pkg:deb/ubuntu/libsemanage-common@3.9-1build1?arch=all&distro=ubuntu-26.04&upstream=libsemanage,cpe:2.3:a:libsemanage-common:libsemanage-common:3.9-1build1:*:*:*:*:*:*:*,STRUCTURALLY_VALID,,a,libsemanage-common,libsemanage-common,3.9-1build1,*,*,*,*,*,*,*
103467,docker.io/library/ubuntu,26.04,pilot/results/sboms/ubuntu-26.04.cdx.json,pkg:deb/ubuntu/libsepol2@3.9-2?arch=amd64&distro=ubuntu-26.04&package-id=2feeaf584e8c6416&upstream=libsepol,library,libsepol2,3.9-2,Ubuntu Developers <ubuntu-devel-discuss@lists.ubuntu.com>,pkg:deb/ubuntu/libsepol2@3.9-2?arch=amd64&distro=ubuntu-26.04&upstream=libsepol,cpe:2.3:a:libsepol2:libsepol2:3.9-2:*:*:*:*:*:*:*,STRUCTURALLY_VALID,,a,libsepol2,libsepol2,3.9-2,*,*,*,*,*,*,*
103468,docker.io/library/ubuntu,26.04,pilot/results/sboms/ubuntu-26.04.cdx.json,pkg:deb/ubuntu/libsmartcols1@2.41.3-3ubuntu2?arch=amd64&distro=ubuntu-26.04&package-id=2537e89661663fca&upstream=util-linux,library,libsmartcols1,2.41.3-3ubuntu2,Ubuntu Developers <ubuntu-devel-discuss@lists.ubuntu.com>,pkg:deb/ubuntu/libsmartcols1@2.41.3-3ubuntu2?arch=amd64&distro=ubuntu-26.04&upstream=util-linux,cpe:2.3:a:libsmartcols1:libsmartcols1:2.41.3-3ubuntu2:*:*:*:*:*:*:*,STRUCTURALLY_VALID,,a,libsmartcols1,libsmartcols1,2.41.3-3ubuntu2,*,*,*,*,*,*,*
103469,docker.io/library/ubuntu,26.04,pilot/results/sboms/ubuntu-26.04.cdx.json,pkg:deb/ubuntu/libss2@1.47.2-3ubuntu4?arch=amd64&distro=ubuntu-26.04&package-id=3e9b8673526e6d78&upstream=e2fsprogs,library,libss2,1.47.2-3ubuntu4,Ubuntu Developers <ubuntu-devel-discuss@lists.ubuntu.com>,pkg:deb/ubuntu/libss2@1.47.2-3ubuntu4?arch=amd64&distro=ubuntu-26.04&upstream=e2fsprogs,cpe:2.3:a:libss2:libss2:1.47.2-3ubuntu4:*:*:*:*:*:*:*,STRUCTURALLY_VALID,,a,libss2,libss2,1.47.2-3ubuntu4,*,*,*,*,*,*,*
103470,docker.io/library/ubuntu,26.04,pilot/results/sboms/ubuntu-26.04.cdx.json,pkg:deb/ubuntu/libssl3t64@3.5.5-1ubuntu3.2?arch=amd64&distro=ubuntu-26.04&package-id=b91a9f8284a66d21&upstream=openssl,library,libssl3t64,3.5.5-1ubuntu3.2,Ubuntu Developers <ubuntu-devel-discuss@lists.ubuntu.com>,pkg:deb/ubuntu/libssl3t64@3.5.5-1ubuntu3.2?arch=amd64&distro=ubuntu-26.04&upstream=openssl,cpe:2.3:a:libssl3t64:libssl3t64:3.5.5-1ubuntu3.2:*:*:*:*:*:*:*,STRUCTURALLY_VALID,,a,libssl3t64,libssl3t64,3.5.5-1ubuntu3.2,*,*,*,*,*,*,*
103471,docker.io/library/ubuntu,26.04,pilot/results/sboms/ubuntu-26.04.cdx.json,pkg:deb/ubuntu/libstdc%2B%2B6@16-20260322-1ubuntu1?arch=amd64&distro=ubuntu-26.04&package-id=a951a3575e68f95b&upstream=gcc-16,library,libstdc++6,16-20260322-1ubuntu1,Ubuntu Core developers <ubuntu-devel-discuss@lists.ubuntu.com>,pkg:deb/ubuntu/libstdc%2B%2B6@16-20260322-1ubuntu1?arch=amd64&distro=ubuntu-26.04&upstream=gcc-16,cpe:2.3:a:libstdc\+\+6:libstdc\+\+6:16-20260322-1ubuntu1:*:*:*:*:*:*:*,STRUCTURALLY_VALID,,a,libstdc\+\+6,libstdc\+\+6,16-20260322-1ubuntu1,*,*,*,*,*,*,*
103472,docker.io/library/ubuntu,26.04,pilot/results/sboms/ubuntu-26.04.cdx.json,pkg:deb/ubuntu/libsystemd0@259.5-0ubuntu3?arch=amd64&distro=ubuntu-26.04&package-id=7e28ab3c1479aae2&upstream=systemd,library,libsystemd0,259.5-0ubuntu3,Ubuntu Developers <ubuntu-devel-discuss@lists.ubuntu.com>,pkg:deb/ubuntu/libsystemd0@259.5-0ubuntu3?arch=amd64&distro=ubuntu-26.04&upstream=systemd,cpe:2.3:a:libsystemd0:libsystemd0:259.5-0ubuntu3:*:*:*:*:*:*:*,STRUCTURALLY_VALID,,a,libsystemd0,libsystemd0,259.5-0ubuntu3,*,*,*,*,*,*,*
103473,docker.io/library/ubuntu,26.04,pilot/results/sboms/ubuntu-26.04.cdx.json,pkg:deb/ubuntu/libtinfo6@6.6%2B20251231-1?arch=amd64&distro=ubuntu-26.04&package-id=89f21c972704ada4&upstream=ncurses,library,libtinfo6,6.6+20251231-1,Ubuntu Developers <ubuntu-devel-discuss@lists.ubuntu.com>,pkg:deb/ubuntu/libtinfo6@6.6%2B20251231-1?arch=amd64&distro=ubuntu-26.04&upstream=ncurses,cpe:2.3:a:libtinfo6:libtinfo6:6.6\+20251231-1:*:*:*:*:*:*:*,STRUCTURALLY_VALID,,a,libtinfo6,libtinfo6,6.6\+20251231-1,*,*,*,*,*,*,*
103474,docker.io/library/ubuntu,26.04,pilot/results/sboms/ubuntu-26.04.cdx.json,pkg:deb/ubuntu/libudev1@259.5-0ubuntu3?arch=amd64&distro=ubuntu-26.04&package-id=d11ae32fe3cbbf97&upstream=systemd,library,libudev1,259.5-0ubuntu3,Ubuntu Developers <ubuntu-devel-discuss@lists.ubuntu.com>,pkg:deb/ubuntu/libudev1@259.5-0ubuntu3?arch=amd64&distro=ubuntu-26.04&upstream=systemd,cpe:2.3:a:libudev1:libudev1:259.5-0ubuntu3:*:*:*:*:*:*:*,STRUCTURALLY_VALID,,a,libudev1,libudev1,259.5-0ubuntu3,*,*,*,*,*,*,*
103475,docker.io/library/ubuntu,26.04,pilot/results/sboms/ubuntu-26.04.cdx.json,pkg:deb/ubuntu/libuuid1@2.41.3-3ubuntu2?arch=amd64&distro=ubuntu-26.04&package-id=cf2352b85c33f397&upstream=util-linux,library,libuuid1,2.41.3-3ubuntu2,Ubuntu Developers <ubuntu-devel-discuss@lists.ubuntu.com>,pkg:deb/ubuntu/libuuid1@2.41.3-3ubuntu2?arch=amd64&distro=ubuntu-26.04&upstream=util-linux,cpe:2.3:a:libuuid1:libuuid1:2.41.3-3ubuntu2:*:*:*:*:*:*:*,STRUCTURALLY_VALID,,a,libuuid1,libuuid1,2.41.3-3ubuntu2,*,*,*,*,*,*,*
103476,docker.io/library/ubuntu,26.04,pilot/results/sboms/ubuntu-26.04.cdx.json,pkg:deb/ubuntu/libxxhash0@0.8.3-2build1?arch=amd64&distro=ubuntu-26.04&package-id=9b2087e3869c33b3&upstream=xxhash,library,libxxhash0,0.8.3-2build1,Ubuntu Developers <ubuntu-devel-discuss@lists.ubuntu.com>,pkg:deb/ubuntu/libxxhash0@0.8.3-2build1?arch=amd64&distro=ubuntu-26.04&upstream=xxhash,cpe:2.3:a:libxxhash0:libxxhash0:0.8.3-2build1:*:*:*:*:*:*:*,STRUCTURALLY_VALID,,a,libxxhash0,libxxhash0,0.8.3-2build1,*,*,*,*,*,*,*
103477,docker.io/library/ubuntu,26.04,pilot/results/sboms/ubuntu-26.04.cdx.json,pkg:deb/ubuntu/libzstd1@1.5.7%2Bdfsg-3?arch=amd64&distro=ubuntu-26.04&package-id=9ac554d49ead51cc&upstream=libzstd,library,libzstd1,1.5.7+dfsg-3,Ubuntu Developers <ubuntu-devel-discuss@lists.ubuntu.com>,pkg:deb/ubuntu/libzstd1@1.5.7%2Bdfsg-3?arch=amd64&distro=ubuntu-26.04&upstream=libzstd,cpe:2.3:a:libzstd1:libzstd1:1.5.7\+dfsg-3:*:*:*:*:*:*:*,STRUCTURALLY_VALID,,a,libzstd1,libzstd1,1.5.7\+dfsg-3,*,*,*,*,*,*,*
103478,docker.io/library/ubuntu,26.04,pilot/results/sboms/ubuntu-26.04.cdx.json,pkg:deb/ubuntu/login@1%3A4.16.0-2%2Breally2.41.3-3ubuntu2?arch=amd64&distro=ubuntu-26.04&package-id=3fda8e37a9eee839&upstream=util-linux%402.41.3-3ubuntu2,library,login,1:4.16.0-2+really2.41.3-3ubuntu2,Ubuntu Developers <ubuntu-devel-discuss@lists.ubuntu.com>,pkg:deb/ubuntu/login@1%3A4.16.0-2%2Breally2.41.3-3ubuntu2?arch=amd64&distro=ubuntu-26.04&upstream=util-linux%402.41.3-3ubuntu2,cpe:2.3:a:login:login:1\:4.16.0-2\+really2.41.3-3ubuntu2:*:*:*:*:*:*:*,STRUCTURALLY_VALID,,a,login,login,1\:4.16.0-2\+really2.41.3-3ubuntu2,*,*,*,*,*,*,*
103479,docker.io/library/ubuntu,26.04,pilot/results/sboms/ubuntu-26.04.cdx.json,pkg:deb/ubuntu/login.defs@1%3A4.17.4-2ubuntu3?arch=all&distro=ubuntu-26.04&package-id=192c175d5c1b17cf&upstream=shadow,library,login.defs,1:4.17.4-2ubuntu3,Ubuntu Developers <ubuntu-devel-discuss@lists.ubuntu.com>,pkg:deb/ubuntu/login.defs@1%3A4.17.4-2ubuntu3?arch=all&distro=ubuntu-26.04&upstream=shadow,cpe:2.3:a:login.defs:login.defs:1\:4.17.4-2ubuntu3:*:*:*:*:*:*:*,STRUCTURALLY_VALID,,a,login.defs,login.defs,1\:4.17.4-2ubuntu3,*,*,*,*,*,*,*
103480,docker.io/library/ubuntu,26.04,pilot/results/sboms/ubuntu-26.04.cdx.json,pkg:deb/ubuntu/logsave@1.47.2-3ubuntu4?arch=amd64&distro=ubuntu-26.04&package-id=7d2be7f5a2aafc6b&upstream=e2fsprogs,library,logsave,1.47.2-3ubuntu4,Ubuntu Developers <ubuntu-devel-discuss@lists.ubuntu.com>,pkg:deb/ubuntu/logsave@1.47.2-3ubuntu4?arch=amd64&distro=ubuntu-26.04&upstream=e2fsprogs,cpe:2.3:a:logsave:logsave:1.47.2-3ubuntu4:*:*:*:*:*:*:*,STRUCTURALLY_VALID,,a,logsave,logsave,1.47.2-3ubuntu4,*,*,*,*,*,*,*
103481,docker.io/library/ubuntu,26.04,pilot/results/sboms/ubuntu-26.04.cdx.json,pkg:deb/ubuntu/mawk@1.3.4.20260129-1?arch=amd64&distro=ubuntu-26.04&package-id=4c667cf0f2bb58fe,library,mawk,1.3.4.20260129-1,Ubuntu Developers <ubuntu-devel-discuss@lists.ubuntu.com>,pkg:deb/ubuntu/mawk@1.3.4.20260129-1?arch=amd64&distro=ubuntu-26.04,cpe:2.3:a:mawk:mawk:1.3.4.20260129-1:*:*:*:*:*:*:*,STRUCTURALLY_VALID,,a,mawk,mawk,1.3.4.20260129-1,*,*,*,*,*,*,*
103482,docker.io/library/ubuntu,26.04,pilot/results/sboms/ubuntu-26.04.cdx.json,pkg:deb/ubuntu/mount@2.41.3-3ubuntu2?arch=amd64&distro=ubuntu-26.04&package-id=80f8ee4f0e79e285&upstream=util-linux,library,mount,2.41.3-3ubuntu2,Ubuntu Developers <ubuntu-devel-discuss@lists.ubuntu.com>,pkg:deb/ubuntu/mount@2.41.3-3ubuntu2?arch=amd64&distro=ubuntu-26.04&upstream=util-linux,cpe:2.3:a:mount:mount:2.41.3-3ubuntu2:*:*:*:*:*:*:*,STRUCTURALLY_VALID,,a,mount,mount,2.41.3-3ubuntu2,*,*,*,*,*,*,*
103483,docker.io/library/ubuntu,26.04,pilot/results/sboms/ubuntu-26.04.cdx.json,pkg:deb/ubuntu/ncurses-base@6.6%2B20251231-1?arch=all&distro=ubuntu-26.04&package-id=9b4b87c79b6e38bc&upstream=ncurses,library,ncurses-base,6.6+20251231-1,Ubuntu Developers <ubuntu-devel-discuss@lists.ubuntu.com>,pkg:deb/ubuntu/ncurses-base@6.6%2B20251231-1?arch=all&distro=ubuntu-26.04&upstream=ncurses,cpe:2.3:a:ncurses-base:ncurses-base:6.6\+20251231-1:*:*:*:*:*:*:*,STRUCTURALLY_VALID,,a,ncurses-base,ncurses-base,6.6\+20251231-1,*,*,*,*,*,*,*
103484,docker.io/library/ubuntu,26.04,pilot/results/sboms/ubuntu-26.04.cdx.json,pkg:deb/ubuntu/ncurses-bin@6.6%2B20251231-1?arch=amd64&distro=ubuntu-26.04&package-id=ed7f6037e6c011ad&upstream=ncurses,library,ncurses-bin,6.6+20251231-1,Ubuntu Developers <ubuntu-devel-discuss@lists.ubuntu.com>,pkg:deb/ubuntu/ncurses-bin@6.6%2B20251231-1?arch=amd64&distro=ubuntu-26.04&upstream=ncurses,cpe:2.3:a:ncurses-bin:ncurses-bin:6.6\+20251231-1:*:*:*:*:*:*:*,STRUCTURALLY_VALID,,a,ncurses-bin,ncurses-bin,6.6\+20251231-1,*,*,*,*,*,*,*
103485,docker.io/library/ubuntu,26.04,pilot/results/sboms/ubuntu-26.04.cdx.json,pkg:deb/ubuntu/openssl-provider-legacy@3.5.5-1ubuntu3.2?arch=amd64&distro=ubuntu-26.04&package-id=861e5ad795c7c17a&upstream=openssl,library,openssl-provider-legacy,3.5.5-1ubuntu3.2,Ubuntu Developers <ubuntu-devel-discuss@lists.ubuntu.com>,pkg:deb/ubuntu/openssl-provider-legacy@3.5.5-1ubuntu3.2?arch=amd64&distro=ubuntu-26.04&upstream=openssl,cpe:2.3:a:openssl-provider-legacy:openssl-provider-legacy:3.5.5-1ubuntu3.2:*:*:*:*:*:*:*,STRUCTURALLY_VALID,,a,openssl-provider-legacy,openssl-provider-legacy,3.5.5-1ubuntu3.2,*,*,*,*,*,*,*
103486,docker.io/library/ubuntu,26.04,pilot/results/sboms/ubuntu-26.04.cdx.json,pkg:deb/ubuntu/passwd@1%3A4.17.4-2ubuntu3?arch=amd64&distro=ubuntu-26.04&package-id=50cd5c7e27977f62&upstream=shadow,library,passwd,1:4.17.4-2ubuntu3,Ubuntu Developers <ubuntu-devel-discuss@lists.ubuntu.com>,pkg:deb/ubuntu/passwd@1%3A4.17.4-2ubuntu3?arch=amd64&distro=ubuntu-26.04&upstream=shadow,cpe:2.3:a:passwd:passwd:1\:4.17.4-2ubuntu3:*:*:*:*:*:*:*,STRUCTURALLY_VALID,,a,passwd,passwd,1\:4.17.4-2ubuntu3,*,*,*,*,*,*,*
103487,docker.io/library/ubuntu,26.04,pilot/results/sboms/ubuntu-26.04.cdx.json,pkg:deb/ubuntu/perl-base@5.40.1-7ubuntu0.1?arch=amd64&distro=ubuntu-26.04&package-id=cb19644d6c405b8f&upstream=perl,library,perl-base,5.40.1-7ubuntu0.1,Ubuntu Developers <ubuntu-devel-discuss@lists.ubuntu.com>,pkg:deb/ubuntu/perl-base@5.40.1-7ubuntu0.1?arch=amd64&distro=ubuntu-26.04&upstream=perl,cpe:2.3:a:perl-base:perl-base:5.40.1-7ubuntu0.1:*:*:*:*:*:*:*,STRUCTURALLY_VALID,,a,perl-base,perl-base,5.40.1-7ubuntu0.1,*,*,*,*,*,*,*
103488,docker.io/library/ubuntu,26.04,pilot/results/sboms/ubuntu-26.04.cdx.json,pkg:deb/ubuntu/procps@2%3A4.0.4-9ubuntu1?arch=amd64&distro=ubuntu-26.04&package-id=65bd6a20e1af9f10,library,procps,2:4.0.4-9ubuntu1,Ubuntu Developers <ubuntu-devel-discuss@lists.ubuntu.com>,pkg:deb/ubuntu/procps@2%3A4.0.4-9ubuntu1?arch=amd64&distro=ubuntu-26.04,cpe:2.3:a:procps:procps:2\:4.0.4-9ubuntu1:*:*:*:*:*:*:*,STRUCTURALLY_VALID,,a,procps,procps,2\:4.0.4-9ubuntu1,*,*,*,*,*,*,*
103489,docker.io/library/ubuntu,26.04,pilot/results/sboms/ubuntu-26.04.cdx.json,pkg:deb/ubuntu/rust-coreutils@0.8.0-0ubuntu3?arch=amd64&distro=ubuntu-26.04&package-id=8f69e8ade469d8d0,library,rust-coreutils,0.8.0-0ubuntu3,Ubuntu Developers <ubuntu-devel-discuss@lists.ubuntu.com>,pkg:deb/ubuntu/rust-coreutils@0.8.0-0ubuntu3?arch=amd64&distro=ubuntu-26.04,cpe:2.3:a:rust-coreutils:rust-coreutils:0.8.0-0ubuntu3:*:*:*:*:*:*:*,STRUCTURALLY_VALID,,a,rust-coreutils,rust-coreutils,0.8.0-0ubuntu3,*,*,*,*,*,*,*
103490,docker.io/library/ubuntu,26.04,pilot/results/sboms/ubuntu-26.04.cdx.json,pkg:deb/ubuntu/sed@4.9-2ubuntu1?arch=amd64&distro=ubuntu-26.04&package-id=21e1d6c400fc0e22,library,sed,4.9-2ubuntu1,Ubuntu Developers <ubuntu-devel-discuss@lists.ubuntu.com>,pkg:deb/ubuntu/sed@4.9-2ubuntu1?arch=amd64&distro=ubuntu-26.04,cpe:2.3:a:sed:sed:4.9-2ubuntu1:*:*:*:*:*:*:*,STRUCTURALLY_VALID,,a,sed,sed,4.9-2ubuntu1,*,*,*,*,*,*,*
103491,docker.io/library/ubuntu,26.04,pilot/results/sboms/ubuntu-26.04.cdx.json,pkg:deb/ubuntu/sensible-utils@0.0.26build1?arch=all&distro=ubuntu-26.04&package-id=5928d565ec7bed39,library,sensible-utils,0.0.26build1,Ubuntu Developers <ubuntu-devel-discuss@lists.ubuntu.com>,pkg:deb/ubuntu/sensible-utils@0.0.26build1?arch=all&distro=ubuntu-26.04,cpe:2.3:a:sensible-utils:sensible-utils:0.0.26build1:*:*:*:*:*:*:*,STRUCTURALLY_VALID,,a,sensible-utils,sensible-utils,0.0.26build1,*,*,*,*,*,*,*
103492,docker.io/library/ubuntu,26.04,pilot/results/sboms/ubuntu-26.04.cdx.json,pkg:golang/stdlib@1.26.4?package-id=2a2945c1eb404c2d,library,stdlib,go1.26.4,,pkg:golang/stdlib@1.26.4,cpe:2.3:a:golang:go:1.26.4:-:*:*:*:*:*:*,STRUCTURALLY_VALID,,a,golang,go,1.26.4,-,*,*,*,*,*,*
103493,docker.io/library/ubuntu,26.04,pilot/results/sboms/ubuntu-26.04.cdx.json,pkg:deb/ubuntu/sysvinit-utils@3.15-5ubuntu1?arch=amd64&distro=ubuntu-26.04&package-id=2efa561f590b237d&upstream=sysvinit,library,sysvinit-utils,3.15-5ubuntu1,Ubuntu Developers <ubuntu-devel-discuss@lists.ubuntu.com>,pkg:deb/ubuntu/sysvinit-utils@3.15-5ubuntu1?arch=amd64&distro=ubuntu-26.04&upstream=sysvinit,cpe:2.3:a:sysvinit-utils:sysvinit-utils:3.15-5ubuntu1:*:*:*:*:*:*:*,STRUCTURALLY_VALID,,a,sysvinit-utils,sysvinit-utils,3.15-5ubuntu1,*,*,*,*,*,*,*
103494,docker.io/library/ubuntu,26.04,pilot/results/sboms/ubuntu-26.04.cdx.json,pkg:deb/ubuntu/tar@1.35%2Bdfsg-4ubuntu0.2?arch=amd64&distro=ubuntu-26.04&package-id=b8ebba325d11de7e,library,tar,1.35+dfsg-4ubuntu0.2,Ubuntu Developers <ubuntu-devel-discuss@lists.ubuntu.com>,pkg:deb/ubuntu/tar@1.35%2Bdfsg-4ubuntu0.2?arch=amd64&distro=ubuntu-26.04,cpe:2.3:a:tar:tar:1.35\+dfsg-4ubuntu0.2:*:*:*:*:*:*:*,STRUCTURALLY_VALID,,a,tar,tar,1.35\+dfsg-4ubuntu0.2,*,*,*,*,*,*,*
103495,docker.io/library/ubuntu,26.04,pilot/results/sboms/ubuntu-26.04.cdx.json,pkg:deb/ubuntu/ubuntu-keyring@2023.11.28.1build1?arch=all&distro=ubuntu-26.04&package-id=1612c9edfc714bb6,library,ubuntu-keyring,2023.11.28.1build1,Dimitri John Ledkov <dimitri.ledkov@canonical.com>,pkg:deb/ubuntu/ubuntu-keyring@2023.11.28.1build1?arch=all&distro=ubuntu-26.04,cpe:2.3:a:ubuntu-keyring:ubuntu-keyring:2023.11.28.1build1:*:*:*:*:*:*:*,STRUCTURALLY_VALID,,a,ubuntu-keyring,ubuntu-keyring,2023.11.28.1build1,*,*,*,*,*,*,*
103496,docker.io/library/ubuntu,26.04,pilot/results/sboms/ubuntu-26.04.cdx.json,pkg:deb/ubuntu/util-linux@2.41.3-3ubuntu2?arch=amd64&distro=ubuntu-26.04&package-id=5ef9f450a4db3208,library,util-linux,2.41.3-3ubuntu2,Ubuntu Developers <ubuntu-devel-discuss@lists.ubuntu.com>,pkg:deb/ubuntu/util-linux@2.41.3-3ubuntu2?arch=amd64&distro=ubuntu-26.04,cpe:2.3:a:util-linux:util-linux:2.41.3-3ubuntu2:*:*:*:*:*:*:*,STRUCTURALLY_VALID,,a,util-linux,util-linux,2.41.3-3ubuntu2,*,*,*,*,*,*,*
103497,docker.io/library/ubuntu,26.04,pilot/results/sboms/ubuntu-26.04.cdx.json,pkg:deb/ubuntu/zlib1g@1%3A1.3.dfsg%2Breally1.3.1-1ubuntu3?arch=amd64&distro=ubuntu-26.04&package-id=7daf8d043e585dc2&upstream=zlib,library,zlib1g,1:1.3.dfsg+really1.3.1-1ubuntu3,Ubuntu Developers <ubuntu-devel-discuss@lists.ubuntu.com>,pkg:deb/ubuntu/zlib1g@1%3A1.3.dfsg%2Breally1.3.1-1ubuntu3?arch=amd64&distro=ubuntu-26.04&upstream=zlib,cpe:2.3:a:zlib1g:zlib1g:1\:1.3.dfsg\+really1.3.1-1ubuntu3:*:*:*:*:*:*:*,STRUCTURALLY_VALID,,a,zlib1g,zlib1g,1\:1.3.dfsg\+really1.3.1-1ubuntu3,*,*,*,*,*,*,*
